{"runtime":24605,"energy":{"pkg":944.5003051757812,"pp0":0,"dram":346.31787109375},"cycles":96449075053}
{"runtime":23748,"energy":{"pkg":924.9539184570312,"pp0":0,"dram":317.27728271484375},"cycles":93563001719}
{"runtime":24510,"energy":{"pkg":966.2649536132812,"pp0":0,"dram":346.01409912109375},"cycles":95221508715}
{"runtime":23528,"energy":{"pkg":943.326416015625,"pp0":0,"dram":311.567626953125},"cycles":93255505137}
{"runtime":23940,"energy":{"pkg":958.1901245117188,"pp0":0,"dram":317.97802734375},"cycles":93820767420}
{"runtime":25235,"energy":{"pkg":1018.6019897460938,"pp0":0,"dram":365.94268798828125},"cycles":99160057584}
{"runtime":25143,"energy":{"pkg":1009.2901611328125,"pp0":0,"dram":368.55474853515625},"cycles":98849013694}
{"runtime":24866,"energy":{"pkg":1000.6619262695312,"pp0":0,"dram":364.74029541015625},"cycles":98243111671}
{"runtime":24879,"energy":{"pkg":1002.0025024414062,"pp0":0,"dram":365.9388427734375},"cycles":99224824718}
{"runtime":24087,"energy":{"pkg":953.3742065429688,"pp0":0,"dram":322.1309814453125},"cycles":93724574056}
{"runtime":25292,"energy":{"pkg":1002.548095703125,"pp0":0,"dram":369.4044189453125},"cycles":98482384594}
{"runtime":24646,"energy":{"pkg":971.1565551757812,"pp0":0,"dram":348.58697509765625},"cycles":96309788849}
{"runtime":23746,"energy":{"pkg":944.2545166015625,"pp0":0,"dram":317.26788330078125},"cycles":93618154398}
{"runtime":23942,"energy":{"pkg":947.4576416015625,"pp0":0,"dram":319.46875},"cycles":93767450652}
{"runtime":25357,"energy":{"pkg":994.216552734375,"pp0":0,"dram":369.36346435546875},"cycles":98366553890}
{"runtime":25035,"energy":{"pkg":999.48876953125,"pp0":0,"dram":359.68780517578125},"cycles":97925162818}
{"runtime":25323,"energy":{"pkg":997.2355346679688,"pp0":0,"dram":363.42864990234375},"cycles":97255322828}
{"runtime":24493,"energy":{"pkg":986.6847534179688,"pp0":0,"dram":359.91986083984375},"cycles":98466384961}
{"runtime":24659,"energy":{"pkg":986.4091796875,"pp0":0,"dram":361.70599365234375},"cycles":98298885489}
{"runtime":23877,"energy":{"pkg":939.9606323242188,"pp0":0,"dram":318.8631591796875},"cycles":93054002912}
{"runtime":24538,"energy":{"pkg":974.7564086914062,"pp0":0,"dram":345.75390625},"cycles":96545272311}
{"runtime":24756,"energy":{"pkg":984.8314208984375,"pp0":0,"dram":351.49053955078125},"cycles":98585356501}
{"runtime":25143,"energy":{"pkg":1002.3487548828125,"pp0":0,"dram":367.34661865234375},"cycles":99247752878}
{"runtime":24113,"energy":{"pkg":945.6665649414062,"pp0":0,"dram":320.611328125},"cycles":92921635647}
{"runtime":24701,"energy":{"pkg":982.2301635742188,"pp0":0,"dram":356.69720458984375},"cycles":97083784390}
{"runtime":24709,"energy":{"pkg":952.4820556640625,"pp0":0,"dram":326.30255126953125},"cycles":93181514871}
{"runtime":23379,"energy":{"pkg":931.3209228515625,"pp0":0,"dram":315.6658935546875},"cycles":93115843904}
{"runtime":24619,"energy":{"pkg":990.2284545898438,"pp0":0,"dram":364.66461181640625},"cycles":100154616629}
{"runtime":23483,"energy":{"pkg":935.461669921875,"pp0":0,"dram":315.5797119140625},"cycles":93465092753}
{"runtime":23545,"energy":{"pkg":935.8683471679688,"pp0":0,"dram":315.2398681640625},"cycles":93626769381}
{"runtime":24497,"energy":{"pkg":984.25146484375,"pp0":0,"dram":358.78485107421875},"cycles":97894349920}
{"runtime":24441,"energy":{"pkg":965.1390380859375,"pp0":0,"dram":336.8199462890625},"cycles":94880819326}
{"runtime":25053,"energy":{"pkg":998.8123779296875,"pp0":0,"dram":365.661376953125},"cycles":99080336225}
{"runtime":23719,"energy":{"pkg":943.950927734375,"pp0":0,"dram":313.422607421875},"cycles":94421376780}
{"runtime":23904,"energy":{"pkg":948.5335693359375,"pp0":0,"dram":317.77398681640625},"cycles":93991727040}
{"runtime":23803,"energy":{"pkg":943.7379150390625,"pp0":0,"dram":317.22509765625},"cycles":93646192106}
{"runtime":25361,"energy":{"pkg":999.85546875,"pp0":0,"dram":371.625},"cycles":98972906516}
{"runtime":25131,"energy":{"pkg":1011.122314453125,"pp0":0,"dram":377.72686767578125},"cycles":100663513268}
{"runtime":24361,"energy":{"pkg":982.1886596679688,"pp0":0,"dram":357.252197265625},"cycles":98326103894}
{"runtime":24242,"energy":{"pkg":951.2567749023438,"pp0":0,"dram":321.957763671875},"cycles":94679033606}
{"runtime":23318,"energy":{"pkg":928.34326171875,"pp0":0,"dram":313.46392822265625},"cycles":92753589296}
{"runtime":24870,"energy":{"pkg":997.2239990234375,"pp0":0,"dram":362.8829345703125},"cycles":98623645185}
{"runtime":23733,"energy":{"pkg":944.7525634765625,"pp0":0,"dram":315.500732421875},"cycles":93581100803}
{"runtime":24887,"energy":{"pkg":995.260986328125,"pp0":0,"dram":365.5936279296875},"cycles":99172475605}
{"runtime":24992,"energy":{"pkg":1005.54296875,"pp0":0,"dram":371.4495849609375},"cycles":99095682544}
{"runtime":25565,"energy":{"pkg":1004.5797729492188,"pp0":0,"dram":371.9197998046875},"cycles":98575980487}
{"runtime":24634,"energy":{"pkg":971.4364624023438,"pp0":0,"dram":347.11541748046875},"cycles":96221445433}
{"runtime":24150,"energy":{"pkg":942.3204345703125,"pp0":0,"dram":322.30780029296875},"cycles":93819823673}
{"runtime":23412,"energy":{"pkg":934.8720703125,"pp0":0,"dram":315.00238037109375},"cycles":92954350905}
{"runtime":24843,"energy":{"pkg":989.4649047851562,"pp0":0,"dram":363.9090576171875},"cycles":98423687215}
{"runtime":24629,"energy":{"pkg":989.8989868164062,"pp0":0,"dram":360.89794921875},"cycles":97766166288}
{"runtime":24479,"energy":{"pkg":985.891357421875,"pp0":0,"dram":354.9525146484375},"cycles":99231748603}
{"runtime":24525,"energy":{"pkg":976.1050415039062,"pp0":0,"dram":347.62066650390625},"cycles":96505250226}
{"runtime":24478,"energy":{"pkg":976.7268676757812,"pp0":0,"dram":343.64605712890625},"cycles":97363208662}
{"runtime":24687,"energy":{"pkg":983.6376953125,"pp0":0,"dram":355.66876220703125},"cycles":97048741382}
{"runtime":25199,"energy":{"pkg":993.8440551757812,"pp0":0,"dram":367.0694580078125},"cycles":100632848861}
{"runtime":23969,"energy":{"pkg":951.9281616210938,"pp0":0,"dram":317.75274658203125},"cycles":93887502013}
{"runtime":25173,"energy":{"pkg":1003.5595092773438,"pp0":0,"dram":366.0302734375},"cycles":99105886124}
{"runtime":25031,"energy":{"pkg":1004.5105590820312,"pp0":0,"dram":369.58807373046875},"cycles":99229927583}
{"runtime":24616,"energy":{"pkg":990.494384765625,"pp0":0,"dram":361.28662109375},"cycles":102722001440}
{"runtime":25003,"energy":{"pkg":998.0044555664062,"pp0":0,"dram":365.38726806640625},"cycles":98336901822}
{"runtime":25177,"energy":{"pkg":999.9610595703125,"pp0":0,"dram":367.5638427734375},"cycles":98672992566}
{"runtime":23952,"energy":{"pkg":950.5194091796875,"pp0":0,"dram":320.27728271484375},"cycles":93983592964}
{"runtime":24800,"energy":{"pkg":994.859619140625,"pp0":0,"dram":359.8310546875},"cycles":98712067074}
{"runtime":23944,"energy":{"pkg":944.0696411132812,"pp0":0,"dram":317.27154541015625},"cycles":93332312185}
{"runtime":23665,"energy":{"pkg":933.8577880859375,"pp0":0,"dram":316.1414794921875},"cycles":93152778503}
{"runtime":23236,"energy":{"pkg":931.8770751953125,"pp0":0,"dram":311.6802978515625},"cycles":99392751382}
{"runtime":23635,"energy":{"pkg":936.808349609375,"pp0":0,"dram":314.13916015625},"cycles":93676055679}
{"runtime":23630,"energy":{"pkg":937.8378295898438,"pp0":0,"dram":313.92236328125},"cycles":93549101744}
{"runtime":24873,"energy":{"pkg":984.5346069335938,"pp0":0,"dram":370.73095703125},"cycles":98063949955}
{"runtime":24339,"energy":{"pkg":972.1082763671875,"pp0":0,"dram":344.86810302734375},"cycles":97969417868}
{"runtime":23401,"energy":{"pkg":935.6550903320312,"pp0":0,"dram":312.47265625},"cycles":93213563413}
{"runtime":23525,"energy":{"pkg":937.6046142578125,"pp0":0,"dram":313.32269287109375},"cycles":93429428782}
{"runtime":23201,"energy":{"pkg":933.0910034179688,"pp0":0,"dram":311.88433837890625},"cycles":101542183411}
{"runtime":23463,"energy":{"pkg":935.7222290039062,"pp0":0,"dram":314.65509033203125},"cycles":95150914794}
{"runtime":23729,