{"runtime":2826,"energy":{"pkg":192.01055908203125,"pp0":0,"dram":40.35247802734375},"cycles":113970168243}
{"runtime":2534,"energy":{"pkg":184.4468994140625,"pp0":0,"dram":37.79254150390625},"cycles":114482175130}
{"runtime":2586,"energy":{"pkg":188.98309326171875,"pp0":0,"dram":38.1348876953125},"cycles":114004551709}
{"runtime":2596,"energy":{"pkg":188.53619384765625,"pp0":0,"dram":37.915771484375},"cycles":114172172581}
{"runtime":2682,"energy":{"pkg":192.8905029296875,"pp0":0,"dram":39.4031982421875},"cycles":114200988013}
{"runtime":2531,"energy":{"pkg":185.81268310546875,"pp0":0,"dram":37.035400390625},"cycles":114635829694}
{"runtime":2666,"energy":{"pkg":190.40313720703125,"pp0":0,"dram":39.1854248046875},"cycles":114193468655}
{"runtime":2709,"energy":{"pkg":192.0516357421875,"pp0":0,"dram":39.1011962890625},"cycles":114696458423}
{"runtime":2524,"energy":{"pkg":185.080810546875,"pp0":0,"dram":37.2783203125},"cycles":114183805398}
{"runtime":2548,"energy":{"pkg":185.06280517578125,"pp0":0,"dram":37.308349609375},"cycles":114293504600}
{"runtime":2577,"energy":{"pkg":186.52410888671875,"pp0":0,"dram":37.9952392578125},"cycles":114742144865}
{"runtime":2586,"energy":{"pkg":186.77203369140625,"pp0":0,"dram":37.69842529296875},"cycles":114155147423}
{"runtime":2531,"energy":{"pkg":185.28668212890625,"pp0":0,"dram":37.688720703125},"cycles":114018227680}
{"runtime":2611,"energy":{"pkg":188.16192626953125,"pp0":0,"dram":38.222900390625},"cycles":114264305674}
{"runtime":2471,"energy":{"pkg":182.944580078125,"pp0":0,"dram":36.72021484375},"cycles":114466272931}
{"runtime":2626,"energy":{"pkg":187.98004150390625,"pp0":0,"dram":38.055908203125},"cycles":114322366986}
{"runtime":2753,"energy":{"pkg":192.46527099609375,"pp0":0,"dram":39.44720458984375},"cycles":114698004479}
{"runtime":2512,"energy":{"pkg":183.94586181640625,"pp0":0,"dram":37.14508056640625},"cycles":114402074152}
{"runtime":2640,"energy":{"pkg":188.44580078125,"pp0":0,"dram":38.79547119140625},"cycles":114694135115}
{"runtime":2615,"energy":{"pkg":186.82928466796875,"pp0":0,"dram":37.91363525390625},"cycles":114805629909}
{"runtime":2803,"energy":{"pkg":194.26422119140625,"pp0":0,"dram":40.40838623046875},"cycles":113907792906}
{"runtime":2608,"energy":{"pkg":186.80316162109375,"pp0":0,"dram":38.56024169921875},"cycles":115131533969}
{"runtime":2648,"energy":{"pkg":189.5313720703125,"pp0":0,"dram":39.26861572265625},"cycles":114768273396}
{"runtime":2625,"energy":{"pkg":188.69281005859375,"pp0":0,"dram":38.25848388671875},"cycles":114348715989}
{"runtime":2587,"energy":{"pkg":188.16119384765625,"pp0":0,"dram":38.19781494140625},"cycles":113867377979}
{"runtime":2551,"energy":{"pkg":186.26715087890625,"pp0":0,"dram":37.75726318359375},"cycles":113963255879}
{"runtime":2574,"energy":{"pkg":186.28900146484375,"pp0":0,"dram":38.1181640625},"cycles":114204219190}
{"runtime":2566,"energy":{"pkg":185.7899169921875,"pp0":0,"dram":37.78204345703125},"cycles":115043185498}
{"runtime":2769,"energy":{"pkg":193.2528076171875,"pp0":0,"dram":40.5384521484375},"cycles":114572257900}
{"runtime":2596,"energy":{"pkg":186.86004638671875,"pp0":0,"dram":38.56036376953125},"cycles":114466034318}
{"runtime":2704,"energy":{"pkg":191.53497314453125,"pp0":0,"dram":39.471435546875},"cycles":114246965638}
{"runtime":2556,"energy":{"pkg":186.4781494140625,"pp0":0,"dram":38.36395263671875},"cycles":115101435568}
{"runtime":2624,"energy":{"pkg":189.218505859375,"pp0":0,"dram":37.9326171875},"cycles":113824308793}
{"runtime":2600,"energy":{"pkg":187.49127197265625,"pp0":0,"dram":38.80950927734375},"cycles":114192315294}
{"runtime":2586,"energy":{"pkg":187.6944580078125,"pp0":0,"dram":37.84210205078125},"cycles":114745619678}
{"runtime":2759,"energy":{"pkg":193.71588134765625,"pp0":0,"dram":40.2833251953125},"cycles":115066445406}
{"runtime":2590,"energy":{"pkg":187.200927734375,"pp0":0,"dram":38.10736083984375},"cycles":114504374520}
{"runtime":2609,"energy":{"pkg":187.33148193359375,"pp0":0,"dram":38.2398681640625},"cycles":114200117166}
{"runtime":2513,"energy":{"pkg":183.90325927734375,"pp0":0,"dram":36.806884765625},"cycles":114238305894}
{"runtime":2776,"energy":{"pkg":194.17193603515625,"pp0":0,"dram":40.7266845703125},"cycles":114730441950}
{"runtime":2481,"energy":{"pkg":184.0892333984375,"pp0":0,"dram":37.20367431640625},"cycles":114012591631}
{"runtime":2716,"energy":{"pkg":192.306396484375,"pp0":0,"dram":39.42718505859375},"cycles":114385208740}
{"runtime":2505,"energy":{"pkg":184.64801025390625,"pp0":0,"dram":37.4434814453125},"cycles":114137597209}
{"runtime":2585,"energy":{"pkg":186.99151611328125,"pp0":0,"dram":38.30682373046875},"cycles":114668468590}
{"runtime":2743,"energy":{"pkg":192.22601318359375,"pp0":0,"dram":40.102783203125},"cycles":114041574971}
{"runtime":2849,"energy":{"pkg":196.707763671875,"pp0":0,"dram":41.54974365234375},"cycles":114721337836}
{"runtime":2513,"energy":{"pkg":185.534912109375,"pp0":0,"dram":37.61260986328125},"cycles":114161077305}
{"runtime":2586,"energy":{"pkg":187.0650634765625,"pp0":0,"dram":38.2635498046875},"cycles":114805849614}
{"runtime":2570,"energy":{"pkg":186.9603271484375,"pp0":0,"dram":38.33599853515625},"cycles":113525242643}
{"runtime":2527,"energy":{"pkg":184.76971435546875,"pp0":0,"dram":37.33172607421875},"cycles":114032361742}
{"runtime":2473,"energy":{"pkg":183.62139892578125,"pp0":0,"dram":37.35693359375},"cycles":114037278937}
{"runtime":2599,"energy":{"pkg":187.43475341796875,"pp0":0,"dram":38.7447509765625},"cycles":114568670440}
{"runtime":2481,"energy":{"pkg":182.879638671875,"pp0":0,"dram":36.85589599609375},"cycles":113986787724}
{"runtime":2555,"energy":{"pkg":186.84417724609375,"pp0":0,"dram":37.78533935546875},"cycles":113670660922}
{"runtime":2635,"energy":{"pkg":188.24267578125,"pp0":0,"dram":39.0869140625},"cycles":114631746925}
{"runtime":2439,"energy":{"pkg":182.02581787109375,"pp0":0,"dram":36.3193359375},"cycles":114724040007}
{"runtime":2578,"energy":{"pkg":186.34967041015625,"pp0":0,"dram":37.9322509765625},"cycles":114227103415}
{"runtime":2694,"energy":{"pkg":192.318359375,"pp0":0,"dram":40.02862548828125},"cycles":114280772914}
{"runtime":2528,"energy":{"pkg":185.3807373046875,"pp0":0,"dram":37.09967041015625},"cycles":114661158504}
{"runtime":2641,"energy":{"pkg":189.146484375,"pp0":0,"dram":38.3431396484375},"cycles":114197440808}
{"runtime":2528,"energy":{"pkg":185.091064453125,"pp0":0,"dram":37.53863525390625},"cycles":114265230106}
{"runtime":2567,"energy":{"pkg":185.8817138671875,"pp0":0,"dram":37.78021240234375},"cycles":114866824060}
{"runtime":2418,"energy":{"pkg":181.98358154296875,"pp0":0,"dram":36.919189453125},"cycles":113999378235}
{"runtime":2734,"energy":{"pkg":191.86566162109375,"pp0":0,"dram":39.47137451171875},"cycles":114283651950}
{"runtime":2615,"energy":{"pkg":187.87640380859375,"pp0":0,"dram":38.05963134765625},"cycles":114528264307}
{"runtime":2663,"energy":{"pkg":190.2418212890625,"pp0":0,"dram":39.00128173828125},"cycles":114771782666}
{"runtime":2525,"energy":{"pkg":184.48126220703125,"pp0":0,"dram":37.2724609375},"cycles":114250503551}
{"runtime":2483,"energy":{"pkg":184.4276123046875,"pp0":0,"dram":37.06689453125},"cycles":113760148565}
{"runtime":2657,"energy":{"pkg":188.2430419921875,"pp0":0,"dram":38.60552978515625},"cycles":115053076431}
{"runtime":2700,"energy":{"pkg":190.2515869140625,"pp0":0,"dram":39.47552490234375},"cycles":114404569258}
{"runtime":2726,"energy":{"pkg":192.49652099609375,"pp0":0,"dram":39.06463623046875},"cycles":113725014374}
{"runtime":2755,"energy":{"pkg":193.77960205078125,"pp0":0,"dram":39.92572021484375},"cycles":114721618719}
{"runtime":2576,"energy":{"pkg":187.27935791015625,"pp0":0,"dram":38.13519287109375},"cycles":114329515385}
{"runtime":2522,"energy":{"pkg":184.85369873046875,"pp0":0,"dram":37.383056640625},"cycles":115013138952}
{"runtime":2683,"energy":{"pkg":190.8516845703125,"pp0":0,"dram":39.64501953125},"cycles":114231752246}
{"runtime":2450,