{"runtime":1084,"energy":{"pkg":52.94976806640625,"pp0":0,"dram":13.94891357421875},"cycles":10606210377}
{"runtime":953,"energy":{"pkg":52.01080322265625,"pp0":0,"dram":12.92987060546875},"cycles":10121287071}
{"runtime":1108,"energy":{"pkg":52.817626953125,"pp0":0,"dram":14.27813720703125},"cycles":11375874636}
{"runtime":1277,"energy":{"pkg":56.59912109375,"pp0":0,"dram":15.98895263671875},"cycles":13630087884}
{"runtime":1276,"energy":{"pkg":54.23052978515625,"pp0":0,"dram":16.35205078125},"cycles":14459646411}
{"runtime":1457,"energy":{"pkg":55.96966552734375,"pp0":0,"dram":18.3170166015625},"cycles":15266866335}
{"runtime":1395,"energy":{"pkg":54.04791259765625,"pp0":0,"dram":17.63427734375},"cycles":14692906368}
{"runtime":1297,"energy":{"pkg":57.10693359375,"pp0":0,"dram":15.875244140625},"cycles":13024235322}
{"runtime":916,"energy":{"pkg":51.2265625,"pp0":0,"dram":12.62451171875},"cycles":9780206562}
{"runtime":1062,"energy":{"pkg":53.67657470703125,"pp0":0,"dram":13.6192626953125},"cycles":9859993500}
{"runtime":1338,"energy":{"pkg":54.63922119140625,"pp0":0,"dram":16.638916015625},"cycles":14337028713}
{"runtime":1234,"energy":{"pkg":53.09747314453125,"pp0":0,"dram":15.5753173828125},"cycles":12180785820}
{"runtime":1293,"energy":{"pkg":57.14544677734375,"pp0":0,"dram":16.3529052734375},"cycles":13904805495}
{"runtime":1319,"energy":{"pkg":56.00299072265625,"pp0":0,"dram":16.55560302734375},"cycles":14281694679}
{"runtime":1472,"energy":{"pkg":54.00787353515625,"pp0":0,"dram":17.96868896484375},"cycles":15371812470}
{"runtime":1462,"energy":{"pkg":55.3734130859375,"pp0":0,"dram":17.97564697265625},"cycles":15004923066}
{"runtime":1512,"energy":{"pkg":58.19183349609375,"pp0":0,"dram":18.23382568359375},"cycles":14540189685}
{"runtime":1290,"energy":{"pkg":53.940673828125,"pp0":0,"dram":16.430908203125},"cycles":14492679831}
{"runtime":1203,"energy":{"pkg":53.81402587890625,"pp0":0,"dram":15.26812744140625},"cycles":11392469487}
{"runtime":960,"energy":{"pkg":50.6917724609375,"pp0":0,"dram":12.6724853515625},"cycles":10112428998}
{"runtime":1241,"energy":{"pkg":57.64874267578125,"pp0":0,"dram":15.9561767578125},"cycles":14102362554}
