{"runtime":918,"energy":{"pkg":39.6007080078125,"pp0":0,"dram":6.927734375},"cycles":12094550748}
{"runtime":909,"energy":{"pkg":39.5950927734375,"pp0":0,"dram":6.93817138671875},"cycles":12135527103}
{"runtime":932,"energy":{"pkg":40.06317138671875,"pp0":0,"dram":7.0159912109375},"cycles":12166320621}
{"runtime":953,"energy":{"pkg":41.0074462890625,"pp0":0,"dram":7.16180419921875},"cycles":12276469212}
{"runtime":927,"energy":{"pkg":40.39306640625,"pp0":0,"dram":7.0260009765625},"cycles":12194083839}
{"runtime":917,"energy":{"pkg":39.596435546875,"pp0":0,"dram":6.8294677734375},"cycles":12044533704}
{"runtime":911,"energy":{"pkg":39.7227783203125,"pp0":0,"dram":6.9261474609375},"cycles":12112735992}
{"runtime":902,"energy":{"pkg":38.12127685546875,"pp0":0,"dram":6.72100830078125},"cycles":12892261263}
{"runtime":931,"energy":{"pkg":40.01861572265625,"pp0":0,"dram":7.0452880859375},"cycles":12153867495}
{"runtime":915,"energy":{"pkg":38.68743896484375,"pp0":0,"dram":6.900634765625},"cycles":12964730520}
{"runtime":911,"energy":{"pkg":39.2982177734375,"pp0":0,"dram":6.9053955078125},"cycles":12034563429}
{"runtime":914,"energy":{"pkg":39.47698974609375,"pp0":0,"dram":6.86151123046875},"cycles":12416801019}
{"runtime":919,"energy":{"pkg":39.945556640625,"pp0":0,"dram":6.95599365234375},"cycles":12025158789}
{"runtime":837,"energy":{"pkg":36.5721435546875,"pp0":0,"dram":6.3636474609375},"cycles":11514685938}
{"runtime":927,"energy":{"pkg":40.02484130859375,"pp0":0,"dram":7.033447265625},"cycles":12111809115}
{"runtime":1011,"energy":{"pkg":42.9317626953125,"pp0":0,"dram":7.591552734375},"cycles":13939266642}
{"runtime":909,"energy":{"pkg":38.9263916015625,"pp0":0,"dram":6.92083740234375},"cycles":12383139804}
{"runtime":905,"energy":{"pkg":39.32568359375,"pp0":0,"dram":6.844970703125},"cycles":12958538124}
{"runtime":935,"energy":{"pkg":40.09014892578125,"pp0":0,"dram":7.0538330078125},"cycles":13083539679}
{"runtime":944,"energy":{"pkg":40.60528564453125,"pp0":0,"dram":7.20404052734375},"cycles":13288177770}
{"runtime":1115,"energy":{"pkg":45.99237060546875,"pp0":0,"dram":8.4627685546875},"cycles":14852306112}
