{"runtime":903,"energy":{"pkg":49.7105712890625,"pp0":0,"dram":8.35614013671875},"cycles":7486156062}
{"runtime":896,"energy":{"pkg":50.2708740234375,"pp0":0,"dram":8.27532958984375},"cycles":7423899693}
{"runtime":902,"energy":{"pkg":49.70220947265625,"pp0":0,"dram":8.28985595703125},"cycles":7494559842}
{"runtime":900,"energy":{"pkg":50.78955078125,"pp0":0,"dram":8.32940673828125},"cycles":7447957965}
{"runtime":895,"energy":{"pkg":50.510498046875,"pp0":0,"dram":8.2071533203125},"cycles":7419289605}
{"runtime":880,"energy":{"pkg":49.91290283203125,"pp0":0,"dram":8.04669189453125},"cycles":7307721372}
{"runtime":895,"energy":{"pkg":50.6444091796875,"pp0":0,"dram":8.277587890625},"cycles":7411053825}
{"runtime":1327,"energy":{"pkg":60.149169921875,"pp0":0,"dram":12.11029052734375},"cycles":11030672646}
{"runtime":1140,"energy":{"pkg":51.72967529296875,"pp0":0,"dram":10.41973876953125},"cycles":9483464445}
{"runtime":908,"energy":{"pkg":50.01177978515625,"pp0":0,"dram":8.3145751953125},"cycles":7504621803}
{"runtime":889,"energy":{"pkg":50.18414306640625,"pp0":0,"dram":8.1865234375},"cycles":7395453345}
{"runtime":1123,"energy":{"pkg":60.66497802734375,"pp0":0,"dram":10.360107421875},"cycles":9318158661}
{"runtime":1064,"energy":{"pkg":56.1573486328125,"pp0":0,"dram":9.70184326171875},"cycles":8838395370}
{"runtime":991,"energy":{"pkg":49.63262939453125,"pp0":0,"dram":9.127685546875},"cycles":8218401135}
{"runtime":1118,"energy":{"pkg":59.46551513671875,"pp0":0,"dram":10.26214599609375},"cycles":9300029130}
{"runtime":980,"energy":{"pkg":53.5286865234375,"pp0":0,"dram":8.89837646484375},"cycles":8141694393}
{"runtime":925,"energy":{"pkg":51.5545654296875,"pp0":0,"dram":8.41973876953125},"cycles":7648529511}
{"runtime":927,"energy":{"pkg":51.5408935546875,"pp0":0,"dram":8.333740234375},"cycles":7691627118}
{"runtime":1019,"energy":{"pkg":54.016357421875,"pp0":0,"dram":9.129150390625},"cycles":8463528423}
{"runtime":1028,"energy":{"pkg":54.2138671875,"pp0":0,"dram":9.2447509765625},"cycles":8525630757}
{"runtime":1189,"energy":{"pkg":59.9559326171875,"pp0":0,"dram":10.65936279296875},"cycles":9885573999}
