{"runtime":3049,"energy":{"pkg":169.62896728515625,"pp0":0,"dram":30.08367919921875},"cycles":22151246754}
{"runtime":2987,"energy":{"pkg":143.20257568359375,"pp0":0,"dram":25.71282958984375},"cycles":26151366633}
{"runtime":2990,"energy":{"pkg":151.54736328125,"pp0":0,"dram":26.87371826171875},"cycles":25977792666}
{"runtime":3342,"energy":{"pkg":159.0244140625,"pp0":0,"dram":31.2271728515625},"cycles":26341522074}
{"runtime":3198,"energy":{"pkg":167.91082763671875,"pp0":0,"dram":30.52716064453125},"cycles":24246242517}
{"runtime":3043,"energy":{"pkg":157.5960693359375,"pp0":0,"dram":29.26409912109375},"cycles":25086669384}
{"runtime":3394,"energy":{"pkg":171.7918701171875,"pp0":0,"dram":33.33203125},"cycles":29107846026}
{"runtime":3171,"energy":{"pkg":162.25482177734375,"pp0":0,"dram":29.61724853515625},"cycles":24523404360}
{"runtime":3711,"energy":{"pkg":186.49560546875,"pp0":0,"dram":36.542236328125},"cycles":27830945961}
{"runtime":3695,"energy":{"pkg":174.327880859375,"pp0":0,"dram":35.54144287109375},"cycles":27415371963}
{"runtime":3845,"energy":{"pkg":174.8515625,"pp0":0,"dram":34.224853515625},"cycles":26116796874}
{"runtime":3482,"energy":{"pkg":178.84051513671875,"pp0":0,"dram":33.923095703125},"cycles":28525390320}
{"runtime":3473,"energy":{"pkg":156.6622314453125,"pp0":0,"dram":33.43353271484375},"cycles":26806026870}
{"runtime":3611,"energy":{"pkg":171.89129638671875,"pp0":0,"dram":34.37091064453125},"cycles":27309873654}
{"runtime":3069,"energy":{"pkg":147.33502197265625,"pp0":0,"dram":28.88153076171875},"cycles":27274741263}
{"runtime":3684,"energy":{"pkg":169.90283203125,"pp0":0,"dram":34.75079345703125},"cycles":29313711378}
{"runtime":3731,"energy":{"pkg":180.55718994140625,"pp0":0,"dram":35.6182861328125},"cycles":24242517516}
{"runtime":4250,"energy":{"pkg":182.36846923828125,"pp0":0,"dram":40.00616455078125},"cycles":30615032679}
{"runtime":2986,"energy":{"pkg":162.2071533203125,"pp0":0,"dram":29.6719970703125},"cycles":24369375492}
{"runtime":4063,"energy":{"pkg":186.50299072265625,"pp0":0,"dram":38.5577392578125},"cycles":29940835911}
{"runtime":3600,"energy":{"pkg":175.0819091796875,"pp0":0,"dram":33.88543701171875},"cycles":23993050704}
