{"runtime":4610,"energy":{"pkg":162.03045654296875,"pp0":0,"dram":34.461669921875},"cycles":9651144552}
{"runtime":3664,"energy":{"pkg":144.8804931640625,"pp0":0,"dram":27.3765869140625},"cycles":7672245735}
{"runtime":3954,"energy":{"pkg":153.66156005859375,"pp0":0,"dram":29.50347900390625},"cycles":8279426379}
{"runtime":3966,"energy":{"pkg":153.95513916015625,"pp0":0,"dram":29.54302978515625},"cycles":8304602439}
{"runtime":4321,"energy":{"pkg":157.48126220703125,"pp0":0,"dram":32.24658203125},"cycles":9046405704}
{"runtime":3621,"energy":{"pkg":144.08001708984375,"pp0":0,"dram":26.9349365234375},"cycles":7581933996}
{"runtime":4607,"energy":{"pkg":162.63616943359375,"pp0":0,"dram":34.36907958984375},"cycles":9644771766}
{"runtime":3669,"energy":{"pkg":144.7825927734375,"pp0":0,"dram":27.450439453125},"cycles":7683597201}
{"runtime":4276,"energy":{"pkg":156.58428955078125,"pp0":0,"dram":31.82269287109375},"cycles":8952576801}
{"runtime":3625,"energy":{"pkg":144.06475830078125,"pp0":0,"dram":26.94976806640625},"cycles":7588960155}
{"runtime":4612,"energy":{"pkg":162.2149658203125,"pp0":0,"dram":34.260009765625},"cycles":9655528680}
{"runtime":3622,"energy":{"pkg":143.82421875,"pp0":0,"dram":27.14739990234375},"cycles":7584494001}
{"runtime":3967,"energy":{"pkg":153.69384765625,"pp0":0,"dram":29.67529296875},"cycles":8304675456}
{"runtime":4256,"energy":{"pkg":155.8079833984375,"pp0":0,"dram":31.78460693359375},"cycles":8909332530}
{"runtime":3626,"energy":{"pkg":143.88629150390625,"pp0":0,"dram":26.91632080078125},"cycles":7589310750}
{"runtime":4179,"energy":{"pkg":153.1954345703125,"pp0":0,"dram":31.13653564453125},"cycles":8749372569}
{"runtime":3669,"energy":{"pkg":144.49005126953125,"pp0":0,"dram":27.2755126953125},"cycles":7681312170}
{"runtime":3631,"energy":{"pkg":143.905517578125,"pp0":0,"dram":27.17889404296875},"cycles":7598890341}
{"runtime":3633,"energy":{"pkg":143.7021484375,"pp0":0,"dram":27.07965087890625},"cycles":7600746594}
{"runtime":3936,"energy":{"pkg":152.3323974609375,"pp0":0,"dram":29.26025390625},"cycles":8238893271}
{"runtime":3953,"energy":{"pkg":152.77618408203125,"pp0":0,"dram":29.26708984375},"cycles":8275588860}
