{"runtime":1034,"energy":{"pkg":37.9984130859375,"pp0":0,"dram":7.7926025390625},"cycles":2164262940}
{"runtime":1104,"energy":{"pkg":36.3975830078125,"pp0":0,"dram":8.3643798828125},"cycles":2312477601}
{"runtime":1037,"energy":{"pkg":35.67413330078125,"pp0":0,"dram":7.7760009765625},"cycles":2171303442}
{"runtime":802,"energy":{"pkg":31.5987548828125,"pp0":0,"dram":6.0572509765625},"cycles":1679186187}
{"runtime":784,"energy":{"pkg":30.9093017578125,"pp0":0,"dram":5.93463134765625},"cycles":1639522227}
{"runtime":1243,"energy":{"pkg":38.9036865234375,"pp0":0,"dram":9.3548583984375},"cycles":2600784081}
{"runtime":777,"energy":{"pkg":30.21405029296875,"pp0":0,"dram":5.7742919921875},"cycles":1627696245}
{"runtime":774,"energy":{"pkg":30.556884765625,"pp0":0,"dram":5.72161865234375},"cycles":1619062053}
{"runtime":1380,"energy":{"pkg":41.37017822265625,"pp0":0,"dram":10.322998046875},"cycles":2887933461}
{"runtime":1195,"energy":{"pkg":37.40692138671875,"pp0":0,"dram":8.955322265625},"cycles":2498105778}
{"runtime":991,"energy":{"pkg":36.4716796875,"pp0":0,"dram":7.41912841796875},"cycles":2075385396}
{"runtime":780,"energy":{"pkg":30.64361572265625,"pp0":0,"dram":5.78179931640625},"cycles":1632889272}
{"runtime":772,"energy":{"pkg":30.5355224609375,"pp0":0,"dram":5.7406005859375},"cycles":1614943785}
{"runtime":1392,"energy":{"pkg":41.17425537109375,"pp0":0,"dram":10.34075927734375},"cycles":2913094443}
{"runtime":1043,"energy":{"pkg":35.75494384765625,"pp0":0,"dram":7.785400390625},"cycles":2183410131}
{"runtime":818,"energy":{"pkg":31.32470703125,"pp0":0,"dram":6.08538818359375},"cycles":1714380780}
{"runtime":776,"energy":{"pkg":30.6995849609375,"pp0":0,"dram":5.79327392578125},"cycles":1621698624}
{"runtime":788,"energy":{"pkg":31.0831298828125,"pp0":0,"dram":5.8592529296875},"cycles":1647942891}
{"runtime":805,"energy":{"pkg":31.6214599609375,"pp0":0,"dram":6.00616455078125},"cycles":1685477850}
{"runtime":821,"energy":{"pkg":32.39398193359375,"pp0":0,"dram":6.16522216796875},"cycles":1717068276}
{"runtime":779,"energy":{"pkg":30.9229736328125,"pp0":0,"dram":5.8743896484375},"cycles":1628774028}
