{"runtime":1361,"energy":{"pkg":60.0626220703125,"pp0":0,"dram":13.22662353515625},"cycles":10152899967}
{"runtime":1260,"energy":{"pkg":55.755615234375,"pp0":0,"dram":12.78240966796875},"cycles":12493877529}
{"runtime":1325,"energy":{"pkg":56.16192626953125,"pp0":0,"dram":13.18560791015625},"cycles":11554301829}
{"runtime":1299,"energy":{"pkg":57.648193359375,"pp0":0,"dram":12.70452880859375},"cycles":10383330846}
{"runtime":1045,"energy":{"pkg":50.44818115234375,"pp0":0,"dram":10.67193603515625},"cycles":9291961938}
{"runtime":1237,"energy":{"pkg":54.4896240234375,"pp0":0,"dram":12.11163330078125},"cycles":10148428752}
{"runtime":1032,"energy":{"pkg":50.99786376953125,"pp0":0,"dram":10.5673828125},"cycles":8945603205}
{"runtime":1162,"energy":{"pkg":54.63592529296875,"pp0":0,"dram":11.67144775390625},"cycles":9719275671}
{"runtime":1248,"energy":{"pkg":55.29498291015625,"pp0":0,"dram":12.541259765625},"cycles":11542136382}
{"runtime":1353,"energy":{"pkg":55.2073974609375,"pp0":0,"dram":13.79412841796875},"cycles":11045699763}
{"runtime":1032,"energy":{"pkg":49.9949951171875,"pp0":0,"dram":10.6082763671875},"cycles":9392348490}
{"runtime":1228,"energy":{"pkg":55.90948486328125,"pp0":0,"dram":12.15618896484375},"cycles":10562796678}
{"runtime":1024,"energy":{"pkg":49.12469482421875,"pp0":0,"dram":10.49249267578125},"cycles":9570025164}
{"runtime":1287,"energy":{"pkg":57.5765380859375,"pp0":0,"dram":13.34246826171875},"cycles":10325376306}
{"runtime":1077,"energy":{"pkg":51.02459716796875,"pp0":0,"dram":11.06219482421875},"cycles":9488776815}
{"runtime":1259,"energy":{"pkg":56.23822021484375,"pp0":0,"dram":12.36395263671875},"cycles":10431787779}
{"runtime":1072,"energy":{"pkg":50.3975830078125,"pp0":0,"dram":11.55975341796875},"cycles":9619534680}
{"runtime":1584,"energy":{"pkg":57.91510009765625,"pp0":0,"dram":16.22344970703125},"cycles":11135367852}
{"runtime":1280,"energy":{"pkg":54.24981689453125,"pp0":0,"dram":12.9107666015625},"cycles":11842449003}
{"runtime":1343,"energy":{"pkg":57.725341796875,"pp0":0,"dram":13.16436767578125},"cycles":11386846149}
{"runtime":1266,"energy":{"pkg":56.2923583984375,"pp0":0,"dram":12.3897705078125},"cycles":10440767694}
