{"runtime":344,"energy":{"pkg":12.861083984375,"pp0":0,"dram":4.45086669921875},"cycles":1430085573}
{"runtime":326,"energy":{"pkg":12.7835693359375,"pp0":0,"dram":4.75823974609375},"cycles":1320387747}
{"runtime":307,"energy":{"pkg":12.310791015625,"pp0":0,"dram":4.3265380859375},"cycles":1291465686}
{"runtime":305,"energy":{"pkg":11.78839111328125,"pp0":0,"dram":4.03411865234375},"cycles":1230002130}
{"runtime":394,"energy":{"pkg":13.9439697265625,"pp0":0,"dram":5.49285888671875},"cycles":1429531740}
{"runtime":365,"energy":{"pkg":12.8511962890625,"pp0":0,"dram":5.110595703125},"cycles":1412702424}
{"runtime":347,"energy":{"pkg":12.6448974609375,"pp0":0,"dram":4.48065185546875},"cycles":1348852659}
{"runtime":358,"energy":{"pkg":13.18414306640625,"pp0":0,"dram":5.0770263671875},"cycles":1441444410}
{"runtime":325,"energy":{"pkg":11.6480712890625,"pp0":0,"dram":4.292236328125},"cycles":1316147616}
{"runtime":323,"energy":{"pkg":12.941650390625,"pp0":0,"dram":4.7158203125},"cycles":1250019561}
{"runtime":440,"energy":{"pkg":14.13739013671875,"pp0":0,"dram":5.32525634765625},"cycles":1556512734}
{"runtime":311,"energy":{"pkg":12.2537841796875,"pp0":0,"dram":4.61529541015625},"cycles":1259670909}
{"runtime":369,"energy":{"pkg":13.1173095703125,"pp0":0,"dram":4.982666015625},"cycles":1349641650}
{"runtime":490,"energy":{"pkg":15.102783203125,"pp0":0,"dram":6.45355224609375},"cycles":1645758870}
{"runtime":331,"energy":{"pkg":12.38177490234375,"pp0":0,"dram":4.77685546875},"cycles":1332419865}
{"runtime":295,"energy":{"pkg":11.67144775390625,"pp0":0,"dram":4.2738037109375},"cycles":1315671357}
{"runtime":374,"energy":{"pkg":12.88909912109375,"pp0":0,"dram":4.70196533203125},"cycles":1492998570}
{"runtime":330,"energy":{"pkg":13.14202880859375,"pp0":0,"dram":4.82373046875},"cycles":1320713352}
{"runtime":314,"energy":{"pkg":11.86737060546875,"pp0":0,"dram":4.1907958984375},"cycles":1321311264}
{"runtime":317,"energy":{"pkg":13.2010498046875,"pp0":0,"dram":4.5889892578125},"cycles":1226063391}
{"runtime":294,"energy":{"pkg":12.13623046875,"pp0":0,"dram":4.32763671875},"cycles":1220463573}
