{"runtime":175,"energy":{"pkg":14.5987548828125,"pp0":0,"dram":2.56396484375},"cycles":5758272198}
{"runtime":168,"energy":{"pkg":14.48077392578125,"pp0":0,"dram":2.20001220703125},"cycles":5567444022}
{"runtime":213,"energy":{"pkg":17.2838134765625,"pp0":0,"dram":2.62469482421875},"cycles":7050182307}
{"runtime":177,"energy":{"pkg":15.13812255859375,"pp0":0,"dram":2.35467529296875},"cycles":5850865398}
{"runtime":172,"energy":{"pkg":15.01776123046875,"pp0":0,"dram":2.4256591796875},"cycles":5707001853}
{"runtime":280,"energy":{"pkg":20.09259033203125,"pp0":0,"dram":2.62591552734375},"cycles":7578604257}
{"runtime":176,"energy":{"pkg":15.15313720703125,"pp0":0,"dram":2.32196044921875},"cycles":5833329075}
{"runtime":195,"energy":{"pkg":16.239501953125,"pp0":0,"dram":2.54681396484375},"cycles":6430997832}
{"runtime":170,"energy":{"pkg":14.6982421875,"pp0":0,"dram":2.2900390625},"cycles":5626262733}
{"runtime":178,"energy":{"pkg":15.022216796875,"pp0":0,"dram":2.2625732421875},"cycles":5833454046}
{"runtime":169,"energy":{"pkg":14.790771484375,"pp0":0,"dram":2.50390625},"cycles":5599574673}
{"runtime":199,"energy":{"pkg":16.62774658203125,"pp0":0,"dram":2.4871826171875},"cycles":6592673787}
{"runtime":177,"energy":{"pkg":15.3743896484375,"pp0":0,"dram":2.458984375},"cycles":5884701018}
{"runtime":210,"energy":{"pkg":16.98638916015625,"pp0":0,"dram":2.34228515625},"cycles":6760712301}
{"runtime":172,"energy":{"pkg":14.90203857421875,"pp0":0,"dram":2.29681396484375},"cycles":5669589702}
{"runtime":233,"energy":{"pkg":17.97381591796875,"pp0":0,"dram":2.44049072265625},"cycles":7539978117}
{"runtime":219,"energy":{"pkg":17.50933837890625,"pp0":0,"dram":2.405517578125},"cycles":6832567518}
{"runtime":173,"energy":{"pkg":14.961181640625,"pp0":0,"dram":2.2545166015625},"cycles":5746567953}
{"runtime":192,"energy":{"pkg":15.844482421875,"pp0":0,"dram":2.299560546875},"cycles":6244111335}
{"runtime":169,"energy":{"pkg":14.71331787109375,"pp0":0,"dram":2.25018310546875},"cycles":5566950165}
{"runtime":174,"energy":{"pkg":14.93194580078125,"pp0":0,"dram":2.12762451171875},"cycles":5747844606}
