{"runtime":62960,"energy":{"pkg":2425.4553833007812,"pp0":0,"dram":466.22698974609375},"cycles":131797340325}
{"runtime":62564,"energy":{"pkg":2412.0088500976562,"pp0":0,"dram":462.00299072265625},"cycles":130929936606}
{"runtime":63587,"energy":{"pkg":2435.2913208007812,"pp0":0,"dram":469.26800537109375},"cycles":133059623865}
{"runtime":62669,"energy":{"pkg":2414.1088256835938,"pp0":0,"dram":462.265380859375},"cycles":131150424111}
{"runtime":63071,"energy":{"pkg":2422.0264282226562,"pp0":0,"dram":463.77032470703125},"cycles":131980359315}
{"runtime":63926,"energy":{"pkg":2431.8856811523438,"pp0":0,"dram":471.51910400390625},"cycles":133783119204}
{"runtime":63625,"energy":{"pkg":2440.5206298828125,"pp0":0,"dram":468.7635498046875},"cycles":133136024679}
{"runtime":62747,"energy":{"pkg":2405.6818237304688,"pp0":0,"dram":460.6995849609375},"cycles":131329020774}
{"runtime":63501,"energy":{"pkg":2427.008056640625,"pp0":0,"dram":465.94293212890625},"cycles":132880939422}
{"runtime":62576,"energy":{"pkg":2417.6744384765625,"pp0":0,"dram":459.60968017578125},"cycles":130956955626}
{"runtime":63037,"energy":{"pkg":2421.5912475585938,"pp0":0,"dram":469.63861083984375},"cycles":131706073443}
{"runtime":64128,"energy":{"pkg":2488.810302734375,"pp0":0,"dram":472.36602783203125},"cycles":134193697323}
{"runtime":63098,"energy":{"pkg":2463.2205200195312,"pp0":0,"dram":466.5377197265625},"cycles":132042317967}
{"runtime":62898,"energy":{"pkg":2447.5941772460938,"pp0":0,"dram":463.62713623046875},"cycles":131627715072}
{"runtime":63145,"energy":{"pkg":2447.4337158203125,"pp0":0,"dram":465.6727294921875},"cycles":132126346632}
{"runtime":63828,"energy":{"pkg":2430.0172729492188,"pp0":0,"dram":470.83447265625},"cycles":133575031779}
{"runtime":63217,"energy":{"pkg":2431.5314331054688,"pp0":0,"dram":466.8988037109375},"cycles":132298665660}
{"runtime":62561,"energy":{"pkg":2418.0776977539062,"pp0":0,"dram":462.23358154296875},"cycles":130920956208}
{"runtime":63220,"energy":{"pkg":2419.7567138671875,"pp0":0,"dram":466.62481689453125},"cycles":132296393103}
{"runtime":63534,"energy":{"pkg":2418.3572387695312,"pp0":0,"dram":467.13409423828125},"cycles":132955003776}
{"runtime":62840,"energy":{"pkg":2502.0128784179688,"pp0":0,"dram":484.6510009765625},"cycles":131511736251}
