{"runtime":79724,"energy":{"pkg":3040.4370727539062,"pp0":0,"dram":761.3018798828125},"cycles":167059778130}
{"runtime":80197,"energy":{"pkg":3077.9660034179688,"pp0":0,"dram":819.2523803710938},"cycles":168109242819}
{"runtime":79480,"energy":{"pkg":3030.3839721679688,"pp0":0,"dram":761.3963012695312},"cycles":166556936532}
{"runtime":79147,"energy":{"pkg":3032.2540283203125,"pp0":0,"dram":758.7117919921875},"cycles":165888148902}
{"runtime":79226,"energy":{"pkg":3046.0450439453125,"pp0":0,"dram":779.87744140625},"cycles":165977301126}
{"runtime":79197,"energy":{"pkg":3043.2677612304688,"pp0":0,"dram":767.1907958984375},"cycles":165909466317}
{"runtime":82019,"energy":{"pkg":3118.6722412109375,"pp0":0,"dram":786.142822265625},"cycles":171913628355}
{"runtime":80056,"energy":{"pkg":3067.2687377929688,"pp0":0,"dram":765.46337890625},"cycles":167873490876}
{"runtime":81201,"energy":{"pkg":3094.4423828125,"pp0":0,"dram":799.5728149414062},"cycles":170394003087}
{"runtime":80764,"energy":{"pkg":3078.382080078125,"pp0":0,"dram":774.5556640625},"cycles":169353589167}
{"runtime":81577,"energy":{"pkg":3120.2830200195312,"pp0":0,"dram":805.3494262695312},"cycles":171049670337}
{"runtime":78986,"energy":{"pkg":3013.050048828125,"pp0":0,"dram":771.4991455078125},"cycles":165441090843}
{"runtime":80115,"energy":{"pkg":3111.62548828125,"pp0":0,"dram":781.7312622070312},"cycles":167916629853}
{"runtime":79859,"energy":{"pkg":3084.7847290039062,"pp0":0,"dram":761.51953125},"cycles":167361642609}
{"runtime":80087,"energy":{"pkg":3053.1600952148438,"pp0":0,"dram":780.945556640625},"cycles":167926340967}
{"runtime":79692,"energy":{"pkg":3074.2789916992188,"pp0":0,"dram":768.6356811523438},"cycles":166990129908}
{"runtime":79359,"energy":{"pkg":3055.6747436523438,"pp0":0,"dram":760.8681030273438},"cycles":166302713409}
{"runtime":80337,"energy":{"pkg":3091.7677612304688,"pp0":0,"dram":795.2660522460938},"cycles":168451369527}
{"runtime":79782,"energy":{"pkg":3053.8123168945312,"pp0":0,"dram":790.3697509765625},"cycles":167291107767}
{"runtime":79780,"energy":{"pkg":3052.2937622070312,"pp0":0,"dram":799.0844116210938},"cycles":167267011170}
{"runtime":80206,"energy":{"pkg":3076.750732421875,"pp0":0,"dram":768.3212890625},"cycles":168087848733}
