{"runtime":52085,"energy":{"pkg":2024.0076293945312,"pp0":0,"dram":400.21240234375},"cycles":109927602582}
{"runtime":52614,"energy":{"pkg":2022.3027954101562,"pp0":0,"dram":405.58819580078125},"cycles":110840647155}
{"runtime":51600,"energy":{"pkg":2004.881591796875,"pp0":0,"dram":395.08135986328125},"cycles":108648557199}
{"runtime":51956,"energy":{"pkg":2018.423828125,"pp0":0,"dram":399.66473388671875},"cycles":109406861886}
{"runtime":51898,"energy":{"pkg":2013.5123901367188,"pp0":0,"dram":394.34869384765625},"cycles":109251787701}
{"runtime":54463,"energy":{"pkg":2118.5791015625,"pp0":0,"dram":421.27813720703125},"cycles":114776034702}
{"runtime":52371,"energy":{"pkg":2024.3988037109375,"pp0":0,"dram":404.921142578125},"cycles":110304654852}
{"runtime":52166,"energy":{"pkg":2026.1828002929688,"pp0":0,"dram":398.5419921875},"cycles":109820167065}
{"runtime":53250,"energy":{"pkg":2048.0983276367188,"pp0":0,"dram":403.64501953125},"cycles":112123982964}
{"runtime":52798,"energy":{"pkg":2048.022216796875,"pp0":0,"dram":407.9517822265625},"cycles":111322738779}
{"runtime":52024,"energy":{"pkg":2018.2069702148438,"pp0":0,"dram":394.43377685546875},"cycles":109563312159}
{"runtime":52603,"energy":{"pkg":2044.8306884765625,"pp0":0,"dram":406.63311767578125},"cycles":111102851055}
{"runtime":53558,"energy":{"pkg":2055.7368774414062,"pp0":0,"dram":407.35992431640625},"cycles":112774055688}
{"runtime":51479,"energy":{"pkg":2001.3464965820312,"pp0":0,"dram":390.86077880859375},"cycles":108387886467}
{"runtime":52852,"energy":{"pkg":2053.50830078125,"pp0":0,"dram":408.36962890625},"cycles":111492515442}
{"runtime":53082,"energy":{"pkg":2074.468505859375,"pp0":0,"dram":400.33441162109375},"cycles":111453853770}
{"runtime":52549,"energy":{"pkg":2032.2819213867188,"pp0":0,"dram":396.22454833984375},"cycles":110648405805}
{"runtime":53255,"energy":{"pkg":2056.1534423828125,"pp0":0,"dram":402.9906005859375},"cycles":112089723522}
{"runtime":52126,"energy":{"pkg":2021.8299560546875,"pp0":0,"dram":394.51934814453125},"cycles":109769976771}
{"runtime":52652,"energy":{"pkg":2025.3605346679688,"pp0":0,"dram":398.29571533203125},"cycles":110871829467}
{"runtime":52290,"energy":{"pkg":2032.8611450195312,"pp0":0,"dram":395.08587646484375},"cycles":110087856795}
