{"runtime":6195,"energy":{"pkg":226.9891357421875,"pp0":0,"dram":64.2003173828125},"cycles":13156210872}
{"runtime":6617,"energy":{"pkg":239.55560302734375,"pp0":0,"dram":68.00543212890625},"cycles":14126480592}
{"runtime":5870,"energy":{"pkg":221.7298583984375,"pp0":0,"dram":64.73150634765625},"cycles":12559136163}
{"runtime":7218,"energy":{"pkg":252.46435546875,"pp0":0,"dram":72.39398193359375},"cycles":15712674285}
{"runtime":6024,"energy":{"pkg":228.75421142578125,"pp0":0,"dram":62.09576416015625},"cycles":12875519748}
{"runtime":6528,"energy":{"pkg":237.59661865234375,"pp0":0,"dram":66.5869140625},"cycles":13935943791}
{"runtime":6220,"energy":{"pkg":227.6505126953125,"pp0":0,"dram":63.761962890625},"cycles":13191918243}
{"runtime":5752,"energy":{"pkg":220.68438720703125,"pp0":0,"dram":60.85247802734375},"cycles":12323226909}
{"runtime":5742,"energy":{"pkg":220.09930419921875,"pp0":0,"dram":60.09271240234375},"cycles":12290486985}
{"runtime":6309,"energy":{"pkg":230.62860107421875,"pp0":0,"dram":64.68988037109375},"cycles":13372115148}
{"runtime":6125,"energy":{"pkg":225.41754150390625,"pp0":0,"dram":63.5323486328125},"cycles":13121484096}
{"runtime":5660,"energy":{"pkg":219.12640380859375,"pp0":0,"dram":59.2012939453125},"cycles":12104856204}
{"runtime":5720,"energy":{"pkg":219.76409912109375,"pp0":0,"dram":59.68536376953125},"cycles":12247661958}
{"runtime":6539,"energy":{"pkg":234.053466796875,"pp0":0,"dram":67.3785400390625},"cycles":14000156751}
{"runtime":5665,"energy":{"pkg":219.1339111328125,"pp0":0,"dram":60.00714111328125},"cycles":12119424681}
{"runtime":6775,"energy":{"pkg":248.798828125,"pp0":0,"dram":70.0594482421875},"cycles":14896102158}
{"runtime":6421,"energy":{"pkg":235.732421875,"pp0":0,"dram":66.28802490234375},"cycles":13750250346}
{"runtime":5666,"energy":{"pkg":219.96722412109375,"pp0":0,"dram":60.34857177734375},"cycles":12154112964}
{"runtime":6510,"energy":{"pkg":232.98968505859375,"pp0":0,"dram":66.0115966796875},"cycles":13893114816}
{"runtime":5693,"energy":{"pkg":218.53369140625,"pp0":0,"dram":60.06793212890625},"cycles":12207322764}
{"runtime":6579,"energy":{"pkg":236.75482177734375,"pp0":0,"dram":67.19488525390625},"cycles":14064321537}
