{"runtime":2965,"energy":{"pkg":109.01202392578125,"pp0":0,"dram":28.626953125},"cycles":6745323984}
{"runtime":3547,"energy":{"pkg":115.45196533203125,"pp0":0,"dram":33.88153076171875},"cycles":8088313485}
{"runtime":3329,"energy":{"pkg":111.80352783203125,"pp0":0,"dram":31.00701904296875},"cycles":7573369272}
{"runtime":2829,"energy":{"pkg":107.53460693359375,"pp0":0,"dram":26.97357177734375},"cycles":6405421890}
{"runtime":2583,"energy":{"pkg":98.7349853515625,"pp0":0,"dram":23.2440185546875},"cycles":6132630777}
{"runtime":2975,"energy":{"pkg":111.76336669921875,"pp0":0,"dram":28.419189453125},"cycles":6734210910}
{"runtime":3844,"energy":{"pkg":121.29620361328125,"pp0":0,"dram":36.2471923828125},"cycles":8582407113}
{"runtime":3120,"energy":{"pkg":109.227294921875,"pp0":0,"dram":29.3126220703125},"cycles":7024061373}
{"runtime":2704,"energy":{"pkg":101.4854736328125,"pp0":0,"dram":26.846923828125},"cycles":6244143780}
{"runtime":2738,"energy":{"pkg":105.147705078125,"pp0":0,"dram":26.1817626953125},"cycles":6269129937}
{"runtime":2468,"energy":{"pkg":95.62237548828125,"pp0":0,"dram":22.1065673828125},"cycles":5770842630}
{"runtime":3086,"energy":{"pkg":114.88226318359375,"pp0":0,"dram":29.26446533203125},"cycles":7049150766}
{"runtime":3180,"energy":{"pkg":113.49725341796875,"pp0":0,"dram":29.32159423828125},"cycles":7190224818}
{"runtime":3463,"energy":{"pkg":109.48956298828125,"pp0":0,"dram":33.48980712890625},"cycles":7903341453}
{"runtime":3534,"energy":{"pkg":117.70550537109375,"pp0":0,"dram":32.7752685546875},"cycles":7962494232}
{"runtime":2773,"energy":{"pkg":96.131103515625,"pp0":0,"dram":24.55279541015625},"cycles":6357410094}
{"runtime":3148,"energy":{"pkg":110.4320068359375,"pp0":0,"dram":29.67620849609375},"cycles":7174037052}
{"runtime":2526,"energy":{"pkg":96.57562255859375,"pp0":0,"dram":22.76287841796875},"cycles":5885963412}
{"runtime":2641,"energy":{"pkg":103.10809326171875,"pp0":0,"dram":25.565185546875},"cycles":5993904714}
{"runtime":2950,"energy":{"pkg":109.03680419921875,"pp0":0,"dram":28.2103271484375},"cycles":6743476824}
{"runtime":2572,"energy":{"pkg":98.94769287109375,"pp0":0,"dram":22.92547607421875},"cycles":5998582737}
