{"runtime":24909,"energy":{"pkg":1021.841552734375,"pp0":0,"dram":373.42022705078125},"cycles":100258353510}
{"runtime":23571,"energy":{"pkg":949.4718627929688,"pp0":0,"dram":305.97174072265625},"cycles":92668537794}
{"runtime":24311,"energy":{"pkg":946.3594970703125,"pp0":0,"dram":309.11138916015625},"cycles":93340841580}
{"runtime":24624,"energy":{"pkg":994.3389282226562,"pp0":0,"dram":350.30731201171875},"cycles":97632155775}
{"runtime":23668,"energy":{"pkg":946.0690307617188,"pp0":0,"dram":313.90130615234375},"cycles":92743358421}
{"runtime":25026,"energy":{"pkg":1000.5150756835938,"pp0":0,"dram":355.83172607421875},"cycles":98952928116}
{"runtime":26128,"energy":{"pkg":1005.126220703125,"pp0":0,"dram":364.25762939453125},"cycles":101227400316}
{"runtime":24430,"energy":{"pkg":982.14697265625,"pp0":0,"dram":346.2969970703125},"cycles":97364230488}
{"runtime":24587,"energy":{"pkg":951.3657836914062,"pp0":0,"dram":314.22796630859375},"cycles":93842598906}
{"runtime":25405,"energy":{"pkg":1016.0919189453125,"pp0":0,"dram":376.34344482421875},"cycles":100779484554}
{"runtime":25565,"energy":{"pkg":1013.9236450195312,"pp0":0,"dram":368.6473388671875},"cycles":99629153085}
{"runtime":24730,"energy":{"pkg":989.12939453125,"pp0":0,"dram":354.03594970703125},"cycles":97439994225}
{"runtime":23842,"energy":{"pkg":933.6411743164062,"pp0":0,"dram":307.56890869140625},"cycles":91846220025}
{"runtime":26099,"energy":{"pkg":1005.5391235351562,"pp0":0,"dram":381.9588623046875},"cycles":101808561204}
{"runtime":24788,"energy":{"pkg":950.4013061523438,"pp0":0,"dram":314.4915771484375},"cycles":94686614862}
{"runtime":23487,"energy":{"pkg":937.888671875,"pp0":0,"dram":304.5186767578125},"cycles":91528387671}
{"runtime":24817,"energy":{"pkg":983.9904174804688,"pp0":0,"dram":349.06549072265625},"cycles":98130197592}
{"runtime":25755,"energy":{"pkg":1000.857177734375,"pp0":0,"dram":365.03753662109375},"cycles":101600456538}
{"runtime":24735,"energy":{"pkg":990.1593627929688,"pp0":0,"dram":354.517578125},"cycles":98876711556}
{"runtime":24445,"energy":{"pkg":954.11181640625,"pp0":0,"dram":323.77423095703125},"cycles":94286995131}
{"runtime":23648,"energy":{"pkg":940.8177490234375,"pp0":0,"dram":308.04949951171875},"cycles":93293047596}
