{"runtime":38700,"energy":{"pkg":1478.0211791992188,"pp0":0,"dram":286.5191650390625},"cycles":80979394230}
{"runtime":37941,"energy":{"pkg":1465.2352905273438,"pp0":0,"dram":279.80426025390625},"cycles":79390006794}
{"runtime":38011,"energy":{"pkg":1467.4608764648438,"pp0":0,"dram":281.24517822265625},"cycles":79529417142}
{"runtime":38511,"energy":{"pkg":1476.8987426757812,"pp0":0,"dram":285.0689697265625},"cycles":80580956022}
{"runtime":38682,"energy":{"pkg":1477.7232055664062,"pp0":0,"dram":284.366455078125},"cycles":80942634507}
{"runtime":37744,"energy":{"pkg":1460.617431640625,"pp0":0,"dram":278.30224609375},"cycles":78982489362}
{"runtime":38682,"energy":{"pkg":1472.7259521484375,"pp0":0,"dram":285.94793701171875},"cycles":80949791706}
{"runtime":40307,"energy":{"pkg":1545.5703735351562,"pp0":0,"dram":297.14892578125},"cycles":84342606579}
{"runtime":37762,"energy":{"pkg":1453.7278442382812,"pp0":0,"dram":278.70233154296875},"cycles":79030454433}
{"runtime":38836,"energy":{"pkg":1481.4168090820312,"pp0":0,"dram":288.37921142578125},"cycles":81297777624}
{"runtime":38642,"energy":{"pkg":1471.1402587890625,"pp0":0,"dram":286.9537353515625},"cycles":80884260450}
{"runtime":37989,"energy":{"pkg":1467.7180786132812,"pp0":0,"dram":281.891845703125},"cycles":79535264193}
{"runtime":37910,"energy":{"pkg":1456.5350952148438,"pp0":0,"dram":281.57861328125},"cycles":79331954646}
{"runtime":37934,"energy":{"pkg":1464.4751586914062,"pp0":0,"dram":281.9228515625},"cycles":79391887890}
{"runtime":38028,"energy":{"pkg":1471.3800659179688,"pp0":0,"dram":283.90155029296875},"cycles":79567317165}
{"runtime":37939,"energy":{"pkg":1465.72119140625,"pp0":0,"dram":281.60186767578125},"cycles":79406152308}
{"runtime":38195,"energy":{"pkg":1472.3788452148438,"pp0":0,"dram":283.95989990234375},"cycles":79933370370}
{"runtime":37825,"energy":{"pkg":1455.2391967773438,"pp0":0,"dram":279.9295654296875},"cycles":79149172305}
{"runtime":38665,"energy":{"pkg":1474.0789184570312,"pp0":0,"dram":285.59100341796875},"cycles":80917534866}
{"runtime":38224,"energy":{"pkg":1467.2156982421875,"pp0":0,"dram":281.88092041015625},"cycles":79983294384}
{"runtime":37976,"energy":{"pkg":1466.5451049804688,"pp0":0,"dram":279.6781005859375},"cycles":79465436610}
