{"runtime":5631,"energy":{"pkg":211.55706787109375,"pp0":0,"dram":42.04052734375},"cycles":11925395118}
{"runtime":5780,"energy":{"pkg":216.53436279296875,"pp0":0,"dram":43.00360107421875},"cycles":12232926489}
{"runtime":5474,"energy":{"pkg":208.18017578125,"pp0":0,"dram":40.866455078125},"cycles":11591582877}
{"runtime":5497,"energy":{"pkg":208.43829345703125,"pp0":0,"dram":41.076171875},"cycles":11640546918}
{"runtime":5505,"energy":{"pkg":206.87249755859375,"pp0":0,"dram":41.24884033203125},"cycles":11657660049}
{"runtime":5805,"energy":{"pkg":216.48455810546875,"pp0":0,"dram":43.14190673828125},"cycles":12283590963}
{"runtime":5506,"energy":{"pkg":208.55908203125,"pp0":0,"dram":41.05645751953125},"cycles":11659077129}
{"runtime":5509,"energy":{"pkg":208.13800048828125,"pp0":0,"dram":40.98577880859375},"cycles":11663682828}
{"runtime":5657,"energy":{"pkg":213.22967529296875,"pp0":0,"dram":41.84814453125},"cycles":11975428416}
{"runtime":6403,"energy":{"pkg":223.35205078125,"pp0":0,"dram":47.6468505859375},"cycles":13541599092}
{"runtime":6400,"energy":{"pkg":223.60821533203125,"pp0":0,"dram":47.83636474609375},"cycles":13536743913}
{"runtime":6331,"energy":{"pkg":222.8321533203125,"pp0":0,"dram":47.25921630859375},"cycles":13378205337}
{"runtime":5886,"energy":{"pkg":220.91949462890625,"pp0":0,"dram":43.88421630859375},"cycles":12458183451}
{"runtime":5660,"energy":{"pkg":214.27569580078125,"pp0":0,"dram":42.12969970703125},"cycles":11980639755}
{"runtime":5461,"energy":{"pkg":208.79241943359375,"pp0":0,"dram":40.89837646484375},"cycles":11565210972}
{"runtime":5523,"energy":{"pkg":208.316650390625,"pp0":0,"dram":41.1241455078125},"cycles":11691090537}
{"runtime":5679,"energy":{"pkg":212.12359619140625,"pp0":0,"dram":42.39910888671875},"cycles":12018420162}
{"runtime":6380,"energy":{"pkg":223.0684814453125,"pp0":0,"dram":47.70361328125},"cycles":13490489124}
{"runtime":5475,"energy":{"pkg":206.85479736328125,"pp0":0,"dram":40.951171875},"cycles":11593474389}
{"runtime":6643,"energy":{"pkg":235.2132568359375,"pp0":0,"dram":49.36016845703125},"cycles":14040015213}
{"runtime":5740,"energy":{"pkg":214.9605712890625,"pp0":0,"dram":42.7601318359375},"cycles":12140007957}
