{"runtime":30478,"energy":{"pkg":1692.6531982421875,"pp0":0,"dram":475.6949462890625},"cycles":210307875477}
{"runtime":30905,"energy":{"pkg":1739.8365478515625,"pp0":0,"dram":481.87628173828125},"cycles":207725289555}
{"runtime":28309,"energy":{"pkg":1631.8297729492188,"pp0":0,"dram":434.5787353515625},"cycles":212593490487}
{"runtime":30839,"energy":{"pkg":1721.548583984375,"pp0":0,"dram":483.88836669921875},"cycles":211343250237}
{"runtime":31215,"energy":{"pkg":1718.5850830078125,"pp0":0,"dram":489.94451904296875},"cycles":210762316821}
{"runtime":30878,"energy":{"pkg":1713.1644897460938,"pp0":0,"dram":481.69110107421875},"cycles":210288601362}
{"runtime":30821,"energy":{"pkg":1725.3931274414062,"pp0":0,"dram":479.27880859375},"cycles":208908859257}
{"runtime":30635,"energy":{"pkg":1648.0457763671875,"pp0":0,"dram":455.30035400390625},"cycles":205463332725}
{"runtime":32677,"energy":{"pkg":1754.0689697265625,"pp0":0,"dram":501.893310546875},"cycles":219868259100}
{"runtime":31409,"energy":{"pkg":1746.6666870117188,"pp0":0,"dram":480.872802734375},"cycles":208997370183}
{"runtime":27974,"energy":{"pkg":1629.3089599609375,"pp0":0,"dram":436.22998046875},"cycles":197473564365}
{"runtime":30419,"energy":{"pkg":1714.847900390625,"pp0":0,"dram":475.582275390625},"cycles":207199776714}
{"runtime":30091,"energy":{"pkg":1725.4008178710938,"pp0":0,"dram":470.2496337890625},"cycles":210614884956}
{"runtime":28445,"energy":{"pkg":1635.7714233398438,"pp0":0,"dram":446.9332275390625},"cycles":202224376326}
{"runtime":31291,"energy":{"pkg":1736.9063720703125,"pp0":0,"dram":480.12860107421875},"cycles":211733618775}
{"runtime":30575,"energy":{"pkg":1722.3136596679688,"pp0":0,"dram":473.50994873046875},"cycles":211286329485}
{"runtime":30986,"energy":{"pkg":1750.9849853515625,"pp0":0,"dram":481.0054931640625},"cycles":210945635838}
{"runtime":30277,"energy":{"pkg":1728.67919921875,"pp0":0,"dram":480.5614013671875},"cycles":211762978371}
{"runtime":28587,"energy":{"pkg":1664.9232177734375,"pp0":0,"dram":445.3099365234375},"cycles":199705623936}
{"runtime":31509,"energy":{"pkg":1734.2424926757812,"pp0":0,"dram":482.47265625},"cycles":212321174940}
{"runtime":31267,"energy":{"pkg":1754.697998046875,"pp0":0,"dram":488.47406005859375},"cycles":209498280663}
