{"runtime":2549,"energy":{"pkg":190.38592529296875,"pp0":0,"dram":37.57659912109375},"cycles":106788854214}
{"runtime":2756,"energy":{"pkg":198.36273193359375,"pp0":0,"dram":40.50103759765625},"cycles":107367667281}
{"runtime":2554,"energy":{"pkg":191.11962890625,"pp0":0,"dram":38.08123779296875},"cycles":107238543825}
{"runtime":2651,"energy":{"pkg":195.282470703125,"pp0":0,"dram":39.5635986328125},"cycles":106335025293}
{"runtime":2476,"energy":{"pkg":187.2530517578125,"pp0":0,"dram":37.023681640625},"cycles":105969682770}
{"runtime":2449,"energy":{"pkg":188.236328125,"pp0":0,"dram":37.4718017578125},"cycles":104230274715}
{"runtime":2596,"energy":{"pkg":193.58721923828125,"pp0":0,"dram":39.04913330078125},"cycles":104483251425}
{"runtime":2591,"energy":{"pkg":192.54437255859375,"pp0":0,"dram":38.51495361328125},"cycles":106747989054}
{"runtime":2591,"energy":{"pkg":194.7127685546875,"pp0":0,"dram":39.1326904296875},"cycles":106127626353}
{"runtime":2725,"energy":{"pkg":196.9866943359375,"pp0":0,"dram":39.19354248046875},"cycles":107605709757}
{"runtime":2636,"energy":{"pkg":196.6251220703125,"pp0":0,"dram":38.5584716796875},"cycles":106567061412}
{"runtime":2573,"energy":{"pkg":191.8878173828125,"pp0":0,"dram":37.7396240234375},"cycles":106876751016}
{"runtime":2620,"energy":{"pkg":193.72491455078125,"pp0":0,"dram":38.44720458984375},"cycles":107444224356}
{"runtime":2681,"energy":{"pkg":195.49969482421875,"pp0":0,"dram":38.571533203125},"cycles":104825106918}
{"runtime":2499,"energy":{"pkg":190.64520263671875,"pp0":0,"dram":37.2742919921875},"cycles":106038111732}
{"runtime":2752,"energy":{"pkg":201.3448486328125,"pp0":0,"dram":40.40948486328125},"cycles":106648222065}
{"runtime":2657,"energy":{"pkg":195.3623046875,"pp0":0,"dram":39.61956787109375},"cycles":107148910995}
{"runtime":2530,"energy":{"pkg":190.23211669921875,"pp0":0,"dram":38.03704833984375},"cycles":107263899897}
{"runtime":2770,"energy":{"pkg":199.14190673828125,"pp0":0,"dram":40.48284912109375},"cycles":104727270963}
{"runtime":2557,"energy":{"pkg":191.7811279296875,"pp0":0,"dram":37.811767578125},"cycles":107100109410}
{"runtime":2735,"energy":{"pkg":197.85491943359375,"pp0":0,"dram":39.45013427734375},"cycles":105457327479}
