{"runtime":7693,"energy":{"pkg":261.2183837890625,"pp0":0,"dram":77.22308349609375},"cycles":16702678209}
{"runtime":7036,"energy":{"pkg":252.1280517578125,"pp0":0,"dram":71.2562255859375},"cycles":15285021234}
{"runtime":6355,"energy":{"pkg":233.50750732421875,"pp0":0,"dram":68.707763671875},"cycles":13548112242}
{"runtime":6586,"energy":{"pkg":234.141845703125,"pp0":0,"dram":68.2618408203125},"cycles":14012464935}
{"runtime":5895,"energy":{"pkg":229.4761962890625,"pp0":0,"dram":62.01220703125},"cycles":12868969722}
{"runtime":7350,"energy":{"pkg":257.1141357421875,"pp0":0,"dram":75.2222900390625},"cycles":15975713334}
{"runtime":6058,"energy":{"pkg":235.488037109375,"pp0":0,"dram":64.69647216796875},"cycles":13320336078}
{"runtime":6468,"energy":{"pkg":243.538818359375,"pp0":0,"dram":67.12945556640625},"cycles":14097191430}
{"runtime":6037,"energy":{"pkg":233.67767333984375,"pp0":0,"dram":63.49298095703125},"cycles":13181766822}
{"runtime":7971,"energy":{"pkg":269.4478759765625,"pp0":0,"dram":78.9033203125},"cycles":17261861631}
{"runtime":6126,"energy":{"pkg":226.145751953125,"pp0":0,"dram":64.01177978515625},"cycles":13094706009}
{"runtime":6232,"energy":{"pkg":239.7412109375,"pp0":0,"dram":64.8568115234375},"cycles":13640006667}
{"runtime":6504,"energy":{"pkg":240.99041748046875,"pp0":0,"dram":67.5792236328125},"cycles":14220016398}
{"runtime":6233,"energy":{"pkg":240.03179931640625,"pp0":0,"dram":65.386962890625},"cycles":13642394556}
{"runtime":6578,"energy":{"pkg":242.99737548828125,"pp0":0,"dram":70.17779541015625},"cycles":14364150612}
{"runtime":6612,"energy":{"pkg":242.82659912109375,"pp0":0,"dram":68.1712646484375},"cycles":14375356779}
{"runtime":6837,"energy":{"pkg":249.08416748046875,"pp0":0,"dram":70.13409423828125},"cycles":14876550570}
{"runtime":6022,"energy":{"pkg":234.109375,"pp0":0,"dram":63.9193115234375},"cycles":13185048975}
{"runtime":6115,"energy":{"pkg":235.74444580078125,"pp0":0,"dram":65.0667724609375},"cycles":13375686849}
{"runtime":6943,"energy":{"pkg":249.98095703125,"pp0":0,"dram":71.818359375},"cycles":15109220679}
{"runtime":5956,"energy":{"pkg":231.1043701171875,"pp0":0,"dram":63.371337890625},"cycles":13070126748}
