{"runtime":3937,"energy":{"pkg":147.3778076171875,"pp0":0,"dram":29.21636962890625},"cycles":8242746897}
{"runtime":3977,"energy":{"pkg":148.07574462890625,"pp0":0,"dram":29.48223876953125},"cycles":8327572260}
{"runtime":4439,"energy":{"pkg":156.4833984375,"pp0":0,"dram":32.97210693359375},"cycles":9296149863}
{"runtime":4622,"energy":{"pkg":157.31298828125,"pp0":0,"dram":34.3511962890625},"cycles":9679663371}
{"runtime":3756,"energy":{"pkg":141.03448486328125,"pp0":0,"dram":28.03009033203125},"cycles":7864986633}
{"runtime":4364,"energy":{"pkg":153.0899658203125,"pp0":0,"dram":32.52166748046875},"cycles":9137375331}
{"runtime":3973,"energy":{"pkg":148.1480712890625,"pp0":0,"dram":29.62493896484375},"cycles":8321043990}
{"runtime":4621,"energy":{"pkg":156.980712890625,"pp0":0,"dram":34.475830078125},"cycles":9676204293}
{"runtime":3759,"energy":{"pkg":140.868408203125,"pp0":0,"dram":27.9632568359375},"cycles":7872822720}
{"runtime":4639,"energy":{"pkg":157.64581298828125,"pp0":0,"dram":34.58087158203125},"cycles":9714452769}
{"runtime":3706,"energy":{"pkg":140.14874267578125,"pp0":0,"dram":27.46832275390625},"cycles":7760409426}
{"runtime":3859,"energy":{"pkg":145.165283203125,"pp0":0,"dram":28.7125244140625},"cycles":8077798869}
{"runtime":4227,"energy":{"pkg":149.2825927734375,"pp0":0,"dram":31.39862060546875},"cycles":8852747442}
{"runtime":3736,"energy":{"pkg":140.474853515625,"pp0":0,"dram":27.7215576171875},"cycles":7826943033}
{"runtime":3703,"energy":{"pkg":139.87481689453125,"pp0":0,"dram":27.6590576171875},"cycles":7754945730}
{"runtime":3893,"energy":{"pkg":145.87115478515625,"pp0":0,"dram":29.0943603515625},"cycles":8152235742}
{"runtime":3707,"energy":{"pkg":140.32183837890625,"pp0":0,"dram":27.565185546875},"cycles":7762053957}
{"runtime":3709,"energy":{"pkg":140.47088623046875,"pp0":0,"dram":27.65625},"cycles":7763249067}
{"runtime":3985,"energy":{"pkg":148.5478515625,"pp0":0,"dram":29.58184814453125},"cycles":8345855448}
{"runtime":3964,"energy":{"pkg":148.05084228515625,"pp0":0,"dram":29.3515625},"cycles":8302251930}
{"runtime":3855,"energy":{"pkg":144.9525146484375,"pp0":0,"dram":28.4798583984375},"cycles":8073297750}
