{"runtime":3840,"energy":{"pkg":273.00811767578125,"pp0":0,"dram":35.38726806640625},"cycles":215900371428}
{"runtime":3628,"energy":{"pkg":286.6376953125,"pp0":0,"dram":34.01922607421875},"cycles":217106493282}
{"runtime":3667,"energy":{"pkg":273.35247802734375,"pp0":0,"dram":34.33905029296875},"cycles":211086894396}
{"runtime":3770,"energy":{"pkg":284.406005859375,"pp0":0,"dram":36.05584716796875},"cycles":221262658113}
{"runtime":3850,"energy":{"pkg":297.60552978515625,"pp0":0,"dram":36.446044921875},"cycles":218632632435}
{"runtime":3629,"energy":{"pkg":288.98248291015625,"pp0":0,"dram":34.2083740234375},"cycles":216121574298}
{"runtime":3654,"energy":{"pkg":282.2545166015625,"pp0":0,"dram":34.16119384765625},"cycles":207800669181}
