{"runtime":35363,"energy":{"pkg":2966.802978515625,"pp0":0,"dram":318.01617431640625},"cycles":2087549127342}
{"runtime":38486,"energy":{"pkg":3192.1541748046875,"pp0":0,"dram":357.08013916015625},"cycles":2268398275752}
{"runtime":35335,"energy":{"pkg":3006.8878173828125,"pp0":0,"dram":332.38262939453125},"cycles":2106042557115}
{"runtime":35899,"energy":{"pkg":3001.7525024414062,"pp0":0,"dram":336.70745849609375},"cycles":2138371588689}
{"runtime":37652,"energy":{"pkg":3143.449951171875,"pp0":0,"dram":338.8594970703125},"cycles":2219177371908}
{"runtime":36326,"energy":{"pkg":3026.9736938476562,"pp0":0,"dram":329.34033203125},"cycles":2165682051477}
{"runtime":35501,"energy":{"pkg":2981.3923950195312,"pp0":0,"dram":329.2882080078125},"cycles":2116279733463}
