{"runtime":48519,"energy":{"pkg":4044.9557495117188,"pp0":0,"dram":431.95849609375},"cycles":2862081770142}
{"runtime":49015,"energy":{"pkg":4047.2769165039062,"pp0":0,"dram":440.32769775390625},"cycles":2878312920420}
{"runtime":48259,"energy":{"pkg":4018.6473388671875,"pp0":0,"dram":446.19085693359375},"cycles":2835859991643}
{"runtime":46030,"energy":{"pkg":3833.9885864257812,"pp0":0,"dram":424.12725830078125},"cycles":2757132234171}
{"runtime":47489,"energy":{"pkg":3990.5901489257812,"pp0":0,"dram":431.2628173828125},"cycles":2822443600221}
{"runtime":47936,"energy":{"pkg":4004.7808837890625,"pp0":0,"dram":440.1353759765625},"cycles":2823131891160}
{"runtime":45241,"energy":{"pkg":3813.2824096679688,"pp0":0,"dram":414.169189453125},"cycles":2668755769701}
