{"runtime":58380,"energy":{"pkg":4929.5941162109375,"pp0":0,"dram":523.0384521484375},"cycles":3451632352875}
{"runtime":56862,"energy":{"pkg":4823.691711425781,"pp0":0,"dram":510.2880859375},"cycles":3390132640713}
{"runtime":56943,"energy":{"pkg":4809.400573730469,"pp0":0,"dram":515.624755859375},"cycles":3388869622929}
{"runtime":55123,"energy":{"pkg":4646.185241699219,"pp0":0,"dram":493.84344482421875},"cycles":3257622025497}
{"runtime":54705,"energy":{"pkg":4643.929443359375,"pp0":0,"dram":492.50506591796875},"cycles":3232422241020}
{"runtime":57952,"energy":{"pkg":4874.001037597656,"pp0":0,"dram":534.4166259765625},"cycles":3449094388005}
{"runtime":57847,"energy":{"pkg":4844.141052246094,"pp0":0,"dram":525.0231323242188},"cycles":3415610163294}
