{"runtime":61324,"energy":{"pkg":5218.545715332031,"pp0":0,"dram":554.3632202148438},"cycles":3647299507467}
{"runtime":58732,"energy":{"pkg":4879.3792724609375,"pp0":0,"dram":523.656982421875},"cycles":3475165696296}
{"runtime":59270,"energy":{"pkg":4973.0736083984375,"pp0":0,"dram":545.7423095703125},"cycles":3492633573681}
{"runtime":61748,"energy":{"pkg":5170.571350097656,"pp0":0,"dram":556.375244140625},"cycles":3665925248433}
{"runtime":59075,"energy":{"pkg":4937.1773681640625,"pp0":0,"dram":532.4801025390625},"cycles":3507951115956}
{"runtime":60939,"energy":{"pkg":5170.953063964844,"pp0":0,"dram":552.7749633789062},"cycles":3618874297752}
{"runtime":57392,"energy":{"pkg":4876.415832519531,"pp0":0,"dram":514.7069702148438},"cycles":3431575420392}
