{"runtime":64373,"energy":{"pkg":5496.066101074219,"pp0":0,"dram":588.0771484375},"cycles":3846881020080}
{"runtime":64351,"energy":{"pkg":5383.9427490234375,"pp0":0,"dram":576.601806640625},"cycles":3808835270205}
{"runtime":64935,"energy":{"pkg":5505.07421875,"pp0":0,"dram":585.5908813476562},"cycles":3857519745534}
{"runtime":64671,"energy":{"pkg":5456.296447753906,"pp0":0,"dram":593.8585205078125},"cycles":3846500359128}
{"runtime":64790,"energy":{"pkg":5435.436340332031,"pp0":0,"dram":583.4135131835938},"cycles":3833246528559}
{"runtime":60663,"energy":{"pkg":5169.556579589844,"pp0":0,"dram":546.3052978515625},"cycles":3608672583810}
{"runtime":60891,"energy":{"pkg":5194.4779052734375,"pp0":0,"dram":557.7069091796875},"cycles":3639223459305}
