{"runtime":6797,"energy":{"pkg":528.1079711914062,"pp0":0,"dram":72.39874267578125},"cycles":406364131866}
{"runtime":6993,"energy":{"pkg":575.3042602539062,"pp0":0,"dram":64.7008056640625},"cycles":408267396138}
{"runtime":6743,"energy":{"pkg":556.6138305664062,"pp0":0,"dram":65.68756103515625},"cycles":409049153793}
{"runtime":7066,"energy":{"pkg":573.03369140625,"pp0":0,"dram":72.9141845703125},"cycles":423731107149}
{"runtime":6944,"energy":{"pkg":575.409423828125,"pp0":0,"dram":67.81988525390625},"cycles":416421614574}
{"runtime":7017,"energy":{"pkg":579.9979248046875,"pp0":0,"dram":64.3037109375},"cycles":411738741582}
{"runtime":6831,"energy":{"pkg":542.7653198242188,"pp0":0,"dram":68.151611328125},"cycles":402606534204}
