{"runtime":79871,"energy":{"pkg":6628.9151611328125,"pp0":0,"dram":712.1058349609375},"cycles":4705155116571}
{"runtime":78713,"energy":{"pkg":6609.748107910156,"pp0":0,"dram":712.2422485351562},"cycles":4669046387880}
{"runtime":71398,"energy":{"pkg":6094.2353515625,"pp0":0,"dram":644.9801025390625},"cycles":4247737340259}
{"runtime":75045,"energy":{"pkg":6302.842529296875,"pp0":0,"dram":674.9467163085938},"cycles":4488695362431}
{"runtime":78401,"energy":{"pkg":6598.957580566406,"pp0":0,"dram":708.7852172851562},"cycles":4660819489368}
{"runtime":73042,"energy":{"pkg":6183.289611816406,"pp0":0,"dram":675.412109375},"cycles":4379040802899}
{"runtime":78588,"energy":{"pkg":6606.979736328125,"pp0":0,"dram":721.4170532226562},"cycles":4675764348696}
