{"runtime":81167,"energy":{"pkg":6839.485046386719,"pp0":0,"dram":730.3441772460938},"cycles":4823353178280}
{"runtime":81850,"energy":{"pkg":6868.440612792969,"pp0":0,"dram":741.4851684570312},"cycles":4846098481455}
{"runtime":81482,"energy":{"pkg":6879.594482421875,"pp0":0,"dram":737.4103393554688},"cycles":4840043909967}
{"runtime":76433,"energy":{"pkg":6454.5555419921875,"pp0":0,"dram":685.0755615234375},"cycles":4571736199842}
{"runtime":76861,"energy":{"pkg":6509.555480957031,"pp0":0,"dram":701.1716918945312},"cycles":4563140178366}
{"runtime":82615,"energy":{"pkg":6944.6248779296875,"pp0":0,"dram":742.6683349609375},"cycles":4873676262945}
{"runtime":76911,"energy":{"pkg":6491.201904296875,"pp0":0,"dram":701.1099853515625},"cycles":4582267691589}
