{"runtime":85067,"energy":{"pkg":7143.494812011719,"pp0":0,"dram":762.0626831054688},"cycles":5045872185837}
{"runtime":85706,"energy":{"pkg":7140.77685546875,"pp0":0,"dram":785.9089965820312},"cycles":5070936310398}
{"runtime":79847,"energy":{"pkg":6844.538146972656,"pp0":0,"dram":729.6076049804688},"cycles":4747911152418}
{"runtime":85294,"energy":{"pkg":7217.884765625,"pp0":0,"dram":781.3843994140625},"cycles":5061899551443}
{"runtime":79611,"energy":{"pkg":6796.98486328125,"pp0":0,"dram":722.4788818359375},"cycles":4755074360421}
{"runtime":79452,"energy":{"pkg":6778.647155761719,"pp0":0,"dram":716.6898803710938},"cycles":4732616699790}
{"runtime":81354,"energy":{"pkg":6826.981140136719,"pp0":0,"dram":731.483642578125},"cycles":4845314757696}
