{"runtime":89350,"energy":{"pkg":7457.115295410156,"pp0":0,"dram":805.41015625},"cycles":5280341739015}
{"runtime":87453,"energy":{"pkg":7388.695068359375,"pp0":0,"dram":786.5222778320312},"cycles":5188948970982}
{"runtime":87535,"energy":{"pkg":7439.841003417969,"pp0":0,"dram":799.080078125},"cycles":5228104791609}
{"runtime":85255,"energy":{"pkg":7083.007629394531,"pp0":0,"dram":769.5028076171875},"cycles":5039165831133}
{"runtime":83815,"energy":{"pkg":6986.1524658203125,"pp0":0,"dram":757.8602905273438},"cycles":4967228177961}
{"runtime":88722,"energy":{"pkg":7448.5609130859375,"pp0":0,"dram":803.9019165039062},"cycles":5276159008995}
{"runtime":89230,"energy":{"pkg":7447.4342041015625,"pp0":0,"dram":792.39794921875},"cycles":5276156816448}
