{"runtime":86919,"energy":{"pkg":7371.514953613281,"pp0":0,"dram":781.3382568359375},"cycles":5150561681811}
{"runtime":85729,"energy":{"pkg":7350.401123046875,"pp0":0,"dram":777.7075805664062},"cycles":5117534267748}
{"runtime":88107,"energy":{"pkg":7348.409362792969,"pp0":0,"dram":803.3599853515625},"cycles":5222155535268}
{"runtime":93692,"energy":{"pkg":7779.67724609375,"pp0":0,"dram":840.494140625},"cycles":5502222787047}
{"runtime":91681,"energy":{"pkg":7678.1302490234375,"pp0":0,"dram":843.0859375},"cycles":5449243240371}
{"runtime":91361,"energy":{"pkg":7682.987731933594,"pp0":0,"dram":822.7266235351562},"cycles":5433504235593}
{"runtime":90692,"energy":{"pkg":7725.702575683594,"pp0":0,"dram":825.9866943359375},"cycles":5432390765445}
