{"runtime":95336,"energy":{"pkg":8056.9354248046875,"pp0":0,"dram":873.413330078125},"cycles":5668896070173}
{"runtime":95786,"energy":{"pkg":8099.2713623046875,"pp0":0,"dram":877.2752685546875},"cycles":5663341233123}
{"runtime":95585,"energy":{"pkg":8058.310302734375,"pp0":0,"dram":876.2781982421875},"cycles":5683133859585}
{"runtime":89747,"energy":{"pkg":7667.466064453125,"pp0":0,"dram":828.7820434570312},"cycles":5331878179299}
{"runtime":89961,"energy":{"pkg":7574.411437988281,"pp0":0,"dram":815.7466430664062},"cycles":5346152397789}
{"runtime":95185,"energy":{"pkg":8078.51513671875,"pp0":0,"dram":855.13134765625},"cycles":5659543272348}
{"runtime":91918,"energy":{"pkg":7640.06005859375,"pp0":0,"dram":828.2811889648438},"cycles":5481548527602}
