{"runtime":91900,"energy":{"pkg":7806.7442626953125,"pp0":0,"dram":826.2786254882812},"cycles":5484045595518}
{"runtime":93646,"energy":{"pkg":8015.4188232421875,"pp0":0,"dram":856.73583984375},"cycles":5587527922620}
{"runtime":99623,"energy":{"pkg":8319.144775390625,"pp0":0,"dram":907.734130859375},"cycles":5864563966737}
{"runtime":96303,"energy":{"pkg":8256.931457519531,"pp0":0,"dram":876.375732421875},"cycles":5751563460573}
{"runtime":97697,"energy":{"pkg":8254.667785644531,"pp0":0,"dram":891.3543090820312},"cycles":5790167352123}
{"runtime":99140,"energy":{"pkg":8335.091003417969,"pp0":0,"dram":901.29052734375},"cycles":5882516355744}
{"runtime":93345,"energy":{"pkg":7893.154296875,"pp0":0,"dram":849.5603637695312},"cycles":5564973396864}
