{"runtime":13596,"energy":{"pkg":1056.0366821289062,"pp0":0,"dram":134.14373779296875},"cycles":804925287810}
{"runtime":13643,"energy":{"pkg":1119.9264526367188,"pp0":0,"dram":135.27740478515625},"cycles":806810065425}
{"runtime":14151,"energy":{"pkg":1175.47607421875,"pp0":0,"dram":136.1181640625},"cycles":838618256364}
{"runtime":13412,"energy":{"pkg":1103.9534301757812,"pp0":0,"dram":136.82208251953125},"cycles":794314140102}
{"runtime":12944,"energy":{"pkg":1081.8649291992188,"pp0":0,"dram":118.710205078125},"cycles":781263838908}
{"runtime":13235,"energy":{"pkg":1096.7601318359375,"pp0":0,"dram":121.07745361328125},"cycles":779969387904}
{"runtime":13999,"energy":{"pkg":1144.5482788085938,"pp0":0,"dram":127.6917724609375},"cycles":809178731949}
