{"runtime":17356,"energy":{"pkg":1395.5181884765625,"pp0":0,"dram":158.9090576171875},"cycles":1026540849978}
{"runtime":16254,"energy":{"pkg":1360.1377563476562,"pp0":0,"dram":146.71038818359375},"cycles":970036743837}
{"runtime":17116,"energy":{"pkg":1436.8680419921875,"pp0":0,"dram":156.57830810546875},"cycles":1016525971104}
{"runtime":17503,"energy":{"pkg":1445.6143188476562,"pp0":0,"dram":160.8187255859375},"cycles":1036574890092}
{"runtime":16060,"energy":{"pkg":1356.0078125,"pp0":0,"dram":155.26116943359375},"cycles":959823877824}
{"runtime":16416,"energy":{"pkg":1371.273681640625,"pp0":0,"dram":161.74603271484375},"cycles":977888952432}
{"runtime":16979,"energy":{"pkg":1437.250732421875,"pp0":0,"dram":162.56475830078125},"cycles":1008667906890}
