{"runtime":22993,"energy":{"pkg":1879.6731567382812,"pp0":0,"dram":213.6953125},"cycles":1369064041380}
{"runtime":21998,"energy":{"pkg":1830.4654541015625,"pp0":0,"dram":198.127197265625},"cycles":1299869544918}
{"runtime":24276,"energy":{"pkg":2010.0068969726562,"pp0":0,"dram":220.9451904296875},"cycles":1443767252508}
{"runtime":23026,"energy":{"pkg":1913.3939819335938,"pp0":0,"dram":217.05255126953125},"cycles":1369594973586}
{"runtime":24268,"energy":{"pkg":2018.0404052734375,"pp0":0,"dram":219.56829833984375},"cycles":1431815530068}
{"runtime":25249,"energy":{"pkg":2066.494873046875,"pp0":0,"dram":242.760009765625},"cycles":1461410035407}
{"runtime":22406,"energy":{"pkg":1902.1552734375,"pp0":0,"dram":204.3861083984375},"cycles":1337985608127}
