{"runtime":26005,"energy":{"pkg":2164.2987060546875,"pp0":0,"dram":245.412109375},"cycles":1545318852567}
{"runtime":27336,"energy":{"pkg":2299.455322265625,"pp0":0,"dram":262.21343994140625},"cycles":1622846887473}
{"runtime":27275,"energy":{"pkg":2299.2149047851562,"pp0":0,"dram":251.51068115234375},"cycles":1629732931302}
{"runtime":27684,"energy":{"pkg":2320.5707397460938,"pp0":0,"dram":256.80145263671875},"cycles":1641837195390}
{"runtime":27686,"energy":{"pkg":2290.9056396484375,"pp0":0,"dram":264.28887939453125},"cycles":1624705567359}
{"runtime":27318,"energy":{"pkg":2306.0792236328125,"pp0":0,"dram":257.24578857421875},"cycles":1627624921020}
{"runtime":26235,"energy":{"pkg":2179.1697998046875,"pp0":0,"dram":244.9119873046875},"cycles":1551599287623}
