{"runtime":30658,"energy":{"pkg":2550.855712890625,"pp0":0,"dram":284.0213623046875},"cycles":1816378771473}
{"runtime":30553,"energy":{"pkg":2568.8672485351562,"pp0":0,"dram":275.4149169921875},"cycles":1823223147690}
{"runtime":30936,"energy":{"pkg":2571.8237915039062,"pp0":0,"dram":280.49102783203125},"cycles":1825864282809}
{"runtime":28648,"energy":{"pkg":2430.297607421875,"pp0":0,"dram":264.20172119140625},"cycles":1692663870450}
{"runtime":30971,"energy":{"pkg":2598.0656127929688,"pp0":0,"dram":283.805908203125},"cycles":1839314941947}
{"runtime":30764,"energy":{"pkg":2587.605712890625,"pp0":0,"dram":285.48577880859375},"cycles":1834491773268}
{"runtime":30616,"energy":{"pkg":2586.5188598632812,"pp0":0,"dram":276.836669921875},"cycles":1827607354671}
