{"runtime":57263,"energy":{"pkg":5443.095397949219,"pp0":0,"dram":571.6925659179688},"cycles":1896317234560}
{"runtime":51525,"energy":{"pkg":4911.956298828125,"pp0":0,"dram":535.2892456054688},"cycles":1744160731486}
{"runtime":54034,"energy":{"pkg":5126.8321533203125,"pp0":0,"dram":536.1690063476562},"cycles":1747784139337}
{"runtime":58446,"energy":{"pkg":5521.481018066406,"pp0":0,"dram":618.0665283203125},"cycles":1899431021323}
{"runtime":55487,"energy":{"pkg":5282.5645751953125,"pp0":0,"dram":575.4373168945312},"cycles":1889778897729}
{"runtime":55616,"energy":{"pkg":5286.2498779296875,"pp0":0,"dram":540.7280883789062},"cycles":1894095968005}
{"runtime":58053,"energy":{"pkg":5485.290832519531,"pp0":0,"dram":590.4033813476562},"cycles":1913258667090}
