{"runtime":69479,"energy":{"pkg":6595.9443359375,"pp0":0,"dram":722.4580078125},"cycles":2341012784909}
{"runtime":70692,"energy":{"pkg":6684.617614746094,"pp0":0,"dram":678.4937744140625},"cycles":2358090426737}
{"runtime":77010,"energy":{"pkg":7269.5150146484375,"pp0":0,"dram":759.3159790039062},"cycles":2490088638870}
{"runtime":75166,"energy":{"pkg":7108.8494873046875,"pp0":0,"dram":759.6325073242188},"cycles":2478925515682}
{"runtime":68351,"energy":{"pkg":6501.4200439453125,"pp0":0,"dram":695.0838012695312},"cycles":2264460919044}
{"runtime":72032,"energy":{"pkg":6843.7310791015625,"pp0":0,"dram":753.0364990234375},"cycles":2461329411756}
{"runtime":76628,"energy":{"pkg":7208.021911621094,"pp0":0,"dram":764.9879760742188},"cycles":2498003046726}
