{"runtime":78243,"energy":{"pkg":7453.220947265625,"pp0":0,"dram":798.1152954101562},"cycles":2612806243798}
{"runtime":81123,"energy":{"pkg":7663.348327636719,"pp0":0,"dram":829.34521484375},"cycles":2704958194115}
{"runtime":83615,"energy":{"pkg":7895.4605712890625,"pp0":0,"dram":879.477783203125},"cycles":2719927706091}
{"runtime":84853,"energy":{"pkg":8029.5015869140625,"pp0":0,"dram":856.0855102539062},"cycles":2849210808911}
{"runtime":82311,"energy":{"pkg":7774.242370605469,"pp0":0,"dram":816.9937133789062},"cycles":2714273603826}
{"runtime":82738,"energy":{"pkg":7829.1622314453125,"pp0":0,"dram":866.5569458007812},"cycles":2695071042088}
{"runtime":84615,"energy":{"pkg":8031.6593017578125,"pp0":0,"dram":833.2003784179688},"cycles":2846748268587}
