{"runtime":11971,"energy":{"pkg":1123.5226440429688,"pp0":0,"dram":118.06494140625},"cycles":381606130356}
{"runtime":11562,"energy":{"pkg":1093.080322265625,"pp0":0,"dram":125.27520751953125},"cycles":380041746560}
{"runtime":10711,"energy":{"pkg":1017.6572265625,"pp0":0,"dram":108.73907470703125},"cycles":348662881209}
{"runtime":11152,"energy":{"pkg":1044.2002563476562,"pp0":0,"dram":130.9605712890625},"cycles":356938062769}
{"runtime":11950,"energy":{"pkg":1127.549560546875,"pp0":0,"dram":113.00604248046875},"cycles":380648533304}
{"runtime":12015,"energy":{"pkg":1135.0860595703125,"pp0":0,"dram":123.6639404296875},"cycles":377098394518}
{"runtime":11379,"energy":{"pkg":1079.3447265625,"pp0":0,"dram":116.301025390625},"cycles":376457417896}
