{"runtime":16329,"energy":{"pkg":1538.4619750976562,"pp0":0,"dram":153.4912109375},"cycles":538502781259}
{"runtime":16681,"energy":{"pkg":1583.1712036132812,"pp0":0,"dram":172.037841796875},"cycles":571590808144}
{"runtime":17639,"energy":{"pkg":1667.0541381835938,"pp0":0,"dram":197.89208984375},"cycles":575936516353}
{"runtime":17138,"energy":{"pkg":1615.9352416992188,"pp0":0,"dram":179.13482666015625},"cycles":542366492962}
{"runtime":15801,"energy":{"pkg":1504.6773071289062,"pp0":0,"dram":162.48388671875},"cycles":519624618312}
{"runtime":16724,"energy":{"pkg":1590.2332153320312,"pp0":0,"dram":168.72052001953125},"cycles":565733245768}
{"runtime":17919,"energy":{"pkg":1694.0603637695312,"pp0":0,"dram":189.8040771484375},"cycles":569099587544}
