{"runtime":28235,"energy":{"pkg":2675.4362182617188,"pp0":0,"dram":287.19903564453125},"cycles":956271924304}
{"runtime":29232,"energy":{"pkg":2761.8786010742188,"pp0":0,"dram":299.78570556640625},"cycles":950050532105}
{"runtime":26029,"energy":{"pkg":2479.573974609375,"pp0":0,"dram":250.5272216796875},"cycles":872711058696}
{"runtime":29646,"energy":{"pkg":2796.590576171875,"pp0":0,"dram":288.23516845703125},"cycles":947280087536}
{"runtime":28690,"energy":{"pkg":2711.1537475585938,"pp0":0,"dram":299.6602783203125},"cycles":946610781077}
{"runtime":28721,"energy":{"pkg":2722.9486083984375,"pp0":0,"dram":296.33135986328125},"cycles":945663932556}
{"runtime":28330,"energy":{"pkg":2687.5945434570312,"pp0":0,"dram":298.1058349609375},"cycles":951361053589}
