{"runtime":39101,"energy":{"pkg":3718.5946655273438,"pp0":0,"dram":437.252685546875},"cycles":1318158394321}
{"runtime":36688,"energy":{"pkg":3496.4260864257812,"pp0":0,"dram":355.60418701171875},"cycles":1221643808167}
{"runtime":39061,"energy":{"pkg":3709.8619995117188,"pp0":0,"dram":389.9744873046875},"cycles":1324171739565}
{"runtime":36985,"energy":{"pkg":3504.2501831054688,"pp0":0,"dram":360.20050048828125},"cycles":1262396842309}
{"runtime":39828,"energy":{"pkg":3774.4984130859375,"pp0":0,"dram":389.452392578125},"cycles":1325490875973}
{"runtime":38974,"energy":{"pkg":3708.3743896484375,"pp0":0,"dram":419.15667724609375},"cycles":1330741309318}
{"runtime":38810,"energy":{"pkg":3691.3905029296875,"pp0":0,"dram":401.6943359375},"cycles":1323318785069}
