{"runtime":47595,"energy":{"pkg":4517.113830566406,"pp0":0,"dram":454.36102294921875},"cycles":1624864467066}
{"runtime":53744,"energy":{"pkg":5080.961242675781,"pp0":0,"dram":535.9310913085938},"cycles":1753560055351}
{"runtime":53215,"energy":{"pkg":5019.26611328125,"pp0":0,"dram":555.3311157226562},"cycles":1716727576601}
{"runtime":50900,"energy":{"pkg":4749.9735107421875,"pp0":0,"dram":502.7498779296875},"cycles":1666864164186}
{"runtime":52594,"energy":{"pkg":4977.205749511719,"pp0":0,"dram":515.2899780273438},"cycles":1751218814010}
{"runtime":50193,"energy":{"pkg":4778.2950439453125,"pp0":0,"dram":512.4559326171875},"cycles":1704722561141}
{"runtime":50513,"energy":{"pkg":4782.514465332031,"pp0":0,"dram":520.0980834960938},"cycles":1713132836348}
