{"runtime":25987,"energy":{"pkg":1586.492431640625,"pp0":0,"dram":402.92987060546875},"cycles":277357109862}
{"runtime":26624,"energy":{"pkg":1600.2203369140625,"pp0":0,"dram":388.40771484375},"cycles":274645166103}
{"runtime":25938,"energy":{"pkg":1593.7431030273438,"pp0":0,"dram":403.6025390625},"cycles":275032142910}
{"runtime":26256,"energy":{"pkg":1611.9779663085938,"pp0":0,"dram":405.5709228515625},"cycles":276915417996}
{"runtime":26132,"energy":{"pkg":1600.2183227539062,"pp0":0,"dram":406.0657958984375},"cycles":281408120007}
{"runtime":26098,"energy":{"pkg":1608.0061645507812,"pp0":0,"dram":406.36419677734375},"cycles":284780732691}
{"runtime":25695,"energy":{"pkg":1604.581787109375,"pp0":0,"dram":400.66259765625},"cycles":279035030316}
{"runtime":26153,"energy":{"pkg":1614.9041137695312,"pp0":0,"dram":405.52362060546875},"cycles":277021433010}
{"runtime":26220,"energy":{"pkg":1640.1376342773438,"pp0":0,"dram":407.47869873046875},"cycles":284407992876}
{"runtime":26063,"energy":{"pkg":1619.3834838867188,"pp0":0,"dram":405.5081787109375},"cycles":284519155788}
{"runtime":25732,"energy":{"pkg":1616.4232177734375,"pp0":0,"dram":402.76092529296875},"cycles":277658353539}
{"runtime":25883,"energy":{"pkg":1613.1707153320312,"pp0":0,"dram":401.7508544921875},"cycles":275977697373}
{"runtime":26074,"energy":{"pkg":1612.4402465820312,"pp0":0,"dram":406.02392578125},"cycles":287042509047}
{"runtime":26603,"energy":{"pkg":1626.4456176757812,"pp0":0,"dram":410.87542724609375},"cycles":283716729576}
{"runtime":26233,"energy":{"pkg":1641.3004760742188,"pp0":0,"dram":407.19976806640625},"cycles":280485420789}
{"runtime":26466,"energy":{"pkg":1629.5916748046875,"pp0":0,"dram":410.2200927734375},"cycles":283186617441}
{"runtime":25782,"energy":{"pkg":1612.1988525390625,"pp0":0,"dram":401.19482421875},"cycles":276544787085}
{"runtime":27450,"energy":{"pkg":1647.3134155273438,"pp0":0,"dram":395.04461669921875},"cycles":286327800402}
{"runtime":30093,"energy":{"pkg":1754.260009765625,"pp0":0,"dram":439.9256591796875},"cycles":295738673685}
{"runtime":25454,"energy":{"pkg":1609.0591430664062,"pp0":0,"dram":398.57415771484375},"cycles":281622264210}
{"runtime":25381,"energy":{"pkg":1605.5970458984375,"pp0":0,"dram":398.4974365234375},"cycles":286269818079}
