{"runtime":36916,"energy":{"pkg":3702.7029418945312,"pp0":0,"dram":341.50140380859375},"cycles":2404161041163}
{"runtime":36428,"energy":{"pkg":3681.5321655273438,"pp0":0,"dram":336.55950927734375},"cycles":2405245136154}
{"runtime":36350,"energy":{"pkg":3680.0934448242188,"pp0":0,"dram":336.35736083984375},"cycles":2404956443127}
{"runtime":36710,"energy":{"pkg":3700.7125244140625,"pp0":0,"dram":339.4619140625},"cycles":2400725844279}
{"runtime":37418,"energy":{"pkg":3873.5072631835938,"pp0":0,"dram":346.40338134765625},"cycles":2465993029437}
{"runtime":38250,"energy":{"pkg":3938.7199096679688,"pp0":0,"dram":352.23028564453125},"cycles":2501666825679}
{"runtime":36611,"energy":{"pkg":3694.4867553710938,"pp0":0,"dram":337.1239013671875},"cycles":2405939795322}
{"runtime":36423,"energy":{"pkg":3682.8096313476562,"pp0":0,"dram":335.30926513671875},"cycles":2398086601806}
{"runtime":37388,"energy":{"pkg":3860.2029418945312,"pp0":0,"dram":345.5859375},"cycles":2458366218882}
{"runtime":36746,"energy":{"pkg":3699.5987548828125,"pp0":0,"dram":340.27276611328125},"cycles":2405998799547}
{"runtime":36362,"energy":{"pkg":3681.8773193359375,"pp0":0,"dram":335.51751708984375},"cycles":2406752911626}
{"runtime":36690,"energy":{"pkg":3702.5846557617188,"pp0":0,"dram":338.20208740234375},"cycles":2406624352797}
{"runtime":36529,"energy":{"pkg":3695.4115600585938,"pp0":0,"dram":337.05499267578125},"cycles":2413727673651}
{"runtime":36663,"energy":{"pkg":3693.0167846679688,"pp0":0,"dram":334.94207763671875},"cycles":2403754193169}
{"runtime":36223,"energy":{"pkg":3674.3745727539062,"pp0":0,"dram":331.0064697265625},"cycles":2405652867639}
{"runtime":36412,"energy":{"pkg":3685.0185546875,"pp0":0,"dram":333.294921875},"cycles":2406196713102}
{"runtime":36603,"energy":{"pkg":3700.8331909179688,"pp0":0,"dram":334.19378662109375},"cycles":2411968130271}
{"runtime":36538,"energy":{"pkg":3687.2990112304688,"pp0":0,"dram":335.029541015625},"cycles":2396029348776}
{"runtime":36514,"energy":{"pkg":3690.8820190429688,"pp0":0,"dram":336.76800537109375},"cycles":2400131621139}
{"runtime":36973,"energy":{"pkg":3743.6248779296875,"pp0":0,"dram":340.02471923828125},"cycles":2439066269136}
{"runtime":36459,"energy":{"pkg":3687.0851440429688,"pp0":0,"dram":334.2274169921875},"cycles":2400708142035}
