{"runtime":31487,"energy":{"pkg":1250.170166015625,"pp0":0,"dram":232.48773193359375},"cycles":65890380675}
{"runtime":31709,"energy":{"pkg":1250.4003295898438,"pp0":0,"dram":235.14453125},"cycles":66338631513}
{"runtime":31339,"energy":{"pkg":1244.8143920898438,"pp0":0,"dram":232.40386962890625},"cycles":65564119845}
{"runtime":31401,"energy":{"pkg":1239.2825317382812,"pp0":0,"dram":232.933837890625},"cycles":65686948656}
{"runtime":32003,"energy":{"pkg":1240.17041015625,"pp0":0,"dram":237.62652587890625},"cycles":66952756332}
{"runtime":31226,"energy":{"pkg":1223.3751220703125,"pp0":0,"dram":231.78570556640625},"cycles":65336760741}
{"runtime":32061,"energy":{"pkg":1235.0446166992188,"pp0":0,"dram":237.72552490234375},"cycles":67107184389}
{"runtime":31286,"energy":{"pkg":1225.0419921875,"pp0":0,"dram":232.390380859375},"cycles":65453835006}
{"runtime":32046,"energy":{"pkg":1231.4210205078125,"pp0":0,"dram":237.927001953125},"cycles":67041783249}
{"runtime":31165,"energy":{"pkg":1214.6447143554688,"pp0":0,"dram":230.5401611328125},"cycles":65216623983}
{"runtime":32720,"energy":{"pkg":1252.50634765625,"pp0":0,"dram":243.23406982421875},"cycles":68444210310}
{"runtime":31331,"energy":{"pkg":1217.8035278320312,"pp0":0,"dram":231.2860107421875},"cycles":65543724960}
{"runtime":32034,"energy":{"pkg":1226.2738037109375,"pp0":0,"dram":237.341552734375},"cycles":67021578288}
{"runtime":31311,"energy":{"pkg":1216.386962890625,"pp0":0,"dram":232.08087158203125},"cycles":65504469114}
{"runtime":32242,"energy":{"pkg":1227.4666137695312,"pp0":0,"dram":238.0380859375},"cycles":67456858266}
{"runtime":31969,"energy":{"pkg":1226.74560546875,"pp0":0,"dram":236.78875732421875},"cycles":66875519676}
{"runtime":32339,"energy":{"pkg":1234.605712890625,"pp0":0,"dram":239.3636474609375},"cycles":67654641852}
{"runtime":31736,"energy":{"pkg":1225.4428100585938,"pp0":0,"dram":234.57830810546875},"cycles":66388154238}
{"runtime":31101,"energy":{"pkg":1205.7804565429688,"pp0":0,"dram":230.42242431640625},"cycles":65071611864}
{"runtime":31943,"energy":{"pkg":1222.369140625,"pp0":0,"dram":235.70269775390625},"cycles":66829158669}
{"runtime":31379,"energy":{"pkg":1212.0391845703125,"pp0":0,"dram":231.2076416015625},"cycles":65658442500}
