{"runtime":14717,"energy":{"pkg":978.6417236328125,"pp0":0,"dram":153.86737060546875},"cycles":167494205361}
{"runtime":14394,"energy":{"pkg":975.1146240234375,"pp0":0,"dram":152.0108642578125},"cycles":166761484638}
{"runtime":14566,"energy":{"pkg":994.8165283203125,"pp0":0,"dram":153.083984375},"cycles":167220904956}
{"runtime":14051,"energy":{"pkg":963.970703125,"pp0":0,"dram":147.71002197265625},"cycles":161736319668}
{"runtime":14736,"energy":{"pkg":966.703125,"pp0":0,"dram":153.9154052734375},"cycles":168254697597}
{"runtime":14252,"energy":{"pkg":981.1461181640625,"pp0":0,"dram":152.61651611328125},"cycles":164982888189}
{"runtime":13913,"energy":{"pkg":971.2334594726562,"pp0":0,"dram":148.84234619140625},"cycles":161080088568}
{"runtime":13523,"energy":{"pkg":956.4729614257812,"pp0":0,"dram":143.07293701171875},"cycles":158668918002}
{"runtime":16106,"energy":{"pkg":1057.9175415039062,"pp0":0,"dram":167.8348388671875},"cycles":173420621556}
{"runtime":14349,"energy":{"pkg":959.4600219726562,"pp0":0,"dram":150.873779296875},"cycles":164304937923}
{"runtime":14359,"energy":{"pkg":984.537841796875,"pp0":0,"dram":153.7088623046875},"cycles":165371046771}
{"runtime":14474,"energy":{"pkg":976.6648559570312,"pp0":0,"dram":155.6676025390625},"cycles":165684281616}
{"runtime":14574,"energy":{"pkg":971.763916015625,"pp0":0,"dram":157.76275634765625},"cycles":167721917265}
{"runtime":15055,"energy":{"pkg":985.480224609375,"pp0":0,"dram":160.1168212890625},"cycles":170431550226}
{"runtime":13762,"energy":{"pkg":967.435791015625,"pp0":0,"dram":144.8447265625},"cycles":160063050231}
{"runtime":14769,"energy":{"pkg":981.8807373046875,"pp0":0,"dram":155.6968994140625},"cycles":167432434386}
{"runtime":14440,"energy":{"pkg":988.784912109375,"pp0":0,"dram":152.47418212890625},"cycles":165802582071}
{"runtime":14695,"energy":{"pkg":993.0277709960938,"pp0":0,"dram":158.818115234375},"cycles":167184346266}
{"runtime":13695,"energy":{"pkg":971.9944458007812,"pp0":0,"dram":143.83099365234375},"cycles":158950838025}
{"runtime":14015,"energy":{"pkg":976.14404296875,"pp0":0,"dram":149.79608154296875},"cycles":161609131782}
{"runtime":14781,"energy":{"pkg":992.2130126953125,"pp0":0,"dram":156.93927001953125},"cycles":168181362510}
