{"runtime":16922,"energy":{"pkg":1724.0975341796875,"pp0":0,"dram":155.1312255859375},"cycles":1112234237415}
{"runtime":16941,"energy":{"pkg":1725.8470458984375,"pp0":0,"dram":155.58709716796875},"cycles":1109684048697}
{"runtime":16859,"energy":{"pkg":1718.9019775390625,"pp0":0,"dram":154.21942138671875},"cycles":1110619687548}
{"runtime":16838,"energy":{"pkg":1704.8640747070312,"pp0":0,"dram":154.31134033203125},"cycles":1111041109500}
{"runtime":16958,"energy":{"pkg":1715.471923828125,"pp0":0,"dram":154.8997802734375},"cycles":1111079148333}
{"runtime":16876,"energy":{"pkg":1717.48974609375,"pp0":0,"dram":154.78814697265625},"cycles":1109185687785}
{"runtime":17470,"energy":{"pkg":1806.1511840820312,"pp0":0,"dram":159.73931884765625},"cycles":1150481680383}
{"runtime":16876,"energy":{"pkg":1734.376708984375,"pp0":0,"dram":154.2852783203125},"cycles":1111211419269}
{"runtime":16814,"energy":{"pkg":1720.72314453125,"pp0":0,"dram":154.3133544921875},"cycles":1109802508647}
{"runtime":16910,"energy":{"pkg":1738.6321411132812,"pp0":0,"dram":153.4249267578125},"cycles":1115209048401}
{"runtime":16901,"energy":{"pkg":1729.5955200195312,"pp0":0,"dram":153.65704345703125},"cycles":1112533680930}
{"runtime":16906,"energy":{"pkg":1718.3975219726562,"pp0":0,"dram":153.9287109375},"cycles":1112207367390}
{"runtime":16873,"energy":{"pkg":1728.7061767578125,"pp0":0,"dram":153.42547607421875},"cycles":1111958992662}
{"runtime":16906,"energy":{"pkg":1728.5440673828125,"pp0":0,"dram":154.37274169921875},"cycles":1111685705550}
{"runtime":16889,"energy":{"pkg":1734.9821166992188,"pp0":0,"dram":154.05364990234375},"cycles":1112950692483}
{"runtime":17221,"energy":{"pkg":1767.08740234375,"pp0":0,"dram":157.08544921875},"cycles":1120366924026}
{"runtime":17066,"energy":{"pkg":1732.9944458007812,"pp0":0,"dram":156.209716796875},"cycles":1117949145978}
{"runtime":20653,"energy":{"pkg":2139.0679931640625,"pp0":0,"dram":188.1842041015625},"cycles":1364880600531}
{"runtime":16922,"energy":{"pkg":1720.469970703125,"pp0":0,"dram":153.84014892578125},"cycles":1110486864249}
{"runtime":16958,"energy":{"pkg":1733.4930419921875,"pp0":0,"dram":154.4942626953125},"cycles":1109127548172}
{"runtime":16884,"energy":{"pkg":1733.5863647460938,"pp0":0,"dram":152.5977783203125},"cycles":1112501121207}
