{"runtime":1063,"energy":{"pkg":39.79718017578125,"pp0":0,"dram":8.0289306640625},"cycles":2225836263}
{"runtime":1056,"energy":{"pkg":39.554931640625,"pp0":0,"dram":7.98516845703125},"cycles":2210737536}
{"runtime":871,"energy":{"pkg":34.45513916015625,"pp0":0,"dram":6.685302734375},"cycles":1820130081}
{"runtime":1505,"energy":{"pkg":44.84991455078125,"pp0":0,"dram":11.40264892578125},"cycles":3148735884}
{"runtime":1127,"energy":{"pkg":39.8359375,"pp0":0,"dram":8.43798828125},"cycles":2358091890}
{"runtime":1120,"energy":{"pkg":40.85626220703125,"pp0":0,"dram":8.4808349609375},"cycles":2345394471}
{"runtime":1432,"energy":{"pkg":44.6737060546875,"pp0":0,"dram":10.85791015625},"cycles":2993753469}
{"runtime":1515,"energy":{"pkg":45.1739501953125,"pp0":0,"dram":11.38299560546875},"cycles":3169752852}
{"runtime":1506,"energy":{"pkg":44.63330078125,"pp0":0,"dram":11.3822021484375},"cycles":3151107960}
{"runtime":1226,"energy":{"pkg":42.72601318359375,"pp0":0,"dram":9.2081298828125},"cycles":2567612838}
{"runtime":1518,"energy":{"pkg":45.35406494140625,"pp0":0,"dram":11.43438720703125},"cycles":3176720673}
{"runtime":1477,"energy":{"pkg":44.24578857421875,"pp0":0,"dram":11.2030029296875},"cycles":3090323502}
{"runtime":1496,"energy":{"pkg":44.54541015625,"pp0":0,"dram":11.26690673828125},"cycles":3130477665}
{"runtime":1223,"energy":{"pkg":42.23406982421875,"pp0":0,"dram":9.15399169921875},"cycles":2560979106}
{"runtime":1410,"energy":{"pkg":43.57080078125,"pp0":0,"dram":10.6697998046875},"cycles":2949180696}
{"runtime":1213,"energy":{"pkg":39.78985595703125,"pp0":0,"dram":9.1036376953125},"cycles":2536578093}
{"runtime":910,"energy":{"pkg":34.84271240234375,"pp0":0,"dram":6.84478759765625},"cycles":1905214878}
{"runtime":951,"energy":{"pkg":35.8870849609375,"pp0":0,"dram":7.136962890625},"cycles":1989303561}
{"runtime":1136,"energy":{"pkg":41.8336181640625,"pp0":0,"dram":8.5101318359375},"cycles":2377753917}
{"runtime":1449,"energy":{"pkg":44.5086669921875,"pp0":0,"dram":10.950927734375},"cycles":3030665925}
{"runtime":1513,"energy":{"pkg":44.81512451171875,"pp0":0,"dram":11.29229736328125},"cycles":3164919177}
