{"runtime":1979,"energy":{"pkg":79.11199951171875,"pp0":0,"dram":22.324951171875},"cycles":7010655624}
{"runtime":1937,"energy":{"pkg":79.4412841796875,"pp0":0,"dram":22.02630615234375},"cycles":6445167876}
{"runtime":2203,"energy":{"pkg":85.7933349609375,"pp0":0,"dram":24.62408447265625},"cycles":7691388285}
{"runtime":2820,"energy":{"pkg":92.74407958984375,"pp0":0,"dram":29.97467041015625},"cycles":9212341656}
{"runtime":2797,"energy":{"pkg":95.79046630859375,"pp0":0,"dram":29.992919921875},"cycles":8413912080}
{"runtime":2685,"energy":{"pkg":91.9013671875,"pp0":0,"dram":28.89556884765625},"cycles":9346082865}
{"runtime":3064,"energy":{"pkg":96.86578369140625,"pp0":0,"dram":32.3253173828125},"cycles":10161232179}
{"runtime":2155,"energy":{"pkg":84.310791015625,"pp0":0,"dram":24.03289794921875},"cycles":7457535162}
{"runtime":3069,"energy":{"pkg":101.3465576171875,"pp0":0,"dram":32.2835693359375},"cycles":8725480092}
{"runtime":3059,"energy":{"pkg":99.7822265625,"pp0":0,"dram":32.377197265625},"cycles":10018046115}
{"runtime":2179,"energy":{"pkg":85.64984130859375,"pp0":0,"dram":24.37725830078125},"cycles":7520179569}
{"runtime":3091,"energy":{"pkg":102.97650146484375,"pp0":0,"dram":32.4202880859375},"cycles":8864055081}
{"runtime":1989,"energy":{"pkg":79.16650390625,"pp0":0,"dram":22.421875},"cycles":6591022095}
{"runtime":1954,"energy":{"pkg":79.5262451171875,"pp0":0,"dram":22.232666015625},"cycles":6518000286}
{"runtime":1979,"energy":{"pkg":80.25469970703125,"pp0":0,"dram":22.645751953125},"cycles":6933713493}
{"runtime":2330,"energy":{"pkg":85.85675048828125,"pp0":0,"dram":25.92169189453125},"cycles":8023148448}
{"runtime":1972,"energy":{"pkg":80.1422119140625,"pp0":0,"dram":22.5811767578125},"cycles":6617884476}
{"runtime":2285,"energy":{"pkg":88.29730224609375,"pp0":0,"dram":25.35772705078125},"cycles":7919649318}
{"runtime":2487,"energy":{"pkg":88.5211181640625,"pp0":0,"dram":27.17401123046875},"cycles":8870509431}
{"runtime":1999,"energy":{"pkg":80.89703369140625,"pp0":0,"dram":22.79071044921875},"cycles":6714862497}
{"runtime":2259,"energy":{"pkg":87.24566650390625,"pp0":0,"dram":25.01214599609375},"cycles":7878725043}
