{"runtime":6322,"energy":{"pkg":607.5455932617188,"pp0":0,"dram":58.01776123046875},"cycles":391413797817}
{"runtime":6700,"energy":{"pkg":623.1358032226562,"pp0":0,"dram":61.49298095703125},"cycles":390006006936}
{"runtime":6533,"energy":{"pkg":615.7979125976562,"pp0":0,"dram":60.3822021484375},"cycles":390493688781}
{"runtime":6473,"energy":{"pkg":612.9061889648438,"pp0":0,"dram":59.54400634765625},"cycles":389029489506}
{"runtime":6825,"energy":{"pkg":626.098876953125,"pp0":0,"dram":62.883056640625},"cycles":387078193215}
{"runtime":6394,"energy":{"pkg":608.6453857421875,"pp0":0,"dram":59.06622314453125},"cycles":390701667174}
{"runtime":6649,"energy":{"pkg":621.8604736328125,"pp0":0,"dram":61.12261962890625},"cycles":389426557779}
{"runtime":6685,"energy":{"pkg":622.2356567382812,"pp0":0,"dram":61.67852783203125},"cycles":391887309240}
{"runtime":6583,"energy":{"pkg":617.5950927734375,"pp0":0,"dram":60.7708740234375},"cycles":391531612962}
{"runtime":6620,"energy":{"pkg":619.6654052734375,"pp0":0,"dram":60.82354736328125},"cycles":391083481215}
{"runtime":6550,"energy":{"pkg":626.3324584960938,"pp0":0,"dram":60.17901611328125},"cycles":392347589256}
{"runtime":6596,"energy":{"pkg":619.6343383789062,"pp0":0,"dram":60.53924560546875},"cycles":389464468365}
{"runtime":6662,"energy":{"pkg":622.5375366210938,"pp0":0,"dram":61.09637451171875},"cycles":388478866461}
{"runtime":6706,"energy":{"pkg":624.9379272460938,"pp0":0,"dram":61.380615234375},"cycles":388662654786}
{"runtime":6568,"energy":{"pkg":618.972900390625,"pp0":0,"dram":60.23980712890625},"cycles":391631243997}
{"runtime":6656,"energy":{"pkg":632.62060546875,"pp0":0,"dram":61.38629150390625},"cycles":387192539790}
{"runtime":6517,"energy":{"pkg":619.5446166992188,"pp0":0,"dram":59.91436767578125},"cycles":387620254056}
{"runtime":6492,"energy":{"pkg":618.2090454101562,"pp0":0,"dram":59.96014404296875},"cycles":391517290395}
{"runtime":6423,"energy":{"pkg":623.7984619140625,"pp0":0,"dram":59.35052490234375},"cycles":390873517818}
{"runtime":6309,"energy":{"pkg":613.6163940429688,"pp0":0,"dram":58.3563232421875},"cycles":391089440616}
{"runtime":6377,"energy":{"pkg":616.1485595703125,"pp0":0,"dram":58.6195068359375},"cycles":389378202381}
