{"runtime":2208,"energy":{"pkg":21.62054443359375,"pp0":11.0494384765625,"pp1":0.453369140625,"dram":0},"perf_counters":{"PERF_COUNT_HW_REF_CPU_CYCLES":31840536217,"PERF_COUNT_HW_BRANCH_INSTRUCTIONS":4707975062,"PERF_COUNT_HW_CACHE_MISSES":32488627,"PERF_COUNT_HW_INSTRUCTIONS":28115284033,"PERF_COUNT_HW_BRANCH_MISSES":1885055,"PERF_COUNT_HW_CACHE_REFERENCES":112284536,"PERF_COUNT_HW_CPU_CYCLES":14252492673}}
{"runtime":2159,"energy":{"pkg":21.38323974609375,"pp0":11.09197998046875,"pp1":0.41162109375,"dram":0},"perf_counters":{"PERF_COUNT_HW_REF_CPU_CYCLES":31498321853,"PERF_COUNT_HW_BRANCH_INSTRUCTIONS":4705561316,"PERF_COUNT_HW_CACHE_MISSES":32403667,"PERF_COUNT_HW_INSTRUCTIONS":28101575946,"PERF_COUNT_HW_BRANCH_MISSES":1818563,"PERF_COUNT_HW_CACHE_REFERENCES":112129892,"PERF_COUNT_HW_CPU_CYCLES":14369122823}}
{"runtime":2192,"energy":{"pkg":21.6240234375,"pp0":11.01177978515625,"pp1":0.5726318359375,"dram":0},"perf_counters":{"PERF_COUNT_HW_REF_CPU_CYCLES":31461585771,"PERF_COUNT_HW_BRANCH_INSTRUCTIONS":4707859771,"PERF_COUNT_HW_CACHE_MISSES":32805449,"PERF_COUNT_HW_INSTRUCTIONS":28113363774,"PERF_COUNT_HW_BRANCH_MISSES":1811781,"PERF_COUNT_HW_CACHE_REFERENCES":112080107,"PERF_COUNT_HW_CPU_CYCLES":14395042980}}
{"runtime":2231,"energy":{"pkg":22.11602783203125,"pp0":11.3433837890625,"pp1":0.5213623046875,"dram":0},"perf_counters":{"PERF_COUNT_HW_REF_CPU_CYCLES":32026197993,"PERF_COUNT_HW_BRANCH_INSTRUCTIONS":4706235338,"PERF_COUNT_HW_CACHE_MISSES":33919992,"PERF_COUNT_HW_INSTRUCTIONS":28105524398,"PERF_COUNT_HW_BRANCH_MISSES":1908362,"PERF_COUNT_HW_CACHE_REFERENCES":111882529,"PERF_COUNT_HW_CPU_CYCLES":14914994139}}
{"runtime":2114,"energy":{"pkg":21.194580078125,"pp0":11.0635986328125,"pp1":0.4254150390625,"dram":0},"perf_counters":{"PERF_COUNT_HW_REF_CPU_CYCLES":30350350644,"PERF_COUNT_HW_BRANCH_INSTRUCTIONS":4706774803,"PERF_COUNT_HW_CACHE_MISSES":31759324,"PERF_COUNT_HW_INSTRUCTIONS":28108993401,"PERF_COUNT_HW_BRANCH_MISSES":1847801,"PERF_COUNT_HW_CACHE_REFERENCES":112065397,"PERF_COUNT_HW_CPU_CYCLES":14117076529}}
{"runtime":2120,"energy":{"pkg":21.11376953125,"pp0":10.95794677734375,"pp1":0.434814453125,"dram":0},"perf_counters":{"PERF_COUNT_HW_REF_CPU_CYCLES":31155443846,"PERF_COUNT_HW_BRANCH_INSTRUCTIONS":4705678451,"PERF_COUNT_HW_CACHE_MISSES":32997399,"PERF_COUNT_HW_INSTRUCTIONS":28102186574,"PERF_COUNT_HW_BRANCH_MISSES":1803363,"PERF_COUNT_HW_CACHE_REFERENCES":111028606,"PERF_COUNT_HW_CPU_CYCLES":14376493779}}
{"runtime":2164,"energy":{"pkg":21.45880126953125,"pp0":11.10333251953125,"pp1":0.453369140625,"dram":0},"perf_counters":{"PERF_COUNT_HW_REF_CPU_CYCLES":30920143384,"PERF_COUNT_HW_BRANCH_INSTRUCTIONS":4706953492,"PERF_COUNT_HW_CACHE_MISSES":31923095,"PERF_COUNT_HW_INSTRUCTIONS":28108939215,"PERF_COUNT_HW_BRANCH_MISSES":1928913,"PERF_COUNT_HW_CACHE_REFERENCES":111544161,"PERF_COUNT_HW_CPU_CYCLES":14205606116}}
{"runtime":2157,"energy":{"pkg":21.53997802734375,"pp0":11.1790771484375,"pp1":0.4669189453125,"dram":0},"perf_counters":{"PERF_COUNT_HW_REF_CPU_CYCLES":31886489936,"PERF_COUNT_HW_BRANCH_INSTRUCTIONS":4709149699,"PERF_COUNT_HW_CACHE_MISSES":33082898,"PERF_COUNT_HW_INSTRUCTIONS":28116849314,"PERF_COUNT_HW_BRANCH_MISSES":1956802,"PERF_COUNT_HW_CACHE_REFERENCES":112001584,"PERF_COUNT_HW_CPU_CYCLES":14786508472}}
{"runtime":2124,"energy":{"pkg":21.2962646484375,"pp0":11.02447509765625,"pp1":0.51171875,"dram":0},"perf_counters":{"PERF_COUNT_HW_REF_CPU_CYCLES":31638162551,"PERF_COUNT_HW_BRANCH_INSTRUCTIONS":4707060040,"PERF_COUNT_HW_CACHE_MISSES":32491927,"PERF_COUNT_HW_INSTRUCTIONS":28109339019,"PERF_COUNT_HW_BRANCH_MISSES":1870940,"PERF_COUNT_HW_CACHE_REFERENCES":111271414,"PERF_COUNT_HW_CPU_CYCLES":14528944263}}
{"runtime":2328,"energy":{"pkg":22.65704345703125,"pp0":11.43902587890625,"pp1":0.561767578125,"dram":0},"perf_counters":{"PERF_COUNT_HW_REF_CPU_CYCLES":31654427462,"PERF_COUNT_HW_BRANCH_INSTRUCTIONS":4708186000,"PERF_COUNT_HW_CACHE_MISSES":33713156,"PERF_COUNT_HW_INSTRUCTIONS":28114656165,"PERF_COUNT_HW_BRANCH_MISSES":1865906,"PERF_COUNT_HW_CACHE_REFERENCES":112348373,"PERF_COUNT_HW_CPU_CYCLES":14750070676}}
{"runtime":2050,"energy":{"pkg":20.909912109375,"pp0":11.0419921875,"pp1":0.4544677734375,"dram":0},"perf_counters":{"PERF_COUNT_HW_REF_CPU_CYCLES":29880896769,"PERF_COUNT_HW_BRANCH_INSTRUCTIONS":4706559596,"PERF_COUNT_HW_CACHE_MISSES":32272487,"PERF_COUNT_HW_INSTRUCTIONS":28108773848,"PERF_COUNT_HW_BRANCH_MISSES":1828563,"PERF_COUNT_HW_CACHE_REFERENCES":112370371,"PERF_COUNT_HW_CPU_CYCLES":14308810337}}
