{"runtime":3369,"energy":{"pkg":33.9423828125,"pp0":18.22808837890625,"pp1":0.781494140625,"dram":0},"perf_counters":{"PERF_COUNT_HW_REF_CPU_CYCLES":9443546012,"PERF_COUNT_HW_BRANCH_INSTRUCTIONS":1001290919,"PERF_COUNT_HW_CACHE_MISSES":46344,"PERF_COUNT_HW_INSTRUCTIONS":23407561752,"PERF_COUNT_HW_BRANCH_MISSES":25176,"PERF_COUNT_HW_CACHE_REFERENCES":183775,"PERF_COUNT_HW_CPU_CYCLES":9684463841}}
{"runtime":3400,"energy":{"pkg":34.012451171875,"pp0":18.281494140625,"pp1":0.7142333984375,"dram":0},"perf_counters":{"PERF_COUNT_HW_REF_CPU_CYCLES":9531448451,"PERF_COUNT_HW_BRANCH_INSTRUCTIONS":1001261232,"PERF_COUNT_HW_CACHE_MISSES":41393,"PERF_COUNT_HW_INSTRUCTIONS":23407407612,"PERF_COUNT_HW_BRANCH_MISSES":25084,"PERF_COUNT_HW_CACHE_REFERENCES":188655,"PERF_COUNT_HW_CPU_CYCLES":9682789771}}
{"runtime":3427,"energy":{"pkg":34.1011962890625,"pp0":18.28912353515625,"pp1":0.65966796875,"dram":0},"perf_counters":{"PERF_COUNT_HW_REF_CPU_CYCLES":9606908989,"PERF_COUNT_HW_BRANCH_INSTRUCTIONS":1001296405,"PERF_COUNT_HW_CACHE_MISSES":47209,"PERF_COUNT_HW_INSTRUCTIONS":23407617287,"PERF_COUNT_HW_BRANCH_MISSES":27814,"PERF_COUNT_HW_CACHE_REFERENCES":213167,"PERF_COUNT_HW_CPU_CYCLES":9848574694}}
{"runtime":3380,"energy":{"pkg":33.8211669921875,"pp0":18.19873046875,"pp1":0.7401123046875,"dram":0},"perf_counters":{"PERF_COUNT_HW_REF_CPU_CYCLES":9476884820,"PERF_COUNT_HW_BRANCH_INSTRUCTIONS":1001258677,"PERF_COUNT_HW_CACHE_MISSES":40964,"PERF_COUNT_HW_INSTRUCTIONS":23407395179,"PERF_COUNT_HW_BRANCH_MISSES":25549,"PERF_COUNT_HW_CACHE_REFERENCES":193808,"PERF_COUNT_HW_CPU_CYCLES":9696689605}}
{"runtime":3387,"energy":{"pkg":33.78753662109375,"pp0":18.10321044921875,"pp1":0.7657470703125,"dram":0},"perf_counters":{"PERF_COUNT_HW_REF_CPU_CYCLES":9495758459,"PERF_COUNT_HW_BRANCH_INSTRUCTIONS":1001271928,"PERF_COUNT_HW_CACHE_MISSES":38312,"PERF_COUNT_HW_INSTRUCTIONS":23407483895,"PERF_COUNT_HW_BRANCH_MISSES":27188,"PERF_COUNT_HW_CACHE_REFERENCES":216367,"PERF_COUNT_HW_CPU_CYCLES":9590551613}}
{"runtime":3379,"energy":{"pkg":33.63330078125,"pp0":18.0521240234375,"pp1":0.6695556640625,"dram":0},"perf_counters":{"PERF_COUNT_HW_REF_CPU_CYCLES":9471836870,"PERF_COUNT_HW_BRANCH_INSTRUCTIONS":1001272458,"PERF_COUNT_HW_CACHE_MISSES":43962,"PERF_COUNT_HW_INSTRUCTIONS":23407463866,"PERF_COUNT_HW_BRANCH_MISSES":26641,"PERF_COUNT_HW_CACHE_REFERENCES":188054,"PERF_COUNT_HW_CPU_CYCLES":9615326004}}
{"runtime":3373,"energy":{"pkg":33.5509033203125,"pp0":17.91412353515625,"pp1":0.7569580078125,"dram":0},"perf_counters":{"PERF_COUNT_HW_REF_CPU_CYCLES":9454002240,"PERF_COUNT_HW_BRANCH_INSTRUCTIONS":1001279329,"PERF_COUNT_HW_CACHE_MISSES":50696,"PERF_COUNT_HW_INSTRUCTIONS":23407504841,"PERF_COUNT_HW_BRANCH_MISSES":27369,"PERF_COUNT_HW_CACHE_REFERENCES":215736,"PERF_COUNT_HW_CPU_CYCLES":9618362507}}
{"runtime":3414,"energy":{"pkg":33.97894287109375,"pp0":18.21038818359375,"pp1":0.703857421875,"dram":0},"perf_counters":{"PERF_COUNT_HW_REF_CPU_CYCLES":9569245150,"PERF_COUNT_HW_BRANCH_INSTRUCTIONS":1001247111,"PERF_COUNT_HW_CACHE_MISSES":40743,"PERF_COUNT_HW_INSTRUCTIONS":23407344174,"PERF_COUNT_HW_BRANCH_MISSES":25098,"PERF_COUNT_HW_CACHE_REFERENCES":192004,"PERF_COUNT_HW_CPU_CYCLES":9665772978}}
{"runtime":3412,"energy":{"pkg":33.9749755859375,"pp0":18.2552490234375,"pp1":0.668212890625,"dram":0},"perf_counters":{"PERF_COUNT_HW_REF_CPU_CYCLES":9564282026,"PERF_COUNT_HW_BRANCH_INSTRUCTIONS":1001252634,"PERF_COUNT_HW_CACHE_MISSES":36014,"PERF_COUNT_HW_INSTRUCTIONS":23407373864,"PERF_COUNT_HW_BRANCH_MISSES":23555,"PERF_COUNT_HW_CACHE_REFERENCES":174444,"PERF_COUNT_HW_CPU_CYCLES":9666132042}}
{"runtime":3403,"energy":{"pkg":33.8822021484375,"pp0":18.10443115234375,"pp1":0.772705078125,"dram":0},"perf_counters":{"PERF_COUNT_HW_REF_CPU_CYCLES":9538625227,"PERF_COUNT_HW_BRANCH_INSTRUCTIONS":1001248567,"PERF_COUNT_HW_CACHE_MISSES":39981,"PERF_COUNT_HW_INSTRUCTIONS":23407346819,"PERF_COUNT_HW_BRANCH_MISSES":25424,"PERF_COUNT_HW_CACHE_REFERENCES":188007,"PERF_COUNT_HW_CPU_CYCLES":9681718086}}
{"runtime":3390,"energy":{"pkg":33.70355224609375,"pp0":18.1004638671875,"pp1":0.6370849609375,"dram":0},"perf_counters":{"PERF_COUNT_HW_REF_CPU_CYCLES":9503953585,"PERF_COUNT_HW_BRANCH_INSTRUCTIONS":1001250317,"PERF_COUNT_HW_CACHE_MISSES":56051,"PERF_COUNT_HW_INSTRUCTIONS":23407339365,"PERF_COUNT_HW_BRANCH_MISSES":26605,"PERF_COUNT_HW_CACHE_REFERENCES":237694,"PERF_COUNT_HW_CPU_CYCLES":9686223395}}
