{"runtime":584,"energy":{"pkg":5.90057373046875,"pp0":3.19317626953125,"pp1":0.1513671875,"dram":0},"perf_counters":{"PERF_COUNT_HW_REF_CPU_CYCLES":12523348049,"PERF_COUNT_HW_BRANCH_INSTRUCTIONS":633686142,"PERF_COUNT_HW_CACHE_MISSES":70354,"PERF_COUNT_HW_INSTRUCTIONS":6166717045,"PERF_COUNT_HW_BRANCH_MISSES":168844,"PERF_COUNT_HW_CACHE_REFERENCES":436796,"PERF_COUNT_HW_CPU_CYCLES":7466013026}}
{"runtime":656,"energy":{"pkg":6.4530029296875,"pp0":3.44482421875,"pp1":0.143310546875,"dram":0},"perf_counters":{"PERF_COUNT_HW_REF_CPU_CYCLES":13950576743,"PERF_COUNT_HW_BRANCH_INSTRUCTIONS":642677128,"PERF_COUNT_HW_CACHE_MISSES":79197,"PERF_COUNT_HW_INSTRUCTIONS":6198474914,"PERF_COUNT_HW_BRANCH_MISSES":174687,"PERF_COUNT_HW_CACHE_REFERENCES":441597,"PERF_COUNT_HW_CPU_CYCLES":8165728088}}
{"runtime":629,"energy":{"pkg":6.2596435546875,"pp0":3.3648681640625,"pp1":0.143310546875,"dram":0},"perf_counters":{"PERF_COUNT_HW_REF_CPU_CYCLES":13370172650,"PERF_COUNT_HW_BRANCH_INSTRUCTIONS":639540213,"PERF_COUNT_HW_CACHE_MISSES":76311,"PERF_COUNT_HW_INSTRUCTIONS":6187546357,"PERF_COUNT_HW_BRANCH_MISSES":181722,"PERF_COUNT_HW_CACHE_REFERENCES":449449,"PERF_COUNT_HW_CPU_CYCLES":7913893893}}
{"runtime":625,"energy":{"pkg":6.189208984375,"pp0":3.29736328125,"pp1":0.153076171875,"dram":0},"perf_counters":{"PERF_COUNT_HW_REF_CPU_CYCLES":13348444784,"PERF_COUNT_HW_BRANCH_INSTRUCTIONS":638046119,"PERF_COUNT_HW_CACHE_MISSES":71025,"PERF_COUNT_HW_INSTRUCTIONS":6182186805,"PERF_COUNT_HW_BRANCH_MISSES":167208,"PERF_COUNT_HW_CACHE_REFERENCES":435795,"PERF_COUNT_HW_CPU_CYCLES":7801779195}}
{"runtime":637,"energy":{"pkg":6.35052490234375,"pp0":3.37847900390625,"pp1":0.186767578125,"dram":0},"perf_counters":{"PERF_COUNT_HW_REF_CPU_CYCLES":13586412009,"PERF_COUNT_HW_BRANCH_INSTRUCTIONS":641468112,"PERF_COUNT_HW_CACHE_MISSES":71736,"PERF_COUNT_HW_INSTRUCTIONS":6194310048,"PERF_COUNT_HW_BRANCH_MISSES":180630,"PERF_COUNT_HW_CACHE_REFERENCES":443601,"PERF_COUNT_HW_CPU_CYCLES":8066880650}}
{"runtime":654,"energy":{"pkg":6.461669921875,"pp0":3.45599365234375,"pp1":0.1390380859375,"dram":0},"perf_counters":{"PERF_COUNT_HW_REF_CPU_CYCLES":13923718583,"PERF_COUNT_HW_BRANCH_INSTRUCTIONS":642991718,"PERF_COUNT_HW_CACHE_MISSES":66091,"PERF_COUNT_HW_INSTRUCTIONS":6199576869,"PERF_COUNT_HW_BRANCH_MISSES":193680,"PERF_COUNT_HW_CACHE_REFERENCES":419032,"PERF_COUNT_HW_CPU_CYCLES":8189583824}}
{"runtime":625,"energy":{"pkg":6.26910400390625,"pp0":3.35308837890625,"pp1":0.176025390625,"dram":0},"perf_counters":{"PERF_COUNT_HW_REF_CPU_CYCLES":13332224403,"PERF_COUNT_HW_BRANCH_INSTRUCTIONS":639785278,"PERF_COUNT_HW_CACHE_MISSES":74730,"PERF_COUNT_HW_INSTRUCTIONS":6188376591,"PERF_COUNT_HW_BRANCH_MISSES":167187,"PERF_COUNT_HW_CACHE_REFERENCES":459218,"PERF_COUNT_HW_CPU_CYCLES":7938607061}}
{"runtime":640,"energy":{"pkg":6.33319091796875,"pp0":3.36376953125,"pp1":0.167236328125,"dram":0},"perf_counters":{"PERF_COUNT_HW_REF_CPU_CYCLES":13624336458,"PERF_COUNT_HW_BRANCH_INSTRUCTIONS":640667769,"PERF_COUNT_HW_CACHE_MISSES":70128,"PERF_COUNT_HW_INSTRUCTIONS":6191519702,"PERF_COUNT_HW_BRANCH_MISSES":185327,"PERF_COUNT_HW_CACHE_REFERENCES":464310,"PERF_COUNT_HW_CPU_CYCLES":8004864849}}
{"runtime":630,"energy":{"pkg":6.30047607421875,"pp0":3.35882568359375,"pp1":0.181396484375,"dram":0},"perf_counters":{"PERF_COUNT_HW_REF_CPU_CYCLES":13416152284,"PERF_COUNT_HW_BRANCH_INSTRUCTIONS":640466574,"PERF_COUNT_HW_CACHE_MISSES":70411,"PERF_COUNT_HW_INSTRUCTIONS":6190778343,"PERF_COUNT_HW_BRANCH_MISSES":180701,"PERF_COUNT_HW_CACHE_REFERENCES":462346,"PERF_COUNT_HW_CPU_CYCLES":7991794814}}
{"runtime":615,"energy":{"pkg":6.12530517578125,"pp0":3.2685546875,"pp1":0.16455078125,"dram":0},"perf_counters":{"PERF_COUNT_HW_REF_CPU_CYCLES":13141509056,"PERF_COUNT_HW_BRANCH_INSTRUCTIONS":637512373,"PERF_COUNT_HW_CACHE_MISSES":68900,"PERF_COUNT_HW_INSTRUCTIONS":6180272336,"PERF_COUNT_HW_BRANCH_MISSES":182049,"PERF_COUNT_HW_CACHE_REFERENCES":452152,"PERF_COUNT_HW_CPU_CYCLES":7757654433}}
{"runtime":630,"energy":{"pkg":6.289306640625,"pp0":3.32586669921875,"pp1":0.200439453125,"dram":0},"perf_counters":{"PERF_COUNT_HW_REF_CPU_CYCLES":13431948024,"PERF_COUNT_HW_BRANCH_INSTRUCTIONS":639592121,"PERF_COUNT_HW_CACHE_MISSES":79473,"PERF_COUNT_HW_INSTRUCTIONS":6187668524,"PERF_COUNT_HW_BRANCH_MISSES":176893,"PERF_COUNT_HW_CACHE_REFERENCES":457702,"PERF_COUNT_HW_CPU_CYCLES":7927747994}}
