{"runtime":11443,"energy":{"pkg":1009.7760009765625,"pp0":0,"dram":104.8509521484375},"cycles":26372651811}
{"runtime":10903,"energy":{"pkg":966.0943603515625,"pp0":0,"dram":100.0904541015625},"cycles":25120711466}
{"runtime":10993,"energy":{"pkg":982.4655151367188,"pp0":0,"dram":136.6429443359375},"cycles":25353015542}
{"runtime":11268,"energy":{"pkg":997.2403564453125,"pp0":0,"dram":103.90460205078125},"cycles":25906115149}
{"runtime":7304,"energy":{"pkg":652.7774047851562,"pp0":0,"dram":91.12445068359375},"cycles":16749280612}
{"runtime":7436,"energy":{"pkg":662.175048828125,"pp0":0,"dram":93.17010498046875},"cycles":16744901539}
{"runtime":10794,"energy":{"pkg":964.5347290039062,"pp0":0,"dram":134.9898681640625},"cycles":24866067569}
