{"runtime":109370,"energy":{"pkg":9694.197082519531,"pp0":0,"dram":997.9755249023438},"cycles":251354135630}
{"runtime":110509,"energy":{"pkg":9741.023254394531,"pp0":0,"dram":1016.8125610351562},"cycles":253844270023}
{"runtime":109687,"energy":{"pkg":9746.663330078125,"pp0":0,"dram":1003.20166015625},"cycles":252034474160}
{"runtime":73739,"energy":{"pkg":6575.0826416015625,"pp0":0,"dram":673.9664306640625},"cycles":167266477803}
{"runtime":129371,"energy":{"pkg":11549.38818359375,"pp0":0,"dram":1624.5960083007812},"cycles":297212221086}
{"runtime":107934,"energy":{"pkg":9635.278198242188,"pp0":0,"dram":1341.246337890625},"cycles":248007479224}
{"runtime":138005,"energy":{"pkg":12295.585144042969,"pp0":0,"dram":1720.9904174804688},"cycles":317146338885}
