{"runtime":121178,"energy":{"pkg":10744.634338378906,"pp0":0,"dram":1105.3796997070312},"cycles":278442218868}
{"runtime":133962,"energy":{"pkg":11935.879577636719,"pp0":0,"dram":1661.6433715820312},"cycles":307829658504}
{"runtime":121405,"energy":{"pkg":10730.352355957031,"pp0":0,"dram":1115.7528686523438},"cycles":278944947588}
{"runtime":101089,"energy":{"pkg":9030.83544921875,"pp0":0,"dram":1266.4607543945312},"cycles":231319327659}
{"runtime":79799,"energy":{"pkg":7134.017883300781,"pp0":0,"dram":1000.727783203125},"cycles":182784684658}
{"runtime":149615,"energy":{"pkg":13341.990112304688,"pp0":0,"dram":1854.7374267578125},"cycles":343768254910}
{"runtime":151424,"energy":{"pkg":13495.439331054688,"pp0":0,"dram":1893.0203247070312},"cycles":347907222163}
