{"runtime":130087,"energy":{"pkg":11611.999938964844,"pp0":0,"dram":1195.0963745117188},"cycles":298922326095}
{"runtime":132778,"energy":{"pkg":-250382.5107421875,"pp0":0,"dram":1657.3986206054688},"cycles":304960788388}
