{"runtime":143209,"energy":{"pkg":12646.114929199219,"pp0":0,"dram":1307.28955078125},"cycles":329060871192}
{"runtime":141982,"energy":{"pkg":12686.499877929688,"pp0":0,"dram":1747.0806884765625},"cycles":326240247974}
{"runtime":142839,"energy":{"pkg":12606.307434082031,"pp0":0,"dram":1311.1749267578125},"cycles":328329422386}
{"runtime":140994,"energy":{"pkg":12602.634094238281,"pp0":0,"dram":1760.973876953125},"cycles":323989820407}
{"runtime":169045,"energy":{"pkg":15111.548828125,"pp0":0,"dram":2111.773193359375},"cycles":388385505927}
{"runtime":94592,"energy":{"pkg":8447.882690429688,"pp0":0,"dram":1160.8494262695312},"cycles":215757831600}
{"runtime":179578,"energy":{"pkg":15983.036499023438,"pp0":0,"dram":2183.619873046875},"cycles":412427586659}
