{"runtime":154050,"energy":{"pkg":13602.271179199219,"pp0":0,"dram":1405.3848876953125},"cycles":353950740899}
{"runtime":153546,"energy":{"pkg":13712.008666992188,"pp0":0,"dram":1905.7936401367188},"cycles":352776867952}
{"runtime":153758,"energy":{"pkg":13587.444641113281,"pp0":0,"dram":1410.8488159179688},"cycles":353315741543}
{"runtime":155714,"energy":{"pkg":13921.138305664062,"pp0":0,"dram":1949.681884765625},"cycles":357808942345}
{"runtime":151759,"energy":{"pkg":13567.222961425781,"pp0":0,"dram":1908.573486328125},"cycles":348697367912}
{"runtime":150335,"energy":{"pkg":13435.25146484375,"pp0":0,"dram":1854.23193359375},"cycles":345296491470}
{"runtime":153573,"energy":{"pkg":13713.735107421875,"pp0":0,"dram":1910.733642578125},"cycles":352877526045}
