{"runtime":151793,"energy":{"pkg":13535.407592773438,"pp0":0,"dram":1396.4757690429688},"cycles":348802380178}
{"runtime":146870,"energy":{"pkg":13023.710693359375,"pp0":0,"dram":1838.9298706054688},"cycles":336316128186}
