{"runtime":118955,"energy":{"pkg":10582.809143066406,"pp0":0,"dram":1085.5455932617188},"cycles":271505971462}
{"runtime":162790,"energy":{"pkg":14405.810241699219,"pp0":0,"dram":2046.1959838867188},"cycles":374010659094}
