{"runtime":172724,"energy":{"pkg":15319.096740722656,"pp0":0,"dram":1592.9655151367188},"cycles":395879027299}
{"runtime":214875,"energy":{"pkg":19064.836364746094,"pp0":0,"dram":2699.9771118164062},"cycles":493611950197}
