{"runtime":196427,"energy":{"pkg":17414.270080566406,"pp0":0,"dram":1802.6591186523438},"cycles":451274726470}
{"runtime":228319,"energy":{"pkg":20248.97283935547,"pp0":0,"dram":2879.9699096679688},"cycles":524536420047}
