{"runtime":204401,"energy":{"pkg":18136.364685058594,"pp0":0,"dram":1876.5877075195312},"cycles":469541246648}
{"runtime":259391,"energy":{"pkg":23004.90008544922,"pp0":0,"dram":3258.8071899414062},"cycles":595906937894}
