{"runtime":28110,"energy":{"pkg":2485.5054321289062,"pp0":0,"dram":257.29998779296875},"cycles":64677683937}
{"runtime":22545,"energy":{"pkg":2013.8317260742188,"pp0":0,"dram":281.3839111328125},"cycles":51902200234}
