{"runtime":232944,"energy":{"pkg":20568.33221435547,"pp0":0,"dram":2150.4487915039062},"cycles":535074014350}
{"runtime":252869,"energy":{"pkg":22435.289672851562,"pp0":0,"dram":3202.5742797851562},"cycles":580914551925}
