{"runtime":318952,"energy":{"pkg":28143.986877441406,"pp0":0,"dram":2923.4749145507812},"cycles":732581844419}
{"runtime":251916,"energy":{"pkg":22419.118530273438,"pp0":0,"dram":3188.8212890625},"cycles":578641065860}
