{"runtime":332865,"energy":{"pkg":29360.750427246094,"pp0":0,"dram":3036.5068359375},"cycles":764606684728}
{"runtime":263587,"energy":{"pkg":23524.238342285156,"pp0":0,"dram":3319.6347045898438},"cycles":604935240720}
