{"runtime":272093,"energy":{"pkg":24245.545288085938,"pp0":0,"dram":2500.0221557617188},"cycles":624981473016}
{"runtime":274213,"energy":{"pkg":-237648.35040283203,"pp0":0,"dram":3438.0463256835938},"cycles":629617936454}
