{"runtime":296117,"energy":{"pkg":26417.133728027344,"pp0":0,"dram":2715.0958251953125},"cycles":680134978261}
{"runtime":290159,"energy":{"pkg":25913.92303466797,"pp0":0,"dram":3596.4471435546875},"cycles":666527000976}
