{"runtime":303784,"energy":{"pkg":27017.928771972656,"pp0":0,"dram":2776.9090576171875},"cycles":698000054414}
{"runtime":306082,"energy":{"pkg":27359.29669189453,"pp0":0,"dram":3819.5792846679688},"cycles":702901240306}
