{"runtime":304427,"energy":{"pkg":27015.178466796875,"pp0":0,"dram":2784.1256103515625},"cycles":697945640296}
{"runtime":273796,"energy":{"pkg":24443.97607421875,"pp0":0,"dram":3467.594970703125},"cycles":625780689214}
