{"runtime":22644,"energy":{"pkg":2017.4063110351562,"pp0":0,"dram":207.83831787109375},"cycles":51809184436}
{"runtime":24411,"energy":{"pkg":2180.8591918945312,"pp0":0,"dram":305.4677734375},"cycles":56042362415}
