{"runtime":33428,"energy":{"pkg":2946.2235717773438,"pp0":0,"dram":305.70941162109375},"cycles":76933364713}
{"runtime":33334,"energy":{"pkg":2978.4680786132812,"pp0":0,"dram":405.3341064453125},"cycles":76729112120}
{"runtime":26189,"energy":{"pkg":2313.2706909179688,"pp0":0,"dram":240.190185546875},"cycles":60098953270}
{"runtime":33291,"energy":{"pkg":2949.0275268554688,"pp0":0,"dram":304.80572509765625},"cycles":76625633220}
{"runtime":27694,"energy":{"pkg":2475.1765747070312,"pp0":0,"dram":344.8404541015625},"cycles":63170246753}
{"runtime":36908,"energy":{"pkg":3295.1886596679688,"pp0":0,"dram":459.2249755859375},"cycles":84943770592}
{"runtime":32835,"energy":{"pkg":2929.293701171875,"pp0":0,"dram":413.191162109375},"cycles":75592590391}
