{"runtime":441370,"energy":{"pkg":39166.22296142578,"pp0":0,"dram":4063.905029296875},"cycles":1013994354718}
{"runtime":446806,"energy":{"pkg":39730.16650390625,"pp0":0,"dram":5623.5257568359375},"cycles":1026132169116}
