{"runtime":455513,"energy":{"pkg":-221772.80108642578,"pp0":0,"dram":4143.03564453125},"cycles":1046416149810}
{"runtime":356215,"energy":{"pkg":31698.20556640625,"pp0":0,"dram":4462.0382080078125},"cycles":817781522687}
