{"runtime":384906,"energy":{"pkg":34226.6435546875,"pp0":0,"dram":3515.8540649414062},"cycles":884093533586}
