{"runtime":394635,"energy":{"pkg":35279.19708251953,"pp0":0,"dram":3626.0473022460938},"cycles":906542146972}
