{"runtime":322704,"energy":{"pkg":28859.048217773438,"pp0":0,"dram":2965.4124755859375},"cycles":739583676323}
