{"runtime":462749,"energy":{"pkg":41317.00311279297,"pp0":0,"dram":5806.528503417969},"cycles":1062754848570}
