{"runtime":450476,"energy":{"pkg":-221880.82330322266,"pp0":0,"dram":5650.403259277344},"cycles":1034733824487}
