{"runtime":385457,"energy":{"pkg":34415.830993652344,"pp0":0,"dram":4854.0787353515625},"cycles":879179591512}
