{"runtime":548512,"energy":{"pkg":48867.58850097656,"pp0":0,"dram":6849.6524658203125},"cycles":1259930977973}
