{"runtime":499387,"energy":{"pkg":44636.43341064453,"pp0":0,"dram":6219.0323486328125},"cycles":1146938268766}
