{"runtime":645398,"energy":{"pkg":-204598.6683959961,"pp0":0,"dram":8040.672790527344},"cycles":1481658429580}
