{"runtime":542642,"energy":{"pkg":48492.322692871094,"pp0":0,"dram":6755.717468261719},"cycles":1246065854753}
