{"runtime":55001,"energy":{"pkg":4859.966125488281,"pp0":0,"dram":500.37689208984375},"cycles":126509133547}
{"runtime":55026,"energy":{"pkg":4916.9454345703125,"pp0":0,"dram":687.1429443359375},"cycles":126511306134}
{"runtime":55006,"energy":{"pkg":4873.9022216796875,"pp0":0,"dram":502.6544189453125},"cycles":126517677267}
{"runtime":46854,"energy":{"pkg":4143.903503417969,"pp0":0,"dram":428.2398681640625},"cycles":107251916284}
{"runtime":55117,"energy":{"pkg":4930.4356689453125,"pp0":0,"dram":685.7350463867188},"cycles":126742861407}
{"runtime":58127,"energy":{"pkg":5175.098571777344,"pp0":0,"dram":733.203125},"cycles":133668384812}
{"runtime":61385,"energy":{"pkg":5473.2564697265625,"pp0":0,"dram":769.373046875},"cycles":141164413789}
