{"runtime":69132,"energy":{"pkg":6134.98828125,"pp0":0,"dram":635.3388061523438},"cycles":158897561129}
{"runtime":54853,"energy":{"pkg":4903.2037353515625,"pp0":0,"dram":685.1588745117188},"cycles":126168400843}
