{"runtime":65185,"energy":{"pkg":5810.405334472656,"pp0":0,"dram":600.6937255859375},"cycles":149828893047}
{"runtime":65560,"energy":{"pkg":5851.3248291015625,"pp0":0,"dram":817.8443603515625},"cycles":150714930378}
