{"runtime":65926,"energy":{"pkg":5823.325378417969,"pp0":0,"dram":602.4552001953125},"cycles":151578071111}
{"runtime":65897,"energy":{"pkg":5811.548034667969,"pp0":0,"dram":611.623291015625},"cycles":151460890941}
{"runtime":65918,"energy":{"pkg":5835.865783691406,"pp0":0,"dram":603.5203857421875},"cycles":151567191451}
{"runtime":44037,"energy":{"pkg":3904.1392211914062,"pp0":0,"dram":401.91400146484375},"cycles":100511916682}
{"runtime":65507,"energy":{"pkg":5858.316833496094,"pp0":0,"dram":814.1446533203125},"cycles":150660275906}
{"runtime":48328,"energy":{"pkg":4318.817565917969,"pp0":0,"dram":558.7244873046875},"cycles":110605563221}
{"runtime":73591,"energy":{"pkg":6567.559020996094,"pp0":0,"dram":922.9769287109375},"cycles":169203913162}
