{"runtime":95591,"energy":{"pkg":8451.508361816406,"pp0":0,"dram":1188.4448852539062},"cycles":219628500323}
{"runtime":76673,"energy":{"pkg":6760.678283691406,"pp0":0,"dram":706.2174072265625},"cycles":176230648915}
{"runtime":51404,"energy":{"pkg":4534.0418701171875,"pp0":0,"dram":470.87371826171875},"cycles":117691983419}
{"runtime":51589,"energy":{"pkg":4572.5897216796875,"pp0":0,"dram":471.63238525390625},"cycles":117004729448}
{"runtime":76386,"energy":{"pkg":6831.943786621094,"pp0":0,"dram":952.0984497070312},"cycles":175517538523}
{"runtime":85082,"energy":{"pkg":7604.856018066406,"pp0":0,"dram":1063.0255737304688},"cycles":195530030001}
{"runtime":75932,"energy":{"pkg":6785.097717285156,"pp0":0,"dram":875.5116577148438},"cycles":174535440095}
