{"runtime":76105,"energy":{"pkg":6781.367004394531,"pp0":0,"dram":702.0836791992188},"cycles":174991758815}
{"runtime":77207,"energy":{"pkg":6876.101257324219,"pp0":0,"dram":959.6226806640625},"cycles":177465643949}
