{"runtime":88376,"energy":{"pkg":7846.465393066406,"pp0":0,"dram":911.1815185546875},"cycles":203082269248}
{"runtime":88537,"energy":{"pkg":7805.626892089844,"pp0":0,"dram":815.467041015625},"cycles":203538777387}
{"runtime":88453,"energy":{"pkg":7803.837341308594,"pp0":0,"dram":810.1646118164062},"cycles":203324454476}
{"runtime":58770,"energy":{"pkg":5201.033447265625,"pp0":0,"dram":538.3365478515625},"cycles":133620233754}
{"runtime":88498,"energy":{"pkg":7914.483703613281,"pp0":0,"dram":1103.8045654296875},"cycles":203395688644}
{"runtime":110195,"energy":{"pkg":9819.415710449219,"pp0":0,"dram":1370.2425537109375},"cycles":253207889455}
{"runtime":111118,"energy":{"pkg":-252231.01733398438,"pp0":0,"dram":1355.05419921875},"cycles":255259295551}
