{"runtime":122968,"energy":{"pkg":10905.826599121094,"pp0":0,"dram":1126.3942260742188},"cycles":282591402592}
{"runtime":98588,"energy":{"pkg":8742.214416503906,"pp0":0,"dram":906.18017578125},"cycles":226591078227}
