{"runtime":94517,"energy":{"pkg":8347.125427246094,"pp0":0,"dram":866.2937622070312},"cycles":217024317133}
{"runtime":99560,"energy":{"pkg":8773.977355957031,"pp0":0,"dram":917.3042602539062},"cycles":228847456327}
{"runtime":125129,"energy":{"pkg":11044.693359375,"pp0":0,"dram":1148.7918701171875},"cycles":287500314886}
{"runtime":99549,"energy":{"pkg":8880.97265625,"pp0":0,"dram":909.9652709960938},"cycles":228732743201}
{"runtime":99527,"energy":{"pkg":8901.084594726562,"pp0":0,"dram":1246.0469970703125},"cycles":228681555481}
{"runtime":98528,"energy":{"pkg":8725.6220703125,"pp0":0,"dram":913.0772094726562},"cycles":226418729582}
{"runtime":99241,"energy":{"pkg":8870.751770019531,"pp0":0,"dram":1232.172607421875},"cycles":228090937644}
