{"runtime":5515,"energy":{"pkg":211.1595458984375,"pp0":0,"dram":41.372802734375},"cycles":11667670098}
{"runtime":5538,"energy":{"pkg":212.1337890625,"pp0":0,"dram":41.69268798828125},"cycles":11732385966}
{"runtime":5740,"energy":{"pkg":218.63720703125,"pp0":0,"dram":43.28350830078125},"cycles":12151945470}
{"runtime":5489,"energy":{"pkg":211.1571044921875,"pp0":0,"dram":41.8883056640625},"cycles":11612984355}
{"runtime":5473,"energy":{"pkg":210.70745849609375,"pp0":0,"dram":41.86871337890625},"cycles":11582017419}
{"runtime":5658,"energy":{"pkg":215.679931640625,"pp0":0,"dram":42.87542724609375},"cycles":11980337145}
{"runtime":6401,"energy":{"pkg":227.07275390625,"pp0":0,"dram":48.58056640625},"cycles":13532140902}
{"runtime":5633,"energy":{"pkg":215.52471923828125,"pp0":0,"dram":42.80078125},"cycles":11919336009}
{"runtime":5491,"energy":{"pkg":211.12579345703125,"pp0":0,"dram":41.6856689453125},"cycles":11620014819}
{"runtime":5684,"energy":{"pkg":216.12249755859375,"pp0":0,"dram":42.9151611328125},"cycles":12029039778}
{"runtime":6393,"energy":{"pkg":228.6551513671875,"pp0":0,"dram":48.33074951171875},"cycles":13509155709}
{"runtime":6235,"energy":{"pkg":225.090087890625,"pp0":0,"dram":47.0867919921875},"cycles":13180504701}
{"runtime":5648,"energy":{"pkg":215.61553955078125,"pp0":0,"dram":42.4515380859375},"cycles":11942370972}
{"runtime":6389,"energy":{"pkg":226.603271484375,"pp0":0,"dram":48.56298828125},"cycles":13511539377}
{"runtime":5875,"energy":{"pkg":222.351318359375,"pp0":0,"dram":44.947509765625},"cycles":12415822965}
{"runtime":6401,"energy":{"pkg":225.635009765625,"pp0":0,"dram":48.37835693359375},"cycles":13525994013}
{"runtime":6412,"energy":{"pkg":227.79571533203125,"pp0":0,"dram":48.4862060546875},"cycles":13547754717}
{"runtime":6715,"energy":{"pkg":231.20098876953125,"pp0":0,"dram":50.8880615234375},"cycles":14197050021}
{"runtime":5739,"energy":{"pkg":217.84185791015625,"pp0":0,"dram":43.19366455078125},"cycles":12141757320}
{"runtime":6385,"energy":{"pkg":226.179931640625,"pp0":0,"dram":48.140380859375},"cycles":13498553040}
{"runtime":5634,"energy":{"pkg":215.09027099609375,"pp0":0,"dram":42.4791259765625},"cycles":11913569850}
{"runtime":5529,"energy":{"pkg":212.14227294921875,"pp0":0,"dram":40.9332275390625},"cycles":11690558754}
{"runtime":6182,"energy":{"pkg":231.952392578125,"pp0":0,"dram":46.20806884765625},"cycles":13081464879}
{"runtime":6435,"energy":{"pkg":229.0247802734375,"pp0":0,"dram":48.09735107421875},"cycles":13601423556}
{"runtime":6064,"energy":{"pkg":219.83428955078125,"pp0":0,"dram":45.6212158203125},"cycles":12827233293}
{"runtime":5646,"energy":{"pkg":216.8380126953125,"pp0":0,"dram":42.25531005859375},"cycles":11935014735}
{"runtime":5873,"energy":{"pkg":222.35986328125,"pp0":0,"dram":44.13568115234375},"cycles":12426958761}
{"runtime":5752,"energy":{"pkg":218.45947265625,"pp0":0,"dram":42.9449462890625},"cycles":12173387100}
{"runtime":5498,"energy":{"pkg":210.51043701171875,"pp0":0,"dram":41.13690185546875},"cycles":11648268387}
{"runtime":5629,"energy":{"pkg":214.54144287109375,"pp0":0,"dram":42.17364501953125},"cycles":11897093166}
{"runtime":5879,"energy":{"pkg":222.287841796875,"pp0":0,"dram":43.76629638671875},"cycles":12437185971}
{"runtime":6407,"energy":{"pkg":228.54193115234375,"pp0":0,"dram":48.01116943359375},"cycles":13536904710}
{"runtime":6347,"energy":{"pkg":224.69537353515625,"pp0":0,"dram":47.398193359375},"cycles":13415697498}
{"runtime":5664,"energy":{"pkg":215.28558349609375,"pp0":0,"dram":42.52587890625},"cycles":11990786241}
{"runtime":6380,"energy":{"pkg":228.14984130859375,"pp0":0,"dram":47.57177734375},"cycles":13490376879}
{"runtime":5487,"energy":{"pkg":210.78924560546875,"pp0":0,"dram":41.139892578125},"cycles":11615634093}
{"runtime":5509,"energy":{"pkg":210.71246337890625,"pp0":0,"dram":41.274658203125},"cycles":11670893619}
{"runtime":5497,"energy":{"pkg":210.65814208984375,"pp0":0,"dram":41.15301513671875},"cycles":11636258949}
{"runtime":5496,"energy":{"pkg":210.9383544921875,"pp0":0,"dram":40.82244873046875},"cycles":11624746392}
{"runtime":5502,"energy":{"pkg":211.34820556640625,"pp0":0,"dram":41.10565185546875},"cycles":11640186600}
{"runtime":6003,"energy":{"pkg":218.370361328125,"pp0":0,"dram":44.88763427734375},"cycles":12702694242}
{"runtime":5736,"energy":{"pkg":218.28155517578125,"pp0":0,"dram":42.7147216796875},"cycles":12129928251}
