{"runtime":31204,"energy":{"pkg":1714.9177856445312,"pp0":0,"dram":474.16400146484375},"cycles":208434557310}
{"runtime":31238,"energy":{"pkg":1728.7027587890625,"pp0":0,"dram":471.3519287109375},"cycles":213076794210}
{"runtime":31354,"energy":{"pkg":1723.3042602539062,"pp0":0,"dram":474.08538818359375},"cycles":211104884739}
{"runtime":30771,"energy":{"pkg":1655.971435546875,"pp0":0,"dram":464.401123046875},"cycles":208958604666}
{"runtime":30327,"energy":{"pkg":1725.913330078125,"pp0":0,"dram":467.03497314453125},"cycles":209267955624}
{"runtime":32922,"energy":{"pkg":1792.3046264648438,"pp0":0,"dram":482.73004150390625},"cycles":221710665120}
{"runtime":31564,"energy":{"pkg":1683.4906005859375,"pp0":0,"dram":468.33941650390625},"cycles":208905113403}
{"runtime":31725,"energy":{"pkg":1734.3796997070312,"pp0":0,"dram":468.378173828125},"cycles":217882494207}
{"runtime":30683,"energy":{"pkg":1734.0015869140625,"pp0":0,"dram":467.17938232421875},"cycles":208417829655}
{"runtime":30195,"energy":{"pkg":1730.1917724609375,"pp0":0,"dram":461.804443359375},"cycles":207570676950}
{"runtime":31398,"energy":{"pkg":1782.6383056640625,"pp0":0,"dram":488.24041748046875},"cycles":215990843397}
{"runtime":30491,"energy":{"pkg":1738.9486694335938,"pp0":0,"dram":468.3236083984375},"cycles":208855405542}
{"runtime":30683,"energy":{"pkg":1650.3629150390625,"pp0":0,"dram":467.1109619140625},"cycles":213616161654}
{"runtime":31210,"energy":{"pkg":1756.1019287109375,"pp0":0,"dram":475.52593994140625},"cycles":209701510662}
{"runtime":30750,"energy":{"pkg":1743.5706176757812,"pp0":0,"dram":474.31640625},"cycles":210473948748}
{"runtime":30909,"energy":{"pkg":1736.095458984375,"pp0":0,"dram":473.66082763671875},"cycles":210176289372}
{"runtime":32957,"energy":{"pkg":1819.1504516601562,"pp0":0,"dram":475.46331787109375},"cycles":222696252975}
{"runtime":29810,"energy":{"pkg":1637.9223022460938,"pp0":0,"dram":447.09796142578125},"cycles":206551837653}
{"runtime":31184,"energy":{"pkg":1753.6448364257812,"pp0":0,"dram":473.41558837890625},"cycles":214418558004}
{"runtime":29910,"energy":{"pkg":1719.9442749023438,"pp0":0,"dram":461.82861328125},"cycles":206995573911}
{"runtime":31630,"energy":{"pkg":1778.5117797851562,"pp0":0,"dram":477.0625},"cycles":208871273730}
