{"runtime":8485,"energy":{"pkg":323.20159912109375,"pp0":0,"dram":63.7667236328125},"cycles":17760344952}
{"runtime":8255,"energy":{"pkg":315.4298095703125,"pp0":0,"dram":62.2237548828125},"cycles":17277077643}
{"runtime":8056,"energy":{"pkg":310.2779541015625,"pp0":0,"dram":60.58526611328125},"cycles":16857637482}
{"runtime":8481,"energy":{"pkg":322.1148681640625,"pp0":0,"dram":63.96539306640625},"cycles":17765345745}
{"runtime":8237,"energy":{"pkg":314.2520751953125,"pp0":0,"dram":61.5147705078125},"cycles":17249353695}
{"runtime":7951,"energy":{"pkg":306.1253662109375,"pp0":0,"dram":59.58013916015625},"cycles":16634326338}
{"runtime":8559,"energy":{"pkg":329.49493408203125,"pp0":0,"dram":64.39306640625},"cycles":17910588969}
{"runtime":8049,"energy":{"pkg":309.83306884765625,"pp0":0,"dram":60.4114990234375},"cycles":16847955894}
{"runtime":8192,"energy":{"pkg":315.33270263671875,"pp0":0,"dram":61.61883544921875},"cycles":17145804039}
{"runtime":8345,"energy":{"pkg":320.57012939453125,"pp0":0,"dram":62.68511962890625},"cycles":17476397757}
{"runtime":8811,"energy":{"pkg":321.89306640625,"pp0":0,"dram":66.4332275390625},"cycles":18445751478}
{"runtime":8268,"energy":{"pkg":318.30242919921875,"pp0":0,"dram":62.20208740234375},"cycles":17299632189}
{"runtime":7920,"energy":{"pkg":304.99334716796875,"pp0":0,"dram":59.4437255859375},"cycles":16570125432}
{"runtime":8325,"energy":{"pkg":317.9434814453125,"pp0":0,"dram":62.177734375},"cycles":17423273658}
{"runtime":8217,"energy":{"pkg":313.5692138671875,"pp0":0,"dram":61.577392578125},"cycles":17201526342}
{"runtime":8837,"energy":{"pkg":322.7403564453125,"pp0":0,"dram":66.50335693359375},"cycles":18505580583}
{"runtime":8485,"energy":{"pkg":315.718505859375,"pp0":0,"dram":63.5211181640625},"cycles":17761421433}
{"runtime":8845,"energy":{"pkg":321.9183349609375,"pp0":0,"dram":65.98919677734375},"cycles":18513530217}
{"runtime":7916,"energy":{"pkg":304.666259765625,"pp0":0,"dram":59.03118896484375},"cycles":16565997903}
{"runtime":8476,"energy":{"pkg":315.16778564453125,"pp0":0,"dram":63.59783935546875},"cycles":17746526322}
{"runtime":7971,"energy":{"pkg":307.0621337890625,"pp0":0,"dram":59.638427734375},"cycles":16680290508}
{"runtime":8401,"energy":{"pkg":320.34234619140625,"pp0":0,"dram":62.62420654296875},"cycles":17593440711}
{"runtime":8869,"energy":{"pkg":324.8504638671875,"pp0":0,"dram":65.6842041015625},"cycles":18562845546}
{"runtime":8332,"energy":{"pkg":319.60498046875,"pp0":0,"dram":61.157470703125},"cycles":17436891864}
{"runtime":8109,"energy":{"pkg":313.15606689453125,"pp0":0,"dram":59.726318359375},"cycles":16956667434}
{"runtime":8432,"energy":{"pkg":325.709228515625,"pp0":0,"dram":62.4576416015625},"cycles":17645091639}
{"runtime":8877,"energy":{"pkg":325.4296875,"pp0":0,"dram":65.15325927734375},"cycles":18592599669}
{"runtime":8709,"energy":{"pkg":323.7137451171875,"pp0":0,"dram":64.25848388671875},"cycles":18235778442}
{"runtime":8000,"energy":{"pkg":308.5469970703125,"pp0":0,"dram":58.92889404296875},"cycles":16737167559}
{"runtime":8561,"energy":{"pkg":330.25543212890625,"pp0":0,"dram":62.98846435546875},"cycles":17915617818}
{"runtime":8067,"energy":{"pkg":311.0386962890625,"pp0":0,"dram":59.6396484375},"cycles":16885858437}
{"runtime":8167,"energy":{"pkg":314.8377685546875,"pp0":0,"dram":60.4808349609375},"cycles":17094311367}
{"runtime":8092,"energy":{"pkg":311.82366943359375,"pp0":0,"dram":59.73388671875},"cycles":16940351085}
{"runtime":8892,"energy":{"pkg":325.1646728515625,"pp0":0,"dram":66.3077392578125},"cycles":18627386904}
{"runtime":8893,"energy":{"pkg":324.6968994140625,"pp0":0,"dram":66.01190185546875},"cycles":18616431603}
{"runtime":8898,"energy":{"pkg":325.63995361328125,"pp0":0,"dram":65.77166748046875},"cycles":18630389295}
{"runtime":8395,"energy":{"pkg":316.1302490234375,"pp0":0,"dram":62.27740478515625},"cycles":17565982602}
{"runtime":7932,"energy":{"pkg":306.1932373046875,"pp0":0,"dram":59.56451416015625},"cycles":16600751118}
{"runtime":8959,"energy":{"pkg":334.78826904296875,"pp0":0,"dram":66.89703369140625},"cycles":18763570749}
{"runtime":9290,"energy":{"pkg":341.71734619140625,"pp0":0,"dram":69.90838623046875},"cycles":19456955049}
{"runtime":8421,"energy":{"pkg":321.68359375,"pp0":0,"dram":63.59552001953125},"cycles":17637284889}
{"runtime":7963,"energy":{"pkg":306.22576904296875,"pp0":0,"dram":59.58258056640625},"cycles":16673343939}
