{"runtime":7029,"energy":{"pkg":252.79766845703125,"pp0":0,"dram":75.68408203125},"cycles":15256884783}
{"runtime":6013,"energy":{"pkg":234.67718505859375,"pp0":0,"dram":66.915771484375},"cycles":13138113912}
{"runtime":6058,"energy":{"pkg":237.0567626953125,"pp0":0,"dram":67.78082275390625},"cycles":13265345835}
{"runtime":5937,"energy":{"pkg":231.82452392578125,"pp0":0,"dram":66.62066650390625},"cycles":13010316228}
{"runtime":5943,"energy":{"pkg":232.22906494140625,"pp0":0,"dram":67.25067138671875},"cycles":13012027875}
{"runtime":6641,"energy":{"pkg":236.40411376953125,"pp0":0,"dram":72.0384521484375},"cycles":14116351053}
{"runtime":6768,"energy":{"pkg":252.07501220703125,"pp0":0,"dram":73.57354736328125},"cycles":14739063738}
{"runtime":6064,"energy":{"pkg":235.729736328125,"pp0":0,"dram":67.2987060546875},"cycles":13274940042}
{"runtime":7079,"energy":{"pkg":254.73040771484375,"pp0":0,"dram":74.677734375},"cycles":15371553141}
{"runtime":6380,"energy":{"pkg":241.95831298828125,"pp0":0,"dram":69.66778564453125},"cycles":13904296014}
{"runtime":8001,"energy":{"pkg":267.50030517578125,"pp0":0,"dram":82.67791748046875},"cycles":17313343131}
{"runtime":6961,"energy":{"pkg":254.76275634765625,"pp0":0,"dram":73.63702392578125},"cycles":15113906535}
{"runtime":6058,"energy":{"pkg":225.62591552734375,"pp0":0,"dram":64.85443115234375},"cycles":12920820381}
{"runtime":7005,"energy":{"pkg":253.28277587890625,"pp0":0,"dram":73.499755859375},"cycles":15223261746}
{"runtime":6366,"energy":{"pkg":244.01873779296875,"pp0":0,"dram":68.36834716796875},"cycles":13887364155}
{"runtime":6524,"energy":{"pkg":250.3092041015625,"pp0":0,"dram":73.64276123046875},"cycles":14265528900}
{"runtime":5992,"energy":{"pkg":232.10369873046875,"pp0":0,"dram":65.28106689453125},"cycles":13094813802}
{"runtime":6716,"energy":{"pkg":250.216552734375,"pp0":0,"dram":71.61737060546875},"cycles":14744823933}
{"runtime":5904,"energy":{"pkg":230.64361572265625,"pp0":0,"dram":65.007080078125},"cycles":12880024752}
{"runtime":6074,"energy":{"pkg":235.3094482421875,"pp0":0,"dram":66.89111328125},"cycles":13367141529}
{"runtime":6348,"energy":{"pkg":240.34051513671875,"pp0":0,"dram":68.28955078125},"cycles":13985072976}
{"runtime":6173,"energy":{"pkg":231.06390380859375,"pp0":0,"dram":67.16265869140625},"cycles":13123089483}
{"runtime":6137,"energy":{"pkg":239.946533203125,"pp0":0,"dram":67.60443115234375},"cycles":13403206005}
{"runtime":5948,"energy":{"pkg":233.947021484375,"pp0":0,"dram":65.664794921875},"cycles":12970422003}
{"runtime":7238,"energy":{"pkg":257.21209716796875,"pp0":0,"dram":76.88140869140625},"cycles":15708377118}
{"runtime":6159,"energy":{"pkg":237.94012451171875,"pp0":0,"dram":68.0174560546875},"cycles":13471182606}
{"runtime":7321,"energy":{"pkg":258.1727294921875,"pp0":0,"dram":78.159912109375},"cycles":16025973936}
{"runtime":6078,"energy":{"pkg":228.59649658203125,"pp0":0,"dram":66.53125},"cycles":12961136916}
{"runtime":6073,"energy":{"pkg":235.6204833984375,"pp0":0,"dram":66.85943603515625},"cycles":13278875715}
{"runtime":5921,"energy":{"pkg":231.66949462890625,"pp0":0,"dram":65.16375732421875},"cycles":12923491056}
{"runtime":5999,"energy":{"pkg":235.88323974609375,"pp0":0,"dram":66.5316162109375},"cycles":13081237428}
{"runtime":6390,"energy":{"pkg":240.7957763671875,"pp0":0,"dram":69.78851318359375},"cycles":13951563738}
{"runtime":6367,"energy":{"pkg":241.55767822265625,"pp0":0,"dram":69.063720703125},"cycles":13865585349}
{"runtime":6063,"energy":{"pkg":234.83056640625,"pp0":0,"dram":66.45477294921875},"cycles":13215749946}
{"runtime":6678,"energy":{"pkg":248.20501708984375,"pp0":0,"dram":71.435791015625},"cycles":14497886613}
{"runtime":5886,"energy":{"pkg":229.986328125,"pp0":0,"dram":65.23583984375},"cycles":12850925661}
{"runtime":5898,"energy":{"pkg":230.66619873046875,"pp0":0,"dram":65.3414306640625},"cycles":12890029467}
{"runtime":6115,"energy":{"pkg":237.2861328125,"pp0":0,"dram":67.25128173828125},"cycles":13383880713}
{"runtime":6393,"energy":{"pkg":239.67474365234375,"pp0":0,"dram":69.00811767578125},"cycles":13965313089}
{"runtime":6990,"energy":{"pkg":251.62945556640625,"pp0":0,"dram":75.36785888671875},"cycles":15202438398}
{"runtime":6197,"energy":{"pkg":238.790771484375,"pp0":0,"dram":67.57952880859375},"cycles":13531624365}
{"runtime":6399,"energy":{"pkg":245.2484130859375,"pp0":0,"dram":69.99957275390625},"cycles":14012771703}
