{"runtime":4044,"energy":{"pkg":151.7515869140625,"pp0":0,"dram":30.23583984375},"cycles":8464915074}
{"runtime":4692,"energy":{"pkg":160.64215087890625,"pp0":0,"dram":35.0072021484375},"cycles":9821784630}
{"runtime":4040,"energy":{"pkg":151.702392578125,"pp0":0,"dram":30.30255126953125},"cycles":8457915207}
{"runtime":3703,"energy":{"pkg":142.63525390625,"pp0":0,"dram":27.5672607421875},"cycles":7756080990}
{"runtime":3707,"energy":{"pkg":142.787109375,"pp0":0,"dram":27.8319091796875},"cycles":7758841335}
{"runtime":3714,"energy":{"pkg":142.89471435546875,"pp0":0,"dram":27.8187255859375},"cycles":7767373761}
{"runtime":3709,"energy":{"pkg":142.68133544921875,"pp0":0,"dram":27.669921875},"cycles":7763083125}
{"runtime":3711,"energy":{"pkg":142.82208251953125,"pp0":0,"dram":27.48504638671875},"cycles":7763337897}
{"runtime":3712,"energy":{"pkg":142.7977294921875,"pp0":0,"dram":27.69097900390625},"cycles":7767903276}
{"runtime":3707,"energy":{"pkg":142.8758544921875,"pp0":0,"dram":27.6939697265625},"cycles":7759017882}
{"runtime":3707,"energy":{"pkg":142.6419677734375,"pp0":0,"dram":27.21026611328125},"cycles":7761953052}
{"runtime":4609,"energy":{"pkg":158.90789794921875,"pp0":0,"dram":34.18402099609375},"cycles":9647469657}
{"runtime":3989,"energy":{"pkg":150.30938720703125,"pp0":0,"dram":29.53057861328125},"cycles":8349208959}
{"runtime":4202,"energy":{"pkg":150.7657470703125,"pp0":0,"dram":30.90948486328125},"cycles":8790366816}
{"runtime":3751,"energy":{"pkg":143.36065673828125,"pp0":0,"dram":27.69879150390625},"cycles":7844341974}
{"runtime":4641,"energy":{"pkg":159.3883056640625,"pp0":0,"dram":34.51141357421875},"cycles":9709552167}
{"runtime":3712,"energy":{"pkg":142.68475341796875,"pp0":0,"dram":27.69805908203125},"cycles":7765051581}
{"runtime":3713,"energy":{"pkg":142.82574462890625,"pp0":0,"dram":27.60076904296875},"cycles":7763602350}
{"runtime":4000,"energy":{"pkg":150.4918212890625,"pp0":0,"dram":29.52532958984375},"cycles":8373098811}
{"runtime":3712,"energy":{"pkg":142.6951904296875,"pp0":0,"dram":27.3070068359375},"cycles":7763188230}
{"runtime":3744,"energy":{"pkg":143.2225341796875,"pp0":0,"dram":27.68988037109375},"cycles":7827222270}
