{"runtime":3287,"energy":{"pkg":150.763427734375,"pp0":0,"dram":68.6796875},"cycles":46826402574}
{"runtime":2906,"energy":{"pkg":147.05023193359375,"pp0":0,"dram":64.843017578125},"cycles":44877415317}
{"runtime":3146,"energy":{"pkg":155.00799560546875,"pp0":0,"dram":67.7890625},"cycles":46030168401}
{"runtime":3243,"energy":{"pkg":149.94268798828125,"pp0":0,"dram":67.81317138671875},"cycles":45974117280}
{"runtime":3351,"energy":{"pkg":151.8648681640625,"pp0":0,"dram":69.46044921875},"cycles":47626533906}
{"runtime":2998,"energy":{"pkg":148.04364013671875,"pp0":0,"dram":65.4913330078125},"cycles":45575146890}
{"runtime":3190,"energy":{"pkg":151.8746337890625,"pp0":0,"dram":67.662109375},"cycles":46531759890}
{"runtime":3207,"energy":{"pkg":152.354248046875,"pp0":0,"dram":67.40301513671875},"cycles":45429939597}
{"runtime":3282,"energy":{"pkg":150.17266845703125,"pp0":0,"dram":68.87884521484375},"cycles":47230627542}
{"runtime":3213,"energy":{"pkg":151.84991455078125,"pp0":0,"dram":66.44793701171875},"cycles":44744347473}
{"runtime":3216,"energy":{"pkg":155.76837158203125,"pp0":0,"dram":67.49517822265625},"cycles":45713292366}
{"runtime":3312,"energy":{"pkg":151.7154541015625,"pp0":0,"dram":68.64520263671875},"cycles":46950779778}
{"runtime":3246,"energy":{"pkg":150.9725341796875,"pp0":0,"dram":67.2158203125},"cycles":46079904801}
{"runtime":3202,"energy":{"pkg":149.6541748046875,"pp0":0,"dram":67.289794921875},"cycles":45981867036}
{"runtime":3304,"energy":{"pkg":154.058837890625,"pp0":0,"dram":68.25323486328125},"cycles":47526498579}
{"runtime":3267,"energy":{"pkg":153.8016357421875,"pp0":0,"dram":68.04986572265625},"cycles":46114078983}
{"runtime":3196,"energy":{"pkg":151.5018310546875,"pp0":0,"dram":67.48809814453125},"cycles":46156374474}
{"runtime":3357,"energy":{"pkg":154.03204345703125,"pp0":0,"dram":69.65692138671875},"cycles":47990674158}
{"runtime":2908,"energy":{"pkg":147.6929931640625,"pp0":0,"dram":64.2686767578125},"cycles":45384964422}
{"runtime":3038,"energy":{"pkg":147.90069580078125,"pp0":0,"dram":65.77264404296875},"cycles":45797496990}
{"runtime":3167,"energy":{"pkg":152.49261474609375,"pp0":0,"dram":67.4373779296875},"cycles":46360092618}
