{"runtime":3063,"energy":{"pkg":154.43310546875,"pp0":0,"dram":65.51812744140625},"cycles":35836323387}
{"runtime":3139,"energy":{"pkg":154.248291015625,"pp0":0,"dram":65.81939697265625},"cycles":36218865945}
{"runtime":3267,"energy":{"pkg":150.6201171875,"pp0":0,"dram":67.09893798828125},"cycles":35146017682}
{"runtime":3145,"energy":{"pkg":148.9140625,"pp0":0,"dram":66.841064453125},"cycles":36418973937}
{"runtime":3327,"energy":{"pkg":155.40728759765625,"pp0":0,"dram":68.111572265625},"cycles":35745939069}
{"runtime":3262,"energy":{"pkg":149.33734130859375,"pp0":0,"dram":68.40960693359375},"cycles":35295711336}
{"runtime":3202,"energy":{"pkg":156.143310546875,"pp0":0,"dram":66.11676025390625},"cycles":35002141298}
{"runtime":3128,"energy":{"pkg":149.7327880859375,"pp0":0,"dram":66.31695556640625},"cycles":35116737053}
{"runtime":3003,"energy":{"pkg":147.1114501953125,"pp0":0,"dram":65.458251953125},"cycles":36453432079}
{"runtime":3127,"energy":{"pkg":152.7406005859375,"pp0":0,"dram":65.9056396484375},"cycles":35826622437}
