{"runtime":3865,"energy":{"pkg":293.16876220703125,"pp0":0,"dram":35.614501953125},"cycles":222045667011}
{"runtime":3684,"energy":{"pkg":298.62945556640625,"pp0":0,"dram":34.6029052734375},"cycles":219539387907}
{"runtime":3486,"energy":{"pkg":286.3131103515625,"pp0":0,"dram":32.13970947265625},"cycles":204710730756}
{"runtime":3418,"energy":{"pkg":288.33294677734375,"pp0":0,"dram":31.66705322265625},"cycles":205856177226}
{"runtime":3573,"energy":{"pkg":283.8411865234375,"pp0":0,"dram":33.18798828125},"cycles":214406583804}
{"runtime":3505,"energy":{"pkg":295.10546875,"pp0":0,"dram":32.24700927734375},"cycles":200136382887}
{"runtime":3648,"energy":{"pkg":290.49810791015625,"pp0":0,"dram":34.01953125},"cycles":210114866073}
{"runtime":3374,"energy":{"pkg":276.92950439453125,"pp0":0,"dram":31.5478515625},"cycles":205484156220}
{"runtime":3557,"energy":{"pkg":294.9471435546875,"pp0":0,"dram":32.417724609375},"cycles":207956040936}
{"runtime":3597,"energy":{"pkg":280.21881103515625,"pp0":0,"dram":34.04412841796875},"cycles":209097615027}
{"runtime":3450,"energy":{"pkg":290.43695068359375,"pp0":0,"dram":32.1241455078125},"cycles":195864547956}
{"runtime":3693,"energy":{"pkg":302.18194580078125,"pp0":0,"dram":35.26116943359375},"cycles":218151099138}
{"runtime":3615,"energy":{"pkg":289.74896240234375,"pp0":0,"dram":34.4957275390625},"cycles":216092105061}
{"runtime":3109,"energy":{"pkg":270.06256103515625,"pp0":0,"dram":29.70269775390625},"cycles":186666252276}
{"runtime":3483,"energy":{"pkg":294.46771240234375,"pp0":0,"dram":33.025634765625},"cycles":198508551192}
{"runtime":3592,"energy":{"pkg":290.96600341796875,"pp0":0,"dram":34.35809326171875},"cycles":215946655890}
{"runtime":3594,"energy":{"pkg":300.80413818359375,"pp0":0,"dram":34.2236328125},"cycles":213923621625}
{"runtime":3187,"energy":{"pkg":277.962158203125,"pp0":0,"dram":30.3900146484375},"cycles":192778785717}
{"runtime":3374,"energy":{"pkg":293.03350830078125,"pp0":0,"dram":32.2830810546875},"cycles":201288929730}
{"runtime":3419,"energy":{"pkg":286.49676513671875,"pp0":0,"dram":32.07244873046875},"cycles":195564680430}
{"runtime":3377,"energy":{"pkg":291.69696044921875,"pp0":0,"dram":32.16204833984375},"cycles":200327164128}
