{"runtime":3654,"energy":{"pkg":284.42333984375,"pp0":0,"dram":33.56793212890625},"cycles":196324328686}
{"runtime":3539,"energy":{"pkg":274.39971923828125,"pp0":0,"dram":32.53509521484375},"cycles":187064980100}
{"runtime":3424,"energy":{"pkg":284.74444580078125,"pp0":0,"dram":31.36846923828125},"cycles":190334770364}
{"runtime":3600,"energy":{"pkg":288.1099853515625,"pp0":0,"dram":33.61968994140625},"cycles":198454518793}
{"runtime":3280,"energy":{"pkg":285.28741455078125,"pp0":0,"dram":30.21124267578125},"cycles":196848407798}
{"runtime":3564,"energy":{"pkg":297.78887939453125,"pp0":0,"dram":32.548828125},"cycles":199461416502}
{"runtime":3334,"energy":{"pkg":288.7999267578125,"pp0":0,"dram":30.80047607421875},"cycles":199167573858}
{"runtime":3540,"energy":{"pkg":294.48187255859375,"pp0":0,"dram":32.421875},"cycles":197314869328}
{"runtime":3666,"energy":{"pkg":299.35858154296875,"pp0":0,"dram":32.95330810546875},"cycles":200375190900}
{"runtime":3841,"energy":{"pkg":282.47503662109375,"pp0":0,"dram":34.82342529296875},"cycles":200980748388}
