{"runtime":2408,"energy":{"pkg":78.791015625,"pp0":0,"dram":23.18560791015625},"cycles":12963637671}
{"runtime":2170,"energy":{"pkg":79.4794921875,"pp0":0,"dram":23.7337646484375},"cycles":13071584761}
{"runtime":2143,"energy":{"pkg":74.93023681640625,"pp0":0,"dram":21.06671142578125},"cycles":12783333233}
{"runtime":2200,"energy":{"pkg":76.18511962890625,"pp0":0,"dram":23.24005126953125},"cycles":13478875222}
{"runtime":2114,"energy":{"pkg":74.17816162109375,"pp0":0,"dram":22.17645263671875},"cycles":13071902910}
{"runtime":2103,"energy":{"pkg":73.43621826171875,"pp0":0,"dram":20.4744873046875},"cycles":12611885099}
{"runtime":2156,"energy":{"pkg":77.8760986328125,"pp0":0,"dram":22.166015625},"cycles":12745620889}
{"runtime":2118,"energy":{"pkg":74.76104736328125,"pp0":0,"dram":21.8270263671875},"cycles":12725419941}
{"runtime":1917,"energy":{"pkg":79.48370361328125,"pp0":0,"dram":18.85186767578125},"cycles":13349682705}
{"runtime":2442,"energy":{"pkg":81.96490478515625,"pp0":0,"dram":24.42510986328125},"cycles":12919464288}
