{"runtime":8288,"energy":{"pkg":291.29608154296875,"pp0":0,"dram":61.1875},"cycles":17502403023}
{"runtime":7931,"energy":{"pkg":294.059814453125,"pp0":0,"dram":58.65869140625},"cycles":16749281598}
{"runtime":8285,"energy":{"pkg":287.92620849609375,"pp0":0,"dram":61.16973876953125},"cycles":17483982558}
{"runtime":8195,"energy":{"pkg":285.1229248046875,"pp0":0,"dram":60.52630615234375},"cycles":17309279190}
{"runtime":8257,"energy":{"pkg":287.41778564453125,"pp0":0,"dram":61.209228515625},"cycles":17414489316}
{"runtime":7923,"energy":{"pkg":290.106201171875,"pp0":0,"dram":58.86822509765625},"cycles":16734588717}
{"runtime":8334,"energy":{"pkg":287.8734130859375,"pp0":0,"dram":61.52191162109375},"cycles":17571939357}
{"runtime":8220,"energy":{"pkg":287.480712890625,"pp0":0,"dram":60.8209228515625},"cycles":17331529824}
{"runtime":7927,"energy":{"pkg":290.2408447265625,"pp0":0,"dram":58.4183349609375},"cycles":16744153251}
{"runtime":8245,"energy":{"pkg":285.38006591796875,"pp0":0,"dram":60.6922607421875},"cycles":17409012369}
{"runtime":7926,"energy":{"pkg":288.20269775390625,"pp0":0,"dram":58.33563232421875},"cycles":16746769452}
{"runtime":8326,"energy":{"pkg":286.1300048828125,"pp0":0,"dram":61.2877197265625},"cycles":17583097959}
{"runtime":7925,"energy":{"pkg":288.58905029296875,"pp0":0,"dram":58.16632080078125},"cycles":16737742560}
{"runtime":7922,"energy":{"pkg":288.59228515625,"pp0":0,"dram":58.63751220703125},"cycles":16733067918}
{"runtime":7925,"energy":{"pkg":287.9100341796875,"pp0":0,"dram":58.5577392578125},"cycles":16739537451}
{"runtime":7925,"energy":{"pkg":287.65380859375,"pp0":0,"dram":58.21173095703125},"cycles":16739063838}
{"runtime":7925,"energy":{"pkg":287.77642822265625,"pp0":0,"dram":58.06549072265625},"cycles":16738201305}
{"runtime":7925,"energy":{"pkg":287.921875,"pp0":0,"dram":58.28570556640625},"cycles":16740316845}
{"runtime":7926,"energy":{"pkg":287.98565673828125,"pp0":0,"dram":58.25726318359375},"cycles":16746229353}
{"runtime":7925,"energy":{"pkg":288.7529296875,"pp0":0,"dram":58.343017578125},"cycles":16740084039}
{"runtime":7924,"energy":{"pkg":289.11444091796875,"pp0":0,"dram":58.488037109375},"cycles":16737396606}
