{"runtime":8165,"energy":{"pkg":284.60772705078125,"pp0":0,"dram":59.98779296875},"cycles":16657106459}
{"runtime":7927,"energy":{"pkg":287.32275390625,"pp0":0,"dram":58.16900634765625},"cycles":16666908850}
{"runtime":7986,"energy":{"pkg":287.872314453125,"pp0":0,"dram":58.0234375},"cycles":16669860305}
{"runtime":7932,"energy":{"pkg":286.37811279296875,"pp0":0,"dram":57.83258056640625},"cycles":16673746190}
{"runtime":8259,"energy":{"pkg":288.7867431640625,"pp0":0,"dram":61.1715087890625},"cycles":16658723090}
{"runtime":8341,"energy":{"pkg":285.02069091796875,"pp0":0,"dram":61.0367431640625},"cycles":16672830608}
{"runtime":8219,"energy":{"pkg":284.3946533203125,"pp0":0,"dram":59.79412841796875},"cycles":16650554570}
{"runtime":7928,"energy":{"pkg":285.991943359375,"pp0":0,"dram":57.5687255859375},"cycles":16667969067}
{"runtime":8231,"energy":{"pkg":285.44012451171875,"pp0":0,"dram":59.72869873046875},"cycles":16656738824}
{"runtime":8315,"energy":{"pkg":283.86431884765625,"pp0":0,"dram":60.9197998046875},"cycles":16659510173}
