{"runtime":1280,"energy":{"pkg":39.9813232421875,"pp0":0,"dram":15.11773681640625},"cycles":6423015606}
{"runtime":1315,"energy":{"pkg":40.90582275390625,"pp0":0,"dram":15.44757080078125},"cycles":6670508019}
{"runtime":1377,"energy":{"pkg":42.17828369140625,"pp0":0,"dram":15.9974365234375},"cycles":6665398425}
{"runtime":1369,"energy":{"pkg":41.40960693359375,"pp0":0,"dram":16.037353515625},"cycles":6691776756}
{"runtime":1376,"energy":{"pkg":41.94482421875,"pp0":0,"dram":15.75341796875},"cycles":6565733580}
{"runtime":1385,"energy":{"pkg":42.51055908203125,"pp0":0,"dram":15.92498779296875},"cycles":6651891057}
{"runtime":1332,"energy":{"pkg":40.586669921875,"pp0":0,"dram":15.66461181640625},"cycles":6646332042}
{"runtime":1282,"energy":{"pkg":39.59259033203125,"pp0":0,"dram":15.26513671875},"cycles":6537241473}
{"runtime":1288,"energy":{"pkg":40.16082763671875,"pp0":0,"dram":15.34320068359375},"cycles":6497195607}
{"runtime":1313,"energy":{"pkg":40.2547607421875,"pp0":0,"dram":15.47491455078125},"cycles":6471514875}
{"runtime":1358,"energy":{"pkg":41.490478515625,"pp0":0,"dram":15.70953369140625},"cycles":6686935752}
{"runtime":1370,"energy":{"pkg":41.71844482421875,"pp0":0,"dram":15.82623291015625},"cycles":6546985704}
{"runtime":1133,"energy":{"pkg":36.5303955078125,"pp0":0,"dram":14.25628662109375},"cycles":6345070221}
{"runtime":1306,"energy":{"pkg":40.430419921875,"pp0":0,"dram":15.244140625},"cycles":6406027614}
{"runtime":1345,"energy":{"pkg":41.07171630859375,"pp0":0,"dram":15.51025390625},"cycles":6444241398}
{"runtime":1350,"energy":{"pkg":41.35845947265625,"pp0":0,"dram":15.8740234375},"cycles":6735805545}
{"runtime":1274,"energy":{"pkg":39.21087646484375,"pp0":0,"dram":15.16925048828125},"cycles":6418192935}
{"runtime":1294,"energy":{"pkg":39.92486572265625,"pp0":0,"dram":15.4085693359375},"cycles":6438648615}
{"runtime":1255,"energy":{"pkg":38.1170654296875,"pp0":0,"dram":15.874267578125},"cycles":6636828135}
{"runtime":1355,"energy":{"pkg":41.242431640625,"pp0":0,"dram":15.91510009765625},"cycles":6738974319}
{"runtime":1160,"energy":{"pkg":36.780029296875,"pp0":0,"dram":13.91180419921875},"cycles":6092917656}
