{"runtime":901,"energy":{"pkg":51.846435546875,"pp0":0,"dram":10.7548828125},"cycles":42612583763}
{"runtime":905,"energy":{"pkg":58.9840087890625,"pp0":0,"dram":10.98223876953125},"cycles":46328913457}
{"runtime":804,"energy":{"pkg":56.72698974609375,"pp0":0,"dram":9.59368896484375},"cycles":40335289691}
{"runtime":755,"energy":{"pkg":53.23486328125,"pp0":0,"dram":8.970703125},"cycles":37859946396}
{"runtime":799,"energy":{"pkg":56.91217041015625,"pp0":0,"dram":9.6243896484375},"cycles":41315287489}
{"runtime":837,"energy":{"pkg":59.557861328125,"pp0":0,"dram":10.07281494140625},"cycles":43306891420}
{"runtime":769,"energy":{"pkg":54.50030517578125,"pp0":0,"dram":9.05645751953125},"cycles":39279245804}
{"runtime":784,"energy":{"pkg":55.12896728515625,"pp0":0,"dram":9.428466796875},"cycles":38032362609}
{"runtime":795,"energy":{"pkg":56.74420166015625,"pp0":0,"dram":9.5123291015625},"cycles":40432228692}
{"runtime":830,"energy":{"pkg":58.92694091796875,"pp0":0,"dram":10.0526123046875},"cycles":42180589675}
