{"runtime":841,"energy":{"pkg":54.97357177734375,"pp0":0,"dram":10.070068359375},"cycles":42691881435}
{"runtime":815,"energy":{"pkg":56.8948974609375,"pp0":0,"dram":9.846923828125},"cycles":41499000774}
{"runtime":750,"energy":{"pkg":52.75048828125,"pp0":0,"dram":8.8731689453125},"cycles":37473911538}
{"runtime":806,"energy":{"pkg":56.0965576171875,"pp0":0,"dram":9.6568603515625},"cycles":39792643590}
{"runtime":763,"energy":{"pkg":53.8292236328125,"pp0":0,"dram":9.05096435546875},"cycles":39005416758}
{"runtime":861,"energy":{"pkg":61.24786376953125,"pp0":0,"dram":10.4451904296875},"cycles":46599168903}
{"runtime":826,"energy":{"pkg":58.65850830078125,"pp0":0,"dram":9.99798583984375},"cycles":41768537118}
{"runtime":831,"energy":{"pkg":59.1180419921875,"pp0":0,"dram":10.17706298828125},"cycles":43663355736}
{"runtime":830,"energy":{"pkg":57.956787109375,"pp0":0,"dram":10.035888671875},"cycles":41850366285}
{"runtime":801,"energy":{"pkg":55.36090087890625,"pp0":0,"dram":9.6925048828125},"cycles":39022257981}
{"runtime":814,"energy":{"pkg":57.10626220703125,"pp0":0,"dram":9.63299560546875},"cycles":39835885971}
{"runtime":763,"energy":{"pkg":53.04217529296875,"pp0":0,"dram":9.0252685546875},"cycles":37287357219}
{"runtime":835,"energy":{"pkg":59.70849609375,"pp0":0,"dram":10.13568115234375},"cycles":44791426008}
{"runtime":780,"energy":{"pkg":54.7149658203125,"pp0":0,"dram":9.33843994140625},"cycles":39120407823}
{"runtime":801,"energy":{"pkg":57.0205078125,"pp0":0,"dram":9.61773681640625},"cycles":42297495219}
{"runtime":806,"energy":{"pkg":57.04437255859375,"pp0":0,"dram":9.7139892578125},"cycles":42452628582}
{"runtime":854,"energy":{"pkg":61.3759765625,"pp0":0,"dram":10.42132568359375},"cycles":46300567992}
{"runtime":780,"energy":{"pkg":54.7105712890625,"pp0":0,"dram":9.304931640625},"cycles":39127422117}
{"runtime":865,"energy":{"pkg":60.86151123046875,"pp0":0,"dram":10.348388671875},"cycles":43161237987}
{"runtime":747,"energy":{"pkg":52.92962646484375,"pp0":0,"dram":8.7943115234375},"cycles":38047424646}
{"runtime":816,"energy":{"pkg":58.5823974609375,"pp0":0,"dram":9.91064453125},"cycles":43251719931}
