{"runtime":12050,"energy":{"pkg":912.6309204101562,"pp0":0,"dram":243.8900146484375},"cycles":554257099838}
{"runtime":12459,"energy":{"pkg":933.41357421875,"pp0":0,"dram":250.40130615234375},"cycles":558559173548}
{"runtime":12233,"energy":{"pkg":927.780517578125,"pp0":0,"dram":246.8563232421875},"cycles":555324890040}
{"runtime":12399,"energy":{"pkg":936.5502319335938,"pp0":0,"dram":251.90203857421875},"cycles":567331825273}
{"runtime":12347,"energy":{"pkg":925.12060546875,"pp0":0,"dram":248.18414306640625},"cycles":556953355630}
{"runtime":12311,"energy":{"pkg":928.2196655273438,"pp0":0,"dram":248.70196533203125},"cycles":560619976426}
{"runtime":12165,"energy":{"pkg":921.157958984375,"pp0":0,"dram":246.390869140625},"cycles":547700139253}
{"runtime":12328,"energy":{"pkg":932.0003662109375,"pp0":0,"dram":245.8358154296875},"cycles":559449976468}
{"runtime":12399,"energy":{"pkg":933.8827514648438,"pp0":0,"dram":249.11895751953125},"cycles":557339384362}
{"runtime":12311,"energy":{"pkg":922.9600219726562,"pp0":0,"dram":248.70166015625},"cycles":551170138381}
{"runtime":12199,"energy":{"pkg":914.3599853515625,"pp0":0,"dram":244.48101806640625},"cycles":549203142661}
{"runtime":12035,"energy":{"pkg":913.5675659179688,"pp0":0,"dram":242.97271728515625},"cycles":548947512812}
{"runtime":12534,"energy":{"pkg":932.65087890625,"pp0":0,"dram":249.56365966796875},"cycles":556586358802}
{"runtime":12252,"energy":{"pkg":914.7503662109375,"pp0":0,"dram":245.70587158203125},"cycles":549524747538}
{"runtime":12008,"energy":{"pkg":901.867431640625,"pp0":0,"dram":240.64892578125},"cycles":545132963065}
{"runtime":12476,"energy":{"pkg":931.3394775390625,"pp0":0,"dram":251.15875244140625},"cycles":560645679074}
{"runtime":12331,"energy":{"pkg":931.7019653320312,"pp0":0,"dram":248.6463623046875},"cycles":560338258879}
{"runtime":12494,"energy":{"pkg":943.9653930664062,"pp0":0,"dram":252.07586669921875},"cycles":574330765551}
{"runtime":12188,"energy":{"pkg":921.8712768554688,"pp0":0,"dram":239.63201904296875},"cycles":553035523603}
{"runtime":12367,"energy":{"pkg":933.5543212890625,"pp0":0,"dram":248.3580322265625},"cycles":561741524333}
{"runtime":12363,"energy":{"pkg":926.22412109375,"pp0":0,"dram":248.88934326171875},"cycles":555471695462}
{"runtime":12407,"energy":{"pkg":930.5986328125,"pp0":0,"dram":246.9779052734375},"cycles":553405326244}
{"runtime":12514,"energy":{"pkg":933.5579223632812,"pp0":0,"dram":252.19012451171875},"cycles":557220686002}
{"runtime":12233,"energy":{"pkg":921.998779296875,"pp0":0,"dram":245.7569580078125},"cycles":550476223262}
{"runtime":12161,"energy":{"pkg":927.7813110351562,"pp0":0,"dram":247.01513671875},"cycles":556601333353}
{"runtime":12204,"energy":{"pkg":913.7413940429688,"pp0":0,"dram":246.40240478515625},"cycles":544908081854}
{"runtime":12146,"energy":{"pkg":920.1969604492188,"pp0":0,"dram":244.9046630859375},"cycles":552581616922}
{"runtime":12150,"energy":{"pkg":911.1333618164062,"pp0":0,"dram":246.42816162109375},"cycles":546112488095}
{"runtime":12371,"energy":{"pkg":926.2479858398438,"pp0":0,"dram":246.549560546875},"cycles":560279985959}
{"runtime":12291,"energy":{"pkg":924.8788452148438,"pp0":0,"dram":248.36956787109375},"cycles":552791904539}
{"runtime":12317,"energy":{"pkg":931.376953125,"pp0":0,"dram":246.67779541015625},"cycles":562490957503}
{"runtime":12269,"energy":{"pkg":924.5372924804688,"pp0":0,"dram":247.33502197265625},"cycles":548719852331}
{"runtime":12584,"energy":{"pkg":941.4014282226562,"pp0":0,"dram":251.81378173828125},"cycles":558090656521}
{"runtime":12270,"energy":{"pkg":927.7056884765625,"pp0":0,"dram":247.00299072265625},"cycles":550381363059}
{"runtime":12183,"energy":{"pkg":925.6669921875,"pp0":0,"dram":244.3526611328125},"cycles":552682071086}
{"runtime":12404,"energy":{"pkg":934.9262084960938,"pp0":0,"dram":245.55596923828125},"cycles":556775254160}
{"runtime":12445,"energy":{"pkg":932.3408813476562,"pp0":0,"dram":250.82489013671875},"cycles":556805206482}
{"runtime":12135,"energy":{"pkg":923.7659912109375,"pp0":0,"dram":243.50775146484375},"cycles":555656934395}
{"runtime":12191,"energy":{"pkg":918.146484375,"pp0":0,"dram":246.55047607421875},"cycles":556064485763}
{"runtime":12076,"energy":{"pkg":914.1332397460938,"pp0":0,"dram":243.30712890625},"cycles":546972976638}
{"runtime":12502,"energy":{"pkg":935.5675659179688,"pp0":0,"dram":251.907958984375},"cycles":556369984848}
{"runtime":12254,"energy":{"pkg":921.2985229492188,"pp0":0,"dram":246.48541259765625},"cycles":557162074560}
{"runtime":12306,"energy":{"pkg":923.0607299804688,"pp0":0,"dram":247.04937744140625},"cycles":554979443516}
{"runtime":12384,"energy":{"pkg":931.0450439453125,"pp0":0,"dram":245.7030029296875},"cycles":558528564259}
{"runtime":12410,"energy":{"pkg":929.2291259765625,"pp0":0,"dram":248.8848876953125},"cycles":553486270470}
{"runtime":12039,"energy":{"pkg":910.0983276367188,"pp0":0,"dram":243.92730712890625},"cycles":540934914554}
{"runtime":12085,"energy":{"pkg":910.0230102539062,"pp0":0,"dram":244.282470703125},"cycles":543373956040}
{"runtime":12129,"energy":{"pkg":920.1912231445312,"pp0":0,"dram":245.04510498046875},"cycles":554860953599}
{"runtime":12169,"energy":{"pkg":916.5967407226562,"pp0":0,"dram":245.70025634765625},"cycles":548627361569}
{"runtime":12270,"energy":{"pkg":926.060791015625,"pp0":0,"dram":247.0283203125},"cycles":559324274637}
{"runtime":12329,"energy":{"pkg":933.3817138671875,"pp0":0,"dram":249.53387451171875},"cycles":567439386711}
{"runtime":12618,"energy":{"pkg":943.7369995117188,"pp0":0,"dram":248.49200439453125},"cycles":556892765850}
{"runtime":12339,"energy":{"pkg":933.2147827148438,"pp0":0,"dram":249.83673095703125},"cycles":560898403208}
{"runtime":12039,"energy":{"pkg":924.4937133789062,"pp0":0,"dram":246.72711181640625},"cycles":552082649137}
{"runtime":12159,"energy":{"pkg":921.3358764648438,"pp0":0,"dram":242.78955078125},"cycles":545426884222}
{"runtime":12499,"energy":{"pkg":948.512939453125,"pp0":0,"dram":253.96331787109375},"cycles":565437430562}
{"runtime":12021,"energy":{"pkg":919.740234375,"pp0":0,"dram":241.862060546875},"cycles":549105642817}
{"runtime":12275,"energy":{"pkg":928.1890258789062,"pp0":0,"dram":249.0828857421875},"cycles":553514340102}
{"runtime":12497,"energy":{"pkg":942.8038940429688,"pp0":0,"dram":250.960693359375},"cycles":567485399807}
{"runtime":12000,"energy":{"pkg":901.00732421875,"pp0":0,"dram":241.22344970703125},"cycles":531961241173}
{"runtime":12333,"energy":{"pkg":934.3099365234375,"pp0":0,"dram":248.89569091796875},"cycles":564678954147}
{"runtime":12148,"energy":{"pkg":923.0660400390625,"pp0":0,"dram":245.64691162109375},"cycles":557942021098}
{"runtime":12061,"energy":{"pkg":917.0254516601562,"pp0":0,"dram":245.7926025390625},"cycles":550410063809}
{"runtime":12121,"energy":{"pkg":909.8563842773438,"pp0":0,"dram":244.3209228515625},"cycles":541832474245}
{"runtime":12475,"energy":{"pkg":931.2033081054688,"pp0":0,"dram":249.33203125},"cycles":554957974922}
{"runtime":12236,"energy":{"pkg":923.837158203125,"pp0":0,"dram":248.337890625},"cycles":555588202016}
{"runtime":12315,"energy":{"pkg":926.0347900390625,"pp0":0,"dram":248.9586181640625},"cycles":552472473790}
{"runtime":12405,"energy":{"pkg":927.7369995117188,"pp0":0,"dram":250.54791259765625},"cycles":555740594923}
{"runtime":12225,"energy":{"pkg":931.5570068359375,"pp0":0,"dram":246.5872802734375},"cycles":558901405533}
{"runtime":12308,"energy":{"pkg":923.5585327148438,"pp0":0,"dram":249.21624755859375},"cycles":556184077910}
{"runtime":12111,"energy":{"pkg":920.9109497070312,"pp0":0,"dram":246.5050048828125},"cycles":562541716386}
{"runtime":12206,"energy":{"pkg":918.91943359375,"pp0":0,"dram":246.11468505859375},"cycles":541589566113}
{"runtime":12276,"energy":{"pkg":922.2748413085938,"pp0":0,"dram":247.77685546875},"cycles":555928020406}
{"runtime":12333,"energy":{"pkg":932.9137573242188,"pp0":0,"dram":248.88482666015625},"cycles":564904643703}
{"runtime":12462,