{"runtime":11792,"energy":{"pkg":727.201171875,"pp0":0,"dram":107.16827392578125},"cycles":130709824546}
{"runtime":12443,"energy":{"pkg":636.6172485351562,"pp0":0,"dram":95.582275390625},"cycles":130692919587}
{"runtime":12461,"energy":{"pkg":635.8934936523438,"pp0":0,"dram":97.04791259765625},"cycles":130703556496}
{"runtime":11701,"energy":{"pkg":723.2706909179688,"pp0":0,"dram":108.04254150390625},"cycles":130451663594}
{"runtime":12378,"energy":{"pkg":633.8931884765625,"pp0":0,"dram":95.3885498046875},"cycles":130678475272}
{"runtime":11776,"energy":{"pkg":725.0364990234375,"pp0":0,"dram":108.556396484375},"cycles":130506896045}
{"runtime":12840,"energy":{"pkg":639.7271728515625,"pp0":0,"dram":101.90435791015625},"cycles":130717899108}
{"runtime":11907,"energy":{"pkg":732.069091796875,"pp0":0,"dram":109.51507568359375},"cycles":130897259514}
{"runtime":12359,"energy":{"pkg":633.4611206054688,"pp0":0,"dram":96.908203125},"cycles":130667197890}
{"runtime":12412,"energy":{"pkg":634.4124755859375,"pp0":0,"dram":96.8428955078125},"cycles":130697679650}
{"runtime":12409,"energy":{"pkg":633.0515747070312,"pp0":0,"dram":98.48931884765625},"cycles":130581461687}
{"runtime":12579,"energy":{"pkg":637.786376953125,"pp0":0,"dram":96.43609619140625},"cycles":130624835715}
{"runtime":12419,"energy":{"pkg":633.1240234375,"pp0":0,"dram":98.52301025390625},"cycles":130615259880}
{"runtime":12780,"energy":{"pkg":643.7186279296875,"pp0":0,"dram":98.7069091796875},"cycles":130700378326}
{"runtime":11680,"energy":{"pkg":719.3218994140625,"pp0":0,"dram":107.49609375},"cycles":130764339111}
{"runtime":11865,"energy":{"pkg":727.2969360351562,"pp0":0,"dram":109.460205078125},"cycles":130660013155}
{"runtime":11854,"energy":{"pkg":723.73974609375,"pp0":0,"dram":108.21722412109375},"cycles":130743742812}
{"runtime":12415,"energy":{"pkg":633.8963623046875,"pp0":0,"dram":97.49456787109375},"cycles":130522299760}
{"runtime":12434,"energy":{"pkg":633.8414916992188,"pp0":0,"dram":98.29217529296875},"cycles":130445604566}
{"runtime":12454,"energy":{"pkg":634.6469116210938,"pp0":0,"dram":94.89105224609375},"cycles":130518067593}
{"runtime":11801,"energy":{"pkg":723.3023071289062,"pp0":0,"dram":108.09716796875},"cycles":130533630304}
{"runtime":11832,"energy":{"pkg":728.07958984375,"pp0":0,"dram":108.2769775390625},"cycles":130625364476}
{"runtime":11350,"energy":{"pkg":716.816162109375,"pp0":0,"dram":104.5994873046875},"cycles":130471027126}
{"runtime":11688,"energy":{"pkg":728.98291015625,"pp0":0,"dram":107.8076171875},"cycles":130657765523}
{"runtime":12419,"energy":{"pkg":635.9434814453125,"pp0":0,"dram":95.86187744140625},"cycles":130711398659}
{"runtime":12426,"energy":{"pkg":634.1483764648438,"pp0":0,"dram":96.511962890625},"cycles":130779566573}
{"runtime":12350,"energy":{"pkg":633.0383911132812,"pp0":0,"dram":95.96405029296875},"cycles":130723614901}
{"runtime":12414,"energy":{"pkg":633.8438720703125,"pp0":0,"dram":98.65032958984375},"cycles":130954273444}
{"runtime":11748,"energy":{"pkg":724.0480346679688,"pp0":0,"dram":108.97357177734375},"cycles":130578129755}
{"runtime":11762,"energy":{"pkg":723.3052368164062,"pp0":0,"dram":108.5107421875},"cycles":130607289544}
{"runtime":11651,"energy":{"pkg":722.7918701171875,"pp0":0,"dram":107.11199951171875},"cycles":130459465306}
{"runtime":11738,"energy":{"pkg":732.8888549804688,"pp0":0,"dram":108.01043701171875},"cycles":130686545461}
{"runtime":12299,"energy":{"pkg":630.6800537109375,"pp0":0,"dram":96.36248779296875},"cycles":130758255539}
{"runtime":12490,"energy":{"pkg":636.1012573242188,"pp0":0,"dram":96.5364990234375},"cycles":130600376713}
{"runtime":11682,"energy":{"pkg":721.5800170898438,"pp0":0,"dram":107.62725830078125},"cycles":130843677874}
{"runtime":12350,"energy":{"pkg":632.4973754882812,"pp0":0,"dram":98.295654296875},"cycles":130520450433}
{"runtime":12650,"energy":{"pkg":637.2314453125,"pp0":0,"dram":98.689697265625},"cycles":130475595318}
{"runtime":12529,"energy":{"pkg":636.4863891601562,"pp0":0,"dram":99.0111083984375},"cycles":130720098544}
{"runtime":11857,"energy":{"pkg":726.3071899414062,"pp0":0,"dram":109.2783203125},"cycles":130529396351}
{"runtime":12559,"energy":{"pkg":637.2359008789062,"pp0":0,"dram":96.810302734375},"cycles":130679416119}
{"runtime":12456,"energy":{"pkg":635.4440307617188,"pp0":0,"dram":96.12432861328125},"cycles":130569914934}
{"runtime":12437,"energy":{"pkg":633.4449462890625,"pp0":0,"dram":98.8914794921875},"cycles":130571434418}
{"runtime":12467,"energy":{"pkg":680.6983642578125,"pp0":0,"dram":106.01116943359375},"cycles":130644850731}
{"runtime":11802,"energy":{"pkg":727.4252319335938,"pp0":0,"dram":108.37725830078125},"cycles":130603444295}
{"runtime":12549,"energy":{"pkg":636.7294311523438,"pp0":0,"dram":98.01416015625},"cycles":130541158398}
{"runtime":12508,"energy":{"pkg":636.662109375,"pp0":0,"dram":96.20562744140625},"cycles":130575169763}
{"runtime":12428,"energy":{"pkg":634.1351928710938,"pp0":0,"dram":97.03521728515625},"cycles":130510018479}
{"runtime":11857,"energy":{"pkg":726.6370849609375,"pp0":0,"dram":108.6041259765625},"cycles":130686049823}
{"runtime":12461,"energy":{"pkg":634.9252319335938,"pp0":0,"dram":96.155517578125},"cycles":130491190819}
{"runtime":11813,"energy":{"pkg":724.6887817382812,"pp0":0,"dram":109.304931640625},"cycles":130564690405}
{"runtime":11659,"energy":{"pkg":721.8284301757812,"pp0":0,"dram":108.20428466796875},"cycles":130501400608}
{"runtime":11936,"energy":{"pkg":730.2576904296875,"pp0":0,"dram":110.2086181640625},"cycles":130624489204}
{"runtime":11525,"energy":{"pkg":722.4892578125,"pp0":0,"dram":106.7659912109375},"cycles":130385900441}
{"runtime":11844,"energy":{"pkg":729.785400390625,"pp0":0,"dram":109.59527587890625},"cycles":130577995004}
{"runtime":11678,"energy":{"pkg":733.5122680664062,"pp0":0,"dram":107.87542724609375},"cycles":130455617140}
{"runtime":12535,"energy":{"pkg":638.774169921875,"pp0":0,"dram":97.11456298828125},"cycles":130656876421}
{"runtime":12325,"energy":{"pkg":632.3431396484375,"pp0":0,"dram":98.29144287109375},"cycles":130512775963}
{"runtime":12396,"energy":{"pkg":634.7159423828125,"pp0":0,"dram":96.6605224609375},"cycles":130795298395}
{"runtime":12416,"energy":{"pkg":633.1633911132812,"pp0":0,"dram":99.057861328125},"cycles":130521073741}
{"runtime":12465,"energy":{"pkg":634.5051879882812,"pp0":0,"dram":98.951416015625},"cycles":130535253639}
{"runtime":12395,"energy":{"pkg":633.3927612304688,"pp0":0,"dram":98.3101806640625},"cycles":130625860606}
{"runtime":11852,"energy":{"pkg":726.1363525390625,"pp0":0,"dram":109.31414794921875},"cycles":130795351357}
{"runtime":12360,"energy":{"pkg":631.6991577148438,"pp0":0,"dram":96.98040771484375},"cycles":130610350392}
{"runtime":12523,"energy":{"pkg":636.4287109375,"pp0":0,"dram":95.6868896484375},"cycles":130508520015}
{"runtime":11747,"energy":{"pkg":723.0581665039062,"pp0":0,"dram":108.413818359375},"cycles":130470364214}
{"runtime":12451,"energy":{"pkg":635.8231811523438,"pp0":0,"dram":96.3597412109375},"cycles":130549368311}
{"runtime":11691,"energy":{"pkg":721.6068115234375,"pp0":0,"dram":107.76043701171875},"cycles":130462488733}
{"runtime":12610,"energy":{"pkg":639.8268432617188,"pp0":0,"dram":98.1409912109375},"cycles":130658681205}
{"runtime":12461,"energy":{"pkg":635.8814697265625,"pp0":0,"dram":96.54443359375},"cycles":130528326092}
{"runtime":12244,"energy":{"pkg":629.8148193359375,"pp0":0,"dram":97.24896240234375},"cycles":130512953898}
{"runtime":12433,"energy":{"pkg":634.4385986328125,"pp0":0,"dram":96.56561279296875},"cycles":130509615241}
{"runtime":12400,"energy":{"pkg":632.8234252929688,"pp0":0,"dram":98.85296630859375},"cycles":130522259892}
{"runtime":12543,"energy":{"pkg":637.1941528320312,"pp0":0,"dram":97.525390625},"cycles":130758362372}
{"runtime":11477,"energy":{"pkg":718.699951171875,"pp0":0,"dram":106.1580810546875},"cycles":130630700707}
{"runtime":12425,"energy":{"pkg":634.2587280273438,"pp0":0,"dram":96.5357666015625},