{"runtime":1587,"energy":{"pkg":77.95953369140625,"pp0":0,"dram":19.7410888671875},"cycles":12252887769}
{"runtime":1580,"energy":{"pkg":76.944580078125,"pp0":0,"dram":19.84918212890625},"cycles":12278194302}
{"runtime":1807,"energy":{"pkg":73.93231201171875,"pp0":0,"dram":20.38800048828125},"cycles":12182864979}
{"runtime":1762,"energy":{"pkg":74.42559814453125,"pp0":0,"dram":20.921630859375},"cycles":12249516642}
{"runtime":1777,"energy":{"pkg":74.49029541015625,"pp0":0,"dram":21.3173828125},"cycles":12245038807}
{"runtime":1724,"energy":{"pkg":74.03753662109375,"pp0":0,"dram":18.94647216796875},"cycles":12128021129}
{"runtime":1597,"energy":{"pkg":71.45440673828125,"pp0":0,"dram":19.87518310546875},"cycles":12287138256}
{"runtime":1607,"energy":{"pkg":78.66522216796875,"pp0":0,"dram":18.99383544921875},"cycles":12270227139}
{"runtime":1900,"energy":{"pkg":79.289794921875,"pp0":0,"dram":22.10821533203125},"cycles":12213857225}
{"runtime":1844,"energy":{"pkg":76.26776123046875,"pp0":0,"dram":22.00054931640625},"cycles":12193046396}
{"runtime":1825,"energy":{"pkg":77.1217041015625,"pp0":0,"dram":21.11651611328125},"cycles":12215512638}
{"runtime":1713,"energy":{"pkg":78.67742919921875,"pp0":0,"dram":18.05816650390625},"cycles":12189411214}
{"runtime":1926,"energy":{"pkg":78.76190185546875,"pp0":0,"dram":23.09100341796875},"cycles":12240489547}
{"runtime":2107,"energy":{"pkg":84.22198486328125,"pp0":0,"dram":24.35650634765625},"cycles":12211585584}
{"runtime":1843,"energy":{"pkg":76.7462158203125,"pp0":0,"dram":21.44818115234375},"cycles":12213078442}
{"runtime":1844,"energy":{"pkg":80.80499267578125,"pp0":0,"dram":20.3472900390625},"cycles":12175698248}
{"runtime":1916,"energy":{"pkg":77.27691650390625,"pp0":0,"dram":22.595703125},"cycles":12235040153}
{"runtime":1851,"energy":{"pkg":78.8486328125,"pp0":0,"dram":22.06817626953125},"cycles":12212280838}
{"runtime":2204,"energy":{"pkg":90.40692138671875,"pp0":0,"dram":25.4376220703125},"cycles":12268938844}
{"runtime":1690,"energy":{"pkg":74.52484130859375,"pp0":0,"dram":18.452392578125},"cycles":12200196386}
{"runtime":1527,"energy":{"pkg":77.89178466796875,"pp0":0,"dram":18.345458984375},"cycles":12256594914}
{"runtime":1674,"energy":{"pkg":75.70458984375,"pp0":0,"dram":20.3101806640625},"cycles":12251635406}
{"runtime":1792,"energy":{"pkg":77.88922119140625,"pp0":0,"dram":21.1700439453125},"cycles":12194425061}
{"runtime":1858,"energy":{"pkg":77.062744140625,"pp0":0,"dram":21.54986572265625},"cycles":12220672386}
{"runtime":1789,"energy":{"pkg":89.77056884765625,"pp0":0,"dram":23.04901123046875},"cycles":12435571157}
{"runtime":1637,"energy":{"pkg":75.28887939453125,"pp0":0,"dram":20.29425048828125},"cycles":12280020191}
{"runtime":1733,"energy":{"pkg":72.7811279296875,"pp0":0,"dram":18.3094482421875},"cycles":12145207395}
{"runtime":1781,"energy":{"pkg":81.23443603515625,"pp0":0,"dram":22.37677001953125},"cycles":12280030809}
{"runtime":2007,"energy":{"pkg":81.71697998046875,"pp0":0,"dram":23.33447265625},"cycles":12205591744}
{"runtime":1586,"energy":{"pkg":83.218505859375,"pp0":0,"dram":19.59417724609375},"cycles":12257828221}
{"runtime":1997,"energy":{"pkg":82.50006103515625,"pp0":0,"dram":21.9310302734375},"cycles":12234851813}
{"runtime":1905,"energy":{"pkg":77.50830078125,"pp0":0,"dram":20.85455322265625},"cycles":12161043790}
{"runtime":1830,"energy":{"pkg":80.36297607421875,"pp0":0,"dram":21.33148193359375},"cycles":12200883779}
{"runtime":2188,"energy":{"pkg":85.3792724609375,"pp0":0,"dram":25.04461669921875},"cycles":12246630478}
{"runtime":2011,"energy":{"pkg":84.1854248046875,"pp0":0,"dram":21.9014892578125},"cycles":12165808611}
{"runtime":1883,"energy":{"pkg":80.57598876953125,"pp0":0,"dram":22.942626953125},"cycles":12245572086}
{"runtime":1838,"energy":{"pkg":74.8177490234375,"pp0":0,"dram":21.6966552734375},"cycles":12245746213}
{"runtime":1808,"energy":{"pkg":77.338134765625,"pp0":0,"dram":21.2747802734375},"cycles":12208573601}
{"runtime":1807,"energy":{"pkg":82.7391357421875,"pp0":0,"dram":20.88287353515625},"cycles":12234304482}
{"runtime":1861,"energy":{"pkg":76.87384033203125,"pp0":0,"dram":21.69110107421875},"cycles":12215872299}
{"runtime":1688,"energy":{"pkg":83.1295166015625,"pp0":0,"dram":21.44281005859375},"cycles":12400506420}
{"runtime":1724,"energy":{"pkg":77.96990966796875,"pp0":0,"dram":21.42584228515625},"cycles":12261226372}
{"runtime":2251,"energy":{"pkg":99.0518798828125,"pp0":0,"dram":28.48077392578125},"cycles":12153596537}
{"runtime":1799,"energy":{"pkg":80.26708984375,"pp0":0,"dram":19.558837890625},"cycles":12223377884}
{"runtime":1795,"energy":{"pkg":79.36358642578125,"pp0":0,"dram":21.02813720703125},"cycles":12283490115}
{"runtime":2063,"energy":{"pkg":85.6680908203125,"pp0":0,"dram":23.768310546875},"cycles":12247593467}
{"runtime":2289,"energy":{"pkg":88.83734130859375,"pp0":0,"dram":24.13079833984375},"cycles":12188701135}
{"runtime":1794,"energy":{"pkg":85.4990234375,"pp0":0,"dram":21.64349365234375},"cycles":12231952232}
{"runtime":1994,"energy":{"pkg":81.86669921875,"pp0":0,"dram":24.0714111328125},"cycles":12288344279}
{"runtime":1714,"energy":{"pkg":83.32952880859375,"pp0":0,"dram":20.12890625},"cycles":12242149528}
{"runtime":2270,"energy":{"pkg":96.9329833984375,"pp0":0,"dram":24.9168701171875},"cycles":12262554941}
{"runtime":1712,"energy":{"pkg":72.86083984375,"pp0":0,"dram":20.5328369140625},"cycles":12252277984}
{"runtime":2054,"energy":{"pkg":93.23577880859375,"pp0":0,"dram":23.2523193359375},"cycles":12334968576}
{"runtime":1760,"energy":{"pkg":85.091552734375,"pp0":0,"dram":21.7642822265625},"cycles":12255224255}
{"runtime":1661,"energy":{"pkg":76.878662109375,"pp0":0,"dram":20.54193115234375},"cycles":12271846445}
{"runtime":1768,"energy":{"pkg":77.11065673828125,"pp0":0,"dram":20.87445068359375},"cycles":12187553401}
{"runtime":1769,"energy":{"pkg":77.4794921875,"pp0":0,"dram":20.95428466796875},"cycles":12406490653}
{"runtime":1924,"energy":{"pkg":79.1365966796875,"pp0":0,"dram":22.318115234375},"cycles":12221213211}
{"runtime":1844,"energy":{"pkg":80.17388916015625,"pp0":0,"dram":21.50897216796875},"cycles":12240584326}
{"runtime":1784,"energy":{"pkg":80.3973388671875,"pp0":0,"dram":21.2401123046875},"cycles":12194186270}
{"runtime":1676,"energy":{"pkg":76.876708984375,"pp0":0,"dram":20.27960205078125},"cycles":12301473863}
{"runtime":1929,"energy":{"pkg":79.7652587890625,"pp0":0,"dram":22.78045654296875},"cycles":12226963058}
{"runtime":1747,"energy":{"pkg":78.7490234375,"pp0":0,"dram":21.4046630859375},"cycles":12233096589}
{"runtime":1916,"energy":{"pkg":83.168212890625,"pp0":0,"dram":20.69488525390625},"cycles":12186759356}
{"runtime":2060,"energy":{"pkg":83.80853271484375,"pp0":0,"dram":24.72723388671875},"cycles":12242853721}
{"runtime":1789,"energy":{"pkg":80.20068359375,"pp0":0,"dram":21.45538330078125},"cycles":12231558176}
{"runtime":1867,"energy":{"pkg":84.4354248046875,"pp0":0,"dram":22.38629150390625},"cycles":12217341702}
{"runtime":1831,"energy":{"pkg":81.07427978515625,"pp0":0,"dram":21.2958984375},"cycles":12201559553}
{"runtime":1747,"energy":{"pkg":78.4659423828125,"pp0":0,"dram":20.50189208984375},"cycles":12209907532}
{"runtime":1955,"energy":{"pkg":85.4337158203125,"pp0":0,"dram":21.9144287109375},"cycles":12208487912}
{"runtime":1805,"energy":{"pkg":79.47052001953125,"pp0":0,"dram":21.4140625},"cycles":12229446215}
{"runtime":2065,"energy":{"pkg":88.5634765625,"pp0":0,"dram":24.06024169921875},"cycles":12243394219}
{"runtime":1905,"energy":{"pkg":78.28094482421875,"pp0":0,"dram":22.5684814453125},"cycles":12202564430}
{"runtime":1798,"energy":{"pkg":81.63287353515625,"pp0":0,"dram":20.9630126953125},"cycles":12178583922}
{"runtime":1705,"energy":{"pkg":79.705810546875,"pp0":0,"dram":20.385009765625},"cycles":12252413561}
{"runtime":1760,"energy":{"pkg":76.29193115234375,"pp0":0,"dram":21.8958740234375},"cycles":12227315570}
{"runtime":1550,"energy":{"pkg":75.10858154296875,"pp0":0,"dram":19.498046875},