{"runtime":5360,"energy":{"pkg":325.87152099609375,"pp0":0,"dram":53.39556884765625},"cycles":69046286634}
{"runtime":5259,"energy":{"pkg":333.45770263671875,"pp0":0,"dram":52.22314453125},"cycles":68376219188}
{"runtime":5766,"energy":{"pkg":339.751953125,"pp0":0,"dram":56.9171142578125},"cycles":69451534190}
{"runtime":5313,"energy":{"pkg":331.6090087890625,"pp0":0,"dram":51.6766357421875},"cycles":68528772688}
{"runtime":5358,"energy":{"pkg":322.23248291015625,"pp0":0,"dram":52.55523681640625},"cycles":70231336786}
{"runtime":5589,"energy":{"pkg":345.88201904296875,"pp0":0,"dram":55.41595458984375},"cycles":70289112454}
{"runtime":5306,"energy":{"pkg":328.32159423828125,"pp0":0,"dram":51.7633056640625},"cycles":69030745573}
{"runtime":5460,"energy":{"pkg":346.0479736328125,"pp0":0,"dram":54.7099609375},"cycles":70733644624}
{"runtime":5382,"energy":{"pkg":326.75299072265625,"pp0":0,"dram":52.95849609375},"cycles":69300435282}
{"runtime":5393,"energy":{"pkg":336.10516357421875,"pp0":0,"dram":52.1632080078125},"cycles":69204290184}
{"runtime":5132,"energy":{"pkg":320.58984375,"pp0":0,"dram":49.1253662109375},"cycles":69906997406}
{"runtime":5267,"energy":{"pkg":330.24090576171875,"pp0":0,"dram":50.73675537109375},"cycles":69692707168}
{"runtime":5085,"energy":{"pkg":329.64666748046875,"pp0":0,"dram":51.33135986328125},"cycles":69337571608}
{"runtime":5634,"energy":{"pkg":337.82281494140625,"pp0":0,"dram":55.40716552734375},"cycles":69953591701}
{"runtime":5713,"energy":{"pkg":324.66162109375,"pp0":0,"dram":56.40167236328125},"cycles":69326444225}
{"runtime":5319,"energy":{"pkg":323.29229736328125,"pp0":0,"dram":51.35614013671875},"cycles":68993356588}
{"runtime":5659,"energy":{"pkg":331.64434814453125,"pp0":0,"dram":55.65777587890625},"cycles":69111269656}
{"runtime":5377,"energy":{"pkg":329.77398681640625,"pp0":0,"dram":53.10113525390625},"cycles":69041832053}
{"runtime":5738,"energy":{"pkg":322.3956298828125,"pp0":0,"dram":53.93756103515625},"cycles":69040197192}
{"runtime":5653,"energy":{"pkg":329.2333984375,"pp0":0,"dram":54.1319580078125},"cycles":68851807319}
{"runtime":5110,"energy":{"pkg":330.2177734375,"pp0":0,"dram":50.36114501953125},"cycles":69345643850}
{"runtime":5573,"energy":{"pkg":341.56500244140625,"pp0":0,"dram":55.30670166015625},"cycles":68834191261}
{"runtime":5455,"energy":{"pkg":327.50286865234375,"pp0":0,"dram":53.26434326171875},"cycles":69572871838}
{"runtime":5267,"energy":{"pkg":331.36041259765625,"pp0":0,"dram":52.18743896484375},"cycles":68158184093}
{"runtime":5137,"energy":{"pkg":327.67510986328125,"pp0":0,"dram":51.8101806640625},"cycles":69173427879}
{"runtime":5342,"energy":{"pkg":327.31585693359375,"pp0":0,"dram":52.99029541015625},"cycles":69147556349}
{"runtime":5489,"energy":{"pkg":325.9608154296875,"pp0":0,"dram":54.099609375},"cycles":69263571360}
{"runtime":5599,"energy":{"pkg":332.2574462890625,"pp0":0,"dram":54.86968994140625},"cycles":69443471435}
{"runtime":5719,"energy":{"pkg":338.92694091796875,"pp0":0,"dram":54.4437255859375},"cycles":69918051113}
{"runtime":5177,"energy":{"pkg":330.6536865234375,"pp0":0,"dram":51.45855712890625},"cycles":69758045219}
{"runtime":5879,"energy":{"pkg":337.42742919921875,"pp0":0,"dram":57.7646484375},"cycles":68645394784}
{"runtime":5405,"energy":{"pkg":328.44281005859375,"pp0":0,"dram":51.06005859375},"cycles":69158524150}
{"runtime":5623,"energy":{"pkg":334.11102294921875,"pp0":0,"dram":56.0267333984375},"cycles":69448169754}
{"runtime":5826,"energy":{"pkg":331.534423828125,"pp0":0,"dram":58.49298095703125},"cycles":68813717415}
{"runtime":5101,"energy":{"pkg":328.26007080078125,"pp0":0,"dram":50.8446044921875},"cycles":69432256179}
{"runtime":5245,"energy":{"pkg":328.78314208984375,"pp0":0,"dram":51.94036865234375},"cycles":68982125463}
{"runtime":5426,"energy":{"pkg":329.000244140625,"pp0":0,"dram":52.18792724609375},"cycles":69395941423}
{"runtime":5315,"energy":{"pkg":327.7325439453125,"pp0":0,"dram":52.778076171875},"cycles":69111158530}
{"runtime":5442,"energy":{"pkg":323.29534912109375,"pp0":0,"dram":54.39605712890625},"cycles":69137509654}
{"runtime":5158,"energy":{"pkg":327.21356201171875,"pp0":0,"dram":51.98211669921875},"cycles":68948133074}
{"runtime":5662,"energy":{"pkg":333.1815185546875,"pp0":0,"dram":55.541748046875},"cycles":68706262149}
{"runtime":5450,"energy":{"pkg":332.44317626953125,"pp0":0,"dram":53.32861328125},"cycles":69094647892}
{"runtime":5351,"energy":{"pkg":339.5621337890625,"pp0":0,"dram":55.59869384765625},"cycles":69346083839}
{"runtime":5735,"energy":{"pkg":341.53515625,"pp0":0,"dram":56.6236572265625},"cycles":68970016680}
{"runtime":5521,"energy":{"pkg":340.28533935546875,"pp0":0,"dram":53.7886962890625},"cycles":69262070305}
{"runtime":5681,"energy":{"pkg":339.58258056640625,"pp0":0,"dram":55.25396728515625},"cycles":68724919621}
{"runtime":5360,"energy":{"pkg":334.11322021484375,"pp0":0,"dram":53.6781005859375},"cycles":68604770447}
{"runtime":5641,"energy":{"pkg":331.2303466796875,"pp0":0,"dram":54.45489501953125},"cycles":69604863123}
{"runtime":5360,"energy":{"pkg":328.3204345703125,"pp0":0,"dram":52.308349609375},"cycles":68488703981}
{"runtime":5529,"energy":{"pkg":334.3076171875,"pp0":0,"dram":54.9915771484375},"cycles":68483724964}
{"runtime":5599,"energy":{"pkg":330.28363037109375,"pp0":0,"dram":52.6976318359375},"cycles":69340864995}
{"runtime":5249,"energy":{"pkg":331.86932373046875,"pp0":0,"dram":52.723876953125},"cycles":68546263233}
{"runtime":5393,"energy":{"pkg":328.79974365234375,"pp0":0,"dram":52.84564208984375},"cycles":69148168141}
{"runtime":5280,"energy":{"pkg":330.064208984375,"pp0":0,"dram":52.48919677734375},"cycles":69514949642}
{"runtime":5279,"energy":{"pkg":326.51141357421875,"pp0":0,"dram":51.51019287109375},"cycles":69568561582}
{"runtime":5591,"energy":{"pkg":341.8917236328125,"pp0":0,"dram":54.26495361328125},"cycles":69172165894}
{"runtime":5173,"energy":{"pkg":330.891357421875,"pp0":0,"dram":51.89300537109375},"cycles":69234674474}
{"runtime":5779,"energy":{"pkg":325.42327880859375,"pp0":0,"dram":55.02203369140625},"cycles":69039243289}
{"runtime":5840,"energy":{"pkg":341.76611328125,"pp0":0,"dram":55.81109619140625},"cycles":69479137475}
{"runtime":5163,"energy":{"pkg":332.41827392578125,"pp0":0,"dram":50.9837646484375},"cycles":69596249594}
{"runtime":5469,"energy":{"pkg":331.15948486328125,"pp0":0,"dram":53.07415771484375},"cycles":69072200286}
{"runtime":5800,"energy":{"pkg":337.42816162109375,"pp0":0,"dram":57.76129150390625},"cycles":69243241803}
{"runtime":5369,"energy":{"pkg":327.016845703125,"pp0":0,"dram":52.66375732421875},"cycles":68681879837}
{"runtime":5306,"energy":{"pkg":328.6785888671875,"pp0":0,"dram":52.59686279296875},"cycles":69244946083}
{"runtime":5662,"energy":{"pkg":326.53057861328125,"pp0":0,"dram":56.0294189453125},"cycles":69399969450}
{"runtime":5180,"energy":{"pkg":321.84063720703125,"pp0":0,"dram":49.46343994140625},"cycles":68839335602}
{"runtime":5210,"energy":{"pkg":326.95867919921875,"pp0":0,"dram":51.82904052734375},"cycles":69079438701}
{"runtime":5383,"energy":{"pkg":330.66339111328125,"pp0":0,"dram":53.5062255859375},"cycles":68758924615}
{"runtime":5461,"energy":{"pkg":327.8692626953125,"pp0":0,"dram":54.77484130859375},"cycles":69435563003}
{"runtime":5241,"energy":{"pkg":330.97149658203125,"pp0":0,"dram":52.31903076171875},"cycles":68476969096}
{"runtime":5222,"energy":{"pkg":330.65728759765625,"pp0":0,"dram":51.54052734375},"cycles":68742399830}
{"runtime":5247,"energy":{"pkg":334.08740234375,"pp0":0,"dram":51.2218017578125},"cycles":69662503569}
{"runtime":5640,"energy":{"pkg":330.36676025390625,"pp0":0,"dram":55.283203125},"cycles":69320544555}
{"runtime":5330,"energy":{"pkg":317.4510498046875,"pp0":0,"dram":52.90765380859375},"cycles":68945945303}
{"runtime":5109,"energy":{"pkg":329.1815185546875,"pp0":0,"dram":51.03192138671875},"cycles":69087900572}
{"runtime":5158,"energy":{"pkg":322.338623046875,"pp0":0,"dram":49.4658203125},