{"runtime":5745,"energy":{"pkg":222.1180419921875,"pp0":0,"dram":43.65008544921875},"cycles":17135446341}
{"runtime":5766,"energy":{"pkg":222.81060791015625,"pp0":0,"dram":44.9598388671875},"cycles":17175755970}
{"runtime":5383,"energy":{"pkg":208.44915771484375,"pp0":0,"dram":41.8065185546875},"cycles":16035453593}
{"runtime":5759,"energy":{"pkg":223.05303955078125,"pp0":0,"dram":44.501708984375},"cycles":17160388618}
{"runtime":5764,"energy":{"pkg":222.745849609375,"pp0":0,"dram":44.47125244140625},"cycles":17175102988}
{"runtime":5624,"energy":{"pkg":215.863037109375,"pp0":0,"dram":43.69354248046875},"cycles":16032535056}
{"runtime":6087,"energy":{"pkg":232.02685546875,"pp0":0,"dram":46.907958984375},"cycles":17166482040}
{"runtime":5844,"energy":{"pkg":224.97857666015625,"pp0":0,"dram":45.39263916015625},"cycles":17176142248}
{"runtime":6016,"energy":{"pkg":230.6363525390625,"pp0":0,"dram":46.86810302734375},"cycles":17171690846}
{"runtime":5377,"energy":{"pkg":207.827392578125,"pp0":0,"dram":41.6673583984375},"cycles":16027128795}
{"runtime":5852,"energy":{"pkg":225.05535888671875,"pp0":0,"dram":44.854736328125},"cycles":17176666937}
{"runtime":6124,"energy":{"pkg":233.24029541015625,"pp0":0,"dram":46.780029296875},"cycles":17177853999}
{"runtime":5389,"energy":{"pkg":208.7542724609375,"pp0":0,"dram":41.28448486328125},"cycles":16054765854}
{"runtime":6045,"energy":{"pkg":233.08770751953125,"pp0":0,"dram":46.48614501953125},"cycles":18034274188}
{"runtime":5398,"energy":{"pkg":208.23016357421875,"pp0":0,"dram":41.8133544921875},"cycles":16093669148}
{"runtime":5764,"energy":{"pkg":222.743408203125,"pp0":0,"dram":44.10968017578125},"cycles":17175287922}
{"runtime":5908,"energy":{"pkg":226.94744873046875,"pp0":0,"dram":45.33416748046875},"cycles":17176005769}
{"runtime":6142,"energy":{"pkg":234.2093505859375,"pp0":0,"dram":46.61798095703125},"cycles":17173046337}
{"runtime":5837,"energy":{"pkg":224.7216796875,"pp0":0,"dram":44.5274658203125},"cycles":17175842495}
{"runtime":5549,"energy":{"pkg":213.38250732421875,"pp0":0,"dram":42.24713134765625},"cycles":16055995997}
{"runtime":5995,"energy":{"pkg":229.57281494140625,"pp0":0,"dram":45.783203125},"cycles":17139398143}
{"runtime":5383,"energy":{"pkg":208.78973388671875,"pp0":0,"dram":41.24591064453125},"cycles":16031744212}
{"runtime":5897,"energy":{"pkg":226.81689453125,"pp0":0,"dram":45.36279296875},"cycles":17173834086}
{"runtime":5765,"energy":{"pkg":222.5240478515625,"pp0":0,"dram":44.43792724609375},"cycles":17176512517}
{"runtime":5765,"energy":{"pkg":222.4136962890625,"pp0":0,"dram":44.6109619140625},"cycles":17174484753}
{"runtime":5761,"energy":{"pkg":222.49755859375,"pp0":0,"dram":44.817626953125},"cycles":17174915057}
{"runtime":5756,"energy":{"pkg":222.25213623046875,"pp0":0,"dram":44.44427490234375},"cycles":17150819327}
{"runtime":5918,"energy":{"pkg":227.5833740234375,"pp0":0,"dram":45.5867919921875},"cycles":17176090526}
{"runtime":5753,"energy":{"pkg":222.90716552734375,"pp0":0,"dram":44.5015869140625},"cycles":17150631791}
{"runtime":5374,"energy":{"pkg":207.66876220703125,"pp0":0,"dram":41.9398193359375},"cycles":16037167147}
{"runtime":6021,"energy":{"pkg":231.6141357421875,"pp0":0,"dram":46.44830322265625},"cycles":17218695862}
{"runtime":6014,"energy":{"pkg":231.00457763671875,"pp0":0,"dram":46.31695556640625},"cycles":17176142851}
{"runtime":5439,"energy":{"pkg":210.61175537109375,"pp0":0,"dram":41.86248779296875},"cycles":16027884082}
{"runtime":5770,"energy":{"pkg":223.3656005859375,"pp0":0,"dram":44.6072998046875},"cycles":17219003299}
{"runtime":5773,"energy":{"pkg":223.12152099609375,"pp0":0,"dram":44.6549072265625},"cycles":17170981159}
{"runtime":5756,"energy":{"pkg":223.40008544921875,"pp0":0,"dram":44.94140625},"cycles":17175665039}
{"runtime":5769,"energy":{"pkg":222.63287353515625,"pp0":0,"dram":44.253662109375},"cycles":17161077551}
{"runtime":5784,"energy":{"pkg":223.39697265625,"pp0":0,"dram":44.55889892578125},"cycles":17222398345}
{"runtime":5388,"energy":{"pkg":208.50689697265625,"pp0":0,"dram":41.6689453125},"cycles":16053840397}
{"runtime":5752,"energy":{"pkg":222.63153076171875,"pp0":0,"dram":44.1748046875},"cycles":17155497412}
{"runtime":5579,"energy":{"pkg":214.5643310546875,"pp0":0,"dram":43.0845947265625},"cycles":16054729351}
{"runtime":5978,"energy":{"pkg":229.21514892578125,"pp0":0,"dram":46.393798828125},"cycles":17175923198}
{"runtime":5390,"energy":{"pkg":209.05230712890625,"pp0":0,"dram":41.38433837890625},"cycles":16047755162}
{"runtime":5386,"energy":{"pkg":208.1376953125,"pp0":0,"dram":41.54302978515625},"cycles":16053676265}
{"runtime":5767,"energy":{"pkg":223.4345703125,"pp0":0,"dram":44.20233154296875},"cycles":17174313674}
{"runtime":5905,"energy":{"pkg":226.9404296875,"pp0":0,"dram":45.69970703125},"cycles":17173032969}
{"runtime":5773,"energy":{"pkg":223.03363037109375,"pp0":0,"dram":44.33856201171875},"cycles":17163489736}
{"runtime":5759,"energy":{"pkg":222.5267333984375,"pp0":0,"dram":44.04803466796875},"cycles":17178515121}
{"runtime":5752,"energy":{"pkg":222.070068359375,"pp0":0,"dram":44.404296875},"cycles":17173473451}
{"runtime":5755,"energy":{"pkg":222.56549072265625,"pp0":0,"dram":44.35516357421875},"cycles":17153600332}
{"runtime":5767,"energy":{"pkg":222.69287109375,"pp0":0,"dram":44.36810302734375},"cycles":17172428918}
{"runtime":5760,"energy":{"pkg":222.5550537109375,"pp0":0,"dram":44.78033447265625},"cycles":17165554763}
{"runtime":5793,"energy":{"pkg":223.4222412109375,"pp0":0,"dram":44.95343017578125},"cycles":17175237008}
{"runtime":5388,"energy":{"pkg":209.20855712890625,"pp0":0,"dram":41.646484375},"cycles":16055888896}
{"runtime":5760,"energy":{"pkg":222.89752197265625,"pp0":0,"dram":44.4188232421875},"cycles":17170995215}
{"runtime":5762,"energy":{"pkg":222.83319091796875,"pp0":0,"dram":44.5330810546875},"cycles":17175612361}
{"runtime":5764,"energy":{"pkg":223.67529296875,"pp0":0,"dram":44.564208984375},"cycles":17171779033}
{"runtime":5753,"energy":{"pkg":220.14154052734375,"pp0":0,"dram":44.5631103515625},"cycles":16044904647}
{"runtime":5748,"energy":{"pkg":222.13433837890625,"pp0":0,"dram":44.0999755859375},"cycles":17135359477}
{"runtime":5761,"energy":{"pkg":222.80877685546875,"pp0":0,"dram":44.52490234375},"cycles":17176079131}
{"runtime":5763,"energy":{"pkg":222.48199462890625,"pp0":0,"dram":44.209716796875},"cycles":17175509903}
{"runtime":5762,"energy":{"pkg":222.644287109375,"pp0":0,"dram":44.4046630859375},"cycles":17177839181}
{"runtime":5758,"energy":{"pkg":222.47235107421875,"pp0":0,"dram":44.2777099609375},"cycles":17162699795}
{"runtime":5978,"energy":{"pkg":229.4163818359375,"pp0":0,"dram":46.2259521484375},"cycles":17173793618}
{"runtime":5991,"energy":{"pkg":229.97979736328125,"pp0":0,"dram":46.45196533203125},"cycles":17174793860}
{"runtime":5764,"energy":{"pkg":222.69866943359375,"pp0":0,"dram":44.56842041015625},"cycles":17168813970}
{"runtime":5390,"energy":{"pkg":208.96099853515625,"pp0":0,"dram":41.968994140625},"cycles":16055562101}
{"runtime":5461,"energy":{"pkg":210.734130859375,"pp0":0,"dram":42.30743408203125},"cycles":16054271594}
{"runtime":5772,"energy":{"pkg":222.818603515625,"pp0":0,"dram":44.8336181640625},"cycles":17176073242}
{"runtime":5754,"energy":{"pkg":222.339111328125,"pp0":0,"dram":44.224365234375},"cycles":17176304930}
{"runtime":5915,"energy":{"pkg":227.27288818359375,"pp0":0,"dram":45.8797607421875},"cycles":17169955871}
{"runtime":6004,"energy":{"pkg":230.20440673828125,"pp0":0,"dram":46.62890625},"cycles":17161011740}
{"runtime":5765,"energy":{"pkg":222.68157958984375,"pp0":0,"dram":44.94537353515625},"cycles":17218288233}
{"runtime":5839,"energy":{"pkg":224.9306640625,"pp0":0,"dram":44.9959716796875},"cycles":17177910776}
{"runtime":5751,"energy":{"pkg":222.5595703125,"pp0":0,"dram":44.48858642578125},"cycles":17164716035}
{"runtime":5767,"energy":{"pkg":222.707275390625,"pp0":0,"dram":44.7637939453125},"cycles":17173352835}
{"runtime":5765,