{"runtime":1625,"energy":{"pkg":51.6732177734375,"pp0":0,"dram":12.7255859375},"cycles":2972183613}
{"runtime":1837,"energy":{"pkg":57.43157958984375,"pp0":0,"dram":14.52947998046875},"cycles":3010171753}
{"runtime":1937,"energy":{"pkg":56.24945068359375,"pp0":0,"dram":15.28045654296875},"cycles":3027005837}
{"runtime":1682,"energy":{"pkg":54.9114990234375,"pp0":0,"dram":13.20928955078125},"cycles":3066295510}
{"runtime":1835,"energy":{"pkg":53.378662109375,"pp0":0,"dram":14.4337158203125},"cycles":2970588719}
{"runtime":1880,"energy":{"pkg":54.36651611328125,"pp0":0,"dram":16.5003662109375},"cycles":3002973157}
{"runtime":1693,"energy":{"pkg":52.20330810546875,"pp0":0,"dram":14.88555908203125},"cycles":3000806689}
{"runtime":1417,"energy":{"pkg":52.37615966796875,"pp0":0,"dram":11.28570556640625},"cycles":2845351127}
{"runtime":1644,"energy":{"pkg":53.96356201171875,"pp0":0,"dram":13.18902587890625},"cycles":2992973584}
{"runtime":1718,"energy":{"pkg":52.34112548828125,"pp0":0,"dram":13.5240478515625},"cycles":2936665426}
{"runtime":2080,"energy":{"pkg":57.93475341796875,"pp0":0,"dram":16.4080810546875},"cycles":2998841435}
{"runtime":1740,"energy":{"pkg":52.44757080078125,"pp0":0,"dram":13.57928466796875},"cycles":2984777118}
{"runtime":1440,"energy":{"pkg":50.50927734375,"pp0":0,"dram":11.160400390625},"cycles":2991847870}
{"runtime":1977,"energy":{"pkg":56.9012451171875,"pp0":0,"dram":15.4161376953125},"cycles":3013934709}
{"runtime":1792,"energy":{"pkg":55.7763671875,"pp0":0,"dram":14.142333984375},"cycles":3004212538}
{"runtime":1838,"energy":{"pkg":53.501220703125,"pp0":0,"dram":14.4210205078125},"cycles":3007328328}
{"runtime":1696,"energy":{"pkg":52.495849609375,"pp0":0,"dram":13.35198974609375},"cycles":3004409910}
{"runtime":1837,"energy":{"pkg":54.66552734375,"pp0":0,"dram":14.270263671875},"cycles":2941306534}
{"runtime":1630,"energy":{"pkg":53.4835205078125,"pp0":0,"dram":14.002685546875},"cycles":2958505619}
{"runtime":1555,"energy":{"pkg":50.66259765625,"pp0":0,"dram":12.13568115234375},"cycles":3015680411}
{"runtime":1532,"energy":{"pkg":53.1561279296875,"pp0":0,"dram":11.88250732421875},"cycles":2983911520}
{"runtime":2140,"energy":{"pkg":59.93609619140625,"pp0":0,"dram":16.75823974609375},"cycles":3035484741}
{"runtime":1840,"energy":{"pkg":54.4036865234375,"pp0":0,"dram":14.48284912109375},"cycles":3052264066}
{"runtime":1639,"energy":{"pkg":53.1435546875,"pp0":0,"dram":12.85870361328125},"cycles":2997701091}
{"runtime":1935,"energy":{"pkg":55.4757080078125,"pp0":0,"dram":15.31964111328125},"cycles":2972780921}
{"runtime":1905,"energy":{"pkg":55.9271240234375,"pp0":0,"dram":15.18951416015625},"cycles":2987422119}
{"runtime":1943,"energy":{"pkg":55.2266845703125,"pp0":0,"dram":15.28814697265625},"cycles":3013483112}
{"runtime":1849,"energy":{"pkg":54.64471435546875,"pp0":0,"dram":16.0595703125},"cycles":3009295596}
{"runtime":1758,"energy":{"pkg":54.4539794921875,"pp0":0,"dram":13.87152099609375},"cycles":2974016040}
{"runtime":1774,"energy":{"pkg":55.130615234375,"pp0":0,"dram":14.0223388671875},"cycles":2987547733}
{"runtime":1438,"energy":{"pkg":51.18865966796875,"pp0":0,"dram":11.36639404296875},"cycles":2985879281}
{"runtime":1850,"energy":{"pkg":55.9739990234375,"pp0":0,"dram":14.56658935546875},"cycles":3011975510}
{"runtime":1779,"energy":{"pkg":53.63812255859375,"pp0":0,"dram":14.12939453125},"cycles":2988372909}
{"runtime":1722,"energy":{"pkg":53.43426513671875,"pp0":0,"dram":13.63433837890625},"cycles":2954421720}
{"runtime":1563,"energy":{"pkg":51.21624755859375,"pp0":0,"dram":12.39019775390625},"cycles":2977497095}
{"runtime":1687,"energy":{"pkg":51.8038330078125,"pp0":0,"dram":13.43768310546875},"cycles":2963968868}
{"runtime":1581,"energy":{"pkg":50.83282470703125,"pp0":0,"dram":12.31390380859375},"cycles":2992546298}
{"runtime":1795,"energy":{"pkg":53.1883544921875,"pp0":0,"dram":14.14678955078125},"cycles":2986522077}
{"runtime":1729,"energy":{"pkg":52.7908935546875,"pp0":0,"dram":13.581787109375},"cycles":3011675886}
{"runtime":1388,"energy":{"pkg":50.01715087890625,"pp0":0,"dram":11.9501953125},"cycles":2961074810}
{"runtime":1898,"energy":{"pkg":54.5777587890625,"pp0":0,"dram":16.62713623046875},"cycles":3045947276}
{"runtime":1628,"energy":{"pkg":52.59759521484375,"pp0":0,"dram":12.87689208984375},"cycles":2960123663}
{"runtime":1862,"energy":{"pkg":54.97308349609375,"pp0":0,"dram":14.606689453125},"cycles":2981657960}
{"runtime":1657,"energy":{"pkg":54.31243896484375,"pp0":0,"dram":12.96295166015625},"cycles":2988526841}
{"runtime":1615,"energy":{"pkg":49.30181884765625,"pp0":0,"dram":12.72076416015625},"cycles":2880824350}
{"runtime":1653,"energy":{"pkg":52.68768310546875,"pp0":0,"dram":12.98138427734375},"cycles":3013516572}
{"runtime":1847,"energy":{"pkg":56.60845947265625,"pp0":0,"dram":14.48779296875},"cycles":2996155741}
{"runtime":1800,"energy":{"pkg":53.78558349609375,"pp0":0,"dram":14.04681396484375},"cycles":3004037197}
{"runtime":1685,"energy":{"pkg":54.67071533203125,"pp0":0,"dram":13.27862548828125},"cycles":3033717632}
{"runtime":1859,"energy":{"pkg":55.73712158203125,"pp0":0,"dram":14.59979248046875},"cycles":3002739507}
{"runtime":1762,"energy":{"pkg":54.55987548828125,"pp0":0,"dram":15.38134765625},"cycles":3013419824}
{"runtime":1740,"energy":{"pkg":54.38824462890625,"pp0":0,"dram":13.86700439453125},"cycles":2947457552}
{"runtime":2074,"energy":{"pkg":60.01788330078125,"pp0":0,"dram":16.3753662109375},"cycles":3054043168}
{"runtime":1909,"energy":{"pkg":54.9287109375,"pp0":0,"dram":16.7978515625},"cycles":3018440550}
{"runtime":1995,"energy":{"pkg":56.85406494140625,"pp0":0,"dram":15.68072509765625},"cycles":3022075800}
{"runtime":1561,"energy":{"pkg":53.35565185546875,"pp0":0,"dram":13.487548828125},"cycles":3008238938}
{"runtime":1968,"energy":{"pkg":58.25152587890625,"pp0":0,"dram":15.56011962890625},"cycles":3016696777}
{"runtime":1916,"energy":{"pkg":55.71051025390625,"pp0":0,"dram":15.12335205078125},"cycles":3012407145}
{"runtime":2114,"energy":{"pkg":59.0968017578125,"pp0":0,"dram":16.66448974609375},"cycles":2975689864}
{"runtime":1597,"energy":{"pkg":51.61871337890625,"pp0":0,"dram":12.6728515625},"cycles":2922962459}
{"runtime":1672,"energy":{"pkg":52.45196533203125,"pp0":0,"dram":13.26190185546875},"cycles":3004623293}
{"runtime":1826,"energy":{"pkg":54.60693359375,"pp0":0,"dram":14.41619873046875},"cycles":2979659844}
{"runtime":1896,"energy":{"pkg":58.174560546875,"pp0":0,"dram":14.9600830078125},"cycles":3001313030}
{"runtime":1885,"energy":{"pkg":57.01513671875,"pp0":0,"dram":14.85211181640625},"cycles":2996255384}
{"runtime":1753,"energy":{"pkg":53.11328125,"pp0":0,"dram":13.8428955078125},"cycles":3010437221}
{"runtime":1843,"energy":{"pkg":53.55926513671875,"pp0":0,"dram":16.070068359375},"cycles":3002778332}
{"runtime":1683,"energy":{"pkg":51.46710205078125,"pp0":0,"dram":14.6878662109375},"cycles":3011789740}
{"runtime":1885,"energy":{"pkg":56.0166015625,"pp0":0,"dram":16.3369140625},"cycles":3051226658}
{"runtime":1700,"energy":{"pkg":53.28924560546875,"pp0":0,"dram":13.455078125},"cycles":2995134248}
{"runtime":1567,"energy":{"pkg":52.61505126953125,"pp0":0,"dram":12.3974609375},"cycles":3033833859}
{"runtime":1798,"energy":{"pkg":57.15655517578125,"pp0":0,"dram":14.22369384765625},"cycles":2988069688}
{"runtime":1878,"energy":{"pkg":55.35101318359375,"pp0":0,"dram":14.914306640625},"cycles":3024758461}
{"runtime":1980,"energy":{"pkg":56.671875,"pp0":0,"dram":15.71875},"cycles":2993779522}
{"runtime":1884,"energy":{"pkg":55.0999755859375,"pp0":0,"dram":14.91748046875},"cycles":3007546255}
{"runtime":1421,"energy":{"pkg":50.99920654296875,"pp0":0,"dram":11.30181884765625},"cycles":2980334690}
{"runtime":1483,"energy":{"pkg":49.87591552734375,"pp0":0,"dram":11.87567138671875},"cycles":2972865580}
{"runtime":1705,"energy":{"pkg":51.95458984375,"pp0":0,"dram":13.47003173828125},"cycles":2979378328}
{"runtime":1482,"energy":{"pkg":52.38690185546875,"pp0":0,