{"runtime":653,"energy":{"pkg":46.49365234375,"pp0":0,"dram":12.0577392578125},"cycles":25425075144}
{"runtime":713,"energy":{"pkg":49.70172119140625,"pp0":0,"dram":13.28955078125},"cycles":26335486569}
{"runtime":658,"energy":{"pkg":46.375732421875,"pp0":0,"dram":12.1964111328125},"cycles":24612349461}
{"runtime":631,"energy":{"pkg":44.2403564453125,"pp0":0,"dram":11.81329345703125},"cycles":22833337632}
{"runtime":633,"energy":{"pkg":45.81671142578125,"pp0":0,"dram":12.21685791015625},"cycles":25188489795}
{"runtime":710,"energy":{"pkg":49.94586181640625,"pp0":0,"dram":12.640869140625},"cycles":26485235784}
{"runtime":704,"energy":{"pkg":51.16473388671875,"pp0":0,"dram":13.4178466796875},"cycles":28901871117}
{"runtime":666,"energy":{"pkg":47.6549072265625,"pp0":0,"dram":12.33154296875},"cycles":25631827200}
{"runtime":580,"energy":{"pkg":41.5816650390625,"pp0":0,"dram":11.526123046875},"cycles":21747560268}
{"runtime":680,"energy":{"pkg":49.2794189453125,"pp0":0,"dram":12.56005859375},"cycles":26205002544}
{"runtime":654,"energy":{"pkg":47.01702880859375,"pp0":0,"dram":11.9761962890625},"cycles":24087930720}
{"runtime":620,"energy":{"pkg":44.61358642578125,"pp0":0,"dram":11.5133056640625},"cycles":22773836358}
{"runtime":637,"energy":{"pkg":45.81097412109375,"pp0":0,"dram":11.58380126953125},"cycles":23788211349}
{"runtime":663,"energy":{"pkg":46.9866943359375,"pp0":0,"dram":11.92327880859375},"cycles":26140208787}
{"runtime":695,"energy":{"pkg":49.2747802734375,"pp0":0,"dram":12.78125},"cycles":25829253660}
{"runtime":687,"energy":{"pkg":48.60931396484375,"pp0":0,"dram":12.398681640625},"cycles":26202552306}
{"runtime":692,"energy":{"pkg":50.18670654296875,"pp0":0,"dram":13.61712646484375},"cycles":27254667132}
{"runtime":615,"energy":{"pkg":43.11968994140625,"pp0":0,"dram":11.7349853515625},"cycles":22830477306}
{"runtime":620,"energy":{"pkg":43.42572021484375,"pp0":0,"dram":12.0186767578125},"cycles":21264736122}
{"runtime":617,"energy":{"pkg":43.5067138671875,"pp0":0,"dram":11.71502685546875},"cycles":22261352883}
{"runtime":679,"energy":{"pkg":47.90966796875,"pp0":0,"dram":12.48956298828125},"cycles":24717359352}
