{"runtime":2587,"energy":{"pkg":207.78009033203125,"pp0":0,"dram":23.18060302734375},"cycles":109147668126}
{"runtime":2495,"energy":{"pkg":204.82159423828125,"pp0":0,"dram":22.31927490234375},"cycles":105538078926}
{"runtime":2497,"energy":{"pkg":207.108154296875,"pp0":0,"dram":22.724365234375},"cycles":111282440136}
{"runtime":2508,"energy":{"pkg":208.82855224609375,"pp0":0,"dram":22.526123046875},"cycles":103409424720}
{"runtime":2515,"energy":{"pkg":208.88922119140625,"pp0":0,"dram":22.572265625},"cycles":103415319063}
{"runtime":2525,"energy":{"pkg":208.016357421875,"pp0":0,"dram":22.69329833984375},"cycles":107058579621}
{"runtime":2501,"energy":{"pkg":208.22320556640625,"pp0":0,"dram":22.60760498046875},"cycles":108721416699}
{"runtime":2529,"energy":{"pkg":207.44140625,"pp0":0,"dram":22.522705078125},"cycles":104822360013}
{"runtime":2392,"energy":{"pkg":204.3095703125,"pp0":0,"dram":21.6280517578125},"cycles":103390460649}
{"runtime":2523,"energy":{"pkg":208.19488525390625,"pp0":0,"dram":22.72259521484375},"cycles":105328547289}
{"runtime":2557,"energy":{"pkg":210.84649658203125,"pp0":0,"dram":23.17138671875},"cycles":106093812867}
{"runtime":2617,"energy":{"pkg":213.505126953125,"pp0":0,"dram":23.597412109375},"cycles":107115726228}
{"runtime":2453,"energy":{"pkg":206.6497802734375,"pp0":0,"dram":22.3890380859375},"cycles":105438969783}
{"runtime":2453,"energy":{"pkg":206.392333984375,"pp0":0,"dram":22.3128662109375},"cycles":108458964033}
{"runtime":2579,"energy":{"pkg":210.93670654296875,"pp0":0,"dram":23.358642578125},"cycles":106789043508}
{"runtime":2508,"energy":{"pkg":207.2574462890625,"pp0":0,"dram":22.84429931640625},"cycles":108195894009}
{"runtime":2574,"energy":{"pkg":210.74237060546875,"pp0":0,"dram":23.5445556640625},"cycles":106479295902}
{"runtime":2474,"energy":{"pkg":207.77960205078125,"pp0":0,"dram":22.4774169921875},"cycles":105310084488}
{"runtime":2446,"energy":{"pkg":205.666259765625,"pp0":0,"dram":22.232666015625},"cycles":104636711802}
{"runtime":2487,"energy":{"pkg":208.4476318359375,"pp0":0,"dram":22.38348388671875},"cycles":104227636065}
{"runtime":2374,"energy":{"pkg":203.74627685546875,"pp0":0,"dram":21.43914794921875},"cycles":101511857160}
