{"runtime":22346,"energy":{"pkg":1256.115234375,"pp0":0,"dram":611.5894165039062},"cycles":357880387515}
{"runtime":21538,"energy":{"pkg":1268.63671875,"pp0":0,"dram":601.8938598632812},"cycles":346666523616}
{"runtime":21569,"energy":{"pkg":1282.765380859375,"pp0":0,"dram":601.323486328125},"cycles":350980322847}
{"runtime":21353,"energy":{"pkg":1297.97021484375,"pp0":0,"dram":601.13720703125},"cycles":345268721322}
{"runtime":23090,"energy":{"pkg":1325.12353515625,"pp0":0,"dram":620.03564453125},"cycles":361161773700}
{"runtime":21602,"energy":{"pkg":1279.697509765625,"pp0":0,"dram":603.3644409179688},"cycles":346290574707}
{"runtime":22081,"energy":{"pkg":1321.5364379882812,"pp0":0,"dram":609.044677734375},"cycles":355428508386}
