{"runtime":23448,"energy":{"pkg":1368.3917236328125,"pp0":0,"dram":657.9383544921875},"cycles":379278416412}
{"runtime":23828,"energy":{"pkg":1446.5943603515625,"pp0":0,"dram":665.5415649414062},"cycles":388385938626}
{"runtime":23709,"energy":{"pkg":1451.469970703125,"pp0":0,"dram":661.15966796875},"cycles":381588652389}
{"runtime":24822,"energy":{"pkg":1446.306640625,"pp0":0,"dram":678.8538208007812},"cycles":395941304976}
{"runtime":23871,"energy":{"pkg":1427.4676513671875,"pp0":0,"dram":665.2952880859375},"cycles":381725899926}
{"runtime":24035,"energy":{"pkg":1465.763916015625,"pp0":0,"dram":669.4927368164062},"cycles":388830475992}
{"runtime":24106,"energy":{"pkg":1432.45556640625,"pp0":0,"dram":666.4279174804688},"cycles":386079735195}
