{"runtime":26651,"energy":{"pkg":1551.8201293945312,"pp0":0,"dram":741.8618774414062},"cycles":433056679650}
{"runtime":25926,"energy":{"pkg":1556.981689453125,"pp0":0,"dram":722.4323120117188},"cycles":416906007105}
{"runtime":27117,"energy":{"pkg":1537.0883178710938,"pp0":0,"dram":736.0360107421875},"cycles":428779833783}
{"runtime":25364,"energy":{"pkg":1538.2861328125,"pp0":0,"dram":718.3846435546875},"cycles":415164985074}
{"runtime":25740,"energy":{"pkg":1550.11376953125,"pp0":0,"dram":725.98583984375},"cycles":417816323841}
{"runtime":27181,"energy":{"pkg":1578.6185302734375,"pp0":0,"dram":741.589599609375},"cycles":431496258900}
{"runtime":25645,"energy":{"pkg":1551.9656372070312,"pp0":0,"dram":719.1788330078125},"cycles":419046052635}
