{"runtime":28998,"energy":{"pkg":1707.8222045898438,"pp0":0,"dram":794.3677368164062},"cycles":466943989512}
{"runtime":27966,"energy":{"pkg":1683.1327514648438,"pp0":0,"dram":781.8162231445312},"cycles":455452172952}
{"runtime":28174,"energy":{"pkg":1683.3421630859375,"pp0":0,"dram":788.7625122070312},"cycles":460416929070}
{"runtime":27972,"energy":{"pkg":1633.4813232421875,"pp0":0,"dram":778.1317749023438},"cycles":450517066041}
{"runtime":28142,"energy":{"pkg":1690.5319213867188,"pp0":0,"dram":790.332763671875},"cycles":455294355075}
{"runtime":30822,"energy":{"pkg":1775.7440795898438,"pp0":0,"dram":817.5760498046875},"cycles":488190307542}
{"runtime":27264,"energy":{"pkg":1621.6265869140625,"pp0":0,"dram":761.1019287109375},"cycles":432506658864}
