{"runtime":34113,"energy":{"pkg":1978.162353515625,"pp0":0,"dram":931.4003295898438},"cycles":545867667723}
{"runtime":32266,"energy":{"pkg":1907.9633178710938,"pp0":0,"dram":902.8040771484375},"cycles":520942347051}
{"runtime":32283,"energy":{"pkg":1935.6788940429688,"pp0":0,"dram":905.970947265625},"cycles":524952579942}
{"runtime":32000,"energy":{"pkg":1904.319091796875,"pp0":0,"dram":901.9660034179688},"cycles":519350003508}
{"runtime":31857,"energy":{"pkg":1943.5169677734375,"pp0":0,"dram":901.5776977539062},"cycles":519143543142}
{"runtime":34843,"energy":{"pkg":2046.8303833007812,"pp0":0,"dram":930.2210693359375},"cycles":556847990979}
{"runtime":32988,"energy":{"pkg":1924.8587036132812,"pp0":0,"dram":910.8268432617188},"cycles":529329959949}
