{"runtime":36065,"energy":{"pkg":2229.8017578125,"pp0":0,"dram":1019.5075073242188},"cycles":585818219091}
{"runtime":37374,"energy":{"pkg":2160.0881958007812,"pp0":0,"dram":1031.8262939453125},"cycles":600118482432}
{"runtime":37124,"energy":{"pkg":2199.0301513671875,"pp0":0,"dram":1035.569091796875},"cycles":602616687687}
{"runtime":38139,"energy":{"pkg":2268.8038940429688,"pp0":0,"dram":1045.2590942382812},"cycles":620597567709}
{"runtime":37186,"energy":{"pkg":2232.8397827148438,"pp0":0,"dram":1030.2457275390625},"cycles":608405228277}
{"runtime":36641,"energy":{"pkg":2171.153564453125,"pp0":0,"dram":1019.2643432617188},"cycles":589330623189}
{"runtime":36369,"energy":{"pkg":2192.7781982421875,"pp0":0,"dram":1024.5054931640625},"cycles":594393011163}
