{"runtime":42025,"energy":{"pkg":2502.3616943359375,"pp0":0,"dram":1156.7974243164062},"cycles":680587241649}
{"runtime":42848,"energy":{"pkg":2498.0357055664062,"pp0":0,"dram":1169.37060546875},"cycles":684592889274}
{"runtime":42137,"energy":{"pkg":2499.5557861328125,"pp0":0,"dram":1164.6626586914062},"cycles":682182202359}
{"runtime":40853,"energy":{"pkg":2484.818115234375,"pp0":0,"dram":1157.9465942382812},"cycles":667053160788}
{"runtime":41435,"energy":{"pkg":2472.0910034179688,"pp0":0,"dram":1150.6378784179688},"cycles":670276852182}
{"runtime":41032,"energy":{"pkg":2512.4276733398438,"pp0":0,"dram":1147.9367065429688},"cycles":666837757257}
{"runtime":41543,"energy":{"pkg":2468.4996337890625,"pp0":0,"dram":1160.4622192382812},"cycles":673999096281}
