{"runtime":44916,"energy":{"pkg":2631.487548828125,"pp0":0,"dram":1229.4135131835938},"cycles":728392725081}
{"runtime":42659,"energy":{"pkg":2552.41943359375,"pp0":0,"dram":1204.046630859375},"cycles":694416384942}
{"runtime":43544,"energy":{"pkg":2560.8601684570312,"pp0":0,"dram":1201.07666015625},"cycles":686282477097}
{"runtime":45880,"energy":{"pkg":2670.1675415039062,"pp0":0,"dram":1242.753173828125},"cycles":736799837466}
{"runtime":42735,"energy":{"pkg":2570.188720703125,"pp0":0,"dram":1212.3865966796875},"cycles":697939842369}
{"runtime":43215,"energy":{"pkg":2582.9869384765625,"pp0":0,"dram":1218.4264526367188},"cycles":709590279804}
{"runtime":45058,"energy":{"pkg":2682.5072631835938,"pp0":0,"dram":1227.5592651367188},"cycles":734929625514}
