{"runtime":46327,"energy":{"pkg":2740.4525146484375,"pp0":0,"dram":1288.732666015625},"cycles":750174133464}
{"runtime":46190,"energy":{"pkg":2750.9274291992188,"pp0":0,"dram":1271.7589721679688},"cycles":749254260510}
{"runtime":45882,"energy":{"pkg":2738.5432739257812,"pp0":0,"dram":1281.2272338867188},"cycles":741335025459}
{"runtime":45398,"energy":{"pkg":2720.4215087890625,"pp0":0,"dram":1265.789306640625},"cycles":714361495302}
{"runtime":46617,"energy":{"pkg":2830.7296142578125,"pp0":0,"dram":1293.0407104492188},"cycles":755592610857}
{"runtime":44747,"energy":{"pkg":2694.2720336914062,"pp0":0,"dram":1266.5714111328125},"cycles":726070551171}
{"runtime":46829,"energy":{"pkg":2709.7488403320312,"pp0":0,"dram":1278.8770141601562},"cycles":761074828584}
