{"runtime":47805,"energy":{"pkg":2819.8173828125,"pp0":0,"dram":1339.6190795898438},"cycles":779540266344}
{"runtime":47467,"energy":{"pkg":2889.0660400390625,"pp0":0,"dram":1333.2233276367188},"cycles":768219393648}
{"runtime":48158,"energy":{"pkg":2924.5155029296875,"pp0":0,"dram":1348.6864013671875},"cycles":784375638837}
{"runtime":48621,"energy":{"pkg":2930.4077758789062,"pp0":0,"dram":1345.4874877929688},"cycles":781329468129}
{"runtime":50026,"energy":{"pkg":3004.0821533203125,"pp0":0,"dram":1366.4487915039062},"cycles":801054636585}
{"runtime":47268,"energy":{"pkg":2841.8068237304688,"pp0":0,"dram":1332.585205078125},"cycles":769066525710}
{"runtime":49817,"energy":{"pkg":2933.5584716796875,"pp0":0,"dram":1362.3900756835938},"cycles":808992984030}
