{"runtime":52716,"energy":{"pkg":3148.7890014648438,"pp0":0,"dram":1471.7105712890625},"cycles":857747546943}
{"runtime":51857,"energy":{"pkg":3137.4528198242188,"pp0":0,"dram":1462.0647583007812},"cycles":847657393569}
{"runtime":52537,"energy":{"pkg":3135.5523681640625,"pp0":0,"dram":1468.3760375976562},"cycles":855045798978}
{"runtime":51279,"energy":{"pkg":3107.2865600585938,"pp0":0,"dram":1447.5765380859375},"cycles":840728546322}
{"runtime":52728,"energy":{"pkg":3099.7799682617188,"pp0":0,"dram":1456.5020751953125},"cycles":849296667555}
{"runtime":54025,"energy":{"pkg":3215.5653076171875,"pp0":0,"dram":1479.934326171875},"cycles":879035589054}
{"runtime":52209,"energy":{"pkg":3130.1618041992188,"pp0":0,"dram":1464.4240112304688},"cycles":853704238758}
