{"runtime":52621,"energy":{"pkg":3166.1834716796875,"pp0":0,"dram":1494.0638427734375},"cycles":859543173111}
{"runtime":52921,"energy":{"pkg":3146.4428100585938,"pp0":0,"dram":1501.9928588867188},"cycles":866344233678}
{"runtime":54541,"energy":{"pkg":3263.5971069335938,"pp0":0,"dram":1526.4833374023438},"cycles":884587093509}
{"runtime":55322,"energy":{"pkg":3265.5560913085938,"pp0":0,"dram":1542.832275390625},"cycles":886630206315}
{"runtime":54916,"energy":{"pkg":3241.7132568359375,"pp0":0,"dram":1531.4642333984375},"cycles":886528383363}
{"runtime":52692,"energy":{"pkg":3186.0516357421875,"pp0":0,"dram":1493.3477783203125},"cycles":866581587774}
{"runtime":53487,"energy":{"pkg":3207.3201293945312,"pp0":0,"dram":1486.13232421875},"cycles":882212405529}
