{"runtime":58963,"energy":{"pkg":3506.1226806640625,"pp0":0,"dram":1659.5223388671875},"cycles":955611071877}
{"runtime":58617,"energy":{"pkg":3532.9694213867188,"pp0":0,"dram":1633.2139282226562},"cycles":954670795995}
{"runtime":58892,"energy":{"pkg":3521.41162109375,"pp0":0,"dram":1652.2426147460938},"cycles":960681764700}
{"runtime":58818,"energy":{"pkg":3511.6947631835938,"pp0":0,"dram":1650.0958862304688},"cycles":956185924428}
{"runtime":58569,"energy":{"pkg":3557.7572021484375,"pp0":0,"dram":1656.1492919921875},"cycles":957661503099}
{"runtime":57878,"energy":{"pkg":3467.842041015625,"pp0":0,"dram":1631.85693359375},"cycles":944888587545}
{"runtime":58524,"energy":{"pkg":3476.0304565429688,"pp0":0,"dram":1630.5300903320312},"cycles":962196773454}
