{"runtime":59982,"energy":{"pkg":3592.6159057617188,"pp0":0,"dram":1697.2974243164062},"cycles":983054782542}
{"runtime":60552,"energy":{"pkg":3661.4784545898438,"pp0":0,"dram":1705.8621215820312},"cycles":986832598164}
{"runtime":60054,"energy":{"pkg":3574.439697265625,"pp0":0,"dram":1681.1845703125},"cycles":984693806649}
{"runtime":62444,"energy":{"pkg":3667.55859375,"pp0":0,"dram":1707.2529296875},"cycles":1012688772270}
{"runtime":60566,"energy":{"pkg":3618.6504516601562,"pp0":0,"dram":1698.0772094726562},"cycles":980001261897}
{"runtime":61723,"energy":{"pkg":3605.5296630859375,"pp0":0,"dram":1696.7828369140625},"cycles":1006703469618}
{"runtime":60806,"energy":{"pkg":3670.8576049804688,"pp0":0,"dram":1712.9895629882812},"cycles":995422447446}
