{"runtime":7241,"energy":{"pkg":374.07415771484375,"pp0":0,"dram":184.2353515625},"cycles":111101555859}
{"runtime":7377,"energy":{"pkg":387.09820556640625,"pp0":0,"dram":188.58551025390625},"cycles":114433869354}
{"runtime":7358,"energy":{"pkg":398.72222900390625,"pp0":0,"dram":187.96429443359375},"cycles":114275036967}
{"runtime":7157,"energy":{"pkg":393.557373046875,"pp0":0,"dram":182.1123046875},"cycles":111393489816}
{"runtime":7189,"energy":{"pkg":391.02203369140625,"pp0":0,"dram":186.445068359375},"cycles":114193327458}
{"runtime":7308,"energy":{"pkg":405.59747314453125,"pp0":0,"dram":186.09088134765625},"cycles":113399799828}
{"runtime":7328,"energy":{"pkg":406.26885986328125,"pp0":0,"dram":186.40252685546875},"cycles":112070337981}
