{"runtime":66612,"energy":{"pkg":3964.0973510742188,"pp0":0,"dram":1814.2489624023438},"cycles":1100633515422}
{"runtime":63161,"energy":{"pkg":3809.6925048828125,"pp0":0,"dram":1799.7096557617188},"cycles":1032468161088}
{"runtime":65573,"energy":{"pkg":3908.2197265625,"pp0":0,"dram":1811.4239501953125},"cycles":1072273906158}
{"runtime":64514,"energy":{"pkg":3826.4833984375,"pp0":0,"dram":1803.3671264648438},"cycles":1060178232309}
{"runtime":65668,"energy":{"pkg":3901.509765625,"pp0":0,"dram":1811.0479125976562},"cycles":1069384657152}
{"runtime":65314,"energy":{"pkg":3884.6390380859375,"pp0":0,"dram":1827.655517578125},"cycles":1065112174623}
{"runtime":65333,"energy":{"pkg":3822.43115234375,"pp0":0,"dram":1824.0292358398438},"cycles":1049147128848}
