{"runtime":9276,"energy":{"pkg":489.5809326171875,"pp0":0,"dram":244.46966552734375},"cycles":144476903277}
{"runtime":9050,"energy":{"pkg":517.6168823242188,"pp0":0,"dram":241.2869873046875},"cycles":144612839784}
{"runtime":9350,"energy":{"pkg":519.5447387695312,"pp0":0,"dram":245.958251953125},"cycles":144741171372}
{"runtime":9225,"energy":{"pkg":500.59161376953125,"pp0":0,"dram":242.8148193359375},"cycles":142954620501}
{"runtime":9057,"energy":{"pkg":514.71728515625,"pp0":0,"dram":242.62158203125},"cycles":145510607508}
{"runtime":9219,"energy":{"pkg":504.47186279296875,"pp0":0,"dram":244.38275146484375},"cycles":147632668071}
{"runtime":9249,"energy":{"pkg":536.7001342773438,"pp0":0,"dram":246.504150390625},"cycles":147350927997}
