{"runtime":11389,"energy":{"pkg":591.78857421875,"pp0":0,"dram":303.8184814453125},"cycles":177093559755}
{"runtime":11344,"energy":{"pkg":642.5128173828125,"pp0":0,"dram":299.664794921875},"cycles":175577525802}
{"runtime":11990,"energy":{"pkg":661.5604858398438,"pp0":0,"dram":312.73468017578125},"cycles":186388055427}
{"runtime":11136,"energy":{"pkg":646.5484008789062,"pp0":0,"dram":304.40966796875},"cycles":182406440517}
{"runtime":11145,"energy":{"pkg":644.7007446289062,"pp0":0,"dram":303.3558349609375},"cycles":178789198224}
{"runtime":11188,"energy":{"pkg":614.455810546875,"pp0":0,"dram":302.9337158203125},"cycles":178652550027}
{"runtime":10976,"energy":{"pkg":650.0914916992188,"pp0":0,"dram":300.43023681640625},"cycles":175328535879}
