{"runtime":17147,"energy":{"pkg":936.744140625,"pp0":0,"dram":446.405517578125},"cycles":272528095686}
{"runtime":15429,"energy":{"pkg":922.1748657226562,"pp0":0,"dram":421.77716064453125},"cycles":244543121676}
{"runtime":15463,"energy":{"pkg":909.4774780273438,"pp0":0,"dram":423.64312744140625},"cycles":246798640242}
{"runtime":15409,"energy":{"pkg":901.9381713867188,"pp0":0,"dram":424.7515869140625},"cycles":250235459817}
{"runtime":15091,"energy":{"pkg":909.7400512695312,"pp0":0,"dram":420.16015625},"cycles":246116402511}
{"runtime":15578,"energy":{"pkg":933.8685913085938,"pp0":0,"dram":427.06488037109375},"cycles":251805187200}
{"runtime":15757,"energy":{"pkg":923.3536376953125,"pp0":0,"dram":430.45660400390625},"cycles":251942163732}
