{"runtime":103258,"energy":{"pkg":3738.3875732421875,"pp0":0,"dram":770.7401123046875},"cycles":216626360181}
{"runtime":103194,"energy":{"pkg":3689.226806640625,"pp0":0,"dram":766.5068359375},"cycles":216493787181}
{"runtime":103222,"energy":{"pkg":3688.1385498046875,"pp0":0,"dram":767.5950927734375},"cycles":216553231356}
{"runtime":103245,"energy":{"pkg":3642.0712280273438,"pp0":0,"dram":772.9398803710938},"cycles":216603043356}
{"runtime":103287,"energy":{"pkg":3647.8709106445312,"pp0":0,"dram":768.2059936523438},"cycles":216687257745}
{"runtime":103150,"energy":{"pkg":3677.916259765625,"pp0":0,"dram":765.284912109375},"cycles":216405919779}
{"runtime":103267,"energy":{"pkg":3684.3560791015625,"pp0":0,"dram":762.8735961914062},"cycles":216645810948}
