{"runtime":111016,"energy":{"pkg":4005.6738891601562,"pp0":0,"dram":826.822998046875},"cycles":232880575851}
{"runtime":111083,"energy":{"pkg":3964.5047607421875,"pp0":0,"dram":817.8858032226562},"cycles":233025105600}
{"runtime":111082,"energy":{"pkg":3974.0066528320312,"pp0":0,"dram":828.4320678710938},"cycles":233020469094}
{"runtime":111101,"energy":{"pkg":3917.4990844726562,"pp0":0,"dram":826.1791381835938},"cycles":233062034247}
{"runtime":111043,"energy":{"pkg":3925.0372314453125,"pp0":0,"dram":821.64453125},"cycles":232939523040}
{"runtime":111154,"energy":{"pkg":3918.7416381835938,"pp0":0,"dram":825.7445678710938},"cycles":233167201407}
{"runtime":111177,"energy":{"pkg":3977.8096923828125,"pp0":0,"dram":825.0346069335938},"cycles":233223244674}
