{"runtime":118992,"energy":{"pkg":4252.353454589844,"pp0":0,"dram":884.8375244140625},"cycles":249599305032}
{"runtime":119035,"energy":{"pkg":4252.502136230469,"pp0":0,"dram":878.387451171875},"cycles":249687122937}
{"runtime":118994,"energy":{"pkg":4256.102478027344,"pp0":0,"dram":889.0320434570312},"cycles":249592754124}
{"runtime":119031,"energy":{"pkg":4202.209533691406,"pp0":0,"dram":883.9677734375},"cycles":249683546490}
{"runtime":119038,"energy":{"pkg":4216.8382568359375,"pp0":0,"dram":882.5888061523438},"cycles":249696280764}
{"runtime":118932,"energy":{"pkg":4195.077331542969,"pp0":0,"dram":882.9298095703125},"cycles":249471799878}
{"runtime":119067,"energy":{"pkg":4207.448547363281,"pp0":0,"dram":880.8577270507812},"cycles":249756930549}
