{"runtime":126893,"energy":{"pkg":4537.79443359375,"pp0":0,"dram":943.069091796875},"cycles":266155798923}
{"runtime":126829,"energy":{"pkg":4530.382507324219,"pp0":0,"dram":940.0245971679688},"cycles":266027668200}
{"runtime":126897,"energy":{"pkg":4535.9635009765625,"pp0":0,"dram":945.0904541015625},"cycles":266170362528}
{"runtime":126778,"energy":{"pkg":4474.274108886719,"pp0":0,"dram":942.7891845703125},"cycles":265919716419}
{"runtime":126809,"energy":{"pkg":4500.923156738281,"pp0":0,"dram":939.1804809570312},"cycles":265983035304}
{"runtime":126821,"energy":{"pkg":4539.656311035156,"pp0":0,"dram":942.9285278320312},"cycles":266008371048}
{"runtime":126841,"energy":{"pkg":4471.0687255859375,"pp0":0,"dram":937.97314453125},"cycles":266041910421}
