{"runtime":150433,"energy":{"pkg":5336.25537109375,"pp0":0,"dram":1111.8333740234375},"cycles":315491838984}
{"runtime":150391,"energy":{"pkg":5378.1060791015625,"pp0":0,"dram":1115.3637084960938},"cycles":315404442906}
{"runtime":150471,"energy":{"pkg":5366.8621826171875,"pp0":0,"dram":1124.1497192382812},"cycles":315570261363}
{"runtime":150430,"energy":{"pkg":5296.1617431640625,"pp0":0,"dram":1121.56689453125},"cycles":315476976192}
{"runtime":150473,"energy":{"pkg":5327.623840332031,"pp0":0,"dram":1117.5988159179688},"cycles":315571861101}
{"runtime":150367,"energy":{"pkg":5327.9466552734375,"pp0":0,"dram":1112.5957641601562},"cycles":315355354524}
{"runtime":150472,"energy":{"pkg":5369.717224121094,"pp0":0,"dram":1115.6177978515625},"cycles":315574782663}
