{"runtime":16333,"energy":{"pkg":539.1824340820312,"pp0":0,"dram":121.0198974609375},"cycles":34457413347}
{"runtime":16387,"energy":{"pkg":569.4053955078125,"pp0":0,"dram":121.68603515625},"cycles":34566639492}
{"runtime":16412,"energy":{"pkg":574.9361572265625,"pp0":0,"dram":122.8216552734375},"cycles":34620762288}
{"runtime":16415,"energy":{"pkg":567.6052856445312,"pp0":0,"dram":123.03167724609375},"cycles":34627829103}
{"runtime":16418,"energy":{"pkg":573.0855712890625,"pp0":0,"dram":122.141357421875},"cycles":34635749043}
{"runtime":16415,"energy":{"pkg":569.4049682617188,"pp0":0,"dram":122.39935302734375},"cycles":34625116071}
{"runtime":16405,"energy":{"pkg":566.4743041992188,"pp0":0,"dram":122.199951171875},"cycles":34607513178}
