{"runtime":158485,"energy":{"pkg":5677.416320800781,"pp0":0,"dram":1171.4130249023438},"cycles":332362336866}
{"runtime":158388,"energy":{"pkg":5658.7703857421875,"pp0":0,"dram":1173.6190185546875},"cycles":332167102386}
{"runtime":158413,"energy":{"pkg":5658.304626464844,"pp0":0,"dram":1178.3116455078125},"cycles":332207800785}
{"runtime":158516,"energy":{"pkg":5594.085510253906,"pp0":0,"dram":1179.5125122070312},"cycles":332429105631}
{"runtime":158415,"energy":{"pkg":5682.470886230469,"pp0":0,"dram":1172.6307373046875},"cycles":332214776292}
{"runtime":158406,"energy":{"pkg":5672.783935546875,"pp0":0,"dram":1176.8159790039062},"cycles":332200353912}
{"runtime":158497,"energy":{"pkg":5664.562744140625,"pp0":0,"dram":1176.4932861328125},"cycles":332391997014}
