{"runtime":174178,"energy":{"pkg":6205.820007324219,"pp0":0,"dram":1293.93212890625},"cycles":365252240808}
{"runtime":174268,"energy":{"pkg":6152.332336425781,"pp0":0,"dram":1281.76171875},"cycles":365382428565}
{"runtime":174173,"energy":{"pkg":6157.22314453125,"pp0":0,"dram":1299.4229736328125},"cycles":365244075819}
{"runtime":174142,"energy":{"pkg":6174.064208984375,"pp0":0,"dram":1300.1304931640625},"cycles":365180093439}
{"runtime":174273,"energy":{"pkg":6167.766357421875,"pp0":0,"dram":1293.7174682617188},"cycles":365456693070}
{"runtime":174103,"energy":{"pkg":6178.5064697265625,"pp0":0,"dram":1283.7908325195312},"cycles":365099793975}
{"runtime":174158,"energy":{"pkg":6155.984130859375,"pp0":0,"dram":1296.4930419921875},"cycles":365209919970}
