{"runtime":189973,"energy":{"pkg":6752.696228027344,"pp0":0,"dram":1406.5097045898438},"cycles":398347617129}
{"runtime":189983,"energy":{"pkg":6756.9498291015625,"pp0":0,"dram":1406.2510375976562},"cycles":398373672984}
{"runtime":189901,"energy":{"pkg":6719.214111328125,"pp0":0,"dram":1418.2914428710938},"cycles":398198017623}
{"runtime":190261,"energy":{"pkg":6807.828308105469,"pp0":0,"dram":1416.06787109375},"cycles":398961364263}
{"runtime":189906,"energy":{"pkg":6690.993408203125,"pp0":0,"dram":1400.6534423828125},"cycles":398206258632}
{"runtime":189826,"energy":{"pkg":6802.627685546875,"pp0":0,"dram":1403.53564453125},"cycles":398046140247}
{"runtime":189886,"energy":{"pkg":6716.682922363281,"pp0":0,"dram":1410.352783203125},"cycles":398170062381}
