{"runtime":197775,"energy":{"pkg":7019.17626953125,"pp0":0,"dram":1462.72021484375},"cycles":414709381989}
{"runtime":197792,"energy":{"pkg":7091.466613769531,"pp0":0,"dram":1456.5450439453125},"cycles":414743352366}
{"runtime":197750,"energy":{"pkg":7049.6968994140625,"pp0":0,"dram":1472.916015625},"cycles":414658362720}
{"runtime":197759,"energy":{"pkg":7069.586975097656,"pp0":0,"dram":1467.49169921875},"cycles":414676628310}
{"runtime":197886,"energy":{"pkg":6974.8038330078125,"pp0":0,"dram":1464.2047729492188},"cycles":414931308477}
{"runtime":197763,"energy":{"pkg":7088.451232910156,"pp0":0,"dram":1465.8973388671875},"cycles":414684982152}
{"runtime":197767,"energy":{"pkg":6987.953857421875,"pp0":0,"dram":1465.7316284179688},"cycles":414693263250}
