{"runtime":213528,"energy":{"pkg":7544.769592285156,"pp0":0,"dram":1581.2152099609375},"cycles":447702750978}
{"runtime":213609,"energy":{"pkg":7658.8133544921875,"pp0":0,"dram":1585.02001953125},"cycles":447885020982}
{"runtime":213549,"energy":{"pkg":7521.4112548828125,"pp0":0,"dram":1594.0582275390625},"cycles":447758221407}
{"runtime":213521,"energy":{"pkg":7569.5272216796875,"pp0":0,"dram":1582.942138671875},"cycles":447707171856}
{"runtime":213616,"energy":{"pkg":7625.7506103515625,"pp0":0,"dram":1580.2147216796875},"cycles":447908229258}
{"runtime":213529,"energy":{"pkg":7644.7696533203125,"pp0":0,"dram":1577.8487548828125},"cycles":447724423419}
{"runtime":213488,"energy":{"pkg":7559.165344238281,"pp0":0,"dram":1586.376220703125},"cycles":447636330246}
