{"runtime":229424,"energy":{"pkg":8152.041931152344,"pp0":0,"dram":1692.271728515625},"cycles":480966308592}
{"runtime":229391,"energy":{"pkg":8225.308410644531,"pp0":0,"dram":1708.5957641601562},"cycles":480962693127}
{"runtime":229417,"energy":{"pkg":8105.944152832031,"pp0":0,"dram":1708.715087890625},"cycles":481016717790}
{"runtime":229410,"energy":{"pkg":8154.15771484375,"pp0":0,"dram":1702.22998046875},"cycles":481006973874}
{"runtime":229618,"energy":{"pkg":8100.3583984375,"pp0":0,"dram":1712.0095825195312},"cycles":481433348970}
{"runtime":229339,"energy":{"pkg":8219.846313476562,"pp0":0,"dram":1699.5278930664062},"cycles":480853458834}
{"runtime":229367,"energy":{"pkg":8122.497253417969,"pp0":0,"dram":1705.3590087890625},"cycles":480915104586}
