{"runtime":24246,"energy":{"pkg":808.9507446289062,"pp0":0,"dram":178.64434814453125},"cycles":51038268036}
{"runtime":24341,"energy":{"pkg":849.8379516601562,"pp0":0,"dram":179.95904541015625},"cycles":51234363243}
{"runtime":24228,"energy":{"pkg":858.4854736328125,"pp0":0,"dram":181.1065673828125},"cycles":51001988226}
{"runtime":24250,"energy":{"pkg":853.4805908203125,"pp0":0,"dram":181.3858642578125},"cycles":51047542791}
{"runtime":24203,"energy":{"pkg":843.9095458984375,"pp0":0,"dram":180.07843017578125},"cycles":50949767295}
{"runtime":24257,"energy":{"pkg":850.205810546875,"pp0":0,"dram":180.7496337890625},"cycles":51061040289}
{"runtime":24247,"energy":{"pkg":845.33447265625,"pp0":0,"dram":179.49298095703125},"cycles":51041062716}
