{"runtime":237256,"energy":{"pkg":8427.424682617188,"pp0":0,"dram":1751.9652709960938},"cycles":497448286377}
{"runtime":237263,"energy":{"pkg":8526.740661621094,"pp0":0,"dram":1768.789306640625},"cycles":497459008809}
{"runtime":237267,"energy":{"pkg":8369.148742675781,"pp0":0,"dram":1765.2726440429688},"cycles":497469685020}
{"runtime":237270,"energy":{"pkg":8510.993835449219,"pp0":0,"dram":1764.3689575195312},"cycles":497475018579}
{"runtime":237552,"energy":{"pkg":8382.341735839844,"pp0":0,"dram":1765.468017578125},"cycles":498058248366}
{"runtime":237317,"energy":{"pkg":8381.532470703125,"pp0":0,"dram":1765.0899658203125},"cycles":497564838267}
{"runtime":237348,"energy":{"pkg":8405.510803222656,"pp0":0,"dram":1763.9281005859375},"cycles":497635342176}
