{"runtime":32143,"energy":{"pkg":1077.842529296875,"pp0":0,"dram":237.02410888671875},"cycles":67586775081}
{"runtime":32212,"energy":{"pkg":1132.8117065429688,"pp0":0,"dram":238.0599365234375},"cycles":67730700282}
{"runtime":32078,"energy":{"pkg":1128.0868530273438,"pp0":0,"dram":239.5775146484375},"cycles":67450949622}
{"runtime":32122,"energy":{"pkg":1124.511474609375,"pp0":0,"dram":240.57659912109375},"cycles":67541325768}
{"runtime":32154,"energy":{"pkg":1124.124755859375,"pp0":0,"dram":238.6322021484375},"cycles":67609692885}
{"runtime":32077,"energy":{"pkg":1128.1968994140625,"pp0":0,"dram":239.2982177734375},"cycles":67450031565}
{"runtime":32138,"energy":{"pkg":1126.3634033203125,"pp0":0,"dram":237.1077880859375},"cycles":67575185706}
