{"runtime":40025,"energy":{"pkg":1367.2396850585938,"pp0":0,"dram":294.98077392578125},"cycles":84104951028}
{"runtime":39997,"energy":{"pkg":1409.3789672851562,"pp0":0,"dram":296.44708251953125},"cycles":84048321924}
{"runtime":40055,"energy":{"pkg":1405.1278686523438,"pp0":0,"dram":299.02813720703125},"cycles":84166460847}
{"runtime":40035,"energy":{"pkg":1417.4464111328125,"pp0":0,"dram":299.01397705078125},"cycles":84127333836}
{"runtime":40107,"energy":{"pkg":1406.5657958984375,"pp0":0,"dram":297.924072265625},"cycles":84276281439}
{"runtime":40092,"energy":{"pkg":1413.559814453125,"pp0":0,"dram":298.03228759765625},"cycles":84242473203}
{"runtime":40186,"energy":{"pkg":1401.7003173828125,"pp0":0,"dram":297.07781982421875},"cycles":84443461158}
