{"runtime":47904,"energy":{"pkg":1664.3794555664062,"pp0":0,"dram":352.582275390625},"cycles":100615643856}
{"runtime":47889,"energy":{"pkg":1691.184326171875,"pp0":0,"dram":354.99212646484375},"cycles":100569513597}
{"runtime":47861,"energy":{"pkg":1698.501220703125,"pp0":0,"dram":357.487548828125},"cycles":100526122053}
{"runtime":47824,"energy":{"pkg":1698.9158325195312,"pp0":0,"dram":358.45123291015625},"cycles":100450548681}
{"runtime":47811,"energy":{"pkg":1684.6396484375,"pp0":0,"dram":354.4437255859375},"cycles":100424120034}
{"runtime":47830,"energy":{"pkg":1701.8592529296875,"pp0":0,"dram":354.64453125},"cycles":100467380769}
{"runtime":47871,"energy":{"pkg":1680.529052734375,"pp0":0,"dram":354.48284912109375},"cycles":100544113257}
