{"runtime":71556,"energy":{"pkg":2557.619873046875,"pp0":0,"dram":533.1781005859375},"cycles":150165288567}
{"runtime":71479,"energy":{"pkg":2527.9891967773438,"pp0":0,"dram":527.6207885742188},"cycles":150025365525}
{"runtime":71584,"energy":{"pkg":2548.8137817382812,"pp0":0,"dram":532.224853515625},"cycles":150244212636}
{"runtime":71580,"energy":{"pkg":2515.6845092773438,"pp0":0,"dram":534.4734497070312},"cycles":150236488479}
{"runtime":71533,"energy":{"pkg":2545.44091796875,"pp0":0,"dram":531.3572387695312},"cycles":150118442040}
{"runtime":71564,"energy":{"pkg":2524.8406372070312,"pp0":0,"dram":533.2289428710938},"cycles":150176625228}
{"runtime":71481,"energy":{"pkg":2538.9013671875,"pp0":0,"dram":529.93408203125},"cycles":150030175533}
