{"runtime":3113,"energy":{"pkg":262.56317138671875,"pp0":0,"dram":28.68988037109375},"cycles":186807291699}
{"runtime":3106,"energy":{"pkg":281.25140380859375,"pp0":0,"dram":29.3538818359375},"cycles":187292063973}
{"runtime":3132,"energy":{"pkg":282.8740234375,"pp0":0,"dram":29.56903076171875},"cycles":187051766391}
{"runtime":3242,"energy":{"pkg":288.384033203125,"pp0":0,"dram":30.31536865234375},"cycles":186172639359}
{"runtime":3116,"energy":{"pkg":282.97064208984375,"pp0":0,"dram":29.00640869140625},"cycles":187479338907}
{"runtime":2919,"energy":{"pkg":266.253662109375,"pp0":0,"dram":27.39862060546875},"cycles":177731460732}
{"runtime":3107,"energy":{"pkg":283.46844482421875,"pp0":0,"dram":28.84710693359375},"cycles":187249538742}
