{"runtime":29640,"energy":{"pkg":2633.6646728515625,"pp0":0,"dram":273.99114990234375},"cycles":1752381801303}
{"runtime":30827,"energy":{"pkg":2796.844970703125,"pp0":0,"dram":293.59393310546875},"cycles":1829784607161}
{"runtime":30221,"energy":{"pkg":2776.357666015625,"pp0":0,"dram":275.833740234375},"cycles":1819429520748}
{"runtime":28446,"energy":{"pkg":2608.3456420898438,"pp0":0,"dram":261.3065185546875},"cycles":1706756299794}
{"runtime":30843,"energy":{"pkg":2789.7506713867188,"pp0":0,"dram":284.867919921875},"cycles":1824227894202}
{"runtime":28080,"energy":{"pkg":2567.716064453125,"pp0":0,"dram":258.5845947265625},"cycles":1676441233509}
{"runtime":30625,"energy":{"pkg":2787.7618408203125,"pp0":0,"dram":282.55438232421875},"cycles":1823285522205}
