{"runtime":33515,"energy":{"pkg":3075.6243896484375,"pp0":0,"dram":307.444580078125},"cycles":2003232852621}
{"runtime":36677,"energy":{"pkg":3333.3426513671875,"pp0":0,"dram":331.794677734375},"cycles":2176931507268}
{"runtime":36388,"energy":{"pkg":3329.9755249023438,"pp0":0,"dram":328.314208984375},"cycles":2179465362879}
{"runtime":36544,"energy":{"pkg":3329.5059814453125,"pp0":0,"dram":342.029296875},"cycles":2191979727882}
{"runtime":36457,"energy":{"pkg":3332.302490234375,"pp0":0,"dram":328.2535400390625},"cycles":2185790393556}
{"runtime":36966,"energy":{"pkg":3376.4817504882812,"pp0":0,"dram":347.42449951171875},"cycles":2209590621672}
{"runtime":36817,"energy":{"pkg":3329.7103881835938,"pp0":0,"dram":337.2860107421875},"cycles":2188272338553}
