{"runtime":42369,"energy":{"pkg":3881.7620849609375,"pp0":0,"dram":382.5855712890625},"cycles":2542126676439}
{"runtime":42665,"energy":{"pkg":3870.1307983398438,"pp0":0,"dram":390.14208984375},"cycles":2544802800603}
{"runtime":42957,"energy":{"pkg":3917.5864868164062,"pp0":0,"dram":396.4105224609375},"cycles":2561219738469}
{"runtime":42533,"energy":{"pkg":3883.1209716796875,"pp0":0,"dram":387.9898681640625},"cycles":2557172978052}
{"runtime":38610,"energy":{"pkg":3572.304443359375,"pp0":0,"dram":346.87957763671875},"cycles":2332282194312}
{"runtime":40039,"energy":{"pkg":3583.6245727539062,"pp0":0,"dram":355.51776123046875},"cycles":2391082030134}
{"runtime":42087,"energy":{"pkg":3858.6063842773438,"pp0":0,"dram":372.11712646484375},"cycles":2547196458513}
