{"runtime":41661,"energy":{"pkg":3846.1377563476562,"pp0":0,"dram":377.5435791015625},"cycles":2496629055060}
{"runtime":46049,"energy":{"pkg":4177.608093261719,"pp0":0,"dram":433.44775390625},"cycles":2737115705793}
{"runtime":45668,"energy":{"pkg":4180.354797363281,"pp0":0,"dram":421.1500244140625},"cycles":2729405104461}
{"runtime":45483,"energy":{"pkg":4144.992614746094,"pp0":0,"dram":423.51446533203125},"cycles":2736181183155}
{"runtime":45602,"energy":{"pkg":4160.915283203125,"pp0":0,"dram":414.7989501953125},"cycles":2734398385593}
{"runtime":45597,"energy":{"pkg":4158.6429443359375,"pp0":0,"dram":412.4974365234375},"cycles":2716889032137}
{"runtime":45898,"energy":{"pkg":4166.1708984375,"pp0":0,"dram":407.4532470703125},"cycles":2728814971323}
