{"runtime":46607,"energy":{"pkg":4232.034362792969,"pp0":0,"dram":420.4952392578125},"cycles":2775661639527}
{"runtime":48520,"energy":{"pkg":4431.618469238281,"pp0":0,"dram":446.55145263671875},"cycles":2911129148655}
{"runtime":48314,"energy":{"pkg":4434.917541503906,"pp0":0,"dram":435.3443603515625},"cycles":2872179525054}
{"runtime":48603,"energy":{"pkg":4454.385559082031,"pp0":0,"dram":448.74609375},"cycles":2911663037661}
{"runtime":48750,"energy":{"pkg":4459.760559082031,"pp0":0,"dram":436.8353271484375},"cycles":2896067794620}
{"runtime":48493,"energy":{"pkg":4447.213562011719,"pp0":0,"dram":441.96331787109375},"cycles":2914142186109}
{"runtime":48369,"energy":{"pkg":4422.04345703125,"pp0":0,"dram":439.02154541015625},"cycles":2907723226779}
