{"runtime":51559,"energy":{"pkg":4714.690856933594,"pp0":0,"dram":468.472412109375},"cycles":3092791563708}
{"runtime":51503,"energy":{"pkg":4691.641418457031,"pp0":0,"dram":461.985107421875},"cycles":3099354365772}
{"runtime":52044,"energy":{"pkg":4738.400085449219,"pp0":0,"dram":467.15576171875},"cycles":3084620874069}
{"runtime":50725,"energy":{"pkg":4692.084899902344,"pp0":0,"dram":456.82379150390625},"cycles":3064144715247}
{"runtime":51803,"energy":{"pkg":4720.793273925781,"pp0":0,"dram":481.82171630859375},"cycles":3093743125788}
{"runtime":51286,"energy":{"pkg":4696.7354736328125,"pp0":0,"dram":463.3558349609375},"cycles":3087152505297}
{"runtime":51202,"energy":{"pkg":4672.4383544921875,"pp0":0,"dram":458.92254638671875},"cycles":3082123324560}
