{"runtime":56277,"energy":{"pkg":5207.9605712890625,"pp0":0,"dram":514.34326171875},"cycles":3404203789749}
{"runtime":52583,"energy":{"pkg":4856.390869140625,"pp0":0,"dram":470.1298828125},"cycles":3166083932130}
{"runtime":58211,"energy":{"pkg":5298.1954345703125,"pp0":0,"dram":519.9901733398438},"cycles":3484232181717}
{"runtime":53064,"energy":{"pkg":4868.10302734375,"pp0":0,"dram":477.7891845703125},"cycles":3180497333874}
{"runtime":54884,"energy":{"pkg":5013.0531005859375,"pp0":0,"dram":498.79998779296875},"cycles":3282506406249}
{"runtime":52598,"energy":{"pkg":4849.4342041015625,"pp0":0,"dram":477.87744140625},"cycles":3173868553002}
{"runtime":57875,"energy":{"pkg":5237.443542480469,"pp0":0,"dram":511.39923095703125},"cycles":3454972045938}
