{"runtime":60238,"energy":{"pkg":5520.41259765625,"pp0":0,"dram":560.4373168945312},"cycles":3620661802863}
{"runtime":60373,"energy":{"pkg":5540.644836425781,"pp0":0,"dram":549.1707763671875},"cycles":3633303262113}
{"runtime":55820,"energy":{"pkg":5122.6495361328125,"pp0":0,"dram":513.3914184570312},"cycles":3331461520149}
{"runtime":60787,"energy":{"pkg":5554.284912109375,"pp0":0,"dram":553.1849975585938},"cycles":3625305845238}
{"runtime":60706,"energy":{"pkg":5567.4217529296875,"pp0":0,"dram":543.3341064453125},"cycles":3623855945913}
{"runtime":61078,"energy":{"pkg":5517.992370605469,"pp0":0,"dram":555.6082763671875},"cycles":3645523357245}
{"runtime":60323,"energy":{"pkg":5488.516357421875,"pp0":0,"dram":531.6262817382812},"cycles":3598452968313}
