{"runtime":62933,"energy":{"pkg":5768.798645019531,"pp0":0,"dram":566.530029296875},"cycles":3762057767811}
{"runtime":63311,"energy":{"pkg":5816.499328613281,"pp0":0,"dram":569.500244140625},"cycles":3826150315134}
{"runtime":63622,"energy":{"pkg":5810.534423828125,"pp0":0,"dram":568.9188232421875},"cycles":3821229754167}
{"runtime":61660,"energy":{"pkg":5567.6552734375,"pp0":0,"dram":562.68994140625},"cycles":3666138481068}
{"runtime":63619,"energy":{"pkg":5826.94580078125,"pp0":0,"dram":581.9765625},"cycles":3811405289076}
{"runtime":63592,"energy":{"pkg":5825.889587402344,"pp0":0,"dram":583.172607421875},"cycles":3817316406855}
{"runtime":63531,"energy":{"pkg":5808.9404296875,"pp0":0,"dram":571.4174194335938},"cycles":3819674126226}
