{"runtime":66515,"energy":{"pkg":6080.796325683594,"pp0":0,"dram":598.4093627929688},"cycles":3987675086997}
{"runtime":66578,"energy":{"pkg":6116.0482177734375,"pp0":0,"dram":609.1625366210938},"cycles":3991887149355}
{"runtime":64108,"energy":{"pkg":5781.212585449219,"pp0":0,"dram":572.5997924804688},"cycles":3819047517075}
{"runtime":66454,"energy":{"pkg":6078.870666503906,"pp0":0,"dram":590.9600219726562},"cycles":3998633775234}
{"runtime":66928,"energy":{"pkg":6081.89599609375,"pp0":0,"dram":597.5377197265625},"cycles":3976712752593}
{"runtime":66061,"energy":{"pkg":6096.2254638671875,"pp0":0,"dram":600.0678100585938},"cycles":3999294370638}
{"runtime":66872,"energy":{"pkg":6092.431884765625,"pp0":0,"dram":599.7191162109375},"cycles":3991525411356}
