{"runtime":69482,"energy":{"pkg":6335.9765625,"pp0":0,"dram":621.926025390625},"cycles":4167598872801}
{"runtime":69205,"energy":{"pkg":6375.3221435546875,"pp0":0,"dram":632.9597778320312},"cycles":4166964080454}
{"runtime":69678,"energy":{"pkg":6411.127868652344,"pp0":0,"dram":629.4207153320312},"cycles":4193847021000}
{"runtime":69398,"energy":{"pkg":6374.6495361328125,"pp0":0,"dram":618.9708862304688},"cycles":4168401221523}
{"runtime":70225,"energy":{"pkg":6348.730651855469,"pp0":0,"dram":628.4170532226562},"cycles":4182307659180}
{"runtime":69831,"energy":{"pkg":6369.15966796875,"pp0":0,"dram":633.3121337890625},"cycles":4168135157823}
{"runtime":70929,"energy":{"pkg":6380.780517578125,"pp0":0,"dram":652.91064453125},"cycles":4198160327991}
