{"runtime":73463,"energy":{"pkg":6637.06640625,"pp0":0,"dram":666.009765625},"cycles":4368725032833}
{"runtime":72964,"energy":{"pkg":6672.677429199219,"pp0":0,"dram":679.8583984375},"cycles":4370047667643}
{"runtime":72049,"energy":{"pkg":6631.105224609375,"pp0":0,"dram":645.17626953125},"cycles":4309103040984}
{"runtime":72211,"energy":{"pkg":6646.89697265625,"pp0":0,"dram":644.4903564453125},"cycles":4333393282491}
{"runtime":72186,"energy":{"pkg":6601.33447265625,"pp0":0,"dram":651.1907348632812},"cycles":4346139142779}
{"runtime":72692,"energy":{"pkg":6684.02734375,"pp0":0,"dram":660.2040405273438},"cycles":4359488957208}
{"runtime":67908,"energy":{"pkg":6277.3480224609375,"pp0":0,"dram":609.7819213867188},"cycles":4110608307372}
