{"runtime":75746,"energy":{"pkg":6847.117004394531,"pp0":0,"dram":695.1920166015625},"cycles":4520388314925}
{"runtime":78556,"energy":{"pkg":7134.016296386719,"pp0":0,"dram":713.1043701171875},"cycles":4714657711407}
{"runtime":77854,"energy":{"pkg":7202.5802001953125,"pp0":0,"dram":709.136474609375},"cycles":4705729885416}
{"runtime":79089,"energy":{"pkg":7255.511535644531,"pp0":0,"dram":708.0687866210938},"cycles":4728893554413}
{"runtime":78988,"energy":{"pkg":7224.83056640625,"pp0":0,"dram":733.7926025390625},"cycles":4742465456253}
{"runtime":78576,"energy":{"pkg":7216.2738037109375,"pp0":0,"dram":711.0738525390625},"cycles":4711579808586}
{"runtime":78208,"energy":{"pkg":7138.369323730469,"pp0":0,"dram":717.5953369140625},"cycles":4715676640626}
