{"runtime":81741,"energy":{"pkg":7445.895935058594,"pp0":0,"dram":748.3043823242188},"cycles":4889610420051}
{"runtime":79588,"energy":{"pkg":7104.9124755859375,"pp0":0,"dram":720.960693359375},"cycles":4749610503855}
{"runtime":81211,"energy":{"pkg":7482.442626953125,"pp0":0,"dram":727.2603149414062},"cycles":4898427211776}
{"runtime":81129,"energy":{"pkg":7480.489501953125,"pp0":0,"dram":743.9127807617188},"cycles":4907545989906}
{"runtime":81765,"energy":{"pkg":7479.162048339844,"pp0":0,"dram":728.7008056640625},"cycles":4845258281115}
{"runtime":81583,"energy":{"pkg":7469.378845214844,"pp0":0,"dram":751.1546630859375},"cycles":4912739043555}
{"runtime":82209,"energy":{"pkg":7468.312072753906,"pp0":0,"dram":769.234619140625},"cycles":4923396824430}
