{"runtime":85691,"energy":{"pkg":7881.403991699219,"pp0":0,"dram":775.8070068359375},"cycles":5145892295397}
{"runtime":91463,"energy":{"pkg":8312.448181152344,"pp0":0,"dram":843.4480590820312},"cycles":5445665513484}
{"runtime":91501,"energy":{"pkg":8342.1689453125,"pp0":0,"dram":823.370361328125},"cycles":5463212095719}
{"runtime":88741,"energy":{"pkg":7927.970764160156,"pp0":0,"dram":800.9403076171875},"cycles":5304903423498}
{"runtime":90136,"energy":{"pkg":8271.823669433594,"pp0":0,"dram":818.130615234375},"cycles":5413939040622}
{"runtime":90032,"energy":{"pkg":8289.240173339844,"pp0":0,"dram":811.7264404296875},"cycles":5386647036393}
{"runtime":90004,"energy":{"pkg":8287.161926269531,"pp0":0,"dram":820.0364990234375},"cycles":5401624926138}
