{"runtime":18192,"energy":{"pkg":1606.3812866210938,"pp0":0,"dram":167.06524658203125},"cycles":1098821834292}
{"runtime":18748,"energy":{"pkg":1681.7769775390625,"pp0":0,"dram":181.39202880859375},"cycles":1110275796630}
{"runtime":18486,"energy":{"pkg":1684.9501953125,"pp0":0,"dram":167.77215576171875},"cycles":1102919489238}
{"runtime":17551,"energy":{"pkg":1582.435546875,"pp0":0,"dram":166.971923828125},"cycles":1046986126998}
{"runtime":18111,"energy":{"pkg":1658.8547973632812,"pp0":0,"dram":171.34197998046875},"cycles":1080931897080}
{"runtime":17744,"energy":{"pkg":1582.23779296875,"pp0":0,"dram":165.43585205078125},"cycles":1067712758679}
{"runtime":18594,"energy":{"pkg":1675.2438354492188,"pp0":0,"dram":164.81341552734375},"cycles":1095275246919}
