{"runtime":2025,"energy":{"pkg":19.95269775390625,"pp0":10.7496337890625,"pp1":0.2958984375,"dram":0},"perf_counters":{"PERF_COUNT_HW_REF_CPU_CYCLES":28116477790,"PERF_COUNT_HW_BRANCH_INSTRUCTIONS":4706693956,"PERF_COUNT_HW_CACHE_MISSES":31628954,"PERF_COUNT_HW_INSTRUCTIONS":28106774480,"PERF_COUNT_HW_BRANCH_MISSES":1800741,"PERF_COUNT_HW_CACHE_REFERENCES":112881644,"PERF_COUNT_HW_CPU_CYCLES":14962492869}}
{"runtime":2016,"energy":{"pkg":20.00653076171875,"pp0":10.84783935546875,"pp1":0.253173828125,"dram":0},"perf_counters":{"PERF_COUNT_HW_REF_CPU_CYCLES":29008297620,"PERF_COUNT_HW_BRANCH_INSTRUCTIONS":4706888291,"PERF_COUNT_HW_CACHE_MISSES":32566205,"PERF_COUNT_HW_INSTRUCTIONS":28108893921,"PERF_COUNT_HW_BRANCH_MISSES":1992000,"PERF_COUNT_HW_CACHE_REFERENCES":113760454,"PERF_COUNT_HW_CPU_CYCLES":15692032196}}
{"runtime":2095,"energy":{"pkg":20.58453369140625,"pp0":11.100341796875,"pp1":0.2864990234375,"dram":0},"perf_counters":{"PERF_COUNT_HW_REF_CPU_CYCLES":29418246494,"PERF_COUNT_HW_BRANCH_INSTRUCTIONS":4711077227,"PERF_COUNT_HW_CACHE_MISSES":32747134,"PERF_COUNT_HW_INSTRUCTIONS":28128936419,"PERF_COUNT_HW_BRANCH_MISSES":1940229,"PERF_COUNT_HW_CACHE_REFERENCES":114959519,"PERF_COUNT_HW_CPU_CYCLES":15767067358}}
{"runtime":1969,"energy":{"pkg":19.815673828125,"pp0":10.8433837890625,"pp1":0.29541015625,"dram":0},"perf_counters":{"PERF_COUNT_HW_REF_CPU_CYCLES":28281348582,"PERF_COUNT_HW_BRANCH_INSTRUCTIONS":4707865020,"PERF_COUNT_HW_CACHE_MISSES":32666986,"PERF_COUNT_HW_INSTRUCTIONS":28112394174,"PERF_COUNT_HW_BRANCH_MISSES":1977571,"PERF_COUNT_HW_CACHE_REFERENCES":114538189,"PERF_COUNT_HW_CPU_CYCLES":15329110424}}
{"runtime":2184,"energy":{"pkg":21.16119384765625,"pp0":11.1932373046875,"pp1":0.34619140625,"dram":0},"perf_counters":{"PERF_COUNT_HW_REF_CPU_CYCLES":28895985587,"PERF_COUNT_HW_BRANCH_INSTRUCTIONS":4707111460,"PERF_COUNT_HW_CACHE_MISSES":33669239,"PERF_COUNT_HW_INSTRUCTIONS":28108768406,"PERF_COUNT_HW_BRANCH_MISSES":1901534,"PERF_COUNT_HW_CACHE_REFERENCES":113392871,"PERF_COUNT_HW_CPU_CYCLES":15827894152}}
{"runtime":2010,"energy":{"pkg":20.33660888671875,"pp0":11.13824462890625,"pp1":0.2772216796875,"dram":0},"perf_counters":{"PERF_COUNT_HW_REF_CPU_CYCLES":27903841857,"PERF_COUNT_HW_BRANCH_INSTRUCTIONS":4709618830,"PERF_COUNT_HW_CACHE_MISSES":32979824,"PERF_COUNT_HW_INSTRUCTIONS":28118069343,"PERF_COUNT_HW_BRANCH_MISSES":1879946,"PERF_COUNT_HW_CACHE_REFERENCES":114041007,"PERF_COUNT_HW_CPU_CYCLES":16018915900}}
{"runtime":2191,"energy":{"pkg":21.48968505859375,"pp0":11.50634765625,"pp1":0.30908203125,"dram":0},"perf_counters":{"PERF_COUNT_HW_REF_CPU_CYCLES":30369930923,"PERF_COUNT_HW_BRANCH_INSTRUCTIONS":4711020427,"PERF_COUNT_HW_CACHE_MISSES":35157500,"PERF_COUNT_HW_INSTRUCTIONS":28125473847,"PERF_COUNT_HW_BRANCH_MISSES":1883317,"PERF_COUNT_HW_CACHE_REFERENCES":115266897,"PERF_COUNT_HW_CPU_CYCLES":17367742770}}
{"runtime":1960,"energy":{"pkg":19.861083984375,"pp0":10.941650390625,"pp1":0.2911376953125,"dram":0},"perf_counters":{"PERF_COUNT_HW_REF_CPU_CYCLES":26378869594,"PERF_COUNT_HW_BRANCH_INSTRUCTIONS":4707681950,"PERF_COUNT_HW_CACHE_MISSES":30840830,"PERF_COUNT_HW_INSTRUCTIONS":28115101542,"PERF_COUNT_HW_BRANCH_MISSES":1838217,"PERF_COUNT_HW_CACHE_REFERENCES":111466617,"PERF_COUNT_HW_CPU_CYCLES":14998711417}}
{"runtime":2004,"energy":{"pkg":20.0401611328125,"pp0":10.920166015625,"pp1":0.2987060546875,"dram":0},"perf_counters":{"PERF_COUNT_HW_REF_CPU_CYCLES":27641315388,"PERF_COUNT_HW_BRANCH_INSTRUCTIONS":4707194533,"PERF_COUNT_HW_CACHE_MISSES":31391619,"PERF_COUNT_HW_INSTRUCTIONS":28109443787,"PERF_COUNT_HW_BRANCH_MISSES":1919289,"PERF_COUNT_HW_CACHE_REFERENCES":113696140,"PERF_COUNT_HW_CPU_CYCLES":15276748271}}
{"runtime":1897,"energy":{"pkg":19.34014892578125,"pp0":10.71173095703125,"pp1":0.2459716796875,"dram":0},"perf_counters":{"PERF_COUNT_HW_REF_CPU_CYCLES":27357880478,"PERF_COUNT_HW_BRANCH_INSTRUCTIONS":4710902661,"PERF_COUNT_HW_CACHE_MISSES":31124905,"PERF_COUNT_HW_INSTRUCTIONS":28127130248,"PERF_COUNT_HW_BRANCH_MISSES":1900641,"PERF_COUNT_HW_CACHE_REFERENCES":113481916,"PERF_COUNT_HW_CPU_CYCLES":14901077785}}
{"runtime":2114,"energy":{"pkg":20.66650390625,"pp0":11.04595947265625,"pp1":0.316650390625,"dram":0},"perf_counters":{"PERF_COUNT_HW_REF_CPU_CYCLES":28907491920,"PERF_COUNT_HW_BRANCH_INSTRUCTIONS":4707799760,"PERF_COUNT_HW_CACHE_MISSES":33812822,"PERF_COUNT_HW_INSTRUCTIONS":28112420154,"PERF_COUNT_HW_BRANCH_MISSES":1852742,"PERF_COUNT_HW_CACHE_REFERENCES":113500814,"PERF_COUNT_HW_CPU_CYCLES":15652790981}}
