{"runtime":4528,"energy":{"pkg":45.39727783203125,"pp0":26.193359375,"pp1":0.4793701171875,"dram":0},"perf_counters":{"PERF_COUNT_HW_REF_CPU_CYCLES":46310652354,"PERF_COUNT_HW_BRANCH_INSTRUCTIONS":24783068306,"PERF_COUNT_HW_CACHE_MISSES":263480,"PERF_COUNT_HW_INSTRUCTIONS":56105493661,"PERF_COUNT_HW_BRANCH_MISSES":11611480,"PERF_COUNT_HW_CACHE_REFERENCES":123774115,"PERF_COUNT_HW_CPU_CYCLES":40426902083}}
{"runtime":5123,"energy":{"pkg":51.10345458984375,"pp0":29.41790771484375,"pp1":0.522705078125,"dram":0},"perf_counters":{"PERF_COUNT_HW_REF_CPU_CYCLES":53464109380,"PERF_COUNT_HW_BRANCH_INSTRUCTIONS":26673138442,"PERF_COUNT_HW_CACHE_MISSES":288885,"PERF_COUNT_HW_INSTRUCTIONS":60310037013,"PERF_COUNT_HW_BRANCH_MISSES":12109844,"PERF_COUNT_HW_CACHE_REFERENCES":147905709,"PERF_COUNT_HW_CPU_CYCLES":46333130306}}
{"runtime":5174,"energy":{"pkg":51.476318359375,"pp0":29.60699462890625,"pp1":0.474609375,"dram":0},"perf_counters":{"PERF_COUNT_HW_REF_CPU_CYCLES":53468152412,"PERF_COUNT_HW_BRANCH_INSTRUCTIONS":26083999897,"PERF_COUNT_HW_CACHE_MISSES":290264,"PERF_COUNT_HW_INSTRUCTIONS":58985479087,"PERF_COUNT_HW_BRANCH_MISSES":11887154,"PERF_COUNT_HW_CACHE_REFERENCES":150362602,"PERF_COUNT_HW_CPU_CYCLES":46477134384}}
{"runtime":4638,"energy":{"pkg":46.1973876953125,"pp0":26.59625244140625,"pp1":0.4287109375,"dram":0},"perf_counters":{"PERF_COUNT_HW_REF_CPU_CYCLES":47062373577,"PERF_COUNT_HW_BRANCH_INSTRUCTIONS":23824661149,"PERF_COUNT_HW_CACHE_MISSES":249222,"PERF_COUNT_HW_INSTRUCTIONS":53889991850,"PERF_COUNT_HW_BRANCH_MISSES":11877999,"PERF_COUNT_HW_CACHE_REFERENCES":137654679,"PERF_COUNT_HW_CPU_CYCLES":41066663462}}
{"runtime":4555,"energy":{"pkg":45.3841552734375,"pp0":26.140380859375,"pp1":0.4361572265625,"dram":0},"perf_counters":{"PERF_COUNT_HW_REF_CPU_CYCLES":46582044381,"PERF_COUNT_HW_BRANCH_INSTRUCTIONS":23622383864,"PERF_COUNT_HW_CACHE_MISSES":247156,"PERF_COUNT_HW_INSTRUCTIONS":53450234929,"PERF_COUNT_HW_BRANCH_MISSES":12189771,"PERF_COUNT_HW_CACHE_REFERENCES":132213317,"PERF_COUNT_HW_CPU_CYCLES":40475405960}}
{"runtime":5425,"energy":{"pkg":53.8173828125,"pp0":30.880126953125,"pp1":0.5279541015625,"dram":0},"perf_counters":{"PERF_COUNT_HW_REF_CPU_CYCLES":56365004039,"PERF_COUNT_HW_BRANCH_INSTRUCTIONS":28463679362,"PERF_COUNT_HW_CACHE_MISSES":280209,"PERF_COUNT_HW_INSTRUCTIONS":64374890725,"PERF_COUNT_HW_BRANCH_MISSES":12268949,"PERF_COUNT_HW_CACHE_REFERENCES":151453133,"PERF_COUNT_HW_CPU_CYCLES":48564358430}}
{"runtime":4865,"energy":{"pkg":48.82666015625,"pp0":28.27545166015625,"pp1":0.4312744140625,"dram":0},"perf_counters":{"PERF_COUNT_HW_REF_CPU_CYCLES":51962890295,"PERF_COUNT_HW_BRANCH_INSTRUCTIONS":25878417358,"PERF_COUNT_HW_CACHE_MISSES":294053,"PERF_COUNT_HW_INSTRUCTIONS":58532540383,"PERF_COUNT_HW_BRANCH_MISSES":11685452,"PERF_COUNT_HW_CACHE_REFERENCES":132868265,"PERF_COUNT_HW_CPU_CYCLES":44784018974}}
{"runtime":4573,"energy":{"pkg":45.30548095703125,"pp0":25.93060302734375,"pp1":0.4552001953125,"dram":0},"perf_counters":{"PERF_COUNT_HW_REF_CPU_CYCLES":47391256097,"PERF_COUNT_HW_BRANCH_INSTRUCTIONS":24875542070,"PERF_COUNT_HW_CACHE_MISSES":292587,"PERF_COUNT_HW_INSTRUCTIONS":56255845765,"PERF_COUNT_HW_BRANCH_MISSES":11589341,"PERF_COUNT_HW_CACHE_REFERENCES":124226337,"PERF_COUNT_HW_CPU_CYCLES":40699604437}}
{"runtime":4820,"energy":{"pkg":47.72607421875,"pp0":27.291259765625,"pp1":0.4744873046875,"dram":0},"perf_counters":{"PERF_COUNT_HW_REF_CPU_CYCLES":48366836784,"PERF_COUNT_HW_BRANCH_INSTRUCTIONS":23840808141,"PERF_COUNT_HW_CACHE_MISSES":273809,"PERF_COUNT_HW_INSTRUCTIONS":53939313712,"PERF_COUNT_HW_BRANCH_MISSES":12092940,"PERF_COUNT_HW_CACHE_REFERENCES":147026805,"PERF_COUNT_HW_CPU_CYCLES":42195977827}}
{"runtime":5084,"energy":{"pkg":50.7159423828125,"pp0":29.14166259765625,"pp1":0.5390625,"dram":0},"perf_counters":{"PERF_COUNT_HW_REF_CPU_CYCLES":52448323578,"PERF_COUNT_HW_BRANCH_INSTRUCTIONS":25663828387,"PERF_COUNT_HW_CACHE_MISSES":288528,"PERF_COUNT_HW_INSTRUCTIONS":58040349901,"PERF_COUNT_HW_BRANCH_MISSES":12811923,"PERF_COUNT_HW_CACHE_REFERENCES":152535621,"PERF_COUNT_HW_CPU_CYCLES":45538157549}}
{"runtime":4928,"energy":{"pkg":49.5634765625,"pp0":28.74420166015625,"pp1":0.4412841796875,"dram":0},"perf_counters":{"PERF_COUNT_HW_REF_CPU_CYCLES":53538283804,"PERF_COUNT_HW_BRANCH_INSTRUCTIONS":27545624785,"PERF_COUNT_HW_CACHE_MISSES":280020,"PERF_COUNT_HW_INSTRUCTIONS":62311813125,"PERF_COUNT_HW_BRANCH_MISSES":11375206,"PERF_COUNT_HW_CACHE_REFERENCES":130069042,"PERF_COUNT_HW_CPU_CYCLES":45889461904}}
