{"runtime":4545,"energy":{"pkg":45.326171875,"pp0":25.06890869140625,"pp1":0.6285400390625,"dram":0},"perf_counters":{"PERF_COUNT_HW_REF_CPU_CYCLES":73420553365,"PERF_COUNT_HW_BRANCH_INSTRUCTIONS":10419315115,"PERF_COUNT_HW_CACHE_MISSES":49747672,"PERF_COUNT_HW_INSTRUCTIONS":71967394063,"PERF_COUNT_HW_BRANCH_MISSES":38784903,"PERF_COUNT_HW_CACHE_REFERENCES":458711284,"PERF_COUNT_HW_CPU_CYCLES":46231479507}}
{"runtime":4513,"energy":{"pkg":45.0545654296875,"pp0":24.939697265625,"pp1":0.616943359375,"dram":0},"perf_counters":{"PERF_COUNT_HW_REF_CPU_CYCLES":73970651654,"PERF_COUNT_HW_BRANCH_INSTRUCTIONS":10417711751,"PERF_COUNT_HW_CACHE_MISSES":50320628,"PERF_COUNT_HW_INSTRUCTIONS":71961371637,"PERF_COUNT_HW_BRANCH_MISSES":38785119,"PERF_COUNT_HW_CACHE_REFERENCES":460459100,"PERF_COUNT_HW_CPU_CYCLES":46166226765}}
{"runtime":4617,"energy":{"pkg":45.8323974609375,"pp0":25.18048095703125,"pp1":0.658447265625,"dram":0},"perf_counters":{"PERF_COUNT_HW_REF_CPU_CYCLES":73022618393,"PERF_COUNT_HW_BRANCH_INSTRUCTIONS":10419443405,"PERF_COUNT_HW_CACHE_MISSES":51854467,"PERF_COUNT_HW_INSTRUCTIONS":71967602870,"PERF_COUNT_HW_BRANCH_MISSES":38803169,"PERF_COUNT_HW_CACHE_REFERENCES":453674853,"PERF_COUNT_HW_CPU_CYCLES":45894749529}}
{"runtime":4539,"energy":{"pkg":45.22576904296875,"pp0":24.90673828125,"pp1":0.65380859375,"dram":0},"perf_counters":{"PERF_COUNT_HW_REF_CPU_CYCLES":74203148478,"PERF_COUNT_HW_BRANCH_INSTRUCTIONS":10419256530,"PERF_COUNT_HW_CACHE_MISSES":51757870,"PERF_COUNT_HW_INSTRUCTIONS":71967028636,"PERF_COUNT_HW_BRANCH_MISSES":38792586,"PERF_COUNT_HW_CACHE_REFERENCES":458289083,"PERF_COUNT_HW_CPU_CYCLES":46108690339}}
{"runtime":4497,"energy":{"pkg":45.05706787109375,"pp0":25.0706787109375,"pp1":0.540283203125,"dram":0},"perf_counters":{"PERF_COUNT_HW_REF_CPU_CYCLES":72914452979,"PERF_COUNT_HW_BRANCH_INSTRUCTIONS":10419561686,"PERF_COUNT_HW_CACHE_MISSES":48374548,"PERF_COUNT_HW_INSTRUCTIONS":71968601660,"PERF_COUNT_HW_BRANCH_MISSES":38869227,"PERF_COUNT_HW_CACHE_REFERENCES":450541412,"PERF_COUNT_HW_CPU_CYCLES":45840315641}}
{"runtime":4565,"energy":{"pkg":45.33331298828125,"pp0":24.983642578125,"pp1":0.613037109375,"dram":0},"perf_counters":{"PERF_COUNT_HW_REF_CPU_CYCLES":74410142460,"PERF_COUNT_HW_BRANCH_INSTRUCTIONS":10417961577,"PERF_COUNT_HW_CACHE_MISSES":48056845,"PERF_COUNT_HW_INSTRUCTIONS":71962836018,"PERF_COUNT_HW_BRANCH_MISSES":38874992,"PERF_COUNT_HW_CACHE_REFERENCES":453525060,"PERF_COUNT_HW_CPU_CYCLES":45938605664}}
{"runtime":4505,"energy":{"pkg":45.01763916015625,"pp0":24.98590087890625,"pp1":0.5733642578125,"dram":0},"perf_counters":{"PERF_COUNT_HW_REF_CPU_CYCLES":73147863179,"PERF_COUNT_HW_BRANCH_INSTRUCTIONS":10417332589,"PERF_COUNT_HW_CACHE_MISSES":48687882,"PERF_COUNT_HW_INSTRUCTIONS":71959142977,"PERF_COUNT_HW_BRANCH_MISSES":38786419,"PERF_COUNT_HW_CACHE_REFERENCES":454749663,"PERF_COUNT_HW_CPU_CYCLES":45667297097}}
{"runtime":4560,"energy":{"pkg":45.43115234375,"pp0":25.19268798828125,"pp1":0.5712890625,"dram":0},"perf_counters":{"PERF_COUNT_HW_REF_CPU_CYCLES":73264940579,"PERF_COUNT_HW_BRANCH_INSTRUCTIONS":10419026884,"PERF_COUNT_HW_CACHE_MISSES":49201640,"PERF_COUNT_HW_INSTRUCTIONS":71965558487,"PERF_COUNT_HW_BRANCH_MISSES":38816906,"PERF_COUNT_HW_CACHE_REFERENCES":453181938,"PERF_COUNT_HW_CPU_CYCLES":46005043429}}
{"runtime":4565,"energy":{"pkg":45.50140380859375,"pp0":25.21051025390625,"pp1":0.61328125,"dram":0},"perf_counters":{"PERF_COUNT_HW_REF_CPU_CYCLES":72878620491,"PERF_COUNT_HW_BRANCH_INSTRUCTIONS":10419676405,"PERF_COUNT_HW_CACHE_MISSES":48956746,"PERF_COUNT_HW_INSTRUCTIONS":71968664010,"PERF_COUNT_HW_BRANCH_MISSES":38745014,"PERF_COUNT_HW_CACHE_REFERENCES":452713327,"PERF_COUNT_HW_CPU_CYCLES":45979066676}}
{"runtime":4669,"energy":{"pkg":46.43743896484375,"pp0":25.68701171875,"pp1":0.609130859375,"dram":0},"perf_counters":{"PERF_COUNT_HW_REF_CPU_CYCLES":75529116171,"PERF_COUNT_HW_BRANCH_INSTRUCTIONS":10419992062,"PERF_COUNT_HW_CACHE_MISSES":51943077,"PERF_COUNT_HW_INSTRUCTIONS":71970721380,"PERF_COUNT_HW_BRANCH_MISSES":38802746,"PERF_COUNT_HW_CACHE_REFERENCES":457487402,"PERF_COUNT_HW_CPU_CYCLES":47295573050}}
{"runtime":4554,"energy":{"pkg":45.399169921875,"pp0":25.12109375,"pp1":0.5902099609375,"dram":0},"perf_counters":{"PERF_COUNT_HW_REF_CPU_CYCLES":73593156536,"PERF_COUNT_HW_BRANCH_INSTRUCTIONS":10417826994,"PERF_COUNT_HW_CACHE_MISSES":49708024,"PERF_COUNT_HW_INSTRUCTIONS":71961831518,"PERF_COUNT_HW_BRANCH_MISSES":38821699,"PERF_COUNT_HW_CACHE_REFERENCES":456449108,"PERF_COUNT_HW_CPU_CYCLES":46183983666}}
