{"runtime":751,"energy":{"pkg":7.50433349609375,"pp0":4.1925048828125,"pp1":0.1600341796875,"dram":0},"perf_counters":{"PERF_COUNT_HW_REF_CPU_CYCLES":2104600147,"PERF_COUNT_HW_BRANCH_INSTRUCTIONS":282881026,"PERF_COUNT_HW_CACHE_MISSES":58347,"PERF_COUNT_HW_INSTRUCTIONS":6363560364,"PERF_COUNT_HW_BRANCH_MISSES":511445,"PERF_COUNT_HW_CACHE_REFERENCES":143197,"PERF_COUNT_HW_CPU_CYCLES":2412795662}}
{"runtime":754,"energy":{"pkg":7.71038818359375,"pp0":4.39190673828125,"pp1":0.136962890625,"dram":0},"perf_counters":{"PERF_COUNT_HW_REF_CPU_CYCLES":2115132076,"PERF_COUNT_HW_BRANCH_INSTRUCTIONS":282891104,"PERF_COUNT_HW_CACHE_MISSES":58014,"PERF_COUNT_HW_INSTRUCTIONS":6363645102,"PERF_COUNT_HW_BRANCH_MISSES":517303,"PERF_COUNT_HW_CACHE_REFERENCES":164855,"PERF_COUNT_HW_CPU_CYCLES":2417156404}}
{"runtime":758,"energy":{"pkg":7.36541748046875,"pp0":4.02294921875,"pp1":0.15234375,"dram":0},"perf_counters":{"PERF_COUNT_HW_REF_CPU_CYCLES":2126486058,"PERF_COUNT_HW_BRANCH_INSTRUCTIONS":282896122,"PERF_COUNT_HW_CACHE_MISSES":62900,"PERF_COUNT_HW_INSTRUCTIONS":6363675299,"PERF_COUNT_HW_BRANCH_MISSES":520487,"PERF_COUNT_HW_CACHE_REFERENCES":183045,"PERF_COUNT_HW_CPU_CYCLES":2418948225}}
{"runtime":754,"energy":{"pkg":7.53399658203125,"pp0":4.23614501953125,"pp1":0.1455078125,"dram":0},"perf_counters":{"PERF_COUNT_HW_REF_CPU_CYCLES":2114710209,"PERF_COUNT_HW_BRANCH_INSTRUCTIONS":282877462,"PERF_COUNT_HW_CACHE_MISSES":59430,"PERF_COUNT_HW_INSTRUCTIONS":6363567130,"PERF_COUNT_HW_BRANCH_MISSES":518519,"PERF_COUNT_HW_CACHE_REFERENCES":171678,"PERF_COUNT_HW_CPU_CYCLES":2417277790}}
{"runtime":755,"energy":{"pkg":7.4805908203125,"pp0":4.18157958984375,"pp1":0.1246337890625,"dram":0},"perf_counters":{"PERF_COUNT_HW_REF_CPU_CYCLES":2116803557,"PERF_COUNT_HW_BRANCH_INSTRUCTIONS":282878825,"PERF_COUNT_HW_CACHE_MISSES":50067,"PERF_COUNT_HW_INSTRUCTIONS":6363566192,"PERF_COUNT_HW_BRANCH_MISSES":505917,"PERF_COUNT_HW_CACHE_REFERENCES":150944,"PERF_COUNT_HW_CPU_CYCLES":2410884058}}
{"runtime":755,"energy":{"pkg":7.5048828125,"pp0":4.17425537109375,"pp1":0.1551513671875,"dram":0},"perf_counters":{"PERF_COUNT_HW_REF_CPU_CYCLES":2117763361,"PERF_COUNT_HW_BRANCH_INSTRUCTIONS":282909009,"PERF_COUNT_HW_CACHE_MISSES":62270,"PERF_COUNT_HW_INSTRUCTIONS":6363737868,"PERF_COUNT_HW_BRANCH_MISSES":516618,"PERF_COUNT_HW_CACHE_REFERENCES":175627,"PERF_COUNT_HW_CPU_CYCLES":2415072172}}
{"runtime":755,"energy":{"pkg":7.54632568359375,"pp0":4.208740234375,"pp1":0.16162109375,"dram":0},"perf_counters":{"PERF_COUNT_HW_REF_CPU_CYCLES":2117360766,"PERF_COUNT_HW_BRANCH_INSTRUCTIONS":282888791,"PERF_COUNT_HW_CACHE_MISSES":52957,"PERF_COUNT_HW_INSTRUCTIONS":6363621975,"PERF_COUNT_HW_BRANCH_MISSES":508548,"PERF_COUNT_HW_CACHE_REFERENCES":151748,"PERF_COUNT_HW_CPU_CYCLES":2411518651}}
{"runtime":755,"energy":{"pkg":7.5479736328125,"pp0":4.26446533203125,"pp1":0.1182861328125,"dram":0},"perf_counters":{"PERF_COUNT_HW_REF_CPU_CYCLES":2116345920,"PERF_COUNT_HW_BRANCH_INSTRUCTIONS":282882633,"PERF_COUNT_HW_CACHE_MISSES":49452,"PERF_COUNT_HW_INSTRUCTIONS":6363600831,"PERF_COUNT_HW_BRANCH_MISSES":508539,"PERF_COUNT_HW_CACHE_REFERENCES":151825,"PERF_COUNT_HW_CPU_CYCLES":2410362838}}
{"runtime":774,"energy":{"pkg":7.62176513671875,"pp0":4.21710205078125,"pp1":0.1455078125,"dram":0},"perf_counters":{"PERF_COUNT_HW_REF_CPU_CYCLES":2170336282,"PERF_COUNT_HW_BRANCH_INSTRUCTIONS":282898416,"PERF_COUNT_HW_CACHE_MISSES":70522,"PERF_COUNT_HW_INSTRUCTIONS":6363682537,"PERF_COUNT_HW_BRANCH_MISSES":519512,"PERF_COUNT_HW_CACHE_REFERENCES":210987,"PERF_COUNT_HW_CPU_CYCLES":2483400352}}
{"runtime":755,"energy":{"pkg":7.55694580078125,"pp0":4.24542236328125,"pp1":0.1314697265625,"dram":0},"perf_counters":{"PERF_COUNT_HW_REF_CPU_CYCLES":2116578206,"PERF_COUNT_HW_BRANCH_INSTRUCTIONS":282894248,"PERF_COUNT_HW_CACHE_MISSES":52024,"PERF_COUNT_HW_INSTRUCTIONS":6363658563,"PERF_COUNT_HW_BRANCH_MISSES":508925,"PERF_COUNT_HW_CACHE_REFERENCES":152253,"PERF_COUNT_HW_CPU_CYCLES":2410774949}}
{"runtime":756,"energy":{"pkg":7.46221923828125,"pp0":4.16851806640625,"pp1":0.115966796875,"dram":0},"perf_counters":{"PERF_COUNT_HW_REF_CPU_CYCLES":2119329868,"PERF_COUNT_HW_BRANCH_INSTRUCTIONS":282908181,"PERF_COUNT_HW_CACHE_MISSES":48270,"PERF_COUNT_HW_INSTRUCTIONS":6363742085,"PERF_COUNT_HW_BRANCH_MISSES":511426,"PERF_COUNT_HW_CACHE_REFERENCES":140762,"PERF_COUNT_HW_CPU_CYCLES":2413698027}}
