{"runtime":336,"energy":{"pkg":3.34722900390625,"pp0":1.7303466796875,"pp1":0.096923828125,"dram":0},"perf_counters":{"PERF_COUNT_HW_REF_CPU_CYCLES":1580573297,"PERF_COUNT_HW_BRANCH_INSTRUCTIONS":411150630,"PERF_COUNT_HW_CACHE_MISSES":10767878,"PERF_COUNT_HW_INSTRUCTIONS":2386916781,"PERF_COUNT_HW_BRANCH_MISSES":1034010,"PERF_COUNT_HW_CACHE_REFERENCES":17631010,"PERF_COUNT_HW_CPU_CYCLES":1482881433}}
{"runtime":300,"energy":{"pkg":3.04608154296875,"pp0":1.62530517578125,"pp1":0.0435791015625,"dram":0},"perf_counters":{"PERF_COUNT_HW_REF_CPU_CYCLES":1453568116,"PERF_COUNT_HW_BRANCH_INSTRUCTIONS":411117814,"PERF_COUNT_HW_CACHE_MISSES":10870819,"PERF_COUNT_HW_INSTRUCTIONS":2386702180,"PERF_COUNT_HW_BRANCH_MISSES":1080871,"PERF_COUNT_HW_CACHE_REFERENCES":17816332,"PERF_COUNT_HW_CPU_CYCLES":1361563416}}
{"runtime":303,"energy":{"pkg":3.07464599609375,"pp0":1.629638671875,"pp1":0.0469970703125,"dram":0},"perf_counters":{"PERF_COUNT_HW_REF_CPU_CYCLES":1432832320,"PERF_COUNT_HW_BRANCH_INSTRUCTIONS":411201057,"PERF_COUNT_HW_CACHE_MISSES":10626393,"PERF_COUNT_HW_INSTRUCTIONS":2387171282,"PERF_COUNT_HW_BRANCH_MISSES":1069216,"PERF_COUNT_HW_CACHE_REFERENCES":17851365,"PERF_COUNT_HW_CPU_CYCLES":1330965091}}
{"runtime":307,"energy":{"pkg":3.0770263671875,"pp0":1.609619140625,"pp1":0.060791015625,"dram":0},"perf_counters":{"PERF_COUNT_HW_REF_CPU_CYCLES":1461600087,"PERF_COUNT_HW_BRANCH_INSTRUCTIONS":411141867,"PERF_COUNT_HW_CACHE_MISSES":10807658,"PERF_COUNT_HW_INSTRUCTIONS":2386844242,"PERF_COUNT_HW_BRANCH_MISSES":1074529,"PERF_COUNT_HW_CACHE_REFERENCES":17873235,"PERF_COUNT_HW_CPU_CYCLES":1352532352}}
{"runtime":308,"energy":{"pkg":3.10870361328125,"pp0":1.65557861328125,"pp1":0.0433349609375,"dram":0},"perf_counters":{"PERF_COUNT_HW_REF_CPU_CYCLES":1493869883,"PERF_COUNT_HW_BRANCH_INSTRUCTIONS":411184262,"PERF_COUNT_HW_CACHE_MISSES":10666172,"PERF_COUNT_HW_INSTRUCTIONS":2387063156,"PERF_COUNT_HW_BRANCH_MISSES":1072578,"PERF_COUNT_HW_CACHE_REFERENCES":17889476,"PERF_COUNT_HW_CPU_CYCLES":1382394418}}
{"runtime":324,"energy":{"pkg":3.179443359375,"pp0":1.66265869140625,"pp1":0.0419921875,"dram":0},"perf_counters":{"PERF_COUNT_HW_REF_CPU_CYCLES":1510685287,"PERF_COUNT_HW_BRANCH_INSTRUCTIONS":411141199,"PERF_COUNT_HW_CACHE_MISSES":10877435,"PERF_COUNT_HW_INSTRUCTIONS":2386810366,"PERF_COUNT_HW_BRANCH_MISSES":1058057,"PERF_COUNT_HW_CACHE_REFERENCES":17822442,"PERF_COUNT_HW_CPU_CYCLES":1397954999}}
{"runtime":323,"energy":{"pkg":3.20263671875,"pp0":1.66632080078125,"pp1":0.06005859375,"dram":0},"perf_counters":{"PERF_COUNT_HW_REF_CPU_CYCLES":1484794304,"PERF_COUNT_HW_BRANCH_INSTRUCTIONS":411240128,"PERF_COUNT_HW_CACHE_MISSES":10921239,"PERF_COUNT_HW_INSTRUCTIONS":2387524668,"PERF_COUNT_HW_BRANCH_MISSES":1051253,"PERF_COUNT_HW_CACHE_REFERENCES":17802567,"PERF_COUNT_HW_CPU_CYCLES":1399365824}}
{"runtime":298,"energy":{"pkg":3.03179931640625,"pp0":1.62445068359375,"pp1":0.0400390625,"dram":0},"perf_counters":{"PERF_COUNT_HW_REF_CPU_CYCLES":1463971857,"PERF_COUNT_HW_BRANCH_INSTRUCTIONS":411117734,"PERF_COUNT_HW_CACHE_MISSES":10915788,"PERF_COUNT_HW_INSTRUCTIONS":2386633615,"PERF_COUNT_HW_BRANCH_MISSES":1081464,"PERF_COUNT_HW_CACHE_REFERENCES":17814680,"PERF_COUNT_HW_CPU_CYCLES":1363310017}}
{"runtime":305,"energy":{"pkg":3.09197998046875,"pp0":1.6507568359375,"pp1":0.044189453125,"dram":0},"perf_counters":{"PERF_COUNT_HW_REF_CPU_CYCLES":1458015349,"PERF_COUNT_HW_BRANCH_INSTRUCTIONS":411207434,"PERF_COUNT_HW_CACHE_MISSES":10741206,"PERF_COUNT_HW_INSTRUCTIONS":2387352503,"PERF_COUNT_HW_BRANCH_MISSES":1076284,"PERF_COUNT_HW_CACHE_REFERENCES":17895889,"PERF_COUNT_HW_CPU_CYCLES":1349214990}}
{"runtime":304,"energy":{"pkg":3.07037353515625,"pp0":1.61871337890625,"pp1":0.0518798828125,"dram":0},"perf_counters":{"PERF_COUNT_HW_REF_CPU_CYCLES":1455017239,"PERF_COUNT_HW_BRANCH_INSTRUCTIONS":411120798,"PERF_COUNT_HW_CACHE_MISSES":10843551,"PERF_COUNT_HW_INSTRUCTIONS":2386700945,"PERF_COUNT_HW_BRANCH_MISSES":1069344,"PERF_COUNT_HW_CACHE_REFERENCES":17856600,"PERF_COUNT_HW_CPU_CYCLES":1346440658}}
{"runtime":326,"energy":{"pkg":3.1956787109375,"pp0":1.66510009765625,"pp1":0.0478515625,"dram":0},"perf_counters":{"PERF_COUNT_HW_REF_CPU_CYCLES":1536850093,"PERF_COUNT_HW_BRANCH_INSTRUCTIONS":411057665,"PERF_COUNT_HW_CACHE_MISSES":10852163,"PERF_COUNT_HW_INSTRUCTIONS":2386377631,"PERF_COUNT_HW_BRANCH_MISSES":1049428,"PERF_COUNT_HW_CACHE_REFERENCES":17860738,"PERF_COUNT_HW_CPU_CYCLES":1422167369}}
