{"runtime":6018,"energy":{"pkg":227.336181640625,"pp0":0,"dram":66.04443359375},"cycles":17910125133}
{"runtime":6444,"energy":{"pkg":243.3045654296875,"pp0":0,"dram":72.44903564453125},"cycles":18189456111}
{"runtime":6377,"energy":{"pkg":233.833740234375,"pp0":0,"dram":68.5550537109375},"cycles":16441050550}
{"runtime":7198,"energy":{"pkg":257.97845458984375,"pp0":0,"dram":76.11578369140625},"cycles":17867309619}
{"runtime":6611,"energy":{"pkg":247.3118896484375,"pp0":0,"dram":70.74114990234375},"cycles":18120303877}
{"runtime":6855,"energy":{"pkg":253.42156982421875,"pp0":0,"dram":73.472900390625},"cycles":17863312050}
{"runtime":6010,"energy":{"pkg":233.8504638671875,"pp0":0,"dram":67.57391357421875},"cycles":17848676945}
{"runtime":6376,"energy":{"pkg":244.09613037109375,"pp0":0,"dram":69.5018310546875},"cycles":18113999787}
{"runtime":6459,"energy":{"pkg":245.84747314453125,"pp0":0,"dram":70.56683349609375},"cycles":18155249241}
{"runtime":6820,"energy":{"pkg":255.74560546875,"pp0":0,"dram":72.909423828125},"cycles":17783471760}
{"runtime":6410,"energy":{"pkg":245.47308349609375,"pp0":0,"dram":69.00872802734375},"cycles":17756800918}
{"runtime":6228,"energy":{"pkg":229.34454345703125,"pp0":0,"dram":67.8272705078125},"cycles":16438729791}
{"runtime":5915,"energy":{"pkg":231.1982421875,"pp0":0,"dram":65.57806396484375},"cycles":17817465873}
{"runtime":6103,"energy":{"pkg":235.20977783203125,"pp0":0,"dram":68.6754150390625},"cycles":17832548213}
{"runtime":6017,"energy":{"pkg":232.29376220703125,"pp0":0,"dram":66.36083984375},"cycles":17856304739}
{"runtime":6278,"energy":{"pkg":239.54632568359375,"pp0":0,"dram":68.84576416015625},"cycles":18069829198}
{"runtime":5956,"energy":{"pkg":231.3818359375,"pp0":0,"dram":67.04400634765625},"cycles":17863887062}
{"runtime":6681,"energy":{"pkg":253.536865234375,"pp0":0,"dram":71.9508056640625},"cycles":17971343469}
{"runtime":6387,"energy":{"pkg":243.34637451171875,"pp0":0,"dram":69.5928955078125},"cycles":17857035465}
{"runtime":7447,"energy":{"pkg":257.43414306640625,"pp0":0,"dram":79.274658203125},"cycles":17781987327}
{"runtime":6040,"energy":{"pkg":233.5633544921875,"pp0":0,"dram":66.68572998046875},"cycles":17976209694}
{"runtime":6496,"energy":{"pkg":245.6392822265625,"pp0":0,"dram":71.53173828125},"cycles":18210103209}
{"runtime":6020,"energy":{"pkg":232.38623046875,"pp0":0,"dram":66.68829345703125},"cycles":17871927436}
{"runtime":7445,"energy":{"pkg":262.9599609375,"pp0":0,"dram":79.14105224609375},"cycles":17846970885}
{"runtime":6247,"energy":{"pkg":239.96881103515625,"pp0":0,"dram":68.1925048828125},"cycles":17817563050}
{"runtime":6404,"energy":{"pkg":240.22161865234375,"pp0":0,"dram":70.06939697265625},"cycles":17854092647}
{"runtime":6667,"energy":{"pkg":249.05328369140625,"pp0":0,"dram":71.81610107421875},"cycles":17859824872}
{"runtime":6005,"energy":{"pkg":232.35333251953125,"pp0":0,"dram":68.14483642578125},"cycles":17899280409}
{"runtime":6004,"energy":{"pkg":232.10394287109375,"pp0":0,"dram":66.5023193359375},"cycles":17947072697}
{"runtime":6800,"energy":{"pkg":249.07757568359375,"pp0":0,"dram":73.4332275390625},"cycles":18045414443}
{"runtime":6000,"energy":{"pkg":232.265625,"pp0":0,"dram":67.72113037109375},"cycles":17847171259}
{"runtime":6508,"energy":{"pkg":241.79931640625,"pp0":0,"dram":70.677001953125},"cycles":17947161458}
{"runtime":6854,"energy":{"pkg":247.84368896484375,"pp0":0,"dram":71.18890380859375},"cycles":18008904902}
{"runtime":6327,"energy":{"pkg":228.6661376953125,"pp0":0,"dram":67.069091796875},"cycles":16470080533}
{"runtime":6156,"energy":{"pkg":234.72027587890625,"pp0":0,"dram":68.00567626953125},"cycles":17869374473}
{"runtime":6474,"energy":{"pkg":230.673095703125,"pp0":0,"dram":69.62353515625},"cycles":16394364402}
{"runtime":6226,"energy":{"pkg":239.159423828125,"pp0":0,"dram":68.10003662109375},"cycles":18112252644}
{"runtime":6878,"energy":{"pkg":252.572998046875,"pp0":0,"dram":74.33477783203125},"cycles":17922714353}
{"runtime":6460,"energy":{"pkg":245.9447021484375,"pp0":0,"dram":69.4815673828125},"cycles":17885808140}
{"runtime":5889,"energy":{"pkg":230.4571533203125,"pp0":0,"dram":65.6663818359375},"cycles":17801697575}
{"runtime":6564,"energy":{"pkg":243.9906005859375,"pp0":0,"dram":70.7547607421875},"cycles":17806050053}
{"runtime":6246,"energy":{"pkg":239.88262939453125,"pp0":0,"dram":68.144287109375},"cycles":17863691694}
{"runtime":6730,"energy":{"pkg":247.52886962890625,"pp0":0,"dram":71.5115966796875},"cycles":17751850895}
{"runtime":6171,"energy":{"pkg":236.81439208984375,"pp0":0,"dram":67.9471435546875},"cycles":17850925316}
{"runtime":6025,"energy":{"pkg":234.07977294921875,"pp0":0,"dram":67.87103271484375},"cycles":18139773952}
{"runtime":6437,"energy":{"pkg":243.78448486328125,"pp0":0,"dram":70.668212890625},"cycles":17998891271}
{"runtime":6872,"energy":{"pkg":253.474853515625,"pp0":0,"dram":73.146484375},"cycles":17966294514}
{"runtime":6842,"energy":{"pkg":255.23193359375,"pp0":0,"dram":73.60235595703125},"cycles":17828612527}
{"runtime":6279,"energy":{"pkg":239.29376220703125,"pp0":0,"dram":69.23541259765625},"cycles":18061908789}
{"runtime":6394,"energy":{"pkg":241.5440673828125,"pp0":0,"dram":70.79205322265625},"cycles":18094022547}
{"runtime":7516,"energy":{"pkg":264.99725341796875,"pp0":0,"dram":79.7708740234375},"cycles":17712177073}
{"runtime":6209,"energy":{"pkg":239.3009033203125,"pp0":0,"dram":67.9051513671875},"cycles":17812407341}
{"runtime":6539,"energy":{"pkg":241.063720703125,"pp0":0,"dram":70.914306640625},"cycles":17854507611}
{"runtime":6570,"energy":{"pkg":240.8455810546875,"pp0":0,"dram":70.14508056640625},"cycles":17849590556}
{"runtime":5949,"energy":{"pkg":231.3924560546875,"pp0":0,"dram":66.00634765625},"cycles":17818405854}
{"runtime":7363,"energy":{"pkg":257.751708984375,"pp0":0,"dram":80.4263916015625},"cycles":17925922251}
{"runtime":6517,"energy":{"pkg":242.40155029296875,"pp0":0,"dram":69.88214111328125},"cycles":17817380266}
{"runtime":6433,"energy":{"pkg":244.0045166015625,"pp0":0,"dram":69.65167236328125},"cycles":18033736112}
{"runtime":6019,"energy":{"pkg":232.67840576171875,"pp0":0,"dram":66.5206298828125},"cycles":17817015475}
{"runtime":6264,"energy":{"pkg":238.48785400390625,"pp0":0,"dram":68.09552001953125},"cycles":17998358510}
{"runtime":6829,"energy":{"pkg":247.3602294921875,"pp0":0,"dram":73.337158203125},"cycles":18090208316}
{"runtime":5678,"energy":{"pkg":218.224853515625,"pp0":0,"dram":62.775146484375},"cycles":16410342449}
{"runtime":6322,"energy":{"pkg":243.66510009765625,"pp0":0,"dram":68.9132080078125},"cycles":17790573151}
{"runtime":6394,"energy":{"pkg":242.4976806640625,"pp0":0,"dram":68.8082275390625},"cycles":17781457888}
{"runtime":6050,"energy":{"pkg":232.468505859375,"pp0":0,"dram":66.17962646484375},"cycles":17769022596}
{"runtime":6558,"energy":{"pkg":244.0458984375,"pp0":0,"dram":69.29864501953125},"cycles":17787898370}
{"runtime":6033,"energy":{"pkg":232.40826416015625,"pp0":0,"dram":66.3577880859375},"cycles":17878286841}
{"runtime":6770,"energy":{"pkg":248.11865234375,"pp0":0,"dram":71.9517822265625},"cycles":17901420965}
{"runtime":7484,"energy":{"pkg":261.437744140625,"pp0":0,"dram":79.0357666015625},"cycles":17810890465}
{"runtime":5986,"energy":{"pkg":232.02862548828125,"pp0":0,"dram":66.6619873046875},"cycles":17874836516}
{"runtime":6453,"energy":{"pkg":242.1697998046875,"pp0":0,"dram":69.8253173828125},"cycles":17868648130}
{"runtime":6340,"energy":{"pkg":240.85260009765625,"pp0":0,"dram":69.4210205078125},"cycles":17858836232}
{"runtime":6161,"energy":{"pkg":226.33233642578125,"pp0":0,"dram":66.67633056640625},"cycles":16402321144}
{"runtime":5928,"energy":{"pkg":229.870361328125,"pp0":0,"dram":65.445556640625},"cycles":17750622605}
{"runtime":6232,"energy":{"pkg":238.3092041015625,"pp0":0,"dram":68.38818359375},"cycles":17805679912}
{"runtime":6596,"energy":{"pkg":244.474853515625,"pp0":0,"dram":69.5081787109375},"cycles":18007085680}
{"runtime":6514,