{"runtime":2224,"energy":{"pkg":21.97186279296875,"pp0":11.33154296875,"pp1":0.5235595703125,"dram":0},"perf_counters":{"PERF_COUNT_HW_REF_CPU_CYCLES":39093577434,"PERF_COUNT_HW_BRANCH_INSTRUCTIONS":4808515139,"PERF_COUNT_HW_CACHE_MISSES":39773139,"PERF_COUNT_HW_INSTRUCTIONS":29318898846,"PERF_COUNT_HW_BRANCH_MISSES":6095137,"PERF_COUNT_HW_CACHE_REFERENCES":111439793,"PERF_COUNT_HW_CPU_CYCLES":16356014061}}
{"runtime":2186,"energy":{"pkg":21.82489013671875,"pp0":11.36480712890625,"pp1":0.47705078125,"dram":0},"perf_counters":{"PERF_COUNT_HW_REF_CPU_CYCLES":38890830592,"PERF_COUNT_HW_BRANCH_INSTRUCTIONS":4813775672,"PERF_COUNT_HW_CACHE_MISSES":41374304,"PERF_COUNT_HW_INSTRUCTIONS":29339570259,"PERF_COUNT_HW_BRANCH_MISSES":6179251,"PERF_COUNT_HW_CACHE_REFERENCES":110779704,"PERF_COUNT_HW_CPU_CYCLES":16540107657}}
{"runtime":2191,"energy":{"pkg":21.830810546875,"pp0":11.34844970703125,"pp1":0.5438232421875,"dram":0},"perf_counters":{"PERF_COUNT_HW_REF_CPU_CYCLES":38704183316,"PERF_COUNT_HW_BRANCH_INSTRUCTIONS":4806376184,"PERF_COUNT_HW_CACHE_MISSES":37286510,"PERF_COUNT_HW_INSTRUCTIONS":29311828467,"PERF_COUNT_HW_BRANCH_MISSES":6236749,"PERF_COUNT_HW_CACHE_REFERENCES":112556685,"PERF_COUNT_HW_CPU_CYCLES":16390574356}}
{"runtime":2167,"energy":{"pkg":21.66046142578125,"pp0":11.346923828125,"pp1":0.4158935546875,"dram":0},"perf_counters":{"PERF_COUNT_HW_REF_CPU_CYCLES":38353359916,"PERF_COUNT_HW_BRANCH_INSTRUCTIONS":4814018318,"PERF_COUNT_HW_CACHE_MISSES":44187624,"PERF_COUNT_HW_INSTRUCTIONS":29314396526,"PERF_COUNT_HW_BRANCH_MISSES":5970384,"PERF_COUNT_HW_CACHE_REFERENCES":108676643,"PERF_COUNT_HW_CPU_CYCLES":16494613393}}
{"runtime":2174,"energy":{"pkg":21.69500732421875,"pp0":11.3062744140625,"pp1":0.4573974609375,"dram":0},"perf_counters":{"PERF_COUNT_HW_REF_CPU_CYCLES":38900483820,"PERF_COUNT_HW_BRANCH_INSTRUCTIONS":4795127959,"PERF_COUNT_HW_CACHE_MISSES":43484652,"PERF_COUNT_HW_INSTRUCTIONS":29244811631,"PERF_COUNT_HW_BRANCH_MISSES":6027059,"PERF_COUNT_HW_CACHE_REFERENCES":112303771,"PERF_COUNT_HW_CPU_CYCLES":16660688629}}
{"runtime":2205,"energy":{"pkg":21.97003173828125,"pp0":11.4317626953125,"pp1":0.4742431640625,"dram":0},"perf_counters":{"PERF_COUNT_HW_REF_CPU_CYCLES":39027068740,"PERF_COUNT_HW_BRANCH_INSTRUCTIONS":4816076749,"PERF_COUNT_HW_CACHE_MISSES":42741224,"PERF_COUNT_HW_INSTRUCTIONS":29349883863,"PERF_COUNT_HW_BRANCH_MISSES":6227712,"PERF_COUNT_HW_CACHE_REFERENCES":109647046,"PERF_COUNT_HW_CPU_CYCLES":16506888856}}
{"runtime":2169,"energy":{"pkg":21.6915283203125,"pp0":11.300537109375,"pp1":0.488037109375,"dram":0},"perf_counters":{"PERF_COUNT_HW_REF_CPU_CYCLES":38804895138,"PERF_COUNT_HW_BRANCH_INSTRUCTIONS":4802853152,"PERF_COUNT_HW_CACHE_MISSES":39259455,"PERF_COUNT_HW_INSTRUCTIONS":29247167351,"PERF_COUNT_HW_BRANCH_MISSES":6281948,"PERF_COUNT_HW_CACHE_REFERENCES":110308252,"PERF_COUNT_HW_CPU_CYCLES":16341661053}}
{"runtime":2157,"energy":{"pkg":21.57379150390625,"pp0":11.27667236328125,"pp1":0.4483642578125,"dram":0},"perf_counters":{"PERF_COUNT_HW_REF_CPU_CYCLES":38814437844,"PERF_COUNT_HW_BRANCH_INSTRUCTIONS":4783494621,"PERF_COUNT_HW_CACHE_MISSES":37970138,"PERF_COUNT_HW_INSTRUCTIONS":29189672004,"PERF_COUNT_HW_BRANCH_MISSES":6039548,"PERF_COUNT_HW_CACHE_REFERENCES":113189323,"PERF_COUNT_HW_CPU_CYCLES":16516927691}}
{"runtime":2187,"energy":{"pkg":21.81878662109375,"pp0":11.43206787109375,"pp1":0.4315185546875,"dram":0},"perf_counters":{"PERF_COUNT_HW_REF_CPU_CYCLES":38707593876,"PERF_COUNT_HW_BRANCH_INSTRUCTIONS":4799940453,"PERF_COUNT_HW_CACHE_MISSES":40669695,"PERF_COUNT_HW_INSTRUCTIONS":29262992413,"PERF_COUNT_HW_BRANCH_MISSES":6069313,"PERF_COUNT_HW_CACHE_REFERENCES":109872212,"PERF_COUNT_HW_CPU_CYCLES":16334304127}}
{"runtime":2167,"energy":{"pkg":21.630615234375,"pp0":11.27117919921875,"pp1":0.4906005859375,"dram":0},"perf_counters":{"PERF_COUNT_HW_REF_CPU_CYCLES":38519745239,"PERF_COUNT_HW_BRANCH_INSTRUCTIONS":4805975511,"PERF_COUNT_HW_CACHE_MISSES":39619877,"PERF_COUNT_HW_INSTRUCTIONS":29309062272,"PERF_COUNT_HW_BRANCH_MISSES":6215814,"PERF_COUNT_HW_CACHE_REFERENCES":113418285,"PERF_COUNT_HW_CPU_CYCLES":16363460164}}
{"runtime":2187,"energy":{"pkg":21.87255859375,"pp0":11.34039306640625,"pp1":0.4854736328125,"dram":0},"perf_counters":{"PERF_COUNT_HW_REF_CPU_CYCLES":38814353091,"PERF_COUNT_HW_BRANCH_INSTRUCTIONS":4800517532,"PERF_COUNT_HW_CACHE_MISSES":44801013,"PERF_COUNT_HW_INSTRUCTIONS":29261731016,"PERF_COUNT_HW_BRANCH_MISSES":5987239,"PERF_COUNT_HW_CACHE_REFERENCES":110457520,"PERF_COUNT_HW_CPU_CYCLES":16609894429}}
