{"runtime":13690,"energy":{"pkg":136.20098876953125,"pp0":72.9564208984375,"pp1":3.38720703125,"dram":0},"perf_counters":{"PERF_COUNT_HW_REF_CPU_CYCLES":274408739663,"PERF_COUNT_HW_BRANCH_INSTRUCTIONS":22678949988,"PERF_COUNT_HW_CACHE_MISSES":498251,"PERF_COUNT_HW_INSTRUCTIONS":130832717710,"PERF_COUNT_HW_BRANCH_MISSES":3295949604,"PERF_COUNT_HW_CACHE_REFERENCES":2057892,"PERF_COUNT_HW_CPU_CYCLES":135184464059}}
{"runtime":13870,"energy":{"pkg":137.58648681640625,"pp0":73.8504638671875,"pp1":3.14599609375,"dram":0},"perf_counters":{"PERF_COUNT_HW_REF_CPU_CYCLES":275494592325,"PERF_COUNT_HW_BRANCH_INSTRUCTIONS":22679459525,"PERF_COUNT_HW_CACHE_MISSES":515686,"PERF_COUNT_HW_INSTRUCTIONS":130835502104,"PERF_COUNT_HW_BRANCH_MISSES":3285873706,"PERF_COUNT_HW_CACHE_REFERENCES":2120230,"PERF_COUNT_HW_CPU_CYCLES":135719439714}}
{"runtime":13582,"energy":{"pkg":135.5721435546875,"pp0":73.20404052734375,"pp1":3.0673828125,"dram":0},"perf_counters":{"PERF_COUNT_HW_REF_CPU_CYCLES":273700098149,"PERF_COUNT_HW_BRANCH_INSTRUCTIONS":22679323361,"PERF_COUNT_HW_CACHE_MISSES":490995,"PERF_COUNT_HW_INSTRUCTIONS":130834715316,"PERF_COUNT_HW_BRANCH_MISSES":3284448353,"PERF_COUNT_HW_CACHE_REFERENCES":2081642,"PERF_COUNT_HW_CPU_CYCLES":135693357781}}
{"runtime":13570,"energy":{"pkg":135.4183349609375,"pp0":72.892578125,"pp1":3.16845703125,"dram":0},"perf_counters":{"PERF_COUNT_HW_REF_CPU_CYCLES":274090381334,"PERF_COUNT_HW_BRANCH_INSTRUCTIONS":22679122209,"PERF_COUNT_HW_CACHE_MISSES":506267,"PERF_COUNT_HW_INSTRUCTIONS":130833618472,"PERF_COUNT_HW_BRANCH_MISSES":3285344811,"PERF_COUNT_HW_CACHE_REFERENCES":2152215,"PERF_COUNT_HW_CPU_CYCLES":135113261848}}
{"runtime":13853,"energy":{"pkg":137.4752197265625,"pp0":73.82379150390625,"pp1":3.1129150390625,"dram":0},"perf_counters":{"PERF_COUNT_HW_REF_CPU_CYCLES":276995083162,"PERF_COUNT_HW_BRANCH_INSTRUCTIONS":22679453825,"PERF_COUNT_HW_CACHE_MISSES":517091,"PERF_COUNT_HW_INSTRUCTIONS":130835476889,"PERF_COUNT_HW_BRANCH_MISSES":3276689322,"PERF_COUNT_HW_CACHE_REFERENCES":2175165,"PERF_COUNT_HW_CPU_CYCLES":136245101852}}
{"runtime":13626,"energy":{"pkg":136.1171875,"pp0":73.8717041015625,"pp1":2.710205078125,"dram":0},"perf_counters":{"PERF_COUNT_HW_REF_CPU_CYCLES":274756914258,"PERF_COUNT_HW_BRANCH_INSTRUCTIONS":22679226143,"PERF_COUNT_HW_CACHE_MISSES":510925,"PERF_COUNT_HW_INSTRUCTIONS":130834215826,"PERF_COUNT_HW_BRANCH_MISSES":3288779000,"PERF_COUNT_HW_CACHE_REFERENCES":2164980,"PERF_COUNT_HW_CPU_CYCLES":136134675924}}
{"runtime":13745,"energy":{"pkg":136.740234375,"pp0":73.3822021484375,"pp1":3.2952880859375,"dram":0},"perf_counters":{"PERF_COUNT_HW_REF_CPU_CYCLES":278098011327,"PERF_COUNT_HW_BRANCH_INSTRUCTIONS":22679651456,"PERF_COUNT_HW_CACHE_MISSES":505038,"PERF_COUNT_HW_INSTRUCTIONS":130836593342,"PERF_COUNT_HW_BRANCH_MISSES":3291516677,"PERF_COUNT_HW_CACHE_REFERENCES":2151200,"PERF_COUNT_HW_CPU_CYCLES":136526036557}}
{"runtime":13792,"energy":{"pkg":136.9364013671875,"pp0":73.5894775390625,"pp1":3.0330810546875,"dram":0},"perf_counters":{"PERF_COUNT_HW_REF_CPU_CYCLES":274909830862,"PERF_COUNT_HW_BRANCH_INSTRUCTIONS":22679333658,"PERF_COUNT_HW_CACHE_MISSES":511212,"PERF_COUNT_HW_INSTRUCTIONS":130834810416,"PERF_COUNT_HW_BRANCH_MISSES":3284432454,"PERF_COUNT_HW_CACHE_REFERENCES":2150497,"PERF_COUNT_HW_CPU_CYCLES":135464752019}}
{"runtime":13681,"energy":{"pkg":136.39666748046875,"pp0":73.68408203125,"pp1":2.862060546875,"dram":0},"perf_counters":{"PERF_COUNT_HW_REF_CPU_CYCLES":275210823002,"PERF_COUNT_HW_BRANCH_INSTRUCTIONS":22679652148,"PERF_COUNT_HW_CACHE_MISSES":536677,"PERF_COUNT_HW_INSTRUCTIONS":130836376416,"PERF_COUNT_HW_BRANCH_MISSES":3271956137,"PERF_COUNT_HW_CACHE_REFERENCES":2236937,"PERF_COUNT_HW_CPU_CYCLES":135783803802}}
{"runtime":13914,"energy":{"pkg":138.3316650390625,"pp0":74.2137451171875,"pp1":3.2720947265625,"dram":0},"perf_counters":{"PERF_COUNT_HW_REF_CPU_CYCLES":278382414728,"PERF_COUNT_HW_BRANCH_INSTRUCTIONS":22679622588,"PERF_COUNT_HW_CACHE_MISSES":511606,"PERF_COUNT_HW_INSTRUCTIONS":130836515762,"PERF_COUNT_HW_BRANCH_MISSES":3283853696,"PERF_COUNT_HW_CACHE_REFERENCES":2179461,"PERF_COUNT_HW_CPU_CYCLES":136826469897}}
{"runtime":13665,"energy":{"pkg":136.253173828125,"pp0":73.35540771484375,"pp1":3.133544921875,"dram":0},"perf_counters":{"PERF_COUNT_HW_REF_CPU_CYCLES":276826664643,"PERF_COUNT_HW_BRANCH_INSTRUCTIONS":22679730392,"PERF_COUNT_HW_CACHE_MISSES":510706,"PERF_COUNT_HW_INSTRUCTIONS":130837071195,"PERF_COUNT_HW_BRANCH_MISSES":3291427813,"PERF_COUNT_HW_CACHE_REFERENCES":2088800,"PERF_COUNT_HW_CPU_CYCLES":136591210075}}
