{"runtime":1633,"energy":{"pkg":16.3697509765625,"pp0":8.86370849609375,"pp1":0.3096923828125,"dram":0},"perf_counters":{"PERF_COUNT_HW_REF_CPU_CYCLES":16408976646,"PERF_COUNT_HW_BRANCH_INSTRUCTIONS":2428946883,"PERF_COUNT_HW_CACHE_MISSES":363513,"PERF_COUNT_HW_INSTRUCTIONS":10187260477,"PERF_COUNT_HW_BRANCH_MISSES":182685718,"PERF_COUNT_HW_CACHE_REFERENCES":23431254,"PERF_COUNT_HW_CPU_CYCLES":10445763202}}
{"runtime":1612,"energy":{"pkg":16.1817626953125,"pp0":8.81329345703125,"pp1":0.2786865234375,"dram":0},"perf_counters":{"PERF_COUNT_HW_REF_CPU_CYCLES":16283018723,"PERF_COUNT_HW_BRANCH_INSTRUCTIONS":2427816490,"PERF_COUNT_HW_CACHE_MISSES":340579,"PERF_COUNT_HW_INSTRUCTIONS":10182088762,"PERF_COUNT_HW_BRANCH_MISSES":182617269,"PERF_COUNT_HW_CACHE_REFERENCES":23421581,"PERF_COUNT_HW_CPU_CYCLES":10472560303}}
{"runtime":1623,"energy":{"pkg":16.17730712890625,"pp0":8.72552490234375,"pp1":0.303466796875,"dram":0},"perf_counters":{"PERF_COUNT_HW_REF_CPU_CYCLES":16414655754,"PERF_COUNT_HW_BRANCH_INSTRUCTIONS":2424557546,"PERF_COUNT_HW_CACHE_MISSES":368655,"PERF_COUNT_HW_INSTRUCTIONS":10166801968,"PERF_COUNT_HW_BRANCH_MISSES":182441998,"PERF_COUNT_HW_CACHE_REFERENCES":23315618,"PERF_COUNT_HW_CPU_CYCLES":10478496008}}
{"runtime":1632,"energy":{"pkg":16.2786865234375,"pp0":8.809326171875,"pp1":0.289794921875,"dram":0},"perf_counters":{"PERF_COUNT_HW_REF_CPU_CYCLES":16462661211,"PERF_COUNT_HW_BRANCH_INSTRUCTIONS":2428760962,"PERF_COUNT_HW_CACHE_MISSES":381867,"PERF_COUNT_HW_INSTRUCTIONS":10186748508,"PERF_COUNT_HW_BRANCH_MISSES":182651549,"PERF_COUNT_HW_CACHE_REFERENCES":24270568,"PERF_COUNT_HW_CPU_CYCLES":10517019986}}
{"runtime":1623,"energy":{"pkg":16.353271484375,"pp0":8.87847900390625,"pp1":0.3245849609375,"dram":0},"perf_counters":{"PERF_COUNT_HW_REF_CPU_CYCLES":16220209523,"PERF_COUNT_HW_BRANCH_INSTRUCTIONS":2428578927,"PERF_COUNT_HW_CACHE_MISSES":357085,"PERF_COUNT_HW_INSTRUCTIONS":10186179839,"PERF_COUNT_HW_BRANCH_MISSES":182633752,"PERF_COUNT_HW_CACHE_REFERENCES":23839068,"PERF_COUNT_HW_CPU_CYCLES":10408042592}}
{"runtime":1637,"energy":{"pkg":16.385498046875,"pp0":8.82269287109375,"pp1":0.3507080078125,"dram":0},"perf_counters":{"PERF_COUNT_HW_REF_CPU_CYCLES":16426833906,"PERF_COUNT_HW_BRANCH_INSTRUCTIONS":2427762333,"PERF_COUNT_HW_CACHE_MISSES":401305,"PERF_COUNT_HW_INSTRUCTIONS":10182460108,"PERF_COUNT_HW_BRANCH_MISSES":182765342,"PERF_COUNT_HW_CACHE_REFERENCES":23400868,"PERF_COUNT_HW_CPU_CYCLES":10397690341}}
{"runtime":1634,"energy":{"pkg":16.23712158203125,"pp0":8.701171875,"pp1":0.3348388671875,"dram":0},"perf_counters":{"PERF_COUNT_HW_REF_CPU_CYCLES":16524465055,"PERF_COUNT_HW_BRANCH_INSTRUCTIONS":2423143679,"PERF_COUNT_HW_CACHE_MISSES":388822,"PERF_COUNT_HW_INSTRUCTIONS":10158171225,"PERF_COUNT_HW_BRANCH_MISSES":182464088,"PERF_COUNT_HW_CACHE_REFERENCES":23932950,"PERF_COUNT_HW_CPU_CYCLES":10454985137}}
{"runtime":1623,"energy":{"pkg":16.26806640625,"pp0":8.77960205078125,"pp1":0.339599609375,"dram":0},"perf_counters":{"PERF_COUNT_HW_REF_CPU_CYCLES":16340671787,"PERF_COUNT_HW_BRANCH_INSTRUCTIONS":2426333927,"PERF_COUNT_HW_CACHE_MISSES":373410,"PERF_COUNT_HW_INSTRUCTIONS":10175730637,"PERF_COUNT_HW_BRANCH_MISSES":182634887,"PERF_COUNT_HW_CACHE_REFERENCES":23868045,"PERF_COUNT_HW_CPU_CYCLES":10435701328}}
{"runtime":1632,"energy":{"pkg":16.26776123046875,"pp0":8.75421142578125,"pp1":0.3294677734375,"dram":0},"perf_counters":{"PERF_COUNT_HW_REF_CPU_CYCLES":16500440463,"PERF_COUNT_HW_BRANCH_INSTRUCTIONS":2426464767,"PERF_COUNT_HW_CACHE_MISSES":399969,"PERF_COUNT_HW_INSTRUCTIONS":10176168715,"PERF_COUNT_HW_BRANCH_MISSES":182560435,"PERF_COUNT_HW_CACHE_REFERENCES":24268102,"PERF_COUNT_HW_CPU_CYCLES":10505094557}}
{"runtime":1627,"energy":{"pkg":16.3175048828125,"pp0":8.79571533203125,"pp1":0.345458984375,"dram":0},"perf_counters":{"PERF_COUNT_HW_REF_CPU_CYCLES":16385676506,"PERF_COUNT_HW_BRANCH_INSTRUCTIONS":2428135975,"PERF_COUNT_HW_CACHE_MISSES":394248,"PERF_COUNT_HW_INSTRUCTIONS":10182992134,"PERF_COUNT_HW_BRANCH_MISSES":182614503,"PERF_COUNT_HW_CACHE_REFERENCES":23441224,"PERF_COUNT_HW_CPU_CYCLES":10451328839}}
{"runtime":1642,"energy":{"pkg":16.356201171875,"pp0":8.81390380859375,"pp1":0.299560546875,"dram":0},"perf_counters":{"PERF_COUNT_HW_REF_CPU_CYCLES":16508858166,"PERF_COUNT_HW_BRANCH_INSTRUCTIONS":2428834310,"PERF_COUNT_HW_CACHE_MISSES":362021,"PERF_COUNT_HW_INSTRUCTIONS":10187778076,"PERF_COUNT_HW_BRANCH_MISSES":182597482,"PERF_COUNT_HW_CACHE_REFERENCES":24556625,"PERF_COUNT_HW_CPU_CYCLES":10485507780}}
