{"runtime":3088,"energy":{"pkg":30.972900390625,"pp0":16.827392578125,"pp1":0.492431640625,"dram":0},"perf_counters":{"PERF_COUNT_HW_REF_CPU_CYCLES":8656345913,"PERF_COUNT_HW_BRANCH_INSTRUCTIONS":201304550,"PERF_COUNT_HW_CACHE_MISSES":42865,"PERF_COUNT_HW_INSTRUCTIONS":14157574646,"PERF_COUNT_HW_BRANCH_MISSES":26339,"PERF_COUNT_HW_CACHE_REFERENCES":178302,"PERF_COUNT_HW_CPU_CYCLES":9309751837}}
{"runtime":3111,"energy":{"pkg":31.15301513671875,"pp0":16.92816162109375,"pp1":0.504150390625,"dram":0},"perf_counters":{"PERF_COUNT_HW_REF_CPU_CYCLES":8721393366,"PERF_COUNT_HW_BRANCH_INSTRUCTIONS":201246116,"PERF_COUNT_HW_CACHE_MISSES":38290,"PERF_COUNT_HW_INSTRUCTIONS":14157268463,"PERF_COUNT_HW_BRANCH_MISSES":24974,"PERF_COUNT_HW_CACHE_REFERENCES":181797,"PERF_COUNT_HW_CPU_CYCLES":9363123782}}
{"runtime":3150,"energy":{"pkg":31.42547607421875,"pp0":16.95806884765625,"pp1":0.5670166015625,"dram":0},"perf_counters":{"PERF_COUNT_HW_REF_CPU_CYCLES":8830998048,"PERF_COUNT_HW_BRANCH_INSTRUCTIONS":201263237,"PERF_COUNT_HW_CACHE_MISSES":42356,"PERF_COUNT_HW_INSTRUCTIONS":14157381433,"PERF_COUNT_HW_BRANCH_MISSES":27908,"PERF_COUNT_HW_CACHE_REFERENCES":202731,"PERF_COUNT_HW_CPU_CYCLES":9493702477}}
{"runtime":3121,"energy":{"pkg":31.14117431640625,"pp0":16.856689453125,"pp1":0.5118408203125,"dram":0},"perf_counters":{"PERF_COUNT_HW_REF_CPU_CYCLES":8750480508,"PERF_COUNT_HW_BRANCH_INSTRUCTIONS":201238141,"PERF_COUNT_HW_CACHE_MISSES":37982,"PERF_COUNT_HW_INSTRUCTIONS":14157230520,"PERF_COUNT_HW_BRANCH_MISSES":24450,"PERF_COUNT_HW_CACHE_REFERENCES":177668,"PERF_COUNT_HW_CPU_CYCLES":9364215039}}
{"runtime":3470,"energy":{"pkg":34.58251953125,"pp0":18.74627685546875,"pp1":0.522705078125,"dram":0},"perf_counters":{"PERF_COUNT_HW_REF_CPU_CYCLES":9727693183,"PERF_COUNT_HW_BRANCH_INSTRUCTIONS":201299490,"PERF_COUNT_HW_CACHE_MISSES":47529,"PERF_COUNT_HW_INSTRUCTIONS":14157631514,"PERF_COUNT_HW_BRANCH_MISSES":28037,"PERF_COUNT_HW_CACHE_REFERENCES":230820,"PERF_COUNT_HW_CPU_CYCLES":10582772258}}
{"runtime":3103,"energy":{"pkg":30.9202880859375,"pp0":16.70068359375,"pp1":0.5335693359375,"dram":0},"perf_counters":{"PERF_COUNT_HW_REF_CPU_CYCLES":8698174183,"PERF_COUNT_HW_BRANCH_INSTRUCTIONS":201236747,"PERF_COUNT_HW_CACHE_MISSES":53966,"PERF_COUNT_HW_INSTRUCTIONS":14157236538,"PERF_COUNT_HW_BRANCH_MISSES":25038,"PERF_COUNT_HW_CACHE_REFERENCES":216683,"PERF_COUNT_HW_CPU_CYCLES":9335738592}}
{"runtime":3165,"energy":{"pkg":31.48297119140625,"pp0":16.97369384765625,"pp1":0.559814453125,"dram":0},"perf_counters":{"PERF_COUNT_HW_REF_CPU_CYCLES":8873433824,"PERF_COUNT_HW_BRANCH_INSTRUCTIONS":201265441,"PERF_COUNT_HW_CACHE_MISSES":42143,"PERF_COUNT_HW_INSTRUCTIONS":14157389125,"PERF_COUNT_HW_BRANCH_MISSES":25585,"PERF_COUNT_HW_CACHE_REFERENCES":187389,"PERF_COUNT_HW_CPU_CYCLES":9491957354}}
{"runtime":3125,"energy":{"pkg":31.09490966796875,"pp0":16.801513671875,"pp1":0.4886474609375,"dram":0},"perf_counters":{"PERF_COUNT_HW_REF_CPU_CYCLES":8760672914,"PERF_COUNT_HW_BRANCH_INSTRUCTIONS":201238324,"PERF_COUNT_HW_CACHE_MISSES":38659,"PERF_COUNT_HW_INSTRUCTIONS":14157237692,"PERF_COUNT_HW_BRANCH_MISSES":26850,"PERF_COUNT_HW_CACHE_REFERENCES":207456,"PERF_COUNT_HW_CPU_CYCLES":9363337677}}
{"runtime":3154,"energy":{"pkg":31.39288330078125,"pp0":16.9129638671875,"pp1":0.5587158203125,"dram":0},"perf_counters":{"PERF_COUNT_HW_REF_CPU_CYCLES":8842795943,"PERF_COUNT_HW_BRANCH_INSTRUCTIONS":201265528,"PERF_COUNT_HW_CACHE_MISSES":39958,"PERF_COUNT_HW_INSTRUCTIONS":14157391086,"PERF_COUNT_HW_BRANCH_MISSES":26962,"PERF_COUNT_HW_CACHE_REFERENCES":202958,"PERF_COUNT_HW_CPU_CYCLES":9454692671}}
{"runtime":3163,"energy":{"pkg":31.4256591796875,"pp0":16.9713134765625,"pp1":0.49169921875,"dram":0},"perf_counters":{"PERF_COUNT_HW_REF_CPU_CYCLES":8865744442,"PERF_COUNT_HW_BRANCH_INSTRUCTIONS":201257754,"PERF_COUNT_HW_CACHE_MISSES":45949,"PERF_COUNT_HW_INSTRUCTIONS":14157343574,"PERF_COUNT_HW_BRANCH_MISSES":25363,"PERF_COUNT_HW_CACHE_REFERENCES":198224,"PERF_COUNT_HW_CPU_CYCLES":9503370271}}
{"runtime":3109,"energy":{"pkg":30.95391845703125,"pp0":16.70855712890625,"pp1":0.4996337890625,"dram":0},"perf_counters":{"PERF_COUNT_HW_REF_CPU_CYCLES":8716985626,"PERF_COUNT_HW_BRANCH_INSTRUCTIONS":201236080,"PERF_COUNT_HW_CACHE_MISSES":41524,"PERF_COUNT_HW_INSTRUCTIONS":14157221877,"PERF_COUNT_HW_BRANCH_MISSES":27160,"PERF_COUNT_HW_CACHE_REFERENCES":214273,"PERF_COUNT_HW_CPU_CYCLES":9309858155}}
