{"runtime":1272,"energy":{"pkg":12.65576171875,"pp0":6.7186279296875,"pp1":0.2470703125,"dram":0},"perf_counters":{"PERF_COUNT_HW_REF_CPU_CYCLES":4932388445,"PERF_COUNT_HW_BRANCH_INSTRUCTIONS":1723465666,"PERF_COUNT_HW_CACHE_MISSES":9810057,"PERF_COUNT_HW_INSTRUCTIONS":9585401529,"PERF_COUNT_HW_BRANCH_MISSES":32954204,"PERF_COUNT_HW_CACHE_REFERENCES":20556510,"PERF_COUNT_HW_CPU_CYCLES":4597643783}}
{"runtime":1268,"energy":{"pkg":12.5926513671875,"pp0":6.69970703125,"pp1":0.2025146484375,"dram":0},"perf_counters":{"PERF_COUNT_HW_REF_CPU_CYCLES":4951479113,"PERF_COUNT_HW_BRANCH_INSTRUCTIONS":1723279683,"PERF_COUNT_HW_CACHE_MISSES":9774327,"PERF_COUNT_HW_INSTRUCTIONS":9584319440,"PERF_COUNT_HW_BRANCH_MISSES":33744991,"PERF_COUNT_HW_CACHE_REFERENCES":20379364,"PERF_COUNT_HW_CPU_CYCLES":4606406529}}
{"runtime":1267,"energy":{"pkg":12.54669189453125,"pp0":6.6524658203125,"pp1":0.2073974609375,"dram":0},"perf_counters":{"PERF_COUNT_HW_REF_CPU_CYCLES":4897593141,"PERF_COUNT_HW_BRANCH_INSTRUCTIONS":1723346569,"PERF_COUNT_HW_CACHE_MISSES":9968454,"PERF_COUNT_HW_INSTRUCTIONS":9584588137,"PERF_COUNT_HW_BRANCH_MISSES":33212359,"PERF_COUNT_HW_CACHE_REFERENCES":20803120,"PERF_COUNT_HW_CPU_CYCLES":4546818669}}
{"runtime":1255,"energy":{"pkg":12.4658203125,"pp0":6.59991455078125,"pp1":0.23095703125,"dram":0},"perf_counters":{"PERF_COUNT_HW_REF_CPU_CYCLES":4976077704,"PERF_COUNT_HW_BRANCH_INSTRUCTIONS":1723764966,"PERF_COUNT_HW_CACHE_MISSES":9769814,"PERF_COUNT_HW_INSTRUCTIONS":9587310233,"PERF_COUNT_HW_BRANCH_MISSES":33480482,"PERF_COUNT_HW_CACHE_REFERENCES":20509494,"PERF_COUNT_HW_CPU_CYCLES":4615289087}}
{"runtime":1278,"energy":{"pkg":12.6966552734375,"pp0":6.686767578125,"pp1":0.258544921875,"dram":0},"perf_counters":{"PERF_COUNT_HW_REF_CPU_CYCLES":5008558543,"PERF_COUNT_HW_BRANCH_INSTRUCTIONS":1723557600,"PERF_COUNT_HW_CACHE_MISSES":9913150,"PERF_COUNT_HW_INSTRUCTIONS":9585968242,"PERF_COUNT_HW_BRANCH_MISSES":34016092,"PERF_COUNT_HW_CACHE_REFERENCES":20336835,"PERF_COUNT_HW_CPU_CYCLES":4677444477}}
{"runtime":1283,"energy":{"pkg":12.728759765625,"pp0":6.732666015625,"pp1":0.238037109375,"dram":0},"perf_counters":{"PERF_COUNT_HW_REF_CPU_CYCLES":4993511418,"PERF_COUNT_HW_BRANCH_INSTRUCTIONS":1723503937,"PERF_COUNT_HW_CACHE_MISSES":9731496,"PERF_COUNT_HW_INSTRUCTIONS":9585494004,"PERF_COUNT_HW_BRANCH_MISSES":33588434,"PERF_COUNT_HW_CACHE_REFERENCES":20714601,"PERF_COUNT_HW_CPU_CYCLES":4677034264}}
{"runtime":1266,"energy":{"pkg":12.593017578125,"pp0":6.67730712890625,"pp1":0.239013671875,"dram":0},"perf_counters":{"PERF_COUNT_HW_REF_CPU_CYCLES":4929719200,"PERF_COUNT_HW_BRANCH_INSTRUCTIONS":1723384160,"PERF_COUNT_HW_CACHE_MISSES":9849282,"PERF_COUNT_HW_INSTRUCTIONS":9584767494,"PERF_COUNT_HW_BRANCH_MISSES":33874368,"PERF_COUNT_HW_CACHE_REFERENCES":20167285,"PERF_COUNT_HW_CPU_CYCLES":4637390455}}
{"runtime":1270,"energy":{"pkg":12.614013671875,"pp0":6.6658935546875,"pp1":0.2525634765625,"dram":0},"perf_counters":{"PERF_COUNT_HW_REF_CPU_CYCLES":4934478800,"PERF_COUNT_HW_BRANCH_INSTRUCTIONS":1723487654,"PERF_COUNT_HW_CACHE_MISSES":9818493,"PERF_COUNT_HW_INSTRUCTIONS":9585417712,"PERF_COUNT_HW_BRANCH_MISSES":33797126,"PERF_COUNT_HW_CACHE_REFERENCES":20556872,"PERF_COUNT_HW_CPU_CYCLES":4585453439}}
{"runtime":1276,"energy":{"pkg":12.7161865234375,"pp0":6.760498046875,"pp1":0.223388671875,"dram":0},"perf_counters":{"PERF_COUNT_HW_REF_CPU_CYCLES":4915585962,"PERF_COUNT_HW_BRANCH_INSTRUCTIONS":1723786522,"PERF_COUNT_HW_CACHE_MISSES":10008700,"PERF_COUNT_HW_INSTRUCTIONS":9587279911,"PERF_COUNT_HW_BRANCH_MISSES":32750221,"PERF_COUNT_HW_CACHE_REFERENCES":20153482,"PERF_COUNT_HW_CPU_CYCLES":4553932837}}
{"runtime":1252,"energy":{"pkg":12.40985107421875,"pp0":6.60601806640625,"pp1":0.1790771484375,"dram":0},"perf_counters":{"PERF_COUNT_HW_REF_CPU_CYCLES":4897320486,"PERF_COUNT_HW_BRANCH_INSTRUCTIONS":1723621127,"PERF_COUNT_HW_CACHE_MISSES":9873792,"PERF_COUNT_HW_INSTRUCTIONS":9586285620,"PERF_COUNT_HW_BRANCH_MISSES":32932019,"PERF_COUNT_HW_CACHE_REFERENCES":20028432,"PERF_COUNT_HW_CPU_CYCLES":4533671035}}
{"runtime":1277,"energy":{"pkg":12.61029052734375,"pp0":6.67474365234375,"pp1":0.2164306640625,"dram":0},"perf_counters":{"PERF_COUNT_HW_REF_CPU_CYCLES":4995281960,"PERF_COUNT_HW_BRANCH_INSTRUCTIONS":1723351694,"PERF_COUNT_HW_CACHE_MISSES":9799487,"PERF_COUNT_HW_INSTRUCTIONS":9584569107,"PERF_COUNT_HW_BRANCH_MISSES":34222174,"PERF_COUNT_HW_CACHE_REFERENCES":20152099,"PERF_COUNT_HW_CPU_CYCLES":4641912451}}
