{"runtime":667,"energy":{"pkg":27.39813232421875,"pp0":23.912841796875,"pp1":0.335205078125,"dram":0},"perf_counters":{"PERF_COUNT_HW_REF_CPU_CYCLES":9921782663,"PERF_COUNT_HW_BRANCH_INSTRUCTIONS":4648335891,"PERF_COUNT_HW_CACHE_MISSES":35745326,"PERF_COUNT_HW_INSTRUCTIONS":27888934917,"PERF_COUNT_HW_BRANCH_MISSES":1988550,"PERF_COUNT_HW_CACHE_REFERENCES":114985163,"PERF_COUNT_HW_CPU_CYCLES":14475080031}}
{"runtime":818,"energy":{"pkg":24.8211669921875,"pp0":20.65118408203125,"pp1":0.31884765625,"dram":0},"perf_counters":{"PERF_COUNT_HW_REF_CPU_CYCLES":11238956119,"PERF_COUNT_HW_BRANCH_INSTRUCTIONS":4643352547,"PERF_COUNT_HW_CACHE_MISSES":32009502,"PERF_COUNT_HW_INSTRUCTIONS":27867589317,"PERF_COUNT_HW_BRANCH_MISSES":2433513,"PERF_COUNT_HW_CACHE_REFERENCES":112673682,"PERF_COUNT_HW_CPU_CYCLES":14614350546}}
{"runtime":2009,"energy":{"pkg":19.48345947265625,"pp0":10.328857421875,"pp1":0.28955078125,"dram":0},"perf_counters":{"PERF_COUNT_HW_REF_CPU_CYCLES":29926697334,"PERF_COUNT_HW_BRANCH_INSTRUCTIONS":4649986505,"PERF_COUNT_HW_CACHE_MISSES":31097094,"PERF_COUNT_HW_INSTRUCTIONS":27902306538,"PERF_COUNT_HW_BRANCH_MISSES":2276889,"PERF_COUNT_HW_CACHE_REFERENCES":113276051,"PERF_COUNT_HW_CPU_CYCLES":14745422800}}
{"runtime":2320,"energy":{"pkg":20.33843994140625,"pp0":9.93048095703125,"pp1":0.299072265625,"dram":0},"perf_counters":{"PERF_COUNT_HW_REF_CPU_CYCLES":33696606331,"PERF_COUNT_HW_BRANCH_INSTRUCTIONS":4650129177,"PERF_COUNT_HW_CACHE_MISSES":31772318,"PERF_COUNT_HW_INSTRUCTIONS":27902736539,"PERF_COUNT_HW_BRANCH_MISSES":2107579,"PERF_COUNT_HW_CACHE_REFERENCES":112589129,"PERF_COUNT_HW_CPU_CYCLES":14605357577}}
{"runtime":2310,"energy":{"pkg":20.6458740234375,"pp0":10.2950439453125,"pp1":0.29248046875,"dram":0},"perf_counters":{"PERF_COUNT_HW_REF_CPU_CYCLES":31941893359,"PERF_COUNT_HW_BRANCH_INSTRUCTIONS":4650695582,"PERF_COUNT_HW_CACHE_MISSES":32098256,"PERF_COUNT_HW_INSTRUCTIONS":27904014284,"PERF_COUNT_HW_BRANCH_MISSES":2431863,"PERF_COUNT_HW_CACHE_REFERENCES":112710452,"PERF_COUNT_HW_CPU_CYCLES":15249897696}}
{"runtime":2018,"energy":{"pkg":19.17498779296875,"pp0":10.055908203125,"pp1":0.253662109375,"dram":0},"perf_counters":{"PERF_COUNT_HW_REF_CPU_CYCLES":29111598095,"PERF_COUNT_HW_BRANCH_INSTRUCTIONS":4649815253,"PERF_COUNT_HW_CACHE_MISSES":31252334,"PERF_COUNT_HW_INSTRUCTIONS":27901052769,"PERF_COUNT_HW_BRANCH_MISSES":2475303,"PERF_COUNT_HW_CACHE_REFERENCES":114038931,"PERF_COUNT_HW_CPU_CYCLES":14553411193}}
{"runtime":2097,"energy":{"pkg":19.6397705078125,"pp0":10.163818359375,"pp1":0.2969970703125,"dram":0},"perf_counters":{"PERF_COUNT_HW_REF_CPU_CYCLES":28907574045,"PERF_COUNT_HW_BRANCH_INSTRUCTIONS":4647141589,"PERF_COUNT_HW_CACHE_MISSES":31616114,"PERF_COUNT_HW_INSTRUCTIONS":27887262509,"PERF_COUNT_HW_BRANCH_MISSES":2137205,"PERF_COUNT_HW_CACHE_REFERENCES":116900269,"PERF_COUNT_HW_CPU_CYCLES":14807406620}}
{"runtime":1978,"energy":{"pkg":19.1265869140625,"pp0":10.1556396484375,"pp1":0.2928466796875,"dram":0},"perf_counters":{"PERF_COUNT_HW_REF_CPU_CYCLES":27561089702,"PERF_COUNT_HW_BRANCH_INSTRUCTIONS":4647556634,"PERF_COUNT_HW_CACHE_MISSES":31134700,"PERF_COUNT_HW_INSTRUCTIONS":27888847502,"PERF_COUNT_HW_BRANCH_MISSES":2129111,"PERF_COUNT_HW_CACHE_REFERENCES":116438969,"PERF_COUNT_HW_CPU_CYCLES":14672405492}}
{"runtime":1883,"energy":{"pkg":18.68658447265625,"pp0":10.06585693359375,"pp1":0.303955078125,"dram":0},"perf_counters":{"PERF_COUNT_HW_REF_CPU_CYCLES":27751055266,"PERF_COUNT_HW_BRANCH_INSTRUCTIONS":4654268404,"PERF_COUNT_HW_CACHE_MISSES":32627047,"PERF_COUNT_HW_INSTRUCTIONS":27924162948,"PERF_COUNT_HW_BRANCH_MISSES":2141776,"PERF_COUNT_HW_CACHE_REFERENCES":117088341,"PERF_COUNT_HW_CPU_CYCLES":14641678251}}
{"runtime":2015,"energy":{"pkg":19.36041259765625,"pp0":10.17352294921875,"pp1":0.2989501953125,"dram":0},"perf_counters":{"PERF_COUNT_HW_REF_CPU_CYCLES":29214867180,"PERF_COUNT_HW_BRANCH_INSTRUCTIONS":4646991968,"PERF_COUNT_HW_CACHE_MISSES":32079031,"PERF_COUNT_HW_INSTRUCTIONS":27886771680,"PERF_COUNT_HW_BRANCH_MISSES":2712545,"PERF_COUNT_HW_CACHE_REFERENCES":114019012,"PERF_COUNT_HW_CPU_CYCLES":15235700793}}
{"runtime":1922,"energy":{"pkg":18.9443359375,"pp0":10.18218994140625,"pp1":0.299560546875,"dram":0},"perf_counters":{"PERF_COUNT_HW_REF_CPU_CYCLES":27952348532,"PERF_COUNT_HW_BRANCH_INSTRUCTIONS":4650320784,"PERF_COUNT_HW_CACHE_MISSES":31896752,"PERF_COUNT_HW_INSTRUCTIONS":27901795973,"PERF_COUNT_HW_BRANCH_MISSES":2341922,"PERF_COUNT_HW_CACHE_REFERENCES":114297087,"PERF_COUNT_HW_CPU_CYCLES":14849128318}}
