{"runtime":3027,"energy":{"pkg":29.5357666015625,"pp0":16.609130859375,"pp1":0.3953857421875,"dram":0},"perf_counters":{"PERF_COUNT_HW_REF_CPU_CYCLES":49119726299,"PERF_COUNT_HW_BRANCH_INSTRUCTIONS":15279714142,"PERF_COUNT_HW_CACHE_MISSES":126255,"PERF_COUNT_HW_INSTRUCTIONS":38880833616,"PERF_COUNT_HW_BRANCH_MISSES":18165187,"PERF_COUNT_HW_CACHE_REFERENCES":91045603,"PERF_COUNT_HW_CPU_CYCLES":40721579995}}
{"runtime":3028,"energy":{"pkg":30.19500732421875,"pp0":17.19073486328125,"pp1":0.4661865234375,"dram":0},"perf_counters":{"PERF_COUNT_HW_REF_CPU_CYCLES":49119784042,"PERF_COUNT_HW_BRANCH_INSTRUCTIONS":16085871153,"PERF_COUNT_HW_CACHE_MISSES":123392,"PERF_COUNT_HW_INSTRUCTIONS":41004091640,"PERF_COUNT_HW_BRANCH_MISSES":17107807,"PERF_COUNT_HW_CACHE_REFERENCES":88587629,"PERF_COUNT_HW_CPU_CYCLES":41569566359}}
{"runtime":2330,"energy":{"pkg":23.78509521484375,"pp0":13.93560791015625,"pp1":0.228271484375,"dram":0},"perf_counters":{"PERF_COUNT_HW_REF_CPU_CYCLES":41942421122,"PERF_COUNT_HW_BRANCH_INSTRUCTIONS":12661188762,"PERF_COUNT_HW_CACHE_MISSES":97843,"PERF_COUNT_HW_INSTRUCTIONS":32339601304,"PERF_COUNT_HW_BRANCH_MISSES":23935181,"PERF_COUNT_HW_CACHE_REFERENCES":71104712,"PERF_COUNT_HW_CPU_CYCLES":35073445542}}
{"runtime":2910,"energy":{"pkg":28.46630859375,"pp0":16.11004638671875,"pp1":0.309814453125,"dram":0},"perf_counters":{"PERF_COUNT_HW_REF_CPU_CYCLES":48255039547,"PERF_COUNT_HW_BRANCH_INSTRUCTIONS":13830902062,"PERF_COUNT_HW_CACHE_MISSES":106119,"PERF_COUNT_HW_INSTRUCTIONS":35207894282,"PERF_COUNT_HW_BRANCH_MISSES":19414624,"PERF_COUNT_HW_CACHE_REFERENCES":94424070,"PERF_COUNT_HW_CPU_CYCLES":40175637648}}
{"runtime":2276,"energy":{"pkg":23.42486572265625,"pp0":13.79168701171875,"pp1":0.25537109375,"dram":0},"perf_counters":{"PERF_COUNT_HW_REF_CPU_CYCLES":42565760092,"PERF_COUNT_HW_BRANCH_INSTRUCTIONS":13313229743,"PERF_COUNT_HW_CACHE_MISSES":98153,"PERF_COUNT_HW_INSTRUCTIONS":33894908913,"PERF_COUNT_HW_BRANCH_MISSES":23897197,"PERF_COUNT_HW_CACHE_REFERENCES":71157653,"PERF_COUNT_HW_CPU_CYCLES":35203912812}}
{"runtime":2774,"energy":{"pkg":27.07781982421875,"pp0":15.32269287109375,"pp1":0.2763671875,"dram":0},"perf_counters":{"PERF_COUNT_HW_REF_CPU_CYCLES":48196778612,"PERF_COUNT_HW_BRANCH_INSTRUCTIONS":14462117914,"PERF_COUNT_HW_CACHE_MISSES":105947,"PERF_COUNT_HW_INSTRUCTIONS":36970143964,"PERF_COUNT_HW_BRANCH_MISSES":21787642,"PERF_COUNT_HW_CACHE_REFERENCES":80183029,"PERF_COUNT_HW_CPU_CYCLES":38961960763}}
{"runtime":2636,"energy":{"pkg":26.21820068359375,"pp0":14.98773193359375,"pp1":0.32275390625,"dram":0},"perf_counters":{"PERF_COUNT_HW_REF_CPU_CYCLES":45287754527,"PERF_COUNT_HW_BRANCH_INSTRUCTIONS":14127417551,"PERF_COUNT_HW_CACHE_MISSES":117648,"PERF_COUNT_HW_INSTRUCTIONS":35989760129,"PERF_COUNT_HW_BRANCH_MISSES":20909217,"PERF_COUNT_HW_CACHE_REFERENCES":76126179,"PERF_COUNT_HW_CPU_CYCLES":37439228939}}
{"runtime":2114,"energy":{"pkg":21.99169921875,"pp0":13.0172119140625,"pp1":0.2332763671875,"dram":0},"perf_counters":{"PERF_COUNT_HW_REF_CPU_CYCLES":40931651807,"PERF_COUNT_HW_BRANCH_INSTRUCTIONS":12407484254,"PERF_COUNT_HW_CACHE_MISSES":105381,"PERF_COUNT_HW_INSTRUCTIONS":31600135044,"PERF_COUNT_HW_BRANCH_MISSES":25500629,"PERF_COUNT_HW_CACHE_REFERENCES":66224274,"PERF_COUNT_HW_CPU_CYCLES":33576177411}}
{"runtime":3054,"energy":{"pkg":29.18841552734375,"pp0":16.22515869140625,"pp1":0.3209228515625,"dram":0},"perf_counters":{"PERF_COUNT_HW_REF_CPU_CYCLES":50445463312,"PERF_COUNT_HW_BRANCH_INSTRUCTIONS":14310349862,"PERF_COUNT_HW_CACHE_MISSES":102442,"PERF_COUNT_HW_INSTRUCTIONS":36510517514,"PERF_COUNT_HW_BRANCH_MISSES":18604956,"PERF_COUNT_HW_CACHE_REFERENCES":92336733,"PERF_COUNT_HW_CPU_CYCLES":40759034572}}
{"runtime":2727,"energy":{"pkg":27.197509765625,"pp0":15.6258544921875,"pp1":0.2869873046875,"dram":0},"perf_counters":{"PERF_COUNT_HW_REF_CPU_CYCLES":44732102617,"PERF_COUNT_HW_BRANCH_INSTRUCTIONS":12373260066,"PERF_COUNT_HW_CACHE_MISSES":131009,"PERF_COUNT_HW_INSTRUCTIONS":31582664088,"PERF_COUNT_HW_BRANCH_MISSES":21344647,"PERF_COUNT_HW_CACHE_REFERENCES":82245505,"PERF_COUNT_HW_CPU_CYCLES":38681796311}}
{"runtime":2108,"energy":{"pkg":22.08770751953125,"pp0":13.17645263671875,"pp1":0.21044921875,"dram":0},"perf_counters":{"PERF_COUNT_HW_REF_CPU_CYCLES":40352041443,"PERF_COUNT_HW_BRANCH_INSTRUCTIONS":12338946704,"PERF_COUNT_HW_CACHE_MISSES":100442,"PERF_COUNT_HW_INSTRUCTIONS":31491238418,"PERF_COUNT_HW_BRANCH_MISSES":24907718,"PERF_COUNT_HW_CACHE_REFERENCES":66698512,"PERF_COUNT_HW_CPU_CYCLES":33681703038}}
