{"runtime":10682,"energy":{"pkg":106.3682861328125,"pp0":61.043701171875,"pp1":1.49609375,"dram":0},"perf_counters":{"PERF_COUNT_HW_REF_CPU_CYCLES":183850284796,"PERF_COUNT_HW_BRANCH_INSTRUCTIONS":22328834894,"PERF_COUNT_HW_CACHE_MISSES":456985,"PERF_COUNT_HW_INSTRUCTIONS":117452745140,"PERF_COUNT_HW_BRANCH_MISSES":2352357465,"PERF_COUNT_HW_CACHE_REFERENCES":1947602,"PERF_COUNT_HW_CPU_CYCLES":103251461246}}
{"runtime":10671,"energy":{"pkg":106.5965576171875,"pp0":61.20745849609375,"pp1":1.631103515625,"dram":0},"perf_counters":{"PERF_COUNT_HW_REF_CPU_CYCLES":183635971834,"PERF_COUNT_HW_BRANCH_INSTRUCTIONS":22325983293,"PERF_COUNT_HW_CACHE_MISSES":442960,"PERF_COUNT_HW_INSTRUCTIONS":117441721661,"PERF_COUNT_HW_BRANCH_MISSES":2349937854,"PERF_COUNT_HW_CACHE_REFERENCES":1860663,"PERF_COUNT_HW_CPU_CYCLES":102710604713}}
{"runtime":10645,"energy":{"pkg":106.056884765625,"pp0":60.62835693359375,"pp1":1.834228515625,"dram":0},"perf_counters":{"PERF_COUNT_HW_REF_CPU_CYCLES":186455071745,"PERF_COUNT_HW_BRANCH_INSTRUCTIONS":22327989144,"PERF_COUNT_HW_CACHE_MISSES":475060,"PERF_COUNT_HW_INSTRUCTIONS":117451576063,"PERF_COUNT_HW_BRANCH_MISSES":2363049320,"PERF_COUNT_HW_CACHE_REFERENCES":2107502,"PERF_COUNT_HW_CPU_CYCLES":103348958764}}
{"runtime":10731,"energy":{"pkg":106.48431396484375,"pp0":60.54962158203125,"pp1":1.906494140625,"dram":0},"perf_counters":{"PERF_COUNT_HW_REF_CPU_CYCLES":186863781152,"PERF_COUNT_HW_BRANCH_INSTRUCTIONS":22328283097,"PERF_COUNT_HW_CACHE_MISSES":453955,"PERF_COUNT_HW_INSTRUCTIONS":117453167801,"PERF_COUNT_HW_BRANCH_MISSES":2354786878,"PERF_COUNT_HW_CACHE_REFERENCES":1957645,"PERF_COUNT_HW_CPU_CYCLES":103312217545}}
{"runtime":10647,"energy":{"pkg":106.136474609375,"pp0":60.54180908203125,"pp1":1.89501953125,"dram":0},"perf_counters":{"PERF_COUNT_HW_REF_CPU_CYCLES":185364089081,"PERF_COUNT_HW_BRANCH_INSTRUCTIONS":22326603895,"PERF_COUNT_HW_CACHE_MISSES":475744,"PERF_COUNT_HW_INSTRUCTIONS":117444746558,"PERF_COUNT_HW_BRANCH_MISSES":2352902586,"PERF_COUNT_HW_CACHE_REFERENCES":2056849,"PERF_COUNT_HW_CPU_CYCLES":103118189954}}
{"runtime":10710,"energy":{"pkg":106.6475830078125,"pp0":60.7969970703125,"pp1":1.8494873046875,"dram":0},"perf_counters":{"PERF_COUNT_HW_REF_CPU_CYCLES":184309973680,"PERF_COUNT_HW_BRANCH_INSTRUCTIONS":22327037608,"PERF_COUNT_HW_CACHE_MISSES":406004,"PERF_COUNT_HW_INSTRUCTIONS":117446761237,"PERF_COUNT_HW_BRANCH_MISSES":2351138700,"PERF_COUNT_HW_CACHE_REFERENCES":1887156,"PERF_COUNT_HW_CPU_CYCLES":102769147804}}
{"runtime":10695,"energy":{"pkg":106.70416259765625,"pp0":61.135009765625,"pp1":1.6552734375,"dram":0},"perf_counters":{"PERF_COUNT_HW_REF_CPU_CYCLES":185634479694,"PERF_COUNT_HW_BRANCH_INSTRUCTIONS":22326690355,"PERF_COUNT_HW_CACHE_MISSES":426170,"PERF_COUNT_HW_INSTRUCTIONS":117445459520,"PERF_COUNT_HW_BRANCH_MISSES":2349504234,"PERF_COUNT_HW_CACHE_REFERENCES":2040417,"PERF_COUNT_HW_CPU_CYCLES":103141815765}}
{"runtime":10691,"energy":{"pkg":106.57818603515625,"pp0":61.0897216796875,"pp1":1.552001953125,"dram":0},"perf_counters":{"PERF_COUNT_HW_REF_CPU_CYCLES":186062930783,"PERF_COUNT_HW_BRANCH_INSTRUCTIONS":22323558983,"PERF_COUNT_HW_CACHE_MISSES":449470,"PERF_COUNT_HW_INSTRUCTIONS":117430535594,"PERF_COUNT_HW_BRANCH_MISSES":2356341078,"PERF_COUNT_HW_CACHE_REFERENCES":2009433,"PERF_COUNT_HW_CPU_CYCLES":103459816535}}
{"runtime":10670,"energy":{"pkg":106.05792236328125,"pp0":60.80426025390625,"pp1":1.447998046875,"dram":0},"perf_counters":{"PERF_COUNT_HW_REF_CPU_CYCLES":187414120925,"PERF_COUNT_HW_BRANCH_INSTRUCTIONS":22328465639,"PERF_COUNT_HW_CACHE_MISSES":462132,"PERF_COUNT_HW_INSTRUCTIONS":117454089362,"PERF_COUNT_HW_BRANCH_MISSES":2361292867,"PERF_COUNT_HW_CACHE_REFERENCES":2006310,"PERF_COUNT_HW_CPU_CYCLES":103681351980}}
{"runtime":10660,"energy":{"pkg":106.20294189453125,"pp0":60.9320068359375,"pp1":1.45458984375,"dram":0},"perf_counters":{"PERF_COUNT_HW_REF_CPU_CYCLES":185499824843,"PERF_COUNT_HW_BRANCH_INSTRUCTIONS":22326575429,"PERF_COUNT_HW_CACHE_MISSES":440909,"PERF_COUNT_HW_INSTRUCTIONS":117444505049,"PERF_COUNT_HW_BRANCH_MISSES":2350431667,"PERF_COUNT_HW_CACHE_REFERENCES":2004781,"PERF_COUNT_HW_CPU_CYCLES":102818373156}}
{"runtime":10733,"energy":{"pkg":106.9100341796875,"pp0":61.15045166015625,"pp1":1.651123046875,"dram":0},"perf_counters":{"PERF_COUNT_HW_REF_CPU_CYCLES":186578584533,"PERF_COUNT_HW_BRANCH_INSTRUCTIONS":22328783068,"PERF_COUNT_HW_CACHE_MISSES":465924,"PERF_COUNT_HW_INSTRUCTIONS":117453085856,"PERF_COUNT_HW_BRANCH_MISSES":2358406443,"PERF_COUNT_HW_CACHE_REFERENCES":2002901,"PERF_COUNT_HW_CPU_CYCLES":103350370748}}
