{"runtime":1059,"energy":{"pkg":10.71392822265625,"pp0":6.2550048828125,"pp1":0.098388671875,"dram":0},"perf_counters":{"PERF_COUNT_HW_REF_CPU_CYCLES":11846010906,"PERF_COUNT_HW_BRANCH_INSTRUCTIONS":2298907194,"PERF_COUNT_HW_CACHE_MISSES":114392,"PERF_COUNT_HW_INSTRUCTIONS":13566596647,"PERF_COUNT_HW_BRANCH_MISSES":2561995,"PERF_COUNT_HW_CACHE_REFERENCES":1376921,"PERF_COUNT_HW_CPU_CYCLES":9719294273}}
{"runtime":1059,"energy":{"pkg":10.68408203125,"pp0":6.25213623046875,"pp1":0.076904296875,"dram":0},"perf_counters":{"PERF_COUNT_HW_REF_CPU_CYCLES":11847399147,"PERF_COUNT_HW_BRANCH_INSTRUCTIONS":2298521112,"PERF_COUNT_HW_CACHE_MISSES":107121,"PERF_COUNT_HW_INSTRUCTIONS":13565157161,"PERF_COUNT_HW_BRANCH_MISSES":2632152,"PERF_COUNT_HW_CACHE_REFERENCES":1475098,"PERF_COUNT_HW_CPU_CYCLES":9712209862}}
{"runtime":1063,"energy":{"pkg":10.69281005859375,"pp0":6.24066162109375,"pp1":0.077880859375,"dram":0},"perf_counters":{"PERF_COUNT_HW_REF_CPU_CYCLES":11882894302,"PERF_COUNT_HW_BRANCH_INSTRUCTIONS":2299054568,"PERF_COUNT_HW_CACHE_MISSES":115760,"PERF_COUNT_HW_INSTRUCTIONS":13567318911,"PERF_COUNT_HW_BRANCH_MISSES":2513948,"PERF_COUNT_HW_CACHE_REFERENCES":1328485,"PERF_COUNT_HW_CPU_CYCLES":9710616751}}
{"runtime":1061,"energy":{"pkg":10.67462158203125,"pp0":6.2088623046875,"pp1":0.090576171875,"dram":0},"perf_counters":{"PERF_COUNT_HW_REF_CPU_CYCLES":11869983741,"PERF_COUNT_HW_BRANCH_INSTRUCTIONS":2303093611,"PERF_COUNT_HW_CACHE_MISSES":105853,"PERF_COUNT_HW_INSTRUCTIONS":13573608142,"PERF_COUNT_HW_BRANCH_MISSES":2620757,"PERF_COUNT_HW_CACHE_REFERENCES":1435798,"PERF_COUNT_HW_CPU_CYCLES":9731627633}}
{"runtime":1062,"energy":{"pkg":10.705810546875,"pp0":6.24627685546875,"pp1":0.0894775390625,"dram":0},"perf_counters":{"PERF_COUNT_HW_REF_CPU_CYCLES":11873234577,"PERF_COUNT_HW_BRANCH_INSTRUCTIONS":2299240561,"PERF_COUNT_HW_CACHE_MISSES":112219,"PERF_COUNT_HW_INSTRUCTIONS":13567589776,"PERF_COUNT_HW_BRANCH_MISSES":2556868,"PERF_COUNT_HW_CACHE_REFERENCES":1392696,"PERF_COUNT_HW_CPU_CYCLES":9717499281}}
{"runtime":1067,"energy":{"pkg":10.6884765625,"pp0":6.21551513671875,"pp1":0.0850830078125,"dram":0},"perf_counters":{"PERF_COUNT_HW_REF_CPU_CYCLES":11930079312,"PERF_COUNT_HW_BRANCH_INSTRUCTIONS":2298515871,"PERF_COUNT_HW_CACHE_MISSES":105337,"PERF_COUNT_HW_INSTRUCTIONS":13565316042,"PERF_COUNT_HW_BRANCH_MISSES":2568186,"PERF_COUNT_HW_CACHE_REFERENCES":1412459,"PERF_COUNT_HW_CPU_CYCLES":9709517620}}
{"runtime":1060,"energy":{"pkg":10.6263427734375,"pp0":6.1832275390625,"pp1":0.0845947265625,"dram":0},"perf_counters":{"PERF_COUNT_HW_REF_CPU_CYCLES":11851824480,"PERF_COUNT_HW_BRANCH_INSTRUCTIONS":2301111406,"PERF_COUNT_HW_CACHE_MISSES":103072,"PERF_COUNT_HW_INSTRUCTIONS":13570541750,"PERF_COUNT_HW_BRANCH_MISSES":2589759,"PERF_COUNT_HW_CACHE_REFERENCES":1362500,"PERF_COUNT_HW_CPU_CYCLES":9707959891}}
{"runtime":1065,"energy":{"pkg":10.70574951171875,"pp0":6.238037109375,"pp1":0.0916748046875,"dram":0},"perf_counters":{"PERF_COUNT_HW_REF_CPU_CYCLES":11904644141,"PERF_COUNT_HW_BRANCH_INSTRUCTIONS":2298663743,"PERF_COUNT_HW_CACHE_MISSES":113495,"PERF_COUNT_HW_INSTRUCTIONS":13565788851,"PERF_COUNT_HW_BRANCH_MISSES":2560061,"PERF_COUNT_HW_CACHE_REFERENCES":1491061,"PERF_COUNT_HW_CPU_CYCLES":9716754735}}
{"runtime":1069,"energy":{"pkg":10.73822021484375,"pp0":6.2353515625,"pp1":0.0948486328125,"dram":0},"perf_counters":{"PERF_COUNT_HW_REF_CPU_CYCLES":11952157067,"PERF_COUNT_HW_BRANCH_INSTRUCTIONS":2298619557,"PERF_COUNT_HW_CACHE_MISSES":112484,"PERF_COUNT_HW_INSTRUCTIONS":13565734465,"PERF_COUNT_HW_BRANCH_MISSES":2578731,"PERF_COUNT_HW_CACHE_REFERENCES":1441872,"PERF_COUNT_HW_CPU_CYCLES":9712168475}}
{"runtime":1061,"energy":{"pkg":10.62799072265625,"pp0":6.1895751953125,"pp1":0.079345703125,"dram":0},"perf_counters":{"PERF_COUNT_HW_REF_CPU_CYCLES":11864923965,"PERF_COUNT_HW_BRANCH_INSTRUCTIONS":2301303286,"PERF_COUNT_HW_CACHE_MISSES":98795,"PERF_COUNT_HW_INSTRUCTIONS":13570252121,"PERF_COUNT_HW_BRANCH_MISSES":2570020,"PERF_COUNT_HW_CACHE_REFERENCES":1356619,"PERF_COUNT_HW_CPU_CYCLES":9720318515}}
{"runtime":1069,"energy":{"pkg":10.68701171875,"pp0":6.196533203125,"pp1":0.0982666015625,"dram":0},"perf_counters":{"PERF_COUNT_HW_REF_CPU_CYCLES":11951879010,"PERF_COUNT_HW_BRANCH_INSTRUCTIONS":2298635406,"PERF_COUNT_HW_CACHE_MISSES":118278,"PERF_COUNT_HW_INSTRUCTIONS":13565639510,"PERF_COUNT_HW_BRANCH_MISSES":2565413,"PERF_COUNT_HW_CACHE_REFERENCES":1377794,"PERF_COUNT_HW_CPU_CYCLES":9715117535}}
