{"runtime":5033,"energy":{"pkg":49.878662109375,"pp0":27.84844970703125,"pp1":0.6953125,"dram":0},"perf_counters":{"PERF_COUNT_HW_REF_CPU_CYCLES":47320136358,"PERF_COUNT_HW_BRANCH_INSTRUCTIONS":10614443336,"PERF_COUNT_HW_CACHE_MISSES":15740260,"PERF_COUNT_HW_INSTRUCTIONS":53930413204,"PERF_COUNT_HW_BRANCH_MISSES":125620549,"PERF_COUNT_HW_CACHE_REFERENCES":616956824,"PERF_COUNT_HW_CPU_CYCLES":35195259251}}
{"runtime":4963,"energy":{"pkg":49.48089599609375,"pp0":27.77105712890625,"pp1":0.6763916015625,"dram":0},"perf_counters":{"PERF_COUNT_HW_REF_CPU_CYCLES":47075683740,"PERF_COUNT_HW_BRANCH_INSTRUCTIONS":10616351260,"PERF_COUNT_HW_CACHE_MISSES":15559410,"PERF_COUNT_HW_INSTRUCTIONS":53939470953,"PERF_COUNT_HW_BRANCH_MISSES":125658038,"PERF_COUNT_HW_CACHE_REFERENCES":615902139,"PERF_COUNT_HW_CPU_CYCLES":34818068061}}
{"runtime":4835,"energy":{"pkg":48.37945556640625,"pp0":27.2064208984375,"pp1":0.693115234375,"dram":0},"perf_counters":{"PERF_COUNT_HW_REF_CPU_CYCLES":48117351108,"PERF_COUNT_HW_BRANCH_INSTRUCTIONS":10614493061,"PERF_COUNT_HW_CACHE_MISSES":14668367,"PERF_COUNT_HW_INSTRUCTIONS":53930453037,"PERF_COUNT_HW_BRANCH_MISSES":125779353,"PERF_COUNT_HW_CACHE_REFERENCES":620350784,"PERF_COUNT_HW_CPU_CYCLES":35286264481}}
{"runtime":4967,"energy":{"pkg":49.24188232421875,"pp0":27.5032958984375,"pp1":0.681396484375,"dram":0},"perf_counters":{"PERF_COUNT_HW_REF_CPU_CYCLES":47773426792,"PERF_COUNT_HW_BRANCH_INSTRUCTIONS":10617067446,"PERF_COUNT_HW_CACHE_MISSES":15683921,"PERF_COUNT_HW_INSTRUCTIONS":53943083871,"PERF_COUNT_HW_BRANCH_MISSES":125758998,"PERF_COUNT_HW_CACHE_REFERENCES":614187997,"PERF_COUNT_HW_CPU_CYCLES":35513536573}}
{"runtime":4855,"energy":{"pkg":48.523193359375,"pp0":27.17236328125,"pp1":0.7662353515625,"dram":0},"perf_counters":{"PERF_COUNT_HW_REF_CPU_CYCLES":50718671652,"PERF_COUNT_HW_BRANCH_INSTRUCTIONS":10616918843,"PERF_COUNT_HW_CACHE_MISSES":14959387,"PERF_COUNT_HW_INSTRUCTIONS":53942321167,"PERF_COUNT_HW_BRANCH_MISSES":125483998,"PERF_COUNT_HW_CACHE_REFERENCES":596506933,"PERF_COUNT_HW_CPU_CYCLES":36107544473}}
{"runtime":4935,"energy":{"pkg":49.1978759765625,"pp0":27.480712890625,"pp1":0.7418212890625,"dram":0},"perf_counters":{"PERF_COUNT_HW_REF_CPU_CYCLES":47734731828,"PERF_COUNT_HW_BRANCH_INSTRUCTIONS":10614482924,"PERF_COUNT_HW_CACHE_MISSES":14912544,"PERF_COUNT_HW_INSTRUCTIONS":53930220432,"PERF_COUNT_HW_BRANCH_MISSES":125533638,"PERF_COUNT_HW_CACHE_REFERENCES":611350071,"PERF_COUNT_HW_CPU_CYCLES":35433355793}}
{"runtime":4969,"energy":{"pkg":49.48138427734375,"pp0":27.6888427734375,"pp1":0.734375,"dram":0},"perf_counters":{"PERF_COUNT_HW_REF_CPU_CYCLES":48922921073,"PERF_COUNT_HW_BRANCH_INSTRUCTIONS":10615671989,"PERF_COUNT_HW_CACHE_MISSES":17096938,"PERF_COUNT_HW_INSTRUCTIONS":53936737148,"PERF_COUNT_HW_BRANCH_MISSES":125335695,"PERF_COUNT_HW_CACHE_REFERENCES":578923357,"PERF_COUNT_HW_CPU_CYCLES":35706260982}}
{"runtime":5026,"energy":{"pkg":49.71356201171875,"pp0":27.77484130859375,"pp1":0.6202392578125,"dram":0},"perf_counters":{"PERF_COUNT_HW_REF_CPU_CYCLES":48323630420,"PERF_COUNT_HW_BRANCH_INSTRUCTIONS":10614688424,"PERF_COUNT_HW_CACHE_MISSES":14745026,"PERF_COUNT_HW_INSTRUCTIONS":53931294736,"PERF_COUNT_HW_BRANCH_MISSES":125516575,"PERF_COUNT_HW_CACHE_REFERENCES":615152056,"PERF_COUNT_HW_CPU_CYCLES":35988212144}}
{"runtime":4934,"energy":{"pkg":49.38824462890625,"pp0":27.8668212890625,"pp1":0.626708984375,"dram":0},"perf_counters":{"PERF_COUNT_HW_REF_CPU_CYCLES":47330648431,"PERF_COUNT_HW_BRANCH_INSTRUCTIONS":10617215706,"PERF_COUNT_HW_CACHE_MISSES":14817715,"PERF_COUNT_HW_INSTRUCTIONS":53943259573,"PERF_COUNT_HW_BRANCH_MISSES":125571145,"PERF_COUNT_HW_CACHE_REFERENCES":615149238,"PERF_COUNT_HW_CPU_CYCLES":35535000007}}
{"runtime":4898,"energy":{"pkg":48.85009765625,"pp0":27.46759033203125,"pp1":0.678466796875,"dram":0},"perf_counters":{"PERF_COUNT_HW_REF_CPU_CYCLES":48202206381,"PERF_COUNT_HW_BRANCH_INSTRUCTIONS":10614692753,"PERF_COUNT_HW_CACHE_MISSES":14791044,"PERF_COUNT_HW_INSTRUCTIONS":53931258662,"PERF_COUNT_HW_BRANCH_MISSES":125806575,"PERF_COUNT_HW_CACHE_REFERENCES":616133316,"PERF_COUNT_HW_CPU_CYCLES":35855532973}}
{"runtime":4979,"energy":{"pkg":49.4805908203125,"pp0":27.81060791015625,"pp1":0.5928955078125,"dram":0},"perf_counters":{"PERF_COUNT_HW_REF_CPU_CYCLES":47532567818,"PERF_COUNT_HW_BRANCH_INSTRUCTIONS":10616597843,"PERF_COUNT_HW_CACHE_MISSES":15292745,"PERF_COUNT_HW_INSTRUCTIONS":53939880828,"PERF_COUNT_HW_BRANCH_MISSES":125641423,"PERF_COUNT_HW_CACHE_REFERENCES":619049139,"PERF_COUNT_HW_CPU_CYCLES":35538157930}}
