{"runtime":1629,"energy":{"pkg":16.2352294921875,"pp0":9.26690673828125,"pp1":0.263671875,"dram":0},"perf_counters":{"PERF_COUNT_HW_REF_CPU_CYCLES":34997669636,"PERF_COUNT_HW_BRANCH_INSTRUCTIONS":411888325,"PERF_COUNT_HW_CACHE_MISSES":761446,"PERF_COUNT_HW_INSTRUCTIONS":23298560759,"PERF_COUNT_HW_BRANCH_MISSES":2700963,"PERF_COUNT_HW_CACHE_REFERENCES":2613266,"PERF_COUNT_HW_CPU_CYCLES":21007170201}}
{"runtime":1623,"energy":{"pkg":16.1279296875,"pp0":9.26507568359375,"pp1":0.2042236328125,"dram":0},"perf_counters":{"PERF_COUNT_HW_REF_CPU_CYCLES":34938891715,"PERF_COUNT_HW_BRANCH_INSTRUCTIONS":411666383,"PERF_COUNT_HW_CACHE_MISSES":757319,"PERF_COUNT_HW_INSTRUCTIONS":23297964172,"PERF_COUNT_HW_BRANCH_MISSES":2695569,"PERF_COUNT_HW_CACHE_REFERENCES":2618849,"PERF_COUNT_HW_CPU_CYCLES":20995375174}}
{"runtime":1639,"energy":{"pkg":16.35382080078125,"pp0":9.36773681640625,"pp1":0.251708984375,"dram":0},"perf_counters":{"PERF_COUNT_HW_REF_CPU_CYCLES":34726467044,"PERF_COUNT_HW_BRANCH_INSTRUCTIONS":410272989,"PERF_COUNT_HW_CACHE_MISSES":770777,"PERF_COUNT_HW_INSTRUCTIONS":23292271154,"PERF_COUNT_HW_BRANCH_MISSES":2722194,"PERF_COUNT_HW_CACHE_REFERENCES":2676151,"PERF_COUNT_HW_CPU_CYCLES":20732080894}}
{"runtime":1620,"energy":{"pkg":16.13836669921875,"pp0":9.220947265625,"pp1":0.26416015625,"dram":0},"perf_counters":{"PERF_COUNT_HW_REF_CPU_CYCLES":34809676970,"PERF_COUNT_HW_BRANCH_INSTRUCTIONS":410537181,"PERF_COUNT_HW_CACHE_MISSES":758116,"PERF_COUNT_HW_INSTRUCTIONS":23293684339,"PERF_COUNT_HW_BRANCH_MISSES":2707402,"PERF_COUNT_HW_CACHE_REFERENCES":2725400,"PERF_COUNT_HW_CPU_CYCLES":20935665031}}
{"runtime":1636,"energy":{"pkg":16.25640869140625,"pp0":9.28631591796875,"pp1":0.2503662109375,"dram":0},"perf_counters":{"PERF_COUNT_HW_REF_CPU_CYCLES":35148209360,"PERF_COUNT_HW_BRANCH_INSTRUCTIONS":414107287,"PERF_COUNT_HW_CACHE_MISSES":759853,"PERF_COUNT_HW_INSTRUCTIONS":23306567798,"PERF_COUNT_HW_BRANCH_MISSES":2691006,"PERF_COUNT_HW_CACHE_REFERENCES":2532024,"PERF_COUNT_HW_CPU_CYCLES":21151765046}}
{"runtime":1636,"energy":{"pkg":16.2718505859375,"pp0":9.333251953125,"pp1":0.23291015625,"dram":0},"perf_counters":{"PERF_COUNT_HW_REF_CPU_CYCLES":35054651319,"PERF_COUNT_HW_BRANCH_INSTRUCTIONS":414818693,"PERF_COUNT_HW_CACHE_MISSES":768617,"PERF_COUNT_HW_INSTRUCTIONS":23308793693,"PERF_COUNT_HW_BRANCH_MISSES":2700627,"PERF_COUNT_HW_CACHE_REFERENCES":2669097,"PERF_COUNT_HW_CPU_CYCLES":21209983975}}
{"runtime":1618,"energy":{"pkg":16.19317626953125,"pp0":9.3001708984375,"pp1":0.259033203125,"dram":0},"perf_counters":{"PERF_COUNT_HW_REF_CPU_CYCLES":34866365777,"PERF_COUNT_HW_BRANCH_INSTRUCTIONS":413752684,"PERF_COUNT_HW_CACHE_MISSES":760747,"PERF_COUNT_HW_INSTRUCTIONS":23304844897,"PERF_COUNT_HW_BRANCH_MISSES":2688751,"PERF_COUNT_HW_CACHE_REFERENCES":2528878,"PERF_COUNT_HW_CPU_CYCLES":21156882746}}
{"runtime":1603,"energy":{"pkg":16.10247802734375,"pp0":9.248779296875,"pp1":0.273193359375,"dram":0},"perf_counters":{"PERF_COUNT_HW_REF_CPU_CYCLES":34506997654,"PERF_COUNT_HW_BRANCH_INSTRUCTIONS":410712118,"PERF_COUNT_HW_CACHE_MISSES":757399,"PERF_COUNT_HW_INSTRUCTIONS":23294295289,"PERF_COUNT_HW_BRANCH_MISSES":2689629,"PERF_COUNT_HW_CACHE_REFERENCES":2670528,"PERF_COUNT_HW_CPU_CYCLES":20929800834}}
{"runtime":1608,"energy":{"pkg":16.11895751953125,"pp0":9.25689697265625,"pp1":0.2664794921875,"dram":0},"perf_counters":{"PERF_COUNT_HW_REF_CPU_CYCLES":34605531010,"PERF_COUNT_HW_BRANCH_INSTRUCTIONS":410716109,"PERF_COUNT_HW_CACHE_MISSES":756107,"PERF_COUNT_HW_INSTRUCTIONS":23294287323,"PERF_COUNT_HW_BRANCH_MISSES":2695115,"PERF_COUNT_HW_CACHE_REFERENCES":2658244,"PERF_COUNT_HW_CPU_CYCLES":20938239305}}
{"runtime":1617,"energy":{"pkg":16.19085693359375,"pp0":9.28936767578125,"pp1":0.266357421875,"dram":0},"perf_counters":{"PERF_COUNT_HW_REF_CPU_CYCLES":34766579230,"PERF_COUNT_HW_BRANCH_INSTRUCTIONS":412199325,"PERF_COUNT_HW_CACHE_MISSES":771479,"PERF_COUNT_HW_INSTRUCTIONS":23300134290,"PERF_COUNT_HW_BRANCH_MISSES":2707455,"PERF_COUNT_HW_CACHE_REFERENCES":2618392,"PERF_COUNT_HW_CPU_CYCLES":21023152064}}
{"runtime":1619,"energy":{"pkg":16.13677978515625,"pp0":9.24072265625,"pp1":0.2447509765625,"dram":0},"perf_counters":{"PERF_COUNT_HW_REF_CPU_CYCLES":34882335403,"PERF_COUNT_HW_BRANCH_INSTRUCTIONS":411631833,"PERF_COUNT_HW_CACHE_MISSES":765275,"PERF_COUNT_HW_INSTRUCTIONS":23297334300,"PERF_COUNT_HW_BRANCH_MISSES":2693649,"PERF_COUNT_HW_CACHE_REFERENCES":2625721,"PERF_COUNT_HW_CPU_CYCLES":21027054705}}
