{"runtime":705,"energy":{"pkg":7.218994140625,"pp0":4.08441162109375,"pp1":0.150634765625,"dram":0},"perf_counters":{"PERF_COUNT_HW_REF_CPU_CYCLES":1977995079,"PERF_COUNT_HW_BRANCH_INSTRUCTIONS":254099568,"PERF_COUNT_HW_CACHE_MISSES":64932,"PERF_COUNT_HW_INSTRUCTIONS":5809281954,"PERF_COUNT_HW_BRANCH_MISSES":434771,"PERF_COUNT_HW_CACHE_REFERENCES":165742,"PERF_COUNT_HW_CPU_CYCLES":2318353229}}
{"runtime":826,"energy":{"pkg":8.56329345703125,"pp0":4.79296875,"pp1":0.1473388671875,"dram":0},"perf_counters":{"PERF_COUNT_HW_REF_CPU_CYCLES":2314836424,"PERF_COUNT_HW_BRANCH_INSTRUCTIONS":254123155,"PERF_COUNT_HW_CACHE_MISSES":90177,"PERF_COUNT_HW_INSTRUCTIONS":5809423952,"PERF_COUNT_HW_BRANCH_MISSES":461933,"PERF_COUNT_HW_CACHE_REFERENCES":244677,"PERF_COUNT_HW_CPU_CYCLES":2391050898}}
{"runtime":903,"energy":{"pkg":9.7401123046875,"pp0":5.66845703125,"pp1":0.1463623046875,"dram":0},"perf_counters":{"PERF_COUNT_HW_REF_CPU_CYCLES":2530554855,"PERF_COUNT_HW_BRANCH_INSTRUCTIONS":254133796,"PERF_COUNT_HW_CACHE_MISSES":84207,"PERF_COUNT_HW_INSTRUCTIONS":5809492566,"PERF_COUNT_HW_BRANCH_MISSES":512576,"PERF_COUNT_HW_CACHE_REFERENCES":321775,"PERF_COUNT_HW_CPU_CYCLES":2416435002}}
{"runtime":935,"energy":{"pkg":8.8780517578125,"pp0":4.7315673828125,"pp1":0.1082763671875,"dram":0},"perf_counters":{"PERF_COUNT_HW_REF_CPU_CYCLES":2622109484,"PERF_COUNT_HW_BRANCH_INSTRUCTIONS":254133144,"PERF_COUNT_HW_CACHE_MISSES":88050,"PERF_COUNT_HW_INSTRUCTIONS":5809522670,"PERF_COUNT_HW_BRANCH_MISSES":475664,"PERF_COUNT_HW_CACHE_REFERENCES":315966,"PERF_COUNT_HW_CPU_CYCLES":2358188216}}
{"runtime":795,"energy":{"pkg":7.13720703125,"pp0":3.6708984375,"pp1":0.119384765625,"dram":0},"perf_counters":{"PERF_COUNT_HW_REF_CPU_CYCLES":2227634493,"PERF_COUNT_HW_BRANCH_INSTRUCTIONS":254101844,"PERF_COUNT_HW_CACHE_MISSES":57233,"PERF_COUNT_HW_INSTRUCTIONS":5809320438,"PERF_COUNT_HW_BRANCH_MISSES":435555,"PERF_COUNT_HW_CACHE_REFERENCES":159316,"PERF_COUNT_HW_CPU_CYCLES":2318068039}}
{"runtime":732,"energy":{"pkg":6.9840087890625,"pp0":3.80242919921875,"pp1":0.1123046875,"dram":0},"perf_counters":{"PERF_COUNT_HW_REF_CPU_CYCLES":2051145459,"PERF_COUNT_HW_BRANCH_INSTRUCTIONS":254074593,"PERF_COUNT_HW_CACHE_MISSES":45010,"PERF_COUNT_HW_INSTRUCTIONS":5809154666,"PERF_COUNT_HW_BRANCH_MISSES":425659,"PERF_COUNT_HW_CACHE_REFERENCES":142910,"PERF_COUNT_HW_CPU_CYCLES":2313322400}}
{"runtime":704,"energy":{"pkg":7.0164794921875,"pp0":3.95892333984375,"pp1":0.0989990234375,"dram":0},"perf_counters":{"PERF_COUNT_HW_REF_CPU_CYCLES":1974593936,"PERF_COUNT_HW_BRANCH_INSTRUCTIONS":254068060,"PERF_COUNT_HW_CACHE_MISSES":44878,"PERF_COUNT_HW_INSTRUCTIONS":5809120413,"PERF_COUNT_HW_BRANCH_MISSES":424674,"PERF_COUNT_HW_CACHE_REFERENCES":144617,"PERF_COUNT_HW_CPU_CYCLES":2313541441}}
{"runtime":761,"energy":{"pkg":7.72772216796875,"pp0":4.4398193359375,"pp1":0.092529296875,"dram":0},"perf_counters":{"PERF_COUNT_HW_REF_CPU_CYCLES":2133053795,"PERF_COUNT_HW_BRANCH_INSTRUCTIONS":254070014,"PERF_COUNT_HW_CACHE_MISSES":46543,"PERF_COUNT_HW_INSTRUCTIONS":5809152277,"PERF_COUNT_HW_BRANCH_MISSES":434946,"PERF_COUNT_HW_CACHE_REFERENCES":138132,"PERF_COUNT_HW_CPU_CYCLES":2333872315}}
{"runtime":714,"energy":{"pkg":6.85162353515625,"pp0":3.7388916015625,"pp1":0.1175537109375,"dram":0},"perf_counters":{"PERF_COUNT_HW_REF_CPU_CYCLES":2002186257,"PERF_COUNT_HW_BRANCH_INSTRUCTIONS":254083158,"PERF_COUNT_HW_CACHE_MISSES":61035,"PERF_COUNT_HW_INSTRUCTIONS":5809196806,"PERF_COUNT_HW_BRANCH_MISSES":434952,"PERF_COUNT_HW_CACHE_REFERENCES":181476,"PERF_COUNT_HW_CPU_CYCLES":2317097735}}
{"runtime":703,"energy":{"pkg":6.9669189453125,"pp0":3.90496826171875,"pp1":0.1046142578125,"dram":0},"perf_counters":{"PERF_COUNT_HW_REF_CPU_CYCLES":1970075893,"PERF_COUNT_HW_BRANCH_INSTRUCTIONS":254063499,"PERF_COUNT_HW_CACHE_MISSES":45777,"PERF_COUNT_HW_INSTRUCTIONS":5809089139,"PERF_COUNT_HW_BRANCH_MISSES":425396,"PERF_COUNT_HW_CACHE_REFERENCES":145258,"PERF_COUNT_HW_CPU_CYCLES":2313889682}}
{"runtime":703,"energy":{"pkg":6.9483642578125,"pp0":3.88238525390625,"pp1":0.115478515625,"dram":0},"perf_counters":{"PERF_COUNT_HW_REF_CPU_CYCLES":1970390815,"PERF_COUNT_HW_BRANCH_INSTRUCTIONS":254052537,"PERF_COUNT_HW_CACHE_MISSES":54098,"PERF_COUNT_HW_INSTRUCTIONS":5809006219,"PERF_COUNT_HW_BRANCH_MISSES":425914,"PERF_COUNT_HW_CACHE_REFERENCES":178270,"PERF_COUNT_HW_CPU_CYCLES":2314226586}}
