{"runtime":252,"energy":{"pkg":2.5994873046875,"pp0":1.39654541015625,"pp1":0.0445556640625,"dram":0},"perf_counters":{"PERF_COUNT_HW_REF_CPU_CYCLES":1468000143,"PERF_COUNT_HW_BRANCH_INSTRUCTIONS":449490545,"PERF_COUNT_HW_CACHE_MISSES":8606527,"PERF_COUNT_HW_INSTRUCTIONS":2543641327,"PERF_COUNT_HW_BRANCH_MISSES":883020,"PERF_COUNT_HW_CACHE_REFERENCES":14361949,"PERF_COUNT_HW_CPU_CYCLES":1348158548}}
{"runtime":251,"energy":{"pkg":2.531005859375,"pp0":1.36614990234375,"pp1":0.0289306640625,"dram":0},"perf_counters":{"PERF_COUNT_HW_REF_CPU_CYCLES":1480915084,"PERF_COUNT_HW_BRANCH_INSTRUCTIONS":449563172,"PERF_COUNT_HW_CACHE_MISSES":8676117,"PERF_COUNT_HW_INSTRUCTIONS":2543622788,"PERF_COUNT_HW_BRANCH_MISSES":879375,"PERF_COUNT_HW_CACHE_REFERENCES":14316055,"PERF_COUNT_HW_CPU_CYCLES":1365595774}}
{"runtime":249,"energy":{"pkg":2.5047607421875,"pp0":1.34368896484375,"pp1":0.02490234375,"dram":0},"perf_counters":{"PERF_COUNT_HW_REF_CPU_CYCLES":1456530091,"PERF_COUNT_HW_BRANCH_INSTRUCTIONS":449579976,"PERF_COUNT_HW_CACHE_MISSES":8562773,"PERF_COUNT_HW_INSTRUCTIONS":2543604833,"PERF_COUNT_HW_BRANCH_MISSES":878204,"PERF_COUNT_HW_CACHE_REFERENCES":14342485,"PERF_COUNT_HW_CPU_CYCLES":1347841259}}
{"runtime":261,"energy":{"pkg":2.64373779296875,"pp0":1.421142578125,"pp1":0.0341796875,"dram":0},"perf_counters":{"PERF_COUNT_HW_REF_CPU_CYCLES":1704503718,"PERF_COUNT_HW_BRANCH_INSTRUCTIONS":451908559,"PERF_COUNT_HW_CACHE_MISSES":8622512,"PERF_COUNT_HW_INSTRUCTIONS":2551559342,"PERF_COUNT_HW_BRANCH_MISSES":882559,"PERF_COUNT_HW_CACHE_REFERENCES":14304483,"PERF_COUNT_HW_CPU_CYCLES":1577310269}}
{"runtime":249,"energy":{"pkg":2.55194091796875,"pp0":1.38348388671875,"pp1":0.026611328125,"dram":0},"perf_counters":{"PERF_COUNT_HW_REF_CPU_CYCLES":1463505314,"PERF_COUNT_HW_BRANCH_INSTRUCTIONS":449697777,"PERF_COUNT_HW_CACHE_MISSES":8630757,"PERF_COUNT_HW_INSTRUCTIONS":2544184443,"PERF_COUNT_HW_BRANCH_MISSES":881672,"PERF_COUNT_HW_CACHE_REFERENCES":14241964,"PERF_COUNT_HW_CPU_CYCLES":1347621071}}
{"runtime":249,"energy":{"pkg":2.49578857421875,"pp0":1.3294677734375,"pp1":0.0341796875,"dram":0},"perf_counters":{"PERF_COUNT_HW_REF_CPU_CYCLES":1458906752,"PERF_COUNT_HW_BRANCH_INSTRUCTIONS":449666881,"PERF_COUNT_HW_CACHE_MISSES":8607254,"PERF_COUNT_HW_INSTRUCTIONS":2544043431,"PERF_COUNT_HW_BRANCH_MISSES":883672,"PERF_COUNT_HW_CACHE_REFERENCES":14292088,"PERF_COUNT_HW_CPU_CYCLES":1341385146}}
{"runtime":247,"energy":{"pkg":2.48480224609375,"pp0":1.313232421875,"pp1":0.0433349609375,"dram":0},"perf_counters":{"PERF_COUNT_HW_REF_CPU_CYCLES":1453316558,"PERF_COUNT_HW_BRANCH_INSTRUCTIONS":449596023,"PERF_COUNT_HW_CACHE_MISSES":8601229,"PERF_COUNT_HW_INSTRUCTIONS":2543762666,"PERF_COUNT_HW_BRANCH_MISSES":884288,"PERF_COUNT_HW_CACHE_REFERENCES":14318460,"PERF_COUNT_HW_CPU_CYCLES":1339718470}}
{"runtime":257,"energy":{"pkg":2.562255859375,"pp0":1.33953857421875,"pp1":0.044189453125,"dram":0},"perf_counters":{"PERF_COUNT_HW_REF_CPU_CYCLES":1503623048,"PERF_COUNT_HW_BRANCH_INSTRUCTIONS":449392698,"PERF_COUNT_HW_CACHE_MISSES":8571246,"PERF_COUNT_HW_INSTRUCTIONS":2543126612,"PERF_COUNT_HW_BRANCH_MISSES":880339,"PERF_COUNT_HW_CACHE_REFERENCES":14273213,"PERF_COUNT_HW_CPU_CYCLES":1391414189}}
{"runtime":242,"energy":{"pkg":2.453125,"pp0":1.32366943359375,"pp1":0.028564453125,"dram":0},"perf_counters":{"PERF_COUNT_HW_REF_CPU_CYCLES":1434764119,"PERF_COUNT_HW_BRANCH_INSTRUCTIONS":449615974,"PERF_COUNT_HW_CACHE_MISSES":8687703,"PERF_COUNT_HW_INSTRUCTIONS":2543906722,"PERF_COUNT_HW_BRANCH_MISSES":880180,"PERF_COUNT_HW_CACHE_REFERENCES":14318124,"PERF_COUNT_HW_CPU_CYCLES":1327699066}}
{"runtime":245,"energy":{"pkg":2.47015380859375,"pp0":1.3016357421875,"pp1":0.0389404296875,"dram":0},"perf_counters":{"PERF_COUNT_HW_REF_CPU_CYCLES":1461497522,"PERF_COUNT_HW_BRANCH_INSTRUCTIONS":449489255,"PERF_COUNT_HW_CACHE_MISSES":8650691,"PERF_COUNT_HW_INSTRUCTIONS":2543276709,"PERF_COUNT_HW_BRANCH_MISSES":879594,"PERF_COUNT_HW_CACHE_REFERENCES":14212051,"PERF_COUNT_HW_CPU_CYCLES":1352437542}}
{"runtime":258,"energy":{"pkg":2.57379150390625,"pp0":1.367919921875,"pp1":0.0343017578125,"dram":0},"perf_counters":{"PERF_COUNT_HW_REF_CPU_CYCLES":1480427298,"PERF_COUNT_HW_BRANCH_INSTRUCTIONS":449641953,"PERF_COUNT_HW_CACHE_MISSES":8616163,"PERF_COUNT_HW_INSTRUCTIONS":2543934637,"PERF_COUNT_HW_BRANCH_MISSES":880271,"PERF_COUNT_HW_CACHE_REFERENCES":14229486,"PERF_COUNT_HW_CPU_CYCLES":1369955192}}
