{"runtime":576,"energy":{"pkg":5.91473388671875,"pp0":3.4056396484375,"pp1":0.121826171875,"dram":0},"perf_counters":{"PERF_COUNT_HW_REF_CPU_CYCLES":12272654661,"PERF_COUNT_HW_BRANCH_INSTRUCTIONS":630370462,"PERF_COUNT_HW_CACHE_MISSES":93322,"PERF_COUNT_HW_INSTRUCTIONS":10685172916,"PERF_COUNT_HW_BRANCH_MISSES":284236,"PERF_COUNT_HW_CACHE_REFERENCES":500964,"PERF_COUNT_HW_CPU_CYCLES":7850873768}}
{"runtime":609,"energy":{"pkg":6.082763671875,"pp0":3.46600341796875,"pp1":0.095947265625,"dram":0},"perf_counters":{"PERF_COUNT_HW_REF_CPU_CYCLES":13000642562,"PERF_COUNT_HW_BRANCH_INSTRUCTIONS":633957087,"PERF_COUNT_HW_CACHE_MISSES":79899,"PERF_COUNT_HW_INSTRUCTIONS":10698201143,"PERF_COUNT_HW_BRANCH_MISSES":287101,"PERF_COUNT_HW_CACHE_REFERENCES":489828,"PERF_COUNT_HW_CPU_CYCLES":8118582189}}
{"runtime":573,"energy":{"pkg":5.7442626953125,"pp0":3.29815673828125,"pp1":0.09130859375,"dram":0},"perf_counters":{"PERF_COUNT_HW_REF_CPU_CYCLES":12271512576,"PERF_COUNT_HW_BRANCH_INSTRUCTIONS":626725932,"PERF_COUNT_HW_CACHE_MISSES":78259,"PERF_COUNT_HW_INSTRUCTIONS":10672365740,"PERF_COUNT_HW_BRANCH_MISSES":281251,"PERF_COUNT_HW_CACHE_REFERENCES":498466,"PERF_COUNT_HW_CPU_CYCLES":7543082661}}
{"runtime":574,"energy":{"pkg":5.76116943359375,"pp0":3.28460693359375,"pp1":0.113525390625,"dram":0},"perf_counters":{"PERF_COUNT_HW_REF_CPU_CYCLES":12305294056,"PERF_COUNT_HW_BRANCH_INSTRUCTIONS":626561707,"PERF_COUNT_HW_CACHE_MISSES":86501,"PERF_COUNT_HW_INSTRUCTIONS":10671888652,"PERF_COUNT_HW_BRANCH_MISSES":285661,"PERF_COUNT_HW_CACHE_REFERENCES":496631,"PERF_COUNT_HW_CPU_CYCLES":7547702566}}
{"runtime":578,"energy":{"pkg":5.7625732421875,"pp0":3.278076171875,"pp1":0.111572265625,"dram":0},"perf_counters":{"PERF_COUNT_HW_REF_CPU_CYCLES":12401974453,"PERF_COUNT_HW_BRANCH_INSTRUCTIONS":626773373,"PERF_COUNT_HW_CACHE_MISSES":84294,"PERF_COUNT_HW_INSTRUCTIONS":10672559686,"PERF_COUNT_HW_BRANCH_MISSES":281798,"PERF_COUNT_HW_CACHE_REFERENCES":485967,"PERF_COUNT_HW_CPU_CYCLES":7570235348}}
{"runtime":566,"energy":{"pkg":5.71173095703125,"pp0":3.2662353515625,"pp1":0.1136474609375,"dram":0},"perf_counters":{"PERF_COUNT_HW_REF_CPU_CYCLES":12136716835,"PERF_COUNT_HW_BRANCH_INSTRUCTIONS":625530857,"PERF_COUNT_HW_CACHE_MISSES":86579,"PERF_COUNT_HW_INSTRUCTIONS":10668309806,"PERF_COUNT_HW_BRANCH_MISSES":284136,"PERF_COUNT_HW_CACHE_REFERENCES":504645,"PERF_COUNT_HW_CPU_CYCLES":7452684750}}
{"runtime":603,"energy":{"pkg":6.02618408203125,"pp0":3.4140625,"pp1":0.1160888671875,"dram":0},"perf_counters":{"PERF_COUNT_HW_REF_CPU_CYCLES":12905787676,"PERF_COUNT_HW_BRANCH_INSTRUCTIONS":632346008,"PERF_COUNT_HW_CACHE_MISSES":91015,"PERF_COUNT_HW_INSTRUCTIONS":10692636766,"PERF_COUNT_HW_BRANCH_MISSES":288661,"PERF_COUNT_HW_CACHE_REFERENCES":515723,"PERF_COUNT_HW_CPU_CYCLES":8001409126}}
{"runtime":578,"energy":{"pkg":5.80291748046875,"pp0":3.32147216796875,"pp1":0.0933837890625,"dram":0},"perf_counters":{"PERF_COUNT_HW_REF_CPU_CYCLES":12400258296,"PERF_COUNT_HW_BRANCH_INSTRUCTIONS":628197354,"PERF_COUNT_HW_CACHE_MISSES":80923,"PERF_COUNT_HW_INSTRUCTIONS":10677729973,"PERF_COUNT_HW_BRANCH_MISSES":283401,"PERF_COUNT_HW_CACHE_REFERENCES":492379,"PERF_COUNT_HW_CPU_CYCLES":7682304123}}
{"runtime":565,"energy":{"pkg":5.69000244140625,"pp0":3.269287109375,"pp1":0.097900390625,"dram":0},"perf_counters":{"PERF_COUNT_HW_REF_CPU_CYCLES":12097042065,"PERF_COUNT_HW_BRANCH_INSTRUCTIONS":625002943,"PERF_COUNT_HW_CACHE_MISSES":81791,"PERF_COUNT_HW_INSTRUCTIONS":10666166283,"PERF_COUNT_HW_BRANCH_MISSES":281500,"PERF_COUNT_HW_CACHE_REFERENCES":499699,"PERF_COUNT_HW_CPU_CYCLES":7433173368}}
{"runtime":583,"energy":{"pkg":5.82427978515625,"pp0":3.3133544921875,"pp1":0.1085205078125,"dram":0},"perf_counters":{"PERF_COUNT_HW_REF_CPU_CYCLES":12499900668,"PERF_COUNT_HW_BRANCH_INSTRUCTIONS":628046893,"PERF_COUNT_HW_CACHE_MISSES":79543,"PERF_COUNT_HW_INSTRUCTIONS":10677061170,"PERF_COUNT_HW_BRANCH_MISSES":283685,"PERF_COUNT_HW_CACHE_REFERENCES":488676,"PERF_COUNT_HW_CPU_CYCLES":7675846321}}
{"runtime":573,"energy":{"pkg":5.767333984375,"pp0":3.29058837890625,"pp1":0.1097412109375,"dram":0},"perf_counters":{"PERF_COUNT_HW_REF_CPU_CYCLES":12281518978,"PERF_COUNT_HW_BRANCH_INSTRUCTIONS":626764984,"PERF_COUNT_HW_CACHE_MISSES":80989,"PERF_COUNT_HW_INSTRUCTIONS":10672629303,"PERF_COUNT_HW_BRANCH_MISSES":280225,"PERF_COUNT_HW_CACHE_REFERENCES":483720,"PERF_COUNT_HW_CPU_CYCLES":7557058819}}
