{"runtime":1051,"energy":{"pkg":49.3375244140625,"pp0":0,"dram":16.7442626953125},"cycles":39735575187}
{"runtime":857,"energy":{"pkg":43.86273193359375,"pp0":0,"dram":15.62384033203125},"cycles":33611521986}
{"runtime":958,"energy":{"pkg":47.30450439453125,"pp0":0,"dram":14.79010009765625},"cycles":35176375080}
{"runtime":1021,"energy":{"pkg":49.76416015625,"pp0":0,"dram":16.416015625},"cycles":39120038265}
{"runtime":925,"energy":{"pkg":46.401611328125,"pp0":0,"dram":14.70465087890625},"cycles":35993567232}
{"runtime":903,"energy":{"pkg":46.87371826171875,"pp0":0,"dram":14.90374755859375},"cycles":38001542859}
{"runtime":807,"energy":{"pkg":46.577880859375,"pp0":0,"dram":14.69775390625},"cycles":32622452814}
{"runtime":929,"energy":{"pkg":47.4483642578125,"pp0":0,"dram":15.90972900390625},"cycles":33316101420}
{"runtime":899,"energy":{"pkg":47.4742431640625,"pp0":0,"dram":15.16583251953125},"cycles":35297179113}
{"runtime":1062,"energy":{"pkg":49.95318603515625,"pp0":0,"dram":17.07403564453125},"cycles":39782167131}
{"runtime":858,"energy":{"pkg":44.83740234375,"pp0":0,"dram":15.47845458984375},"cycles":34720453530}
{"runtime":932,"energy":{"pkg":47.898193359375,"pp0":0,"dram":15.3885498046875},"cycles":34745937597}
{"runtime":891,"energy":{"pkg":44.9031982421875,"pp0":0,"dram":15.42236328125},"cycles":33794258274}
{"runtime":919,"energy":{"pkg":45.47393798828125,"pp0":0,"dram":15.1192626953125},"cycles":35950870578}
{"runtime":923,"energy":{"pkg":51.11895751953125,"pp0":0,"dram":15.77484130859375},"cycles":37605550332}
{"runtime":897,"energy":{"pkg":46.65484619140625,"pp0":0,"dram":15.5546875},"cycles":33904079496}
{"runtime":962,"energy":{"pkg":47.642822265625,"pp0":0,"dram":16.38623046875},"cycles":35424283041}
{"runtime":920,"energy":{"pkg":47.52044677734375,"pp0":0,"dram":15.38446044921875},"cycles":35608381305}
{"runtime":967,"energy":{"pkg":48.44482421875,"pp0":0,"dram":15.693359375},"cycles":37988374389}
{"runtime":931,"energy":{"pkg":47.2518310546875,"pp0":0,"dram":15.52203369140625},"cycles":35559920256}
{"runtime":992,"energy":{"pkg":48.6475830078125,"pp0":0,"dram":15.3427734375},"cycles":39379131456}
