{"runtime":942,"energy":{"pkg":44.69403076171875,"pp0":0,"dram":16.158935546875},"cycles":22089408124}
{"runtime":866,"energy":{"pkg":45.39263916015625,"pp0":0,"dram":14.9334716796875},"cycles":22249231953}
{"runtime":909,"energy":{"pkg":49.79266357421875,"pp0":0,"dram":14.34234619140625},"cycles":23158721072}
{"runtime":869,"energy":{"pkg":48.38055419921875,"pp0":0,"dram":15.32659912109375},"cycles":21903856958}
{"runtime":1031,"energy":{"pkg":47.9052734375,"pp0":0,"dram":16.21026611328125},"cycles":22449608139}
{"runtime":890,"energy":{"pkg":45.9935302734375,"pp0":0,"dram":15.256103515625},"cycles":22511836773}
{"runtime":927,"energy":{"pkg":45.70361328125,"pp0":0,"dram":16.7838134765625},"cycles":22065668567}
{"runtime":889,"energy":{"pkg":46.78826904296875,"pp0":0,"dram":14.35174560546875},"cycles":23759521724}
{"runtime":908,"energy":{"pkg":46.20379638671875,"pp0":0,"dram":14.74853515625},"cycles":22938915498}
{"runtime":903,"energy":{"pkg":45.56072998046875,"pp0":0,"dram":14.92236328125},"cycles":22407950363}
