{"runtime":2943,"energy":{"pkg":216.78314208984375,"pp0":0,"dram":26.407958984375},"cycles":126157007886}
{"runtime":2659,"energy":{"pkg":212.7518310546875,"pp0":0,"dram":23.82476806640625},"cycles":114124091634}
{"runtime":2580,"energy":{"pkg":209.7506103515625,"pp0":0,"dram":23.0311279296875},"cycles":108884923077}
{"runtime":2746,"energy":{"pkg":214.58551025390625,"pp0":0,"dram":24.40460205078125},"cycles":113341100229}
{"runtime":2615,"energy":{"pkg":210.753662109375,"pp0":0,"dram":23.513916015625},"cycles":112358838291}
{"runtime":2560,"energy":{"pkg":208.69940185546875,"pp0":0,"dram":23.11474609375},"cycles":110315679852}
{"runtime":2708,"energy":{"pkg":215.5389404296875,"pp0":0,"dram":24.506103515625},"cycles":112907466966}
{"runtime":2579,"energy":{"pkg":208.821044921875,"pp0":0,"dram":23.3206787109375},"cycles":113141818797}
{"runtime":2526,"energy":{"pkg":207.79339599609375,"pp0":0,"dram":23.03857421875},"cycles":111019033167}
{"runtime":2726,"energy":{"pkg":216.01953125,"pp0":0,"dram":24.50494384765625},"cycles":114934555932}
{"runtime":2591,"energy":{"pkg":210.85797119140625,"pp0":0,"dram":23.333984375},"cycles":109877364009}
{"runtime":2622,"energy":{"pkg":211.24127197265625,"pp0":0,"dram":23.53863525390625},"cycles":113525492661}
{"runtime":2626,"energy":{"pkg":212.0169677734375,"pp0":0,"dram":23.84326171875},"cycles":112078030995}
{"runtime":2580,"energy":{"pkg":211.0020751953125,"pp0":0,"dram":23.2498779296875},"cycles":110073698301}
{"runtime":2501,"energy":{"pkg":207.59649658203125,"pp0":0,"dram":22.61309814453125},"cycles":108456238800}
{"runtime":2617,"energy":{"pkg":212.22015380859375,"pp0":0,"dram":23.6966552734375},"cycles":111439270236}
{"runtime":2597,"energy":{"pkg":211.95880126953125,"pp0":0,"dram":23.49078369140625},"cycles":109859682324}
{"runtime":2513,"energy":{"pkg":207.55291748046875,"pp0":0,"dram":22.81207275390625},"cycles":109880818089}
{"runtime":2608,"energy":{"pkg":212.23638916015625,"pp0":0,"dram":23.365478515625},"cycles":111079428936}
{"runtime":2601,"energy":{"pkg":211.93109130859375,"pp0":0,"dram":23.53607177734375},"cycles":109708565484}
{"runtime":2520,"energy":{"pkg":208.84454345703125,"pp0":0,"dram":22.72930908203125},"cycles":108766799001}
