{"runtime":2860,"energy":{"pkg":101.970703125,"pp0":0,"dram":29.339111328125},"cycles":17955205674}
{"runtime":2861,"energy":{"pkg":101.62957763671875,"pp0":0,"dram":29.13348388671875},"cycles":17999525736}
{"runtime":2855,"energy":{"pkg":101.67437744140625,"pp0":0,"dram":29.17218017578125},"cycles":18120027731}
{"runtime":2856,"energy":{"pkg":101.46038818359375,"pp0":0,"dram":29.1021728515625},"cycles":18032296612}
{"runtime":2863,"energy":{"pkg":101.59173583984375,"pp0":0,"dram":29.29864501953125},"cycles":18215757880}
{"runtime":2867,"energy":{"pkg":101.79315185546875,"pp0":0,"dram":29.42431640625},"cycles":18420199665}
{"runtime":2857,"energy":{"pkg":101.94439697265625,"pp0":0,"dram":29.27935791015625},"cycles":17816477573}
{"runtime":2862,"energy":{"pkg":101.58770751953125,"pp0":0,"dram":29.3780517578125},"cycles":18187258418}
{"runtime":2862,"energy":{"pkg":102.06805419921875,"pp0":0,"dram":29.19427490234375},"cycles":18115401647}
{"runtime":2857,"energy":{"pkg":101.17572021484375,"pp0":0,"dram":29.40338134765625},"cycles":17894781898}
