{"runtime":6067,"energy":{"pkg":209.68304443359375,"pp0":0,"dram":44.58734130859375},"cycles":12707375163}
{"runtime":6307,"energy":{"pkg":212.20489501953125,"pp0":0,"dram":46.19195556640625},"cycles":13206889836}
{"runtime":6163,"energy":{"pkg":210.02301025390625,"pp0":0,"dram":45.33551025390625},"cycles":12908679084}
{"runtime":6212,"energy":{"pkg":224.9434814453125,"pp0":0,"dram":45.61761474609375},"cycles":13013399616}
{"runtime":6138,"energy":{"pkg":208.52716064453125,"pp0":0,"dram":45.01519775390625},"cycles":12855636465}
{"runtime":6256,"energy":{"pkg":210.38421630859375,"pp0":0,"dram":45.93170166015625},"cycles":13100324223}
{"runtime":5880,"energy":{"pkg":211.77313232421875,"pp0":0,"dram":43.09747314453125},"cycles":12317490108}
{"runtime":6031,"energy":{"pkg":204.7904052734375,"pp0":0,"dram":44.21612548828125},"cycles":12632172378}
{"runtime":5797,"energy":{"pkg":208.16827392578125,"pp0":0,"dram":42.6060791015625},"cycles":12143421045}
{"runtime":6171,"energy":{"pkg":208.6351318359375,"pp0":0,"dram":45.12322998046875},"cycles":12923715819}
{"runtime":6182,"energy":{"pkg":206.88299560546875,"pp0":0,"dram":45.48590087890625},"cycles":12945385635}
{"runtime":6025,"energy":{"pkg":204.15740966796875,"pp0":0,"dram":44.22357177734375},"cycles":12619321428}
{"runtime":6137,"energy":{"pkg":205.84844970703125,"pp0":0,"dram":44.9029541015625},"cycles":12852631113}
{"runtime":6135,"energy":{"pkg":205.93414306640625,"pp0":0,"dram":44.85711669921875},"cycles":12849170208}
{"runtime":6059,"energy":{"pkg":206.078125,"pp0":0,"dram":44.21954345703125},"cycles":12690929202}
{"runtime":5747,"energy":{"pkg":208.38238525390625,"pp0":0,"dram":42.1793212890625},"cycles":12038742912}
{"runtime":6052,"energy":{"pkg":204.52850341796875,"pp0":0,"dram":44.5096435546875},"cycles":12675887490}
{"runtime":6092,"energy":{"pkg":208.9517822265625,"pp0":0,"dram":44.7255859375},"cycles":12757477950}
{"runtime":6156,"energy":{"pkg":205.452880859375,"pp0":0,"dram":45.00750732421875},"cycles":12891998259}
{"runtime":6136,"energy":{"pkg":207.89337158203125,"pp0":0,"dram":44.94696044921875},"cycles":12850969824}
{"runtime":6139,"energy":{"pkg":204.636962890625,"pp0":0,"dram":45.0557861328125},"cycles":12857616324}
