{"runtime":1400,"energy":{"pkg":40.73724365234375,"pp0":0,"dram":10.3466796875},"cycles":2304199279}
{"runtime":1404,"energy":{"pkg":41.279541015625,"pp0":0,"dram":10.2242431640625},"cycles":2316125161}
{"runtime":1105,"energy":{"pkg":41.066162109375,"pp0":0,"dram":8.111328125},"cycles":2311476416}
{"runtime":1135,"energy":{"pkg":42.5833740234375,"pp0":0,"dram":8.3638916015625},"cycles":2376240948}
{"runtime":1111,"energy":{"pkg":41.69342041015625,"pp0":0,"dram":8.2369384765625},"cycles":2326352660}
{"runtime":1355,"energy":{"pkg":40.67041015625,"pp0":0,"dram":10.00872802734375},"cycles":2313336234}
{"runtime":1105,"energy":{"pkg":39.11474609375,"pp0":0,"dram":8.1014404296875},"cycles":2311570735}
{"runtime":1421,"energy":{"pkg":42.58734130859375,"pp0":0,"dram":10.4749755859375},"cycles":2343088194}
{"runtime":1444,"energy":{"pkg":41.240966796875,"pp0":0,"dram":10.5506591796875},"cycles":2309647236}
{"runtime":1122,"energy":{"pkg":38.12506103515625,"pp0":0,"dram":8.23809814453125},"cycles":2348749317}
