{"runtime":2231,"energy":{"pkg":69.054931640625,"pp0":0,"dram":19.44183349609375},"cycles":5027994629}
{"runtime":2061,"energy":{"pkg":66.21160888671875,"pp0":0,"dram":18.148193359375},"cycles":4953339291}
{"runtime":1815,"energy":{"pkg":68.365234375,"pp0":0,"dram":16.0506591796875},"cycles":4971577941}
{"runtime":2068,"energy":{"pkg":65.47393798828125,"pp0":0,"dram":18.02569580078125},"cycles":4946497824}
{"runtime":1807,"energy":{"pkg":68.23883056640625,"pp0":0,"dram":15.84716796875},"cycles":4940248721}
{"runtime":1806,"energy":{"pkg":67.30615234375,"pp0":0,"dram":16.0191650390625},"cycles":4987766922}
{"runtime":2099,"energy":{"pkg":66.826171875,"pp0":0,"dram":18.40118408203125},"cycles":5003676072}
{"runtime":2131,"energy":{"pkg":66.56951904296875,"pp0":0,"dram":18.75799560546875},"cycles":4999326358}
{"runtime":2153,"energy":{"pkg":68.6546630859375,"pp0":0,"dram":18.94757080078125},"cycles":5001271317}
{"runtime":1810,"energy":{"pkg":68.06964111328125,"pp0":0,"dram":16.0767822265625},"cycles":4986247269}
