{"runtime":193,"energy":{"pkg":15.0211181640625,"pp0":0,"dram":1.97564697265625},"cycles":12474166971}
{"runtime":182,"energy":{"pkg":15.08709716796875,"pp0":0,"dram":1.8748779296875},"cycles":11934203757}
{"runtime":173,"energy":{"pkg":14.908447265625,"pp0":0,"dram":1.80548095703125},"cycles":11316043809}
{"runtime":174,"energy":{"pkg":15.096923828125,"pp0":0,"dram":1.8292236328125},"cycles":11313907416}
{"runtime":173,"energy":{"pkg":15.0068359375,"pp0":0,"dram":1.79290771484375},"cycles":11322523359}
{"runtime":172,"energy":{"pkg":14.885986328125,"pp0":0,"dram":1.7630615234375},"cycles":11292642207}
{"runtime":173,"energy":{"pkg":15.335693359375,"pp0":0,"dram":1.76885986328125},"cycles":11317661376}
{"runtime":171,"energy":{"pkg":15.609619140625,"pp0":0,"dram":1.74493408203125},"cycles":11263425432}
{"runtime":173,"energy":{"pkg":15.71588134765625,"pp0":0,"dram":1.770751953125},"cycles":11249147973}
{"runtime":172,"energy":{"pkg":15.70965576171875,"pp0":0,"dram":1.75933837890625},"cycles":11254981395}
{"runtime":172,"energy":{"pkg":15.719970703125,"pp0":0,"dram":1.7626953125},"cycles":11276415087}
{"runtime":172,"energy":{"pkg":15.7060546875,"pp0":0,"dram":1.75421142578125},"cycles":11265071097}
{"runtime":172,"energy":{"pkg":15.66778564453125,"pp0":0,"dram":1.8045654296875},"cycles":11277319830}
{"runtime":173,"energy":{"pkg":15.7855224609375,"pp0":0,"dram":1.77325439453125},"cycles":11259091410}
{"runtime":173,"energy":{"pkg":15.76959228515625,"pp0":0,"dram":1.802490234375},"cycles":11280077949}
{"runtime":173,"energy":{"pkg":15.89642333984375,"pp0":0,"dram":1.76715087890625},"cycles":11285339436}
{"runtime":173,"energy":{"pkg":15.8441162109375,"pp0":0,"dram":1.8143310546875},"cycles":11263143360}
{"runtime":172,"energy":{"pkg":15.79058837890625,"pp0":0,"dram":1.7769775390625},"cycles":11255370105}
{"runtime":172,"energy":{"pkg":15.6580810546875,"pp0":0,"dram":1.75347900390625},"cycles":11280022887}
{"runtime":172,"energy":{"pkg":15.66473388671875,"pp0":0,"dram":1.76715087890625},"cycles":11271233484}
{"runtime":172,"energy":{"pkg":15.65863037109375,"pp0":0,"dram":1.76568603515625},"cycles":11291820792}
