{"runtime":11000,"energy":{"pkg":997.1734008789062,"pp0":0,"dram":112.95269775390625},"cycles":75010031415}
{"runtime":12195,"energy":{"pkg":1102.5096435546875,"pp0":0,"dram":148.47637939453125},"cycles":78805275915}
{"runtime":12616,"energy":{"pkg":1143.28173828125,"pp0":0,"dram":157.46478271484375},"cycles":77318148568}
{"runtime":12298,"energy":{"pkg":1114.0617065429688,"pp0":0,"dram":127.69854736328125},"cycles":82002657141}
{"runtime":10122,"energy":{"pkg":921.712646484375,"pp0":0,"dram":103.4517822265625},"cycles":77904895161}
{"runtime":12018,"energy":{"pkg":1089.0565185546875,"pp0":0,"dram":157.204833984375},"cycles":78839935950}
{"runtime":12725,"energy":{"pkg":1152.7357788085938,"pp0":0,"dram":175.7921142578125},"cycles":88040779333}
