{"runtime":11716,"energy":{"pkg":1062.7078247070312,"pp0":0,"dram":151.16082763671875},"cycles":77798003435}
{"runtime":11221,"energy":{"pkg":1020.27978515625,"pp0":0,"dram":127.97589111328125},"cycles":79135201848}
{"runtime":9383,"energy":{"pkg":856.167724609375,"pp0":0,"dram":98.10150146484375},"cycles":73591323218}
{"runtime":12584,"energy":{"pkg":1137.56884765625,"pp0":0,"dram":163.1904296875},"cycles":81720818469}
{"runtime":11205,"energy":{"pkg":1016.4852905273438,"pp0":0,"dram":149.63458251953125},"cycles":79291927925}
{"runtime":12491,"energy":{"pkg":1130.6044311523438,"pp0":0,"dram":149.72821044921875},"cycles":83460669489}
{"runtime":12388,"energy":{"pkg":1118.7369995117188,"pp0":0,"dram":127.56036376953125},"cycles":79333612364}
