{"runtime":145563,"energy":{"pkg":13106.419860839844,"pp0":0,"dram":1785.5298461914062},"cycles":905118021918}
{"runtime":129859,"energy":{"pkg":11767.276794433594,"pp0":0,"dram":1677.2039184570312},"cycles":815815407158}
{"runtime":133659,"energy":{"pkg":12089.665893554688,"pp0":0,"dram":1394.7311401367188},"cycles":846633440104}
{"runtime":129709,"energy":{"pkg":11718.939453125,"pp0":0,"dram":1437.4093017578125},"cycles":818406118567}
{"runtime":142399,"energy":{"pkg":12857.447937011719,"pp0":0,"dram":1657.9347534179688},"cycles":923583477071}
{"runtime":139346,"energy":{"pkg":12589.553588867188,"pp0":0,"dram":1647.3154296875},"cycles":920784104634}
{"runtime":129124,"energy":{"pkg":11658.717590332031,"pp0":0,"dram":1489.1312255859375},"cycles":815674089092}
