{"runtime":131471,"energy":{"pkg":11857.091064453125,"pp0":0,"dram":1577.4520874023438},"cycles":818874404218}
{"runtime":134288,"energy":{"pkg":12134.618103027344,"pp0":0,"dram":1685.810302734375},"cycles":864678749899}
{"runtime":129593,"energy":{"pkg":11728.416259765625,"pp0":0,"dram":1467.1672973632812},"cycles":805598799200}
{"runtime":140163,"energy":{"pkg":12681.370361328125,"pp0":0,"dram":1515.7344360351562},"cycles":915906391839}
{"runtime":130669,"energy":{"pkg":11824.199035644531,"pp0":0,"dram":1461.232177734375},"cycles":818250643120}
{"runtime":130102,"energy":{"pkg":11774.575866699219,"pp0":0,"dram":1519.8456420898438},"cycles":807264394490}
{"runtime":145970,"energy":{"pkg":13192.531005859375,"pp0":0,"dram":1776.7589721679688},"cycles":885475439093}
