{"runtime":143135,"energy":{"pkg":12938.620056152344,"pp0":0,"dram":1792.8011474609375},"cycles":885422453927}
{"runtime":155517,"energy":{"pkg":14066.707946777344,"pp0":0,"dram":1728.1014404296875},"cycles":984092642321}
{"runtime":143724,"energy":{"pkg":13012.053466796875,"pp0":0,"dram":1574.445068359375},"cycles":912982267183}
{"runtime":145238,"energy":{"pkg":13129.356872558594,"pp0":0,"dram":1511.9537353515625},"cycles":973016284702}
{"runtime":136603,"energy":{"pkg":12383.16064453125,"pp0":0,"dram":1482.3616333007812},"cycles":898459222787}
{"runtime":137292,"energy":{"pkg":12403.2705078125,"pp0":0,"dram":1604.741455078125},"cycles":878551467055}
{"runtime":150288,"energy":{"pkg":13564.027160644531,"pp0":0,"dram":1812.3917846679688},"cycles":918418288181}
