{"runtime":170575,"energy":{"pkg":15427.174133300781,"pp0":0,"dram":2087.5908813476562},"cycles":1106848629799}
{"runtime":159430,"energy":{"pkg":14420.775451660156,"pp0":0,"dram":2264.5647583007812},"cycles":973928536335}
{"runtime":159601,"energy":{"pkg":14456.83984375,"pp0":0,"dram":1779.4110107421875},"cycles":1053210694215}
{"runtime":170091,"energy":{"pkg":15404.125671386719,"pp0":0,"dram":1805.1469116210938},"cycles":1093698215828}
{"runtime":166977,"energy":{"pkg":15120.032592773438,"pp0":0,"dram":2107.2503662109375},"cycles":1100556569344}
{"runtime":165570,"energy":{"pkg":14976.709838867188,"pp0":0,"dram":1749.288330078125},"cycles":1055008576140}
{"runtime":157864,"energy":{"pkg":14299.576965332031,"pp0":0,"dram":1820.0613403320312},"cycles":1047062800450}
