{"runtime":171341,"energy":{"pkg":15486.791442871094,"pp0":0,"dram":1925.50439453125},"cycles":1050689354550}
{"runtime":162540,"energy":{"pkg":14684.821655273438,"pp0":0,"dram":2040.9765014648438},"cycles":1067929037360}
{"runtime":159707,"energy":{"pkg":14453.931518554688,"pp0":0,"dram":1709.7822265625},"cycles":992441289631}
{"runtime":158890,"energy":{"pkg":14363.294677734375,"pp0":0,"dram":1846.357421875},"cycles":1035964469648}
{"runtime":150853,"energy":{"pkg":13643.661254882812,"pp0":0,"dram":1555.1300659179688},"cycles":968428755831}
{"runtime":150741,"energy":{"pkg":13611.355224609375,"pp0":0,"dram":1656.4940185546875},"cycles":968421542785}
{"runtime":152905,"energy":{"pkg":13807.602233886719,"pp0":0,"dram":1846.9755859375},"cycles":958727209961}
