{"runtime":165666,"energy":{"pkg":14993.881591796875,"pp0":0,"dram":2102.01708984375},"cycles":1046192932870}
{"runtime":160491,"energy":{"pkg":14521.394592285156,"pp0":0,"dram":2199.2598876953125},"cycles":1024627698271}
{"runtime":173036,"energy":{"pkg":15653.339660644531,"pp0":0,"dram":1826.4874877929688},"cycles":1078454868400}
{"runtime":177038,"energy":{"pkg":16011.146118164062,"pp0":0,"dram":2253.2319946289062},"cycles":1085680219699}
{"runtime":166396,"energy":{"pkg":15050.724365234375,"pp0":0,"dram":1778.8473510742188},"cycles":1047206595412}
{"runtime":168394,"energy":{"pkg":15232.594055175781,"pp0":0,"dram":1819.5930786132812},"cycles":1050003407361}
{"runtime":170528,"energy":{"pkg":15412.101440429688,"pp0":0,"dram":2073.1705932617188},"cycles":1071863321814}
