{"runtime":169573,"energy":{"pkg":15357.47998046875,"pp0":0,"dram":2222.4066162109375},"cycles":1048271288712}
{"runtime":168558,"energy":{"pkg":15269.175537109375,"pp0":0,"dram":2057.6862182617188},"cycles":1044782630889}
{"runtime":175433,"energy":{"pkg":15890.935668945312,"pp0":0,"dram":1871.203369140625},"cycles":1166577020879}
{"runtime":174978,"energy":{"pkg":15818.243530273438,"pp0":0,"dram":1827.1583862304688},"cycles":1100250574566}
{"runtime":179689,"energy":{"pkg":16272.367004394531,"pp0":0,"dram":2324.9777221679688},"cycles":1093778614084}
{"runtime":163849,"energy":{"pkg":14866.086669921875,"pp0":0,"dram":2010.1738891601562},"cycles":1027143303435}
{"runtime":172497,"energy":{"pkg":15632.524658203125,"pp0":0,"dram":2017.9556884765625},"cycles":1128975449330}
