{"runtime":181294,"energy":{"pkg":-245773.0164794922,"pp0":0,"dram":2244.028564453125},"cycles":1145924640158}
{"runtime":175392,"energy":{"pkg":15860.328369140625,"pp0":0,"dram":2350.3526611328125},"cycles":1108168893665}
{"runtime":183145,"energy":{"pkg":16585.609497070312,"pp0":0,"dram":1889.3095092773438},"cycles":1205115190826}
{"runtime":183726,"energy":{"pkg":16610.181762695312,"pp0":0,"dram":2467.0039672851562},"cycles":1131329317465}
{"runtime":184941,"energy":{"pkg":16705.355041503906,"pp0":0,"dram":1969.433349609375},"cycles":1166139299483}
{"runtime":193948,"energy":{"pkg":17525.927978515625,"pp0":0,"dram":2076.1644287109375},"cycles":1157750011488}
{"runtime":187085,"energy":{"pkg":16905.897399902344,"pp0":0,"dram":2236.0472412109375},"cycles":1130802626331}
