{"runtime":196794,"energy":{"pkg":17815.629333496094,"pp0":0,"dram":2855.4285278320312},"cycles":1245309969256}
{"runtime":200027,"energy":{"pkg":-244059.55493164062,"pp0":0,"dram":2548.7802124023438},"cycles":1254342387289}
{"runtime":193387,"energy":{"pkg":17505.244384765625,"pp0":0,"dram":2073.3049926757812},"cycles":1225477603345}
{"runtime":188541,"energy":{"pkg":17048.578186035156,"pp0":0,"dram":2545.5665893554688},"cycles":1202598117632}
{"runtime":189473,"energy":{"pkg":17117.283447265625,"pp0":0,"dram":1992.9246826171875},"cycles":1168724208384}
{"runtime":202322,"energy":{"pkg":18265.206420898438,"pp0":0,"dram":2127.2178955078125},"cycles":1244426195406}
{"runtime":201318,"energy":{"pkg":18200.164428710938,"pp0":0,"dram":2134.09033203125},"cycles":1234171853667}
