{"runtime":200978,"energy":{"pkg":18207.213012695312,"pp0":0,"dram":2688.0167236328125},"cycles":1271629901630}
{"runtime":231213,"energy":{"pkg":20823.21173095703,"pp0":0,"dram":2751.1937866210938},"cycles":1413824822744}
{"runtime":212264,"energy":{"pkg":-242961.40069580078,"pp0":0,"dram":2304.4780883789062},"cycles":1421472482596}
{"runtime":213622,"energy":{"pkg":19293.71417236328,"pp0":0,"dram":2822.9319458007812},"cycles":1350377817079}
{"runtime":197442,"energy":{"pkg":17859.111389160156,"pp0":0,"dram":2240.1764526367188},"cycles":1252614231309}
{"runtime":209520,"energy":{"pkg":18939.154541015625,"pp0":0,"dram":2370.8471069335938},"cycles":1335786273278}
{"runtime":211198,"energy":{"pkg":19052.67449951172,"pp0":0,"dram":2273.267578125},"cycles":1332700580392}
