{"runtime":226684,"energy":{"pkg":20558.41387939453,"pp0":0,"dram":2646.1212768554688},"cycles":1509331664491}
{"runtime":226759,"energy":{"pkg":20515.501708984375,"pp0":0,"dram":2879.5612182617188},"cycles":1407410762335}
{"runtime":214427,"energy":{"pkg":19356.15985107422,"pp0":0,"dram":2653.2164916992188},"cycles":1380414235284}
{"runtime":235561,"energy":{"pkg":21278.62939453125,"pp0":0,"dram":2737.7216796875},"cycles":1468373518252}
{"runtime":240947,"energy":{"pkg":21792.245727539062,"pp0":0,"dram":2582.9696044921875},"cycles":1540893751107}
{"runtime":233687,"energy":{"pkg":-241046.12237548828,"pp0":0,"dram":2715.0078735351562},"cycles":1530817231865}
{"runtime":227907,"energy":{"pkg":-241606.01983642578,"pp0":0,"dram":2734.9176635742188},"cycles":1425867409578}
