{"runtime":25255,"energy":{"pkg":2291.142333984375,"pp0":0,"dram":257.10595703125},"cycles":170456644218}
{"runtime":18618,"energy":{"pkg":1692.1044921875,"pp0":0,"dram":243.56048583984375},"cycles":143229588320}
{"runtime":24868,"energy":{"pkg":2259.0418701171875,"pp0":0,"dram":300.5570068359375},"cycles":158556702118}
{"runtime":23429,"energy":{"pkg":2118.6576538085938,"pp0":0,"dram":240.470458984375},"cycles":147170380086}
{"runtime":26243,"energy":{"pkg":2376.7527465820312,"pp0":0,"dram":320.0810546875},"cycles":166649958638}
{"runtime":24566,"energy":{"pkg":2225.2741088867188,"pp0":0,"dram":287.26983642578125},"cycles":154724216681}
{"runtime":22304,"energy":{"pkg":2029.4364013671875,"pp0":0,"dram":272.84521484375},"cycles":157827560596}
