{"runtime":25623,"energy":{"pkg":2306.6616821289062,"pp0":0,"dram":282.31365966796875},"cycles":164586805723}
{"runtime":21508,"energy":{"pkg":1951.2435913085938,"pp0":0,"dram":252.39813232421875},"cycles":148421996557}
{"runtime":25815,"energy":{"pkg":2333.2276000976562,"pp0":0,"dram":308.50048828125},"cycles":159728141900}
{"runtime":24342,"energy":{"pkg":2204.6122436523438,"pp0":0,"dram":342.21246337890625},"cycles":153895913546}
{"runtime":23404,"energy":{"pkg":2116.639892578125,"pp0":0,"dram":310.69268798828125},"cycles":154416931391}
{"runtime":22479,"energy":{"pkg":2037.9495849609375,"pp0":0,"dram":270.80999755859375},"cycles":152066070152}
{"runtime":26233,"energy":{"pkg":2365.3042602539062,"pp0":0,"dram":269.15692138671875},"cycles":157323665825}
