{"runtime":234094,"energy":{"pkg":21215.288818359375,"pp0":0,"dram":2935.102294921875},"cycles":1495793958555}
{"runtime":240675,"energy":{"pkg":21770.52001953125,"pp0":0,"dram":3067.5823974609375},"cycles":1529572213873}
{"runtime":246524,"energy":{"pkg":22218.90496826172,"pp0":0,"dram":3192.6923217773438},"cycles":1528552559392}
{"runtime":248708,"energy":{"pkg":22487.0068359375,"pp0":0,"dram":3164.9313354492188},"cycles":1645060936409}
{"runtime":225238,"energy":{"pkg":20374.60321044922,"pp0":0,"dram":3011.8456420898438},"cycles":1446596133661}
{"runtime":234730,"energy":{"pkg":21195.957092285156,"pp0":0,"dram":2581.067626953125},"cycles":1495821129544}
{"runtime":245211,"energy":{"pkg":22156.56610107422,"pp0":0,"dram":2769.4116821289062},"cycles":1546920403080}
