{"runtime":258625,"energy":{"pkg":23345.87579345703,"pp0":0,"dram":3011.6115112304688},"cycles":1640712076750}
{"runtime":280958,"energy":{"pkg":25534.93231201172,"pp0":0,"dram":3382.6694946289062},"cycles":1817742371093}
{"runtime":273805,"energy":{"pkg":24690.259033203125,"pp0":0,"dram":3522.3584594726562},"cycles":1760723789156}
{"runtime":260276,"energy":{"pkg":23539.917907714844,"pp0":0,"dram":2985.510986328125},"cycles":1660246732500}
{"runtime":269051,"energy":{"pkg":24400.095092773438,"pp0":0,"dram":3422.0643310546875},"cycles":1774109201474}
{"runtime":265522,"energy":{"pkg":23966.27703857422,"pp0":0,"dram":3128.1754760742188},"cycles":1656057329715}
{"runtime":276350,"energy":{"pkg":24968.244873046875,"pp0":0,"dram":3256.5878295898438},"cycles":1754113958955}
