{"runtime":312792,"energy":{"pkg":28314.294799804688,"pp0":0,"dram":4111.531066894531},"cycles":2064484587882}
{"runtime":313785,"energy":{"pkg":28428.00115966797,"pp0":0,"dram":3911.2034301757812},"cycles":2033481135164}
{"runtime":308122,"energy":{"pkg":27867.530212402344,"pp0":0,"dram":3324.1910400390625},"cycles":1946565398120}
{"runtime":305558,"energy":{"pkg":27584.2451171875,"pp0":0,"dram":3477.9236450195312},"cycles":1932968193390}
{"runtime":304757,"energy":{"pkg":27578.189819335938,"pp0":0,"dram":3882.8770751953125},"cycles":2019484051761}
{"runtime":312200,"energy":{"pkg":28180.717163085938,"pp0":0,"dram":3398.1138305664062},"cycles":1900876776678}
{"runtime":305732,"energy":{"pkg":27614.656860351562,"pp0":0,"dram":3959.3276977539062},"cycles":1919003332587}
