{"runtime":317481,"energy":{"pkg":28709.57684326172,"pp0":0,"dram":3630.0097045898438},"cycles":1969968871772}
{"runtime":308987,"energy":{"pkg":27934.537170410156,"pp0":0,"dram":3578.9762573242188},"cycles":1993835140349}
{"runtime":326085,"energy":{"pkg":29485.892150878906,"pp0":0,"dram":4019.05029296875},"cycles":2091093904600}
{"runtime":295328,"energy":{"pkg":26663.890869140625,"pp0":0,"dram":3546.9235229492188},"cycles":1914318028966}
{"runtime":320611,"energy":{"pkg":28979.617553710938,"pp0":0,"dram":3574.0730590820312},"cycles":2122093462714}
{"runtime":323316,"energy":{"pkg":29185.424377441406,"pp0":0,"dram":3468.5278930664062},"cycles":2002301795518}
{"runtime":329411,"energy":{"pkg":29767.284240722656,"pp0":0,"dram":3799.425048828125},"cycles":2208916141500}
