{"runtime":330012,"energy":{"pkg":29907.087768554688,"pp0":0,"dram":4190.3868408203125},"cycles":2064208941798}
{"runtime":311009,"energy":{"pkg":28144.692138671875,"pp0":0,"dram":3316.6547241210938},"cycles":1974114480078}
{"runtime":322501,"energy":{"pkg":29196.228637695312,"pp0":0,"dram":4086.4461059570312},"cycles":2122052351842}
{"runtime":331188,"energy":{"pkg":29904.895263671875,"pp0":0,"dram":3578.2791137695312},"cycles":2022553835522}
{"runtime":310227,"energy":{"pkg":28077.94354248047,"pp0":0,"dram":3712.630615234375},"cycles":1984230021426}
{"runtime":338964,"energy":{"pkg":30605.88409423828,"pp0":0,"dram":3697.3538208007812},"cycles":2035860586736}
{"runtime":336035,"energy":{"pkg":30368.874450683594,"pp0":0,"dram":3456.7727661132812},"cycles":2225654322279}
