{"runtime":333595,"energy":{"pkg":30203.3447265625,"pp0":0,"dram":4114.090576171875},"cycles":2068780102443}
{"runtime":342256,"energy":{"pkg":30905.759704589844,"pp0":0,"dram":-258333.4243774414},"cycles":2250166191957}
{"runtime":336267,"energy":{"pkg":30389.131469726562,"pp0":0,"dram":4101.452880859375},"cycles":2213824577537}
{"runtime":354941,"energy":{"pkg":32050.247436523438,"pp0":0,"dram":4575.939697265625},"cycles":2324736590578}
{"runtime":343795,"energy":{"pkg":31055.609619140625,"pp0":0,"dram":3638.7796630859375},"cycles":2104704391886}
{"runtime":343625,"energy":{"pkg":31067.130615234375,"pp0":0,"dram":3751.4127197265625},"cycles":2104417587142}
{"runtime":347449,"energy":{"pkg":31431.71514892578,"pp0":0,"dram":3814.7389526367188},"cycles":2166981204655}
