{"runtime":351474,"energy":{"pkg":31756.67120361328,"pp0":0,"dram":4348.835632324219},"cycles":2292980878715}
{"runtime":352482,"energy":{"pkg":31884.865234375,"pp0":0,"dram":4597.834045410156},"cycles":2190531678604}
{"runtime":358888,"energy":{"pkg":32414.41046142578,"pp0":0,"dram":4069.2915649414062},"cycles":2366632631830}
{"runtime":371677,"energy":{"pkg":33536.91357421875,"pp0":0,"dram":4670.42626953125},"cycles":2336118988544}
{"runtime":350447,"energy":{"pkg":31710.99609375,"pp0":0,"dram":3856.4486694335938},"cycles":2187188462606}
{"runtime":351602,"energy":{"pkg":31805.466918945312,"pp0":0,"dram":3713.8347778320312},"cycles":2176469673789}
{"runtime":344231,"energy":{"pkg":31145.460388183594,"pp0":0,"dram":4592.7066650390625},"cycles":2166344446349}
