{"runtime":35912,"energy":{"pkg":3246.6538696289062,"pp0":0,"dram":432.77435302734375},"cycles":233528168529}
{"runtime":37069,"energy":{"pkg":3347.850830078125,"pp0":0,"dram":415.4849853515625},"cycles":233372898884}
{"runtime":38614,"energy":{"pkg":3494.9163208007812,"pp0":0,"dram":466.6395263671875},"cycles":233745209201}
{"runtime":33314,"energy":{"pkg":3029.0811157226562,"pp0":0,"dram":399.39324951171875},"cycles":226000856298}
{"runtime":35398,"energy":{"pkg":3194.8416748046875,"pp0":0,"dram":385.5782470703125},"cycles":226670576448}
{"runtime":36158,"energy":{"pkg":3266.2344360351562,"pp0":0,"dram":395.1395263671875},"cycles":231208510300}
{"runtime":39801,"energy":{"pkg":3600.0386352539062,"pp0":0,"dram":424.09954833984375},"cycles":251262497426}
