{"runtime":39447,"energy":{"pkg":3569.2097778320312,"pp0":0,"dram":434.3585205078125},"cycles":237270874038}
{"runtime":36063,"energy":{"pkg":3259.7277221679688,"pp0":0,"dram":484.266845703125},"cycles":227945882354}
{"runtime":37494,"energy":{"pkg":3402.0032958984375,"pp0":0,"dram":547.836181640625},"cycles":229739220952}
{"runtime":38750,"energy":{"pkg":3509.4087524414062,"pp0":0,"dram":462.149658203125},"cycles":231945499164}
{"runtime":33856,"energy":{"pkg":3072.8941040039062,"pp0":0,"dram":427.6678466796875},"cycles":238526920630}
{"runtime":36812,"energy":{"pkg":3331.2166748046875,"pp0":0,"dram":401.55364990234375},"cycles":248464482579}
{"runtime":38378,"energy":{"pkg":3476.1915893554688,"pp0":0,"dram":479.8114013671875},"cycles":236276756361}
