{"runtime":376639,"energy":{"pkg":34020.77752685547,"pp0":0,"dram":4602.8717041015625},"cycles":2451682658022}
{"runtime":383171,"energy":{"pkg":34685.19384765625,"pp0":0,"dram":4387.08544921875},"cycles":2487793131917}
{"runtime":357971,"energy":{"pkg":32366.537231445312,"pp0":0,"dram":4531.820556640625},"cycles":2288429916827}
{"runtime":347926,"energy":{"pkg":31429.369384765625,"pp0":0,"dram":4198.045166015625},"cycles":2188533885364}
{"runtime":383246,"energy":{"pkg":34665.74822998047,"pp0":0,"dram":4631.784912109375},"cycles":2495179703259}
{"runtime":389417,"energy":{"pkg":35204.05944824219,"pp0":0,"dram":4156.7061767578125},"cycles":2519031013183}
{"runtime":366015,"energy":{"pkg":33097.941650390625,"pp0":0,"dram":4279.9761962890625},"cycles":2252801754786}
