{"runtime":47774,"energy":{"pkg":4338.554016113281,"pp0":0,"dram":516.9608154296875},"cycles":303523392891}
{"runtime":47939,"energy":{"pkg":4346.076904296875,"pp0":0,"dram":640.2747802734375},"cycles":311985404369}
{"runtime":41135,"energy":{"pkg":3738.5272827148438,"pp0":0,"dram":584.1690673828125},"cycles":289559571346}
{"runtime":50815,"energy":{"pkg":4606.1024169921875,"pp0":0,"dram":537.0931396484375},"cycles":330016054719}
{"runtime":51898,"energy":{"pkg":4709.522216796875,"pp0":0,"dram":616.69140625},"cycles":335924841832}
{"runtime":51325,"energy":{"pkg":4653.5469970703125,"pp0":0,"dram":608.6671752929688},"cycles":323624532482}
{"runtime":46318,"energy":{"pkg":4205.626159667969,"pp0":0,"dram":586.7180786132812},"cycles":303401431034}
