{"runtime":58966,"energy":{"pkg":5345.67041015625,"pp0":0,"dram":665.9522094726562},"cycles":370667569582}
{"runtime":59412,"energy":{"pkg":5376.783630371094,"pp0":0,"dram":765.6820678710938},"cycles":374832257042}
{"runtime":64601,"energy":{"pkg":5853.6097412109375,"pp0":0,"dram":813.5560302734375},"cycles":418423175621}
{"runtime":57974,"energy":{"pkg":5265.984375,"pp0":0,"dram":664.4459838867188},"cycles":368722851589}
{"runtime":54564,"energy":{"pkg":4940.1702880859375,"pp0":0,"dram":607.8765869140625},"cycles":361724218604}
{"runtime":66247,"energy":{"pkg":5981.517822265625,"pp0":0,"dram":717.781982421875},"cycles":410143818640}
{"runtime":57241,"energy":{"pkg":5181.990234375,"pp0":0,"dram":624.655029296875},"cycles":375379826213}
