{"runtime":74785,"energy":{"pkg":6751.9739990234375,"pp0":0,"dram":814.7132568359375},"cycles":466757483520}
{"runtime":71806,"energy":{"pkg":6495.127868652344,"pp0":0,"dram":912.2219848632812},"cycles":452900557066}
{"runtime":75923,"energy":{"pkg":6865.622253417969,"pp0":0,"dram":818.9028930664062},"cycles":492266876941}
{"runtime":73770,"energy":{"pkg":6673.608459472656,"pp0":0,"dram":804.0751342773438},"cycles":459343357514}
{"runtime":75454,"energy":{"pkg":6822.464111328125,"pp0":0,"dram":931.34228515625},"cycles":457884692201}
{"runtime":73872,"energy":{"pkg":6689.8839111328125,"pp0":0,"dram":833.699951171875},"cycles":455465322569}
{"runtime":79733,"energy":{"pkg":7191.5313720703125,"pp0":0,"dram":862.0735473632812},"cycles":503320222043}
