{"runtime":77698,"energy":{"pkg":7048.6717529296875,"pp0":0,"dram":805.6536254882812},"cycles":500671925431}
{"runtime":73964,"energy":{"pkg":6683.5670166015625,"pp0":0,"dram":824.2033081054688},"cycles":476627249197}
{"runtime":74677,"energy":{"pkg":6772.649108886719,"pp0":0,"dram":995.0957641601562},"cycles":487385495037}
{"runtime":74764,"energy":{"pkg":-255374.76208496094,"pp0":0,"dram":786.694580078125},"cycles":483326523007}
{"runtime":71743,"energy":{"pkg":6492.950744628906,"pp0":0,"dram":854.8934936523438},"cycles":446885879227}
{"runtime":71105,"energy":{"pkg":6438.7535400390625,"pp0":0,"dram":817.6841430664062},"cycles":447821583080}
{"runtime":72238,"energy":{"pkg":6525.617736816406,"pp0":0,"dram":773.5542602539062},"cycles":461008074156}
