{"runtime":87503,"energy":{"pkg":7932.807373046875,"pp0":0,"dram":1007.2490844726562},"cycles":528966024482}
{"runtime":86250,"energy":{"pkg":7813.210632324219,"pp0":0,"dram":901.4075927734375},"cycles":562509675768}
{"runtime":87035,"energy":{"pkg":7877.096252441406,"pp0":0,"dram":1155.04931640625},"cycles":554384191454}
{"runtime":89971,"energy":{"pkg":8145.6700439453125,"pp0":0,"dram":1070.8361206054688},"cycles":568939790848}
{"runtime":77827,"energy":{"pkg":7048.987976074219,"pp0":0,"dram":937.5335083007812},"cycles":505866813666}
{"runtime":84897,"energy":{"pkg":7677.9033203125,"pp0":0,"dram":1012.3948974609375},"cycles":555918612749}
{"runtime":88886,"energy":{"pkg":8041.639343261719,"pp0":0,"dram":941.0950927734375},"cycles":580043943284}
