{"runtime":84386,"energy":{"pkg":7622.3238525390625,"pp0":0,"dram":1223.8707885742188},"cycles":530133609878}
{"runtime":87208,"energy":{"pkg":7895.4248046875,"pp0":0,"dram":1093.0718994140625},"cycles":536062962406}
{"runtime":87219,"energy":{"pkg":7897.893249511719,"pp0":0,"dram":916.5454711914062},"cycles":586211094477}
{"runtime":83005,"energy":{"pkg":7502.463928222656,"pp0":0,"dram":985.7130126953125},"cycles":518009479613}
{"runtime":79408,"energy":{"pkg":7179.668395996094,"pp0":0,"dram":1008.4447631835938},"cycles":533830961572}
{"runtime":88054,"energy":{"pkg":7966.369201660156,"pp0":0,"dram":986.3241577148438},"cycles":535891675841}
{"runtime":83297,"energy":{"pkg":7528.5196533203125,"pp0":0,"dram":944.2423706054688},"cycles":531557884956}
