{"runtime":93863,"energy":{"pkg":8485.837646484375,"pp0":0,"dram":1108.1271362304688},"cycles":612902541614}
{"runtime":104969,"energy":{"pkg":9488.961975097656,"pp0":0,"dram":1131.457275390625},"cycles":641887325650}
{"runtime":92914,"energy":{"pkg":8413.375854492188,"pp0":0,"dram":999.8131713867188},"cycles":612690787436}
{"runtime":98705,"energy":{"pkg":8908.848754882812,"pp0":0,"dram":1113.4915771484375},"cycles":600769736560}
{"runtime":102550,"energy":{"pkg":9245.302185058594,"pp0":0,"dram":1108.8733520507812},"cycles":625615149290}
{"runtime":101005,"energy":{"pkg":9135.9169921875,"pp0":0,"dram":1146.6998291015625},"cycles":622316786887}
{"runtime":93664,"energy":{"pkg":8458.810241699219,"pp0":0,"dram":1041.3504028320312},"cycles":592689631460}
