{"runtime":112654,"energy":{"pkg":10199.251953125,"pp0":0,"dram":1494.70068359375},"cycles":737441448351}
{"runtime":113420,"energy":{"pkg":10259.673095703125,"pp0":0,"dram":1455.0839233398438},"cycles":746670792872}
{"runtime":106667,"energy":{"pkg":9667.41357421875,"pp0":0,"dram":1359.2333984375},"cycles":681967011940}
{"runtime":112182,"energy":{"pkg":10162.123962402344,"pp0":0,"dram":1174.96533203125},"cycles":689243936197}
{"runtime":113263,"energy":{"pkg":10244.665405273438,"pp0":0,"dram":1404.9275512695312},"cycles":674883734368}
{"runtime":111078,"energy":{"pkg":-252089.59478759766,"pp0":0,"dram":1358.6463012695312},"cycles":722497485153}
{"runtime":115761,"energy":{"pkg":10469.368591308594,"pp0":0,"dram":1278.7303466796875},"cycles":756345508405}
