{"runtime":26992,"energy":{"pkg":1808.9802856445312,"pp0":0,"dram":353.5076904296875},"cycles":1000897801085}
{"runtime":27079,"energy":{"pkg":1812.7555541992188,"pp0":0,"dram":358.74652099609375},"cycles":999576268245}
{"runtime":27039,"energy":{"pkg":1810.2344360351562,"pp0":0,"dram":355.2359619140625},"cycles":993936174025}
{"runtime":26943,"energy":{"pkg":1800.8493041992188,"pp0":0,"dram":353.004150390625},"cycles":967222384571}
{"runtime":26555,"energy":{"pkg":1800.9055786132812,"pp0":0,"dram":350.257568359375},"cycles":992615215052}
{"runtime":26943,"energy":{"pkg":1805.4334716796875,"pp0":0,"dram":352.39971923828125},"cycles":995609641437}
{"runtime":26578,"energy":{"pkg":1796.7071533203125,"pp0":0,"dram":348.00177001953125},"cycles":987066730898}
{"runtime":26864,"energy":{"pkg":1801.1130981445312,"pp0":0,"dram":352.3880615234375},"cycles":993043930264}
{"runtime":26585,"energy":{"pkg":1794.9072265625,"pp0":0,"dram":351.10369873046875},"cycles":979926601952}
{"runtime":27216,"energy":{"pkg":1796.592529296875,"pp0":0,"dram":355.699462890625},"cycles":969763648375}
