{"runtime":26315,"energy":{"pkg":1772.3998413085938,"pp0":0,"dram":348.40625},"cycles":1066722482616}
{"runtime":26827,"energy":{"pkg":1790.996337890625,"pp0":0,"dram":353.241943359375},"cycles":1084014015462}
{"runtime":26904,"energy":{"pkg":1791.6478271484375,"pp0":0,"dram":355.06634521484375},"cycles":1083859735539}
{"runtime":26841,"energy":{"pkg":1794.2574462890625,"pp0":0,"dram":353.4656982421875},"cycles":1085276072496}
{"runtime":26512,"energy":{"pkg":1782.0180053710938,"pp0":0,"dram":352.86724853515625},"cycles":1077761742897}
{"runtime":26950,"energy":{"pkg":1796.2380981445312,"pp0":0,"dram":357.88299560546875},"cycles":1061971887669}
{"runtime":26812,"energy":{"pkg":1773.9563598632812,"pp0":0,"dram":352.978271484375},"cycles":1051834951545}
{"runtime":27250,"energy":{"pkg":1790.3173217773438,"pp0":0,"dram":357.87005615234375},"cycles":1056577958604}
{"runtime":26835,"energy":{"pkg":1792.4070434570312,"pp0":0,"dram":356.62274169921875},"cycles":1068032057400}
{"runtime":26974,"energy":{"pkg":1807.8104858398438,"pp0":0,"dram":356.97003173828125},"cycles":1087985032932}
{"runtime":27156,"energy":{"pkg":1813.072509765625,"pp0":0,"dram":358.2454833984375},"cycles":1086464360940}
{"runtime":27012,"energy":{"pkg":1810.4147338867188,"pp0":0,"dram":355.73681640625},"cycles":1078051629795}
{"runtime":26939,"energy":{"pkg":1805.9893798828125,"pp0":0,"dram":353.6492919921875},"cycles":1073815643607}
{"runtime":26903,"energy":{"pkg":1814.5258178710938,"pp0":0,"dram":353.85906982421875},"cycles":1085167448631}
{"runtime":26861,"energy":{"pkg":1800.0034790039062,"pp0":0,"dram":355.54913330078125},"cycles":1074952605846}
{"runtime":26662,"energy":{"pkg":1805.8629760742188,"pp0":0,"dram":353.36444091796875},"cycles":1081000702971}
{"runtime":26635,"energy":{"pkg":1790.5464477539062,"pp0":0,"dram":351.96246337890625},"cycles":1071232114302}
{"runtime":26909,"energy":{"pkg":1810.2340087890625,"pp0":0,"dram":354.54302978515625},"cycles":1081627519623}
{"runtime":26936,"energy":{"pkg":1816.1724243164062,"pp0":0,"dram":356.53076171875},"cycles":1084846426167}
{"runtime":26533,"energy":{"pkg":1783.2577514648438,"pp0":0,"dram":350.77532958984375},"cycles":1058415669549}
{"runtime":26630,"energy":{"pkg":1779.337646484375,"pp0":0,"dram":350.57098388671875},"cycles":1045150098195}
