{"runtime":105158,"energy":{"pkg":10157.854125976562,"pp0":0,"dram":969.759765625},"cycles":6794156477262}
{"runtime":106161,"energy":{"pkg":10236.49658203125,"pp0":0,"dram":976.4336547851562},"cycles":6833872502814}
{"runtime":105676,"energy":{"pkg":10161.55126953125,"pp0":0,"dram":968.7952880859375},"cycles":6799867341519}
{"runtime":105876,"energy":{"pkg":10195.750244140625,"pp0":0,"dram":973.6375122070312},"cycles":6816695717559}
{"runtime":104981,"energy":{"pkg":10139.837280273438,"pp0":0,"dram":966.7606811523438},"cycles":6778809840915}
{"runtime":105865,"energy":{"pkg":10168.032104492188,"pp0":0,"dram":971.5110473632812},"cycles":6796269322479}
{"runtime":105687,"energy":{"pkg":10112.886169433594,"pp0":0,"dram":968.884765625},"cycles":6793492970628}
{"runtime":105264,"energy":{"pkg":10145.616271972656,"pp0":0,"dram":966.1986694335938},"cycles":6811279106121}
{"runtime":105565,"energy":{"pkg":10214.803283691406,"pp0":0,"dram":964.1190185546875},"cycles":6819740194785}
{"runtime":105489,"energy":{"pkg":10161.0732421875,"pp0":0,"dram":962.2923583984375},"cycles":6790180254144}
{"runtime":105369,"energy":{"pkg":10155.566101074219,"pp0":0,"dram":959.4042358398438},"cycles":6790803038166}
{"runtime":106205,"energy":{"pkg":10220.077941894531,"pp0":0,"dram":971.2435302734375},"cycles":6824240338629}
{"runtime":105617,"energy":{"pkg":10216.81884765625,"pp0":0,"dram":965.95458984375},"cycles":6813502240440}
{"runtime":105627,"energy":{"pkg":10141.76513671875,"pp0":0,"dram":963.9096069335938},"cycles":6789170181717}
{"runtime":106168,"energy":{"pkg":10194.393432617188,"pp0":0,"dram":974.5689697265625},"cycles":6794877748323}
{"runtime":105448,"energy":{"pkg":10161.513671875,"pp0":0,"dram":966.7196655273438},"cycles":6793996663860}
{"runtime":105905,"energy":{"pkg":10208.026184082031,"pp0":0,"dram":971.06787109375},"cycles":6808959582075}
{"runtime":105995,"energy":{"pkg":10207.820495605469,"pp0":0,"dram":965.5009765625},"cycles":6817324639629}
{"runtime":106600,"energy":{"pkg":10198.744201660156,"pp0":0,"dram":968.8013916015625},"cycles":6813001235943}
{"runtime":105530,"energy":{"pkg":10137.581237792969,"pp0":0,"dram":958.9149169921875},"cycles":6783508461618}
{"runtime":105280,"energy":{"pkg":10191.859375,"pp0":0,"dram":952.9781494140625},"cycles":6827562382200}
