{"runtime":106472,"energy":{"pkg":10216.887268066406,"pp0":0,"dram":976.5929565429688},"cycles":6812177848241}
{"runtime":105929,"energy":{"pkg":10201.420654296875,"pp0":0,"dram":968.3410034179688},"cycles":6791750144402}
{"runtime":105803,"energy":{"pkg":10203.754699707031,"pp0":0,"dram":967.71923828125},"cycles":6803393882775}
{"runtime":106008,"energy":{"pkg":10218.530212402344,"pp0":0,"dram":966.8198852539062},"cycles":6802584726065}
{"runtime":105555,"energy":{"pkg":10186.010864257812,"pp0":0,"dram":962.8712158203125},"cycles":6818540974005}
{"runtime":105939,"energy":{"pkg":10221.422973632812,"pp0":0,"dram":971.6058349609375},"cycles":6821152457983}
{"runtime":106512,"energy":{"pkg":10243.565368652344,"pp0":0,"dram":974.1251220703125},"cycles":6826780259684}
{"runtime":106310,"energy":{"pkg":10219.988220214844,"pp0":0,"dram":969.34912109375},"cycles":6792640128166}
{"runtime":106079,"energy":{"pkg":10200.97314453125,"pp0":0,"dram":968.9772338867188},"cycles":6782994255935}
{"runtime":106649,"energy":{"pkg":10229.200134277344,"pp0":0,"dram":973.9143676757812},"cycles":6809591912520}
