{"runtime":77425,"energy":{"pkg":2782.5615234375,"pp0":0,"dram":584.814208984375},"cycles":161341950832}
{"runtime":77526,"energy":{"pkg":2843.1567993164062,"pp0":0,"dram":581.6878662109375},"cycles":161475588319}
{"runtime":77173,"energy":{"pkg":2786.353515625,"pp0":0,"dram":569.838623046875},"cycles":160906570566}
{"runtime":77141,"energy":{"pkg":2801.5989990234375,"pp0":0,"dram":563.781494140625},"cycles":161511528295}
{"runtime":77329,"energy":{"pkg":2835.341064453125,"pp0":0,"dram":572.6132202148438},"cycles":160970227355}
{"runtime":77445,"energy":{"pkg":2860.3302612304688,"pp0":0,"dram":571.2281494140625},"cycles":162187499630}
{"runtime":77137,"energy":{"pkg":2792.68505859375,"pp0":0,"dram":565.0588989257812},"cycles":160774566881}
{"runtime":77041,"energy":{"pkg":2774.4846801757812,"pp0":0,"dram":567.15771484375},"cycles":160707648649}
{"runtime":77395,"energy":{"pkg":2782.0498046875,"pp0":0,"dram":568.507080078125},"cycles":161243635581}
{"runtime":77047,"energy":{"pkg":2763.2279052734375,"pp0":0,"dram":564.2667846679688},"cycles":160680556591}
