{"runtime":77220,"energy":{"pkg":2853.7264404296875,"pp0":0,"dram":568.633056640625},"cycles":161739772446}
{"runtime":77718,"energy":{"pkg":2846.26708984375,"pp0":0,"dram":570.2911376953125},"cycles":162784045368}
{"runtime":76663,"energy":{"pkg":2814.823486328125,"pp0":0,"dram":561.8974609375},"cycles":160575291576}
{"runtime":77447,"energy":{"pkg":2821.708251953125,"pp0":0,"dram":567.2254638671875},"cycles":162212420538}
{"runtime":77258,"energy":{"pkg":2809.1405639648438,"pp0":0,"dram":564.3328857421875},"cycles":161820489978}
{"runtime":77206,"energy":{"pkg":2808.0392456054688,"pp0":0,"dram":562.7245483398438},"cycles":161714468517}
{"runtime":77645,"energy":{"pkg":2815.0369262695312,"pp0":0,"dram":570.2728881835938},"cycles":162631902090}
{"runtime":76944,"energy":{"pkg":2794.1279296875,"pp0":0,"dram":567.67333984375},"cycles":161164332294}
{"runtime":77516,"energy":{"pkg":2809.7947998046875,"pp0":0,"dram":570.7850341796875},"cycles":162361660104}
{"runtime":77101,"energy":{"pkg":2793.40771484375,"pp0":0,"dram":567.2196655273438},"cycles":161490956193}
{"runtime":77445,"energy":{"pkg":2800.66162109375,"pp0":0,"dram":569.9757080078125},"cycles":162209258148}
{"runtime":76855,"energy":{"pkg":2786.3674926757812,"pp0":0,"dram":568.1949462890625},"cycles":160976074644}
{"runtime":77127,"energy":{"pkg":2795.6121826171875,"pp0":0,"dram":569.2935791015625},"cycles":161546950635}
{"runtime":77653,"energy":{"pkg":2818.3675537109375,"pp0":0,"dram":572.0877075195312},"cycles":162645991032}
{"runtime":77224,"energy":{"pkg":2804.3572387695312,"pp0":0,"dram":570.5462646484375},"cycles":161752137393}
{"runtime":76994,"energy":{"pkg":2796.9601440429688,"pp0":0,"dram":571.0140991210938},"cycles":161269818297}
{"runtime":76963,"energy":{"pkg":2794.780029296875,"pp0":0,"dram":570.3445434570312},"cycles":161201076897}
{"runtime":77625,"energy":{"pkg":2827.9135131835938,"pp0":0,"dram":582.7791748046875},"cycles":162588129417}
{"runtime":77405,"energy":{"pkg":2808.0112915039062,"pp0":0,"dram":573.3609619140625},"cycles":162124138890}
{"runtime":76871,"energy":{"pkg":2801.79931640625,"pp0":0,"dram":566.2892456054688},"cycles":161009642241}
{"runtime":76788,"energy":{"pkg":2798.4107055664062,"pp0":0,"dram":565.9322509765625},"cycles":160835791788}
