{"runtime":15341,"energy":{"pkg":1342.4019775390625,"pp0":0,"dram":299.19451904296875},"cycles":896611209776}
{"runtime":15203,"energy":{"pkg":1343.8947143554688,"pp0":0,"dram":296.33990478515625},"cycles":894378460636}
{"runtime":15772,"energy":{"pkg":1372.8109130859375,"pp0":0,"dram":303.58154296875},"cycles":905468787185}
{"runtime":15339,"energy":{"pkg":1356.4899291992188,"pp0":0,"dram":299.78619384765625},"cycles":896229374109}
{"runtime":15538,"energy":{"pkg":1357.3165893554688,"pp0":0,"dram":300.2083740234375},"cycles":895370992520}
{"runtime":15355,"energy":{"pkg":1356.6956787109375,"pp0":0,"dram":298.87005615234375},"cycles":898434671636}
{"runtime":15342,"energy":{"pkg":1359.814208984375,"pp0":0,"dram":299.822509765625},"cycles":898317120683}
{"runtime":15240,"energy":{"pkg":1362.46875,"pp0":0,"dram":300.2529296875},"cycles":892208692389}
{"runtime":15178,"energy":{"pkg":1364.0023803710938,"pp0":0,"dram":298.61346435546875},"cycles":893179358684}
{"runtime":15279,"energy":{"pkg":1363.7535400390625,"pp0":0,"dram":299.6256103515625},"cycles":891617494614}
