{"runtime":60044,"energy":{"pkg":5884.295837402344,"pp0":0,"dram":556.0214233398438},"cycles":3996805215438}
{"runtime":60138,"energy":{"pkg":5888.0665283203125,"pp0":0,"dram":556.4434814453125},"cycles":4005445232733}
{"runtime":59697,"energy":{"pkg":5848.122985839844,"pp0":0,"dram":552.69677734375},"cycles":3978178583295}
{"runtime":59781,"energy":{"pkg":5845.965637207031,"pp0":0,"dram":550.0592041015625},"cycles":3979146755808}
{"runtime":60263,"energy":{"pkg":5939.7293701171875,"pp0":0,"dram":555.6085205078125},"cycles":4012344978915}
{"runtime":59845,"energy":{"pkg":5862.555419921875,"pp0":0,"dram":553.1161499023438},"cycles":3988540148439}
{"runtime":59633,"energy":{"pkg":5838.141906738281,"pp0":0,"dram":550.003662109375},"cycles":3974153247960}
{"runtime":59981,"energy":{"pkg":5873.2196044921875,"pp0":0,"dram":550.6007690429688},"cycles":3991269091719}
{"runtime":60130,"energy":{"pkg":5887.498718261719,"pp0":0,"dram":553.3441772460938},"cycles":4004733210492}
{"runtime":60113,"energy":{"pkg":5876.415100097656,"pp0":0,"dram":552.264404296875},"cycles":4006650319266}
{"runtime":59644,"energy":{"pkg":5865.460266113281,"pp0":0,"dram":549.1948852539062},"cycles":3969422837352}
{"runtime":59533,"energy":{"pkg":5830.910461425781,"pp0":0,"dram":546.3776245117188},"cycles":3965102733711}
{"runtime":60003,"energy":{"pkg":5876.366271972656,"pp0":0,"dram":550.654296875},"cycles":3995581832508}
{"runtime":60129,"energy":{"pkg":5890.716369628906,"pp0":0,"dram":552.0028076171875},"cycles":4001353573392}
{"runtime":59615,"energy":{"pkg":5838.6982421875,"pp0":0,"dram":546.614013671875},"cycles":3970887620931}
{"runtime":59472,"energy":{"pkg":5823.121887207031,"pp0":0,"dram":548.472900390625},"cycles":3955882348719}
{"runtime":60380,"energy":{"pkg":5914.555236816406,"pp0":0,"dram":557.9016723632812},"cycles":4017743637243}
{"runtime":59737,"energy":{"pkg":5864.906677246094,"pp0":0,"dram":554.0586547851562},"cycles":3975051641232}
{"runtime":60015,"energy":{"pkg":5881.3736572265625,"pp0":0,"dram":552.58642578125},"cycles":3993851454369}
{"runtime":60142,"energy":{"pkg":5890.236022949219,"pp0":0,"dram":553.9124755859375},"cycles":4003190412459}
{"runtime":60013,"energy":{"pkg":5925.986145019531,"pp0":0,"dram":553.322265625},"cycles":3999169003158}
