{"runtime":645133,"energy":{"pkg":23612.634887695312,"pp0":0,"dram":4723.902404785156},"cycles":1349932473899}
{"runtime":635256,"energy":{"pkg":23577.860229492188,"pp0":0,"dram":4609.48388671875},"cycles":1329256424263}
{"runtime":637135,"energy":{"pkg":23841.25732421875,"pp0":0,"dram":4606.13818359375},"cycles":1333179333774}
{"runtime":634930,"energy":{"pkg":23424.5849609375,"pp0":0,"dram":4576.5711669921875},"cycles":1328371649600}
