{"runtime":141391,"energy":{"pkg":6531.356689453125,"pp0":0,"dram":1051.337158203125},"cycles":1181468295525}
{"runtime":140802,"energy":{"pkg":6534.8360595703125,"pp0":0,"dram":1049.139404296875},"cycles":1175207768133}
{"runtime":140827,"energy":{"pkg":6548.146789550781,"pp0":0,"dram":1042.8525390625},"cycles":1176431517765}
{"runtime":141015,"energy":{"pkg":6638.539245605469,"pp0":0,"dram":1047.7924194335938},"cycles":1176767426016}
{"runtime":141689,"energy":{"pkg":6603.565002441406,"pp0":0,"dram":1099.8237915039062},"cycles":1181178578643}
{"runtime":142126,"energy":{"pkg":6697.128601074219,"pp0":0,"dram":1057.0958251953125},"cycles":1185867508476}
{"runtime":143826,"energy":{"pkg":6781.107177734375,"pp0":0,"dram":1131.0308227539062},"cycles":1189027944489}
{"runtime":142091,"energy":{"pkg":6710.84130859375,"pp0":0,"dram":1058.4043579101562},"cycles":1185302305425}
{"runtime":141602,"energy":{"pkg":6650.605163574219,"pp0":0,"dram":1056.5198364257812},"cycles":1182146316057}
{"runtime":141072,"energy":{"pkg":6630.792175292969,"pp0":0,"dram":1049.4943237304688},"cycles":1177605770040}
{"runtime":142327,"energy":{"pkg":6704.983093261719,"pp0":0,"dram":1063.6508178710938},"cycles":1185877884765}
{"runtime":141612,"energy":{"pkg":6655.1033935546875,"pp0":0,"dram":1054.703125},"cycles":1182804226065}
{"runtime":141429,"energy":{"pkg":6653.656494140625,"pp0":0,"dram":1054.5220336914062},"cycles":1178672304558}
{"runtime":141580,"energy":{"pkg":6532.4556884765625,"pp0":0,"dram":1054.101806640625},"cycles":1180391583189}
{"runtime":142436,"energy":{"pkg":6551.0181884765625,"pp0":0,"dram":1060.6727905273438},"cycles":1183253623524}
{"runtime":150617,"energy":{"pkg":7088.704528808594,"pp0":0,"dram":1124.7822265625},"cycles":1256493574077}
{"runtime":141596,"energy":{"pkg":6524.880187988281,"pp0":0,"dram":1096.4531860351562},"cycles":1183096713876}
{"runtime":141983,"energy":{"pkg":6644.451477050781,"pp0":0,"dram":1059.1240844726562},"cycles":1185466203159}
{"runtime":142153,"energy":{"pkg":6610.3857421875,"pp0":0,"dram":1104.2569580078125},"cycles":1185548586915}
{"runtime":141706,"energy":{"pkg":6671.772216796875,"pp0":0,"dram":1052.7796630859375},"cycles":1183610368185}
{"runtime":141084,"energy":{"pkg":6594.135192871094,"pp0":0,"dram":1098.4898071289062},"cycles":1178908028823}
