{"runtime":1713,"energy":{"pkg":72.90911865234375,"pp0":0,"dram":16.1331787109375},"cycles":14926934841}
{"runtime":1488,"energy":{"pkg":70.6634521484375,"pp0":0,"dram":15.79351806640625},"cycles":14091761460}
{"runtime":2071,"energy":{"pkg":77.81732177734375,"pp0":0,"dram":25.3006591796875},"cycles":16565634813}
{"runtime":1670,"energy":{"pkg":73.53662109375,"pp0":0,"dram":18.05926513671875},"cycles":14613547368}
{"runtime":2085,"energy":{"pkg":77.66973876953125,"pp0":0,"dram":20.60491943359375},"cycles":16778163570}
{"runtime":1706,"energy":{"pkg":73.541015625,"pp0":0,"dram":18.40301513671875},"cycles":15546853161}
{"runtime":1629,"energy":{"pkg":72.68743896484375,"pp0":0,"dram":16.00079345703125},"cycles":14734542501}
{"runtime":1712,"energy":{"pkg":75.0589599609375,"pp0":0,"dram":19.00054931640625},"cycles":16034406570}
{"runtime":1880,"energy":{"pkg":74.9478759765625,"pp0":0,"dram":19.15435791015625},"cycles":15713513298}
{"runtime":1914,"energy":{"pkg":74.62896728515625,"pp0":0,"dram":20.1121826171875},"cycles":16190066823}
{"runtime":1907,"energy":{"pkg":72.55902099609375,"pp0":0,"dram":17.9759521484375},"cycles":15836924124}
{"runtime":1490,"energy":{"pkg":72.44757080078125,"pp0":0,"dram":20.50592041015625},"cycles":14919088863}
{"runtime":1491,"energy":{"pkg":71.40167236328125,"pp0":0,"dram":20.39300537109375},"cycles":14782003866}
{"runtime":1785,"energy":{"pkg":69.24560546875,"pp0":0,"dram":16.9986572265625},"cycles":15257348862}
{"runtime":1805,"energy":{"pkg":70.17822265625,"pp0":0,"dram":16.28594970703125},"cycles":15158861403}
{"runtime":1677,"energy":{"pkg":73.32940673828125,"pp0":0,"dram":17.21295166015625},"cycles":14779796976}
{"runtime":1571,"energy":{"pkg":71.70263671875,"pp0":0,"dram":17.14447021484375},"cycles":14792993523}
{"runtime":1688,"energy":{"pkg":73.500732421875,"pp0":0,"dram":18.19647216796875},"cycles":15489396174}
{"runtime":1989,"energy":{"pkg":75.262451171875,"pp0":0,"dram":20.968994140625},"cycles":16673841576}
{"runtime":1736,"energy":{"pkg":75.2987060546875,"pp0":0,"dram":19.9210205078125},"cycles":15730827672}
{"runtime":1935,"energy":{"pkg":77.2947998046875,"pp0":0,"dram":21.33685302734375},"cycles":16194947895}
