{"runtime":1272,"energy":{"pkg":103.44586181640625,"pp0":0,"dram":12.91436767578125},"cycles":77994888342}
{"runtime":1295,"energy":{"pkg":105.62371826171875,"pp0":0,"dram":13.535400390625},"cycles":80157074949}
{"runtime":1329,"energy":{"pkg":108.363037109375,"pp0":0,"dram":13.74664306640625},"cycles":81560596131}
{"runtime":1274,"energy":{"pkg":104.23492431640625,"pp0":0,"dram":13.004638671875},"cycles":78170796942}
{"runtime":1284,"energy":{"pkg":104.2379150390625,"pp0":0,"dram":13.23651123046875},"cycles":78838374258}
{"runtime":1270,"energy":{"pkg":103.91168212890625,"pp0":0,"dram":13.03533935546875},"cycles":77779915521}
{"runtime":1302,"energy":{"pkg":104.69097900390625,"pp0":0,"dram":13.32501220703125},"cycles":78886032729}
{"runtime":1320,"energy":{"pkg":105.6427001953125,"pp0":0,"dram":13.6474609375},"cycles":79354869216}
{"runtime":1289,"energy":{"pkg":102.9344482421875,"pp0":0,"dram":13.156494140625},"cycles":77349406449}
{"runtime":1330,"energy":{"pkg":108.49285888671875,"pp0":0,"dram":13.773681640625},"cycles":81635433054}
{"runtime":1382,"energy":{"pkg":110.362548828125,"pp0":0,"dram":14.45245361328125},"cycles":83396258589}
{"runtime":1341,"energy":{"pkg":107.51263427734375,"pp0":0,"dram":14.06256103515625},"cycles":80975279301}
{"runtime":1308,"energy":{"pkg":105.19769287109375,"pp0":0,"dram":13.49749755859375},"cycles":79482129090}
{"runtime":1324,"energy":{"pkg":106.68939208984375,"pp0":0,"dram":13.7198486328125},"cycles":81024194076}
{"runtime":1302,"energy":{"pkg":107.73626708984375,"pp0":0,"dram":13.43804931640625},"cycles":79771186194}
{"runtime":1275,"energy":{"pkg":104.23974609375,"pp0":0,"dram":13.11468505859375},"cycles":77918426586}
{"runtime":1342,"energy":{"pkg":108.896240234375,"pp0":0,"dram":14.080322265625},"cycles":82553446731}
{"runtime":1306,"energy":{"pkg":105.50396728515625,"pp0":0,"dram":13.52227783203125},"cycles":79836748173}
{"runtime":1321,"energy":{"pkg":106.7811279296875,"pp0":0,"dram":13.66424560546875},"cycles":80728211403}
{"runtime":1304,"energy":{"pkg":106.248779296875,"pp0":0,"dram":13.47161865234375},"cycles":79738448076}
{"runtime":1283,"energy":{"pkg":105.20343017578125,"pp0":0,"dram":13.15435791015625},"cycles":77384175078}
