{"runtime":6569,"energy":{"pkg":236.5172119140625,"pp0":0,"dram":48.82891845703125},"cycles":13854017961}
{"runtime":6487,"energy":{"pkg":232.72808837890625,"pp0":0,"dram":48.24432373046875},"cycles":13675632453}
{"runtime":5649,"energy":{"pkg":216.33233642578125,"pp0":0,"dram":42.15435791015625},"cycles":11924404758}
{"runtime":6087,"energy":{"pkg":224.61053466796875,"pp0":0,"dram":45.40582275390625},"cycles":12850601946}
{"runtime":6499,"energy":{"pkg":232.9930419921875,"pp0":0,"dram":48.45697021484375},"cycles":13707972684}
{"runtime":6477,"energy":{"pkg":231.23687744140625,"pp0":0,"dram":48.30419921875},"cycles":13663750212}
{"runtime":5785,"energy":{"pkg":220.68463134765625,"pp0":0,"dram":42.96466064453125},"cycles":12209167068}
{"runtime":6511,"energy":{"pkg":231.3563232421875,"pp0":0,"dram":48.37835693359375},"cycles":13735058211}
{"runtime":6475,"energy":{"pkg":230.19622802734375,"pp0":0,"dram":48.3209228515625},"cycles":13669019322}
{"runtime":5584,"energy":{"pkg":213.76361083984375,"pp0":0,"dram":41.77764892578125},"cycles":11791357116}
{"runtime":5752,"energy":{"pkg":219.19512939453125,"pp0":0,"dram":43.18133544921875},"cycles":12149382903}
{"runtime":5605,"energy":{"pkg":213.962158203125,"pp0":0,"dram":41.9715576171875},"cycles":11836558419}
{"runtime":5839,"energy":{"pkg":222.16717529296875,"pp0":0,"dram":43.40338134765625},"cycles":12326351079}
{"runtime":5785,"energy":{"pkg":218.600341796875,"pp0":0,"dram":43.230224609375},"cycles":12216371517}
{"runtime":5629,"energy":{"pkg":213.5650634765625,"pp0":0,"dram":41.84088134765625},"cycles":11884892040}
{"runtime":5719,"energy":{"pkg":217.00250244140625,"pp0":0,"dram":42.43914794921875},"cycles":12067003053}
{"runtime":5636,"energy":{"pkg":213.46856689453125,"pp0":0,"dram":42.0272216796875},"cycles":11908234212}
{"runtime":5841,"energy":{"pkg":220.4031982421875,"pp0":0,"dram":43.60528564453125},"cycles":12322527966}
{"runtime":5865,"energy":{"pkg":220.7373046875,"pp0":0,"dram":43.5916748046875},"cycles":12385326576}
{"runtime":5784,"energy":{"pkg":218.27740478515625,"pp0":0,"dram":43.12615966796875},"cycles":12208562604}
{"runtime":6486,"energy":{"pkg":228.9736328125,"pp0":0,"dram":48.074951171875},"cycles":13681399620}
