{"runtime":6392,"energy":{"pkg":304.38726806640625,"pp0":0,"dram":68.1839599609375},"cycles":51734858784}
{"runtime":6818,"energy":{"pkg":317.92413330078125,"pp0":0,"dram":69.8797607421875},"cycles":51715091841}
{"runtime":6576,"energy":{"pkg":311.9173583984375,"pp0":0,"dram":69.8961181640625},"cycles":54190201611}
{"runtime":6121,"energy":{"pkg":303.7728271484375,"pp0":0,"dram":65.439697265625},"cycles":46093215147}
{"runtime":6399,"energy":{"pkg":307.436279296875,"pp0":0,"dram":67.144775390625},"cycles":47307968673}
{"runtime":6647,"energy":{"pkg":324.6041259765625,"pp0":0,"dram":72.79547119140625},"cycles":53757844350}
{"runtime":5898,"energy":{"pkg":297.57891845703125,"pp0":0,"dram":63.3880615234375},"cycles":44476446273}
{"runtime":6734,"energy":{"pkg":311.44818115234375,"pp0":0,"dram":71.7310791015625},"cycles":59026946937}
{"runtime":7101,"energy":{"pkg":332.54266357421875,"pp0":0,"dram":74.0263671875},"cycles":55428380322}
{"runtime":6662,"energy":{"pkg":317.34893798828125,"pp0":0,"dram":72.7626953125},"cycles":57644340096}
{"runtime":6358,"energy":{"pkg":319.21356201171875,"pp0":0,"dram":70.20745849609375},"cycles":49048602960}
{"runtime":6160,"energy":{"pkg":309.8782958984375,"pp0":0,"dram":66.2435302734375},"cycles":46303563180}
{"runtime":6176,"energy":{"pkg":306.08056640625,"pp0":0,"dram":66.19415283203125},"cycles":51062255055}
{"runtime":6476,"energy":{"pkg":313.5028076171875,"pp0":0,"dram":69.5357666015625},"cycles":58453490781}
{"runtime":6518,"energy":{"pkg":307.7529296875,"pp0":0,"dram":68.4774169921875},"cycles":55626963651}
{"runtime":6502,"energy":{"pkg":309.3306884765625,"pp0":0,"dram":69.733642578125},"cycles":49003914792}
{"runtime":6209,"energy":{"pkg":307.13916015625,"pp0":0,"dram":68.35931396484375},"cycles":51649790619}
{"runtime":6873,"energy":{"pkg":325.260009765625,"pp0":0,"dram":70.5572509765625},"cycles":48831152517}
{"runtime":6383,"energy":{"pkg":317.5673828125,"pp0":0,"dram":68.46160888671875},"cycles":51012004659}
{"runtime":6326,"energy":{"pkg":307.0064697265625,"pp0":0,"dram":68.35308837890625},"cycles":47628506688}
{"runtime":6718,"energy":{"pkg":308.7352294921875,"pp0":0,"dram":71.49176025390625},"cycles":54856610172}
