{"runtime":729,"energy":{"pkg":31.56817626953125,"pp0":0,"dram":10.16717529296875},"cycles":3976684110}
{"runtime":894,"energy":{"pkg":33.3450927734375,"pp0":0,"dram":11.32867431640625},"cycles":4173136590}
{"runtime":1055,"energy":{"pkg":36.38958740234375,"pp0":0,"dram":12.61492919921875},"cycles":4479654480}
{"runtime":1103,"energy":{"pkg":39.302490234375,"pp0":0,"dram":13.32373046875},"cycles":4628422008}
{"runtime":782,"energy":{"pkg":32.55316162109375,"pp0":0,"dram":10.5426025390625},"cycles":4150427526}
{"runtime":853,"energy":{"pkg":32.67999267578125,"pp0":0,"dram":11.1239013671875},"cycles":4346398350}
{"runtime":1117,"energy":{"pkg":39.506591796875,"pp0":0,"dram":13.20562744140625},"cycles":4520373081}
{"runtime":822,"energy":{"pkg":33.527587890625,"pp0":0,"dram":10.89398193359375},"cycles":4213368957}
{"runtime":869,"energy":{"pkg":33.7430419921875,"pp0":0,"dram":11.50970458984375},"cycles":4692738078}
{"runtime":762,"energy":{"pkg":33.9503173828125,"pp0":0,"dram":10.29913330078125},"cycles":4195677486}
{"runtime":1064,"energy":{"pkg":38.32476806640625,"pp0":0,"dram":12.62091064453125},"cycles":4305268653}
{"runtime":803,"energy":{"pkg":33.73382568359375,"pp0":0,"dram":10.75299072265625},"cycles":4401744795}
{"runtime":1078,"energy":{"pkg":38.5853271484375,"pp0":0,"dram":12.85992431640625},"cycles":4481028258}
{"runtime":758,"energy":{"pkg":32.31536865234375,"pp0":0,"dram":10.4403076171875},"cycles":4365939102}
{"runtime":1088,"energy":{"pkg":38.95513916015625,"pp0":0,"dram":13.09027099609375},"cycles":4676702037}
{"runtime":844,"energy":{"pkg":33.26129150390625,"pp0":0,"dram":11.01025390625},"cycles":4223319597}
{"runtime":770,"energy":{"pkg":32.60125732421875,"pp0":0,"dram":10.378662109375},"cycles":4252789821}
{"runtime":1061,"energy":{"pkg":39.4033203125,"pp0":0,"dram":12.90362548828125},"cycles":4627177317}
{"runtime":844,"energy":{"pkg":34.18994140625,"pp0":0,"dram":11.42926025390625},"cycles":4257520932}
{"runtime":1071,"energy":{"pkg":38.55517578125,"pp0":0,"dram":12.7171630859375},"cycles":4536488103}
{"runtime":879,"energy":{"pkg":34.86480712890625,"pp0":0,"dram":11.27484130859375},"cycles":4398067569}
