{"runtime":820,"energy":{"pkg":57.62738037109375,"pp0":0,"dram":10.03466796875},"cycles":41198295159}
{"runtime":838,"energy":{"pkg":58.9730224609375,"pp0":0,"dram":10.11944580078125},"cycles":42696551289}
{"runtime":739,"energy":{"pkg":52.36962890625,"pp0":0,"dram":8.99053955078125},"cycles":37109065518}
{"runtime":815,"energy":{"pkg":58.42279052734375,"pp0":0,"dram":10.09722900390625},"cycles":41641910016}
{"runtime":810,"energy":{"pkg":56.581787109375,"pp0":0,"dram":9.7529296875},"cycles":39585247716}
{"runtime":824,"energy":{"pkg":58.82464599609375,"pp0":0,"dram":10.09991455078125},"cycles":42539416374}
{"runtime":826,"energy":{"pkg":57.86260986328125,"pp0":0,"dram":10.116455078125},"cycles":40245552774}
{"runtime":864,"energy":{"pkg":62.19122314453125,"pp0":0,"dram":10.7486572265625},"cycles":47049606576}
{"runtime":776,"energy":{"pkg":54.6981201171875,"pp0":0,"dram":9.2523193359375},"cycles":37046483187}
{"runtime":785,"energy":{"pkg":54.74627685546875,"pp0":0,"dram":9.58245849609375},"cycles":38069454633}
{"runtime":764,"energy":{"pkg":53.84423828125,"pp0":0,"dram":9.27374267578125},"cycles":37972609899}
{"runtime":823,"energy":{"pkg":59.77337646484375,"pp0":0,"dram":10.17718505859375},"cycles":44680546638}
{"runtime":776,"energy":{"pkg":56.07952880859375,"pp0":0,"dram":9.51226806640625},"cycles":41427785238}
{"runtime":787,"energy":{"pkg":56.09771728515625,"pp0":0,"dram":9.66510009765625},"cycles":40191919488}
{"runtime":762,"energy":{"pkg":53.32415771484375,"pp0":0,"dram":9.19384765625},"cycles":36698717034}
{"runtime":805,"energy":{"pkg":57.557373046875,"pp0":0,"dram":9.81298828125},"cycles":41671165074}
{"runtime":818,"energy":{"pkg":59.46588134765625,"pp0":0,"dram":10.036376953125},"cycles":45062936919}
{"runtime":778,"energy":{"pkg":55.0382080078125,"pp0":0,"dram":9.5435791015625},"cycles":38365249755}
{"runtime":835,"energy":{"pkg":60.35882568359375,"pp0":0,"dram":10.288818359375},"cycles":45427062912}
{"runtime":767,"energy":{"pkg":53.8822021484375,"pp0":0,"dram":9.28375244140625},"cycles":36593018259}
{"runtime":802,"energy":{"pkg":57.494873046875,"pp0":0,"dram":9.77227783203125},"cycles":41883291555}
