{"runtime":1517,"energy":{"pkg":21.5596923828125,"pp0":17.62957763671875,"pp1":0.0189208984375,"dram":0.916748046875},"cycles":19318845061}
{"runtime":1498,"energy":{"pkg":22.03643798828125,"pp0":18.08306884765625,"pp1":0.0657958984375,"dram":0.95684814453125},"cycles":18945541206}
{"runtime":1447,"energy":{"pkg":21.18017578125,"pp0":17.42620849609375,"pp1":0.0089111328125,"dram":0.86346435546875},"cycles":18811165370}
{"runtime":1483,"energy":{"pkg":21.58984375,"pp0":17.728759765625,"pp1":0.01611328125,"dram":0.8861083984375},"cycles":19220247714}
{"runtime":1447,"energy":{"pkg":21.2303466796875,"pp0":17.48004150390625,"pp1":0.01031494140625,"dram":0.86456298828125},"cycles":18780228809}
{"runtime":1740,"energy":{"pkg":27.70867919921875,"pp0":21.5489501953125,"pp1":0.451416015625,"dram":1.3538818359375},"cycles":19022649141}
{"runtime":1793,"energy":{"pkg":30.01300048828125,"pp0":22.05914306640625,"pp1":0.41510009765625,"dram":1.28680419921875},"cycles":19449542050}
