{"runtime":15814,"energy":{"pkg":248.203369140625,"pp0":201.954345703125,"pp1":0.03173828125,"dram":9.13543701171875},"cycles":212013714412}
{"runtime":15952,"energy":{"pkg":251.0068359375,"pp0":203.85870361328125,"pp1":0.47869873046875,"dram":9.40032958984375},"cycles":212510906631}
{"runtime":15824,"energy":{"pkg":248.26123046875,"pp0":201.98431396484375,"pp1":0.04376220703125,"dram":9.141845703125},"cycles":212435911559}
{"runtime":15843,"energy":{"pkg":248.70587158203125,"pp0":202.36761474609375,"pp1":0.02850341796875,"dram":9.16278076171875},"cycles":211907947955}
{"runtime":15951,"energy":{"pkg":250.1951904296875,"pp0":203.54302978515625,"pp1":0.0201416015625,"dram":9.2110595703125},"cycles":212781369179}
{"runtime":15935,"energy":{"pkg":249.99505615234375,"pp0":203.3592529296875,"pp1":0.04302978515625,"dram":9.20428466796875},"cycles":213947730854}
{"runtime":15816,"energy":{"pkg":249.273681640625,"pp0":202.95013427734375,"pp1":0.029052734375,"dram":9.2037353515625},"cycles":211623847522}
