{"runtime":17435,"energy":{"pkg":273.99627685546875,"pp0":222.97137451171875,"pp1":0.03314208984375,"dram":10.07122802734375},"cycles":233614573896}
{"runtime":17726,"energy":{"pkg":278.5726318359375,"pp0":226.20751953125,"pp1":0.46478271484375,"dram":10.42584228515625},"cycles":235594849861}
{"runtime":17426,"energy":{"pkg":273.30291748046875,"pp0":222.3172607421875,"pp1":0.0513916015625,"dram":10.06488037109375},"cycles":233604174560}
{"runtime":17451,"energy":{"pkg":274.19622802734375,"pp0":223.13458251953125,"pp1":0.03399658203125,"dram":10.082275390625},"cycles":233948695504}
{"runtime":17435,"energy":{"pkg":273.61669921875,"pp0":222.62237548828125,"pp1":0.02825927734375,"dram":10.05902099609375},"cycles":233633123606}
{"runtime":17464,"energy":{"pkg":273.86102294921875,"pp0":222.803955078125,"pp1":0.0435791015625,"dram":10.07769775390625},"cycles":233837449860}
{"runtime":17421,"energy":{"pkg":273.45465087890625,"pp0":222.532958984375,"pp1":0.03662109375,"dram":10.05767822265625},"cycles":233543682166}
