{"runtime":19003,"energy":{"pkg":298.4371337890625,"pp0":242.8421630859375,"pp1":0.0330810546875,"dram":10.96331787109375},"cycles":254987936288}
{"runtime":19108,"energy":{"pkg":301.17926025390625,"pp0":244.70831298828125,"pp1":0.49346923828125,"dram":11.20013427734375},"cycles":255034595266}
{"runtime":19048,"energy":{"pkg":299.68145751953125,"pp0":243.90142822265625,"pp1":0.0364990234375,"dram":11.021728515625},"cycles":254972227332}
{"runtime":19011,"energy":{"pkg":298.367919921875,"pp0":242.738037109375,"pp1":0.02685546875,"dram":10.97216796875},"cycles":254949097344}
{"runtime":19133,"energy":{"pkg":300.66815185546875,"pp0":244.62640380859375,"pp1":0.03350830078125,"dram":11.10040283203125},"cycles":255840576828}
{"runtime":19047,"energy":{"pkg":299.54638671875,"pp0":243.7669677734375,"pp1":0.03411865234375,"dram":10.9825439453125},"cycles":255522745554}
{"runtime":19002,"energy":{"pkg":299.151123046875,"pp0":243.49151611328125,"pp1":0.0404052734375,"dram":10.9769287109375},"cycles":254543345899}
