{"runtime":20571,"energy":{"pkg":323.41448974609375,"pp0":263.17962646484375,"pp1":0.03253173828125,"dram":11.855224609375},"cycles":276425198123}
{"runtime":20735,"energy":{"pkg":327.05035400390625,"pp0":265.78582763671875,"pp1":0.5096435546875,"dram":12.1136474609375},"cycles":277009362867}
{"runtime":20596,"energy":{"pkg":324.7777099609375,"pp0":264.46209716796875,"pp1":0.03900146484375,"dram":11.8936767578125},"cycles":276133883955}
{"runtime":20648,"energy":{"pkg":324.90582275390625,"pp0":264.44097900390625,"pp1":0.03466796875,"dram":11.92718505859375},"cycles":276879521061}
{"runtime":20718,"energy":{"pkg":325.422607421875,"pp0":264.73101806640625,"pp1":0.02886962890625,"dram":11.94818115234375},"cycles":277224631114}
{"runtime":20605,"energy":{"pkg":324.43756103515625,"pp0":264.015625,"pp1":0.0301513671875,"dram":11.883056640625},"cycles":276569957590}
{"runtime":20574,"energy":{"pkg":324.08251953125,"pp0":263.718505859375,"pp1":0.04083251953125,"dram":11.84765625},"cycles":276834600650}
