{"runtime":22320,"energy":{"pkg":351.43182373046875,"pp0":285.9366455078125,"pp1":0.03082275390625,"dram":12.86187744140625},"cycles":299744128033}
{"runtime":22494,"energy":{"pkg":388.8016357421875,"pp0":290.17559814453125,"pp1":0.5048828125,"dram":12.539794921875},"cycles":299884228143}
{"runtime":22185,"energy":{"pkg":351.063232421875,"pp0":285.68927001953125,"pp1":0.049560546875,"dram":12.78875732421875},"cycles":298315353589}
{"runtime":22303,"energy":{"pkg":351.761962890625,"pp0":286.26910400390625,"pp1":0.03472900390625,"dram":12.85418701171875},"cycles":298362649698}
{"runtime":22209,"energy":{"pkg":349.3031005859375,"pp0":284.212158203125,"pp1":0.0245361328125,"dram":12.7799072265625},"cycles":298537586752}
{"runtime":22106,"energy":{"pkg":347.67242431640625,"pp0":282.912109375,"pp1":0.04620361328125,"dram":12.73211669921875},"cycles":297459206440}
{"runtime":22216,"energy":{"pkg":348.7567138671875,"pp0":283.719970703125,"pp1":0.0262451171875,"dram":12.80303955078125},"cycles":297904028581}
