{"runtime":23789,"energy":{"pkg":373.0777587890625,"pp0":303.47125244140625,"pp1":0.0445556640625,"dram":13.69158935546875},"cycles":319893425128}
{"runtime":23950,"energy":{"pkg":376.42791748046875,"pp0":305.81005859375,"pp1":0.49920654296875,"dram":13.97430419921875},"cycles":319368832200}
{"runtime":23815,"energy":{"pkg":374.04718017578125,"pp0":304.38214111328125,"pp1":0.0321044921875,"dram":13.7451171875},"cycles":319426489363}
{"runtime":23913,"energy":{"pkg":375.5567626953125,"pp0":305.29779052734375,"pp1":0.0889892578125,"dram":13.8536376953125},"cycles":319702249569}
{"runtime":23830,"energy":{"pkg":373.7939453125,"pp0":303.881591796875,"pp1":0.0391845703125,"dram":13.73614501953125},"cycles":319875781075}
{"runtime":23793,"energy":{"pkg":373.4427490234375,"pp0":303.86248779296875,"pp1":0.0399169921875,"dram":13.7568359375},"cycles":319355306348}
{"runtime":23811,"energy":{"pkg":373.4033203125,"pp0":303.8160400390625,"pp1":0.0244140625,"dram":13.7144775390625},"cycles":319467805697}
