{"runtime":26976,"energy":{"pkg":422.02117919921875,"pp0":343.3525390625,"pp1":0.03704833984375,"dram":15.53826904296875},"cycles":362256060461}
{"runtime":27030,"energy":{"pkg":423.4078369140625,"pp0":344.08837890625,"pp1":0.46484375,"dram":15.71746826171875},"cycles":362188574985}
{"runtime":27052,"energy":{"pkg":423.02691650390625,"pp0":344.131591796875,"pp1":0.03961181640625,"dram":15.638916015625},"cycles":362797912981}
{"runtime":27008,"energy":{"pkg":421.2974853515625,"pp0":342.61785888671875,"pp1":0.03753662109375,"dram":15.52972412109375},"cycles":362717546597}
{"runtime":26904,"energy":{"pkg":420.1630859375,"pp0":341.81927490234375,"pp1":0.03326416015625,"dram":15.4765625},"cycles":361823320823}
{"runtime":26932,"energy":{"pkg":420.2618408203125,"pp0":341.85894775390625,"pp1":0.03973388671875,"dram":15.48370361328125},"cycles":362259681459}
{"runtime":26998,"energy":{"pkg":421.0826416015625,"pp0":342.503662109375,"pp1":0.03466796875,"dram":15.52947998046875},"cycles":362816701085}
