{"runtime":28693,"energy":{"pkg":446.0828857421875,"pp0":362.587646484375,"pp1":0.037353515625,"dram":16.49005126953125},"cycles":384917393256}
{"runtime":28756,"energy":{"pkg":447.57000732421875,"pp0":363.43267822265625,"pp1":0.45074462890625,"dram":16.7236328125},"cycles":383836137815}
{"runtime":28475,"energy":{"pkg":443.96575927734375,"pp0":361.154296875,"pp1":0.0396728515625,"dram":16.37432861328125},"cycles":383277386166}
{"runtime":28574,"energy":{"pkg":444.72906494140625,"pp0":361.66802978515625,"pp1":0.02032470703125,"dram":16.43280029296875},"cycles":383851347971}
{"runtime":28579,"energy":{"pkg":445.12396240234375,"pp0":362.01226806640625,"pp1":0.03515625,"dram":16.454833984375},"cycles":384152384306}
{"runtime":28688,"energy":{"pkg":444.9525146484375,"pp0":361.59100341796875,"pp1":0.0250244140625,"dram":16.49786376953125},"cycles":384038748796}
{"runtime":28617,"energy":{"pkg":445.286865234375,"pp0":362.09869384765625,"pp1":0.03363037109375,"dram":16.5126953125},"cycles":384135402117}
