{"runtime":3407,"energy":{"pkg":56.63482666015625,"pp0":41.6842041015625,"pp1":0.6575927734375,"dram":2.13592529296875},"cycles":40922337532}
{"runtime":3224,"energy":{"pkg":52.5806884765625,"pp0":38.81219482421875,"pp1":0.41796875,"dram":1.82696533203125},"cycles":40740263030}
{"runtime":3058,"energy":{"pkg":44.87054443359375,"pp0":36.684814453125,"pp1":0,"dram":1.79296875},"cycles":40304285933}
{"runtime":3449,"energy":{"pkg":55.3841552734375,"pp0":41.36248779296875,"pp1":0.52789306640625,"dram":2.1072998046875},"cycles":42365835759}
{"runtime":3164,"energy":{"pkg":51.63470458984375,"pp0":38.30157470703125,"pp1":0.19366455078125,"dram":1.76019287109375},"cycles":40475889611}
{"runtime":3065,"energy":{"pkg":45.8204345703125,"pp0":37.01318359375,"pp1":0,"dram":1.7652587890625},"cycles":40391717860}
{"runtime":3085,"energy":{"pkg":45.88934326171875,"pp0":37.53668212890625,"pp1":0.01837158203125,"dram":1.85546875},"cycles":40290880607}
