{"runtime":4673,"energy":{"pkg":69.26275634765625,"pp0":56.607177734375,"pp1":0.01812744140625,"dram":2.76812744140625},"cycles":61784894832}
{"runtime":4841,"energy":{"pkg":72.5291748046875,"pp0":58.90643310546875,"pp1":0.41009521484375,"dram":3.05517578125},"cycles":62262199443}
{"runtime":4738,"energy":{"pkg":70.9017333984375,"pp0":57.98663330078125,"pp1":0.0284423828125,"dram":2.83624267578125},"cycles":61772158751}
{"runtime":4749,"energy":{"pkg":70.5960693359375,"pp0":57.66583251953125,"pp1":0.0233154296875,"dram":2.80841064453125},"cycles":61976336792}
{"runtime":4701,"energy":{"pkg":70.505126953125,"pp0":57.68304443359375,"pp1":0.03826904296875,"dram":2.78765869140625},"cycles":61902578220}
{"runtime":4771,"energy":{"pkg":71.3262939453125,"pp0":58.30120849609375,"pp1":0.0364990234375,"dram":2.81707763671875},"cycles":62387004220}
{"runtime":4810,"energy":{"pkg":72.56915283203125,"pp0":59.37628173828125,"pp1":0.0218505859375,"dram":2.91778564453125},"cycles":62089625018}
