{"runtime":11076,"energy":{"pkg":170.995361328125,"pp0":139.03277587890625,"pp1":0.028076171875,"dram":6.42547607421875},"cycles":147623707573}
{"runtime":11190,"energy":{"pkg":174.59307861328125,"pp0":141.7335205078125,"pp1":0.4898681640625,"dram":6.6776123046875},"cycles":147824434348}
{"runtime":11053,"energy":{"pkg":171.8592529296875,"pp0":139.91650390625,"pp1":0.02777099609375,"dram":6.4283447265625},"cycles":147657897814}
{"runtime":11046,"energy":{"pkg":172.0733642578125,"pp0":140.1234130859375,"pp1":0.02642822265625,"dram":6.405029296875},"cycles":147627116749}
{"runtime":11058,"energy":{"pkg":172.46734619140625,"pp0":140.4486083984375,"pp1":0.0264892578125,"dram":6.41363525390625},"cycles":147630851622}
{"runtime":11062,"energy":{"pkg":172.36907958984375,"pp0":140.295654296875,"pp1":0.04058837890625,"dram":6.419921875},"cycles":148160551221}
{"runtime":11073,"energy":{"pkg":172.51171875,"pp0":140.40570068359375,"pp1":0.02685546875,"dram":6.4228515625},"cycles":148031297335}
