{"runtime":14241,"energy":{"pkg":222.82666015625,"pp0":181.28558349609375,"pp1":0.042724609375,"dram":8.23468017578125},"cycles":190965231540}
{"runtime":14436,"energy":{"pkg":226.82073974609375,"pp0":184.11700439453125,"pp1":0.5203857421875,"dram":8.5350341796875},"cycles":191515153514}
{"runtime":14261,"energy":{"pkg":223.51800537109375,"pp0":181.87701416015625,"pp1":0.03369140625,"dram":8.26422119140625},"cycles":190295262791}
{"runtime":14286,"energy":{"pkg":223.71490478515625,"pp0":182.0069580078125,"pp1":0.02838134765625,"dram":8.2613525390625},"cycles":190753742195}
{"runtime":14205,"energy":{"pkg":222.76214599609375,"pp0":181.24542236328125,"pp1":0.041015625,"dram":8.21527099609375},"cycles":190585640337}
{"runtime":14246,"energy":{"pkg":223.43402099609375,"pp0":181.79327392578125,"pp1":0.03082275390625,"dram":8.23565673828125},"cycles":190997732004}
{"runtime":14265,"energy":{"pkg":223.97412109375,"pp0":182.23828125,"pp1":0.04107666015625,"dram":8.25732421875},"cycles":190687629052}
