{"runtime":90786,"energy":{"pkg":903.8339233398438,"pp0":480.17620849609375,"pp1":15.6878662109375,"dram":0},"perf_counters":{"PERF_COUNT_HW_REF_CPU_CYCLES":1838537919715,"PERF_COUNT_HW_BRANCH_INSTRUCTIONS":206989341908,"PERF_COUNT_HW_CACHE_MISSES":872056655,"PERF_COUNT_HW_INSTRUCTIONS":1059917685661,"PERF_COUNT_HW_BRANCH_MISSES":1425308937,"PERF_COUNT_HW_CACHE_REFERENCES":1478967132,"PERF_COUNT_HW_CPU_CYCLES":724467503629}}
{"runtime":91589,"energy":{"pkg":911.3741455078125,"pp0":482.9754638671875,"pp1":17.1397705078125,"dram":0},"perf_counters":{"PERF_COUNT_HW_REF_CPU_CYCLES":1852032941199,"PERF_COUNT_HW_BRANCH_INSTRUCTIONS":204962111838,"PERF_COUNT_HW_CACHE_MISSES":876394545,"PERF_COUNT_HW_INSTRUCTIONS":1055963717696,"PERF_COUNT_HW_BRANCH_MISSES":1581679186,"PERF_COUNT_HW_CACHE_REFERENCES":1484438621,"PERF_COUNT_HW_CPU_CYCLES":728972575155}}
{"runtime":92436,"energy":{"pkg":920.1527709960938,"pp0":487.34075927734375,"pp1":17.9622802734375,"dram":0},"perf_counters":{"PERF_COUNT_HW_REF_CPU_CYCLES":1871254843562,"PERF_COUNT_HW_BRANCH_INSTRUCTIONS":205404349724,"PERF_COUNT_HW_CACHE_MISSES":878792905,"PERF_COUNT_HW_INSTRUCTIONS":1056755719190,"PERF_COUNT_HW_BRANCH_MISSES":1600175129,"PERF_COUNT_HW_CACHE_REFERENCES":1484306687,"PERF_COUNT_HW_CPU_CYCLES":735349859655}}
{"runtime":91935,"energy":{"pkg":914.716064453125,"pp0":484.00677490234375,"pp1":18.2896728515625,"dram":0},"perf_counters":{"PERF_COUNT_HW_REF_CPU_CYCLES":1858088257327,"PERF_COUNT_HW_BRANCH_INSTRUCTIONS":207008785427,"PERF_COUNT_HW_CACHE_MISSES":872554196,"PERF_COUNT_HW_INSTRUCTIONS":1060010102877,"PERF_COUNT_HW_BRANCH_MISSES":1434336329,"PERF_COUNT_HW_CACHE_REFERENCES":1476104350,"PERF_COUNT_HW_CPU_CYCLES":725842677284}}
{"runtime":91548,"energy":{"pkg":910.8836059570312,"pp0":483.25360107421875,"pp1":17.331787109375,"dram":0},"perf_counters":{"PERF_COUNT_HW_REF_CPU_CYCLES":1852263220867,"PERF_COUNT_HW_BRANCH_INSTRUCTIONS":204926084449,"PERF_COUNT_HW_CACHE_MISSES":871939674,"PERF_COUNT_HW_INSTRUCTIONS":1055807280362,"PERF_COUNT_HW_BRANCH_MISSES":1575584781,"PERF_COUNT_HW_CACHE_REFERENCES":1485843706,"PERF_COUNT_HW_CPU_CYCLES":730549119181}}
{"runtime":92027,"energy":{"pkg":916.1543579101562,"pp0":485.50970458984375,"pp1":18.296142578125,"dram":0},"perf_counters":{"PERF_COUNT_HW_REF_CPU_CYCLES":1858529337708,"PERF_COUNT_HW_BRANCH_INSTRUCTIONS":204262780252,"PERF_COUNT_HW_CACHE_MISSES":869503610,"PERF_COUNT_HW_INSTRUCTIONS":1054485349467,"PERF_COUNT_HW_BRANCH_MISSES":1438605561,"PERF_COUNT_HW_CACHE_REFERENCES":1481436924,"PERF_COUNT_HW_CPU_CYCLES":725583912575}}
{"runtime":90866,"energy":{"pkg":904.09326171875,"pp0":480.04278564453125,"pp1":16.9130859375,"dram":0},"perf_counters":{"PERF_COUNT_HW_REF_CPU_CYCLES":1835102715207,"PERF_COUNT_HW_BRANCH_INSTRUCTIONS":206256574949,"PERF_COUNT_HW_CACHE_MISSES":872287459,"PERF_COUNT_HW_INSTRUCTIONS":1058496213672,"PERF_COUNT_HW_BRANCH_MISSES":1436559308,"PERF_COUNT_HW_CACHE_REFERENCES":1481570066,"PERF_COUNT_HW_CPU_CYCLES":724811334835}}
{"runtime":91151,"energy":{"pkg":907.4022216796875,"pp0":480.7005615234375,"pp1":17.96240234375,"dram":0},"perf_counters":{"PERF_COUNT_HW_REF_CPU_CYCLES":1844224815063,"PERF_COUNT_HW_BRANCH_INSTRUCTIONS":206992519925,"PERF_COUNT_HW_CACHE_MISSES":872973503,"PERF_COUNT_HW_INSTRUCTIONS":1059935271105,"PERF_COUNT_HW_BRANCH_MISSES":1431608890,"PERF_COUNT_HW_CACHE_REFERENCES":1477947385,"PERF_COUNT_HW_CPU_CYCLES":724819910485}}
{"runtime":92451,"energy":{"pkg":920.2100219726562,"pp0":487.04132080078125,"pp1":18.1722412109375,"dram":0},"perf_counters":{"PERF_COUNT_HW_REF_CPU_CYCLES":1874456394853,"PERF_COUNT_HW_BRANCH_INSTRUCTIONS":205427689845,"PERF_COUNT_HW_CACHE_MISSES":876889954,"PERF_COUNT_HW_INSTRUCTIONS":1056862353410,"PERF_COUNT_HW_BRANCH_MISSES":1603068873,"PERF_COUNT_HW_CACHE_REFERENCES":1484446644,"PERF_COUNT_HW_CPU_CYCLES":736117717343}}
{"runtime":91625,"energy":{"pkg":911.6651000976562,"pp0":482.33837890625,"pp1":17.6673583984375,"dram":0},"perf_counters":{"PERF_COUNT_HW_REF_CPU_CYCLES":1853865750374,"PERF_COUNT_HW_BRANCH_INSTRUCTIONS":206263207462,"PERF_COUNT_HW_CACHE_MISSES":870202979,"PERF_COUNT_HW_INSTRUCTIONS":1058513859204,"PERF_COUNT_HW_BRANCH_MISSES":1434440832,"PERF_COUNT_HW_CACHE_REFERENCES":1479876684,"PERF_COUNT_HW_CPU_CYCLES":727368061904}}
{"runtime":91946,"energy":{"pkg":914.576171875,"pp0":483.573974609375,"pp1":18.3648681640625,"dram":0},"perf_counters":{"PERF_COUNT_HW_REF_CPU_CYCLES":1854818983498,"PERF_COUNT_HW_BRANCH_INSTRUCTIONS":206993171267,"PERF_COUNT_HW_CACHE_MISSES":874679577,"PERF_COUNT_HW_INSTRUCTIONS":1059938505569,"PERF_COUNT_HW_BRANCH_MISSES":1428333409,"PERF_COUNT_HW_CACHE_REFERENCES":1477116797,"PERF_COUNT_HW_CPU_CYCLES":726742998126}}
