{"runtime":392373,"energy":{"pkg":3904.74560546875,"pp0":2105.8197021484375,"pp1":79.391845703125,"dram":0},"perf_counters":{"PERF_COUNT_HW_REF_CPU_CYCLES":8016971736136,"PERF_COUNT_HW_BRANCH_INSTRUCTIONS":1055750908299,"PERF_COUNT_HW_CACHE_MISSES":84323035,"PERF_COUNT_HW_INSTRUCTIONS":5898521972764,"PERF_COUNT_HW_BRANCH_MISSES":1734008067,"PERF_COUNT_HW_CACHE_REFERENCES":292321668,"PERF_COUNT_HW_CPU_CYCLES":3030030557392}}
{"runtime":376120,"energy":{"pkg":3743.0227661132812,"pp0":2012.929931640625,"pp1":84.4285888671875,"dram":0},"perf_counters":{"PERF_COUNT_HW_REF_CPU_CYCLES":7691001480253,"PERF_COUNT_HW_BRANCH_INSTRUCTIONS":1056390651629,"PERF_COUNT_HW_CACHE_MISSES":84658457,"PERF_COUNT_HW_INSTRUCTIONS":5897018353348,"PERF_COUNT_HW_BRANCH_MISSES":1715634249,"PERF_COUNT_HW_CACHE_REFERENCES":290555987,"PERF_COUNT_HW_CPU_CYCLES":2997804621650}}
{"runtime":392651,"energy":{"pkg":3907.3858642578125,"pp0":2094.8715209960938,"pp1":95.8533935546875,"dram":0},"perf_counters":{"PERF_COUNT_HW_REF_CPU_CYCLES":8022748917373,"PERF_COUNT_HW_BRANCH_INSTRUCTIONS":1032550520821,"PERF_COUNT_HW_CACHE_MISSES":85466634,"PERF_COUNT_HW_INSTRUCTIONS":5850810129443,"PERF_COUNT_HW_BRANCH_MISSES":1717815160,"PERF_COUNT_HW_CACHE_REFERENCES":293106704,"PERF_COUNT_HW_CPU_CYCLES":3022789558247}}
{"runtime":400204,"energy":{"pkg":3982.66943359375,"pp0":2129.51513671875,"pp1":95.37109375,"dram":0},"perf_counters":{"PERF_COUNT_HW_REF_CPU_CYCLES":8162545252835,"PERF_COUNT_HW_BRANCH_INSTRUCTIONS":1032397095593,"PERF_COUNT_HW_CACHE_MISSES":85535079,"PERF_COUNT_HW_INSTRUCTIONS":5851330902490,"PERF_COUNT_HW_BRANCH_MISSES":1737465212,"PERF_COUNT_HW_CACHE_REFERENCES":296921211,"PERF_COUNT_HW_CPU_CYCLES":3003539256366}}
{"runtime":397160,"energy":{"pkg":3952.3751831054688,"pp0":2109.7192993164062,"pp1":87.6602783203125,"dram":0},"perf_counters":{"PERF_COUNT_HW_REF_CPU_CYCLES":8102116778913,"PERF_COUNT_HW_BRANCH_INSTRUCTIONS":1029825202142,"PERF_COUNT_HW_CACHE_MISSES":83770588,"PERF_COUNT_HW_INSTRUCTIONS":5844637331506,"PERF_COUNT_HW_BRANCH_MISSES":1751782812,"PERF_COUNT_HW_CACHE_REFERENCES":291017139,"PERF_COUNT_HW_CPU_CYCLES":2993149087166}}
{"runtime":406506,"energy":{"pkg":4045.322265625,"pp0":2141.0199584960938,"pp1":98.8856201171875,"dram":0},"perf_counters":{"PERF_COUNT_HW_REF_CPU_CYCLES":8285621152625,"PERF_COUNT_HW_BRANCH_INSTRUCTIONS":1031993604494,"PERF_COUNT_HW_CACHE_MISSES":87181095,"PERF_COUNT_HW_INSTRUCTIONS":5847733238622,"PERF_COUNT_HW_BRANCH_MISSES":1722713150,"PERF_COUNT_HW_CACHE_REFERENCES":300313709,"PERF_COUNT_HW_CPU_CYCLES":2989488095746}}
{"runtime":413404,"energy":{"pkg":4114.0838623046875,"pp0":2187.67822265625,"pp1":87.219482421875,"dram":0},"perf_counters":{"PERF_COUNT_HW_REF_CPU_CYCLES":8429768593519,"PERF_COUNT_HW_BRANCH_INSTRUCTIONS":1057837236513,"PERF_COUNT_HW_CACHE_MISSES":85463173,"PERF_COUNT_HW_INSTRUCTIONS":5901278588781,"PERF_COUNT_HW_BRANCH_MISSES":1716224226,"PERF_COUNT_HW_CACHE_REFERENCES":294895146,"PERF_COUNT_HW_CPU_CYCLES":2994348549761}}
{"runtime":417105,"energy":{"pkg":4150.848327636719,"pp0":2199.5480346679688,"pp1":92.1087646484375,"dram":0},"perf_counters":{"PERF_COUNT_HW_REF_CPU_CYCLES":8497589175775,"PERF_COUNT_HW_BRANCH_INSTRUCTIONS":1029119804169,"PERF_COUNT_HW_CACHE_MISSES":87338073,"PERF_COUNT_HW_INSTRUCTIONS":5840688029424,"PERF_COUNT_HW_BRANCH_MISSES":1717798485,"PERF_COUNT_HW_CACHE_REFERENCES":298259886,"PERF_COUNT_HW_CPU_CYCLES":2993126960504}}
{"runtime":414104,"energy":{"pkg":4120.914123535156,"pp0":2172.8305053710938,"pp1":98.9010009765625,"dram":0},"perf_counters":{"PERF_COUNT_HW_REF_CPU_CYCLES":8439738306011,"PERF_COUNT_HW_BRANCH_INSTRUCTIONS":1057845129149,"PERF_COUNT_HW_CACHE_MISSES":86676643,"PERF_COUNT_HW_INSTRUCTIONS":5898920395287,"PERF_COUNT_HW_BRANCH_MISSES":1724842920,"PERF_COUNT_HW_CACHE_REFERENCES":296671280,"PERF_COUNT_HW_CPU_CYCLES":2989926582607}}
{"runtime":423339,"energy":{"pkg":4213.013610839844,"pp0":2226.9869384765625,"pp1":94.0899658203125,"dram":0},"perf_counters":{"PERF_COUNT_HW_REF_CPU_CYCLES":8631472643951,"PERF_COUNT_HW_BRANCH_INSTRUCTIONS":1055048054610,"PERF_COUNT_HW_CACHE_MISSES":85943237,"PERF_COUNT_HW_INSTRUCTIONS":5892298605238,"PERF_COUNT_HW_BRANCH_MISSES":1732149452,"PERF_COUNT_HW_CACHE_REFERENCES":295240383,"PERF_COUNT_HW_CPU_CYCLES":3016158821060}}
{"runtime":423873,"energy":{"pkg":4218.2061767578125,"pp0":2224.1541748046875,"pp1":97.35986328125,"dram":0},"perf_counters":{"PERF_COUNT_HW_REF_CPU_CYCLES":8631342502763,"PERF_COUNT_HW_BRANCH_INSTRUCTIONS":1029515453984,"PERF_COUNT_HW_CACHE_MISSES":85817986,"PERF_COUNT_HW_INSTRUCTIONS":5844176789930,"PERF_COUNT_HW_BRANCH_MISSES":1730226836,"PERF_COUNT_HW_CACHE_REFERENCES":297192939,"PERF_COUNT_HW_CPU_CYCLES":3005396234795}}
