{"runtime":404778,"energy":{"pkg":4028.0838623046875,"pp0":2108.150146484375,"pp1":86.1170654296875,"dram":0},"perf_counters":{"PERF_COUNT_HW_REF_CPU_CYCLES":1134674840007,"PERF_COUNT_HW_BRANCH_INSTRUCTIONS":721851795531,"PERF_COUNT_HW_CACHE_MISSES":3294166,"PERF_COUNT_HW_INSTRUCTIONS":4285462807309,"PERF_COUNT_HW_BRANCH_MISSES":180012917,"PERF_COUNT_HW_CACHE_REFERENCES":14050787,"PERF_COUNT_HW_CPU_CYCLES":1023996087526}}
{"runtime":436958,"energy":{"pkg":4348.2919921875,"pp0":2265.3712768554688,"pp1":91.446533203125,"dram":0},"perf_counters":{"PERF_COUNT_HW_REF_CPU_CYCLES":1224854561749,"PERF_COUNT_HW_BRANCH_INSTRUCTIONS":721859601522,"PERF_COUNT_HW_CACHE_MISSES":3973151,"PERF_COUNT_HW_INSTRUCTIONS":4285511244423,"PERF_COUNT_HW_BRANCH_MISSES":261693662,"PERF_COUNT_HW_CACHE_REFERENCES":15327302,"PERF_COUNT_HW_CPU_CYCLES":1124042567439}}
{"runtime":408499,"energy":{"pkg":4065.107421875,"pp0":2118.37353515625,"pp1":84.7637939453125,"dram":0},"perf_counters":{"PERF_COUNT_HW_REF_CPU_CYCLES":1145032309884,"PERF_COUNT_HW_BRANCH_INSTRUCTIONS":721558102245,"PERF_COUNT_HW_CACHE_MISSES":3912527,"PERF_COUNT_HW_INSTRUCTIONS":4284896548217,"PERF_COUNT_HW_BRANCH_MISSES":190639102,"PERF_COUNT_HW_CACHE_REFERENCES":14076884,"PERF_COUNT_HW_CPU_CYCLES":1029408460161}}
{"runtime":407413,"energy":{"pkg":4054.3023071289062,"pp0":2119.6082763671875,"pp1":86.409912109375,"dram":0},"perf_counters":{"PERF_COUNT_HW_REF_CPU_CYCLES":1142018880980,"PERF_COUNT_HW_BRANCH_INSTRUCTIONS":721654211985,"PERF_COUNT_HW_CACHE_MISSES":3331386,"PERF_COUNT_HW_INSTRUCTIONS":4285076016344,"PERF_COUNT_HW_BRANCH_MISSES":176525540,"PERF_COUNT_HW_CACHE_REFERENCES":14540970,"PERF_COUNT_HW_CPU_CYCLES":1032307582646}}
{"runtime":418760,"energy":{"pkg":4167.188232421875,"pp0":2184.1437377929688,"pp1":86.700439453125,"dram":0},"perf_counters":{"PERF_COUNT_HW_REF_CPU_CYCLES":1173805861404,"PERF_COUNT_HW_BRANCH_INSTRUCTIONS":721760475994,"PERF_COUNT_HW_CACHE_MISSES":3648445,"PERF_COUNT_HW_INSTRUCTIONS":4285310848006,"PERF_COUNT_HW_BRANCH_MISSES":179930851,"PERF_COUNT_HW_CACHE_REFERENCES":13489914,"PERF_COUNT_HW_CPU_CYCLES":1066738666680}}
{"runtime":388072,"energy":{"pkg":3861.685546875,"pp0":2076.2841796875,"pp1":78.7542724609375,"dram":0},"perf_counters":{"PERF_COUNT_HW_REF_CPU_CYCLES":1087844514888,"PERF_COUNT_HW_BRANCH_INSTRUCTIONS":721648504347,"PERF_COUNT_HW_CACHE_MISSES":3181677,"PERF_COUNT_HW_INSTRUCTIONS":4285042127440,"PERF_COUNT_HW_BRANCH_MISSES":176774874,"PERF_COUNT_HW_CACHE_REFERENCES":12987564,"PERF_COUNT_HW_CPU_CYCLES":1028601597536}}
{"runtime":387534,"energy":{"pkg":3856.4939575195312,"pp0":2135.0582275390625,"pp1":73.1376953125,"dram":0},"perf_counters":{"PERF_COUNT_HW_REF_CPU_CYCLES":1086268286186,"PERF_COUNT_HW_BRANCH_INSTRUCTIONS":721853256656,"PERF_COUNT_HW_CACHE_MISSES":3692631,"PERF_COUNT_HW_INSTRUCTIONS":4285466229186,"PERF_COUNT_HW_BRANCH_MISSES":237738457,"PERF_COUNT_HW_CACHE_REFERENCES":13262088,"PERF_COUNT_HW_CPU_CYCLES":1064708651632}}
{"runtime":370881,"energy":{"pkg":3690.7609252929688,"pp0":2057.995849609375,"pp1":71.8629150390625,"dram":0},"perf_counters":{"PERF_COUNT_HW_REF_CPU_CYCLES":1039235880204,"PERF_COUNT_HW_BRANCH_INSTRUCTIONS":721846181959,"PERF_COUNT_HW_CACHE_MISSES":2954269,"PERF_COUNT_HW_INSTRUCTIONS":4285426417053,"PERF_COUNT_HW_BRANCH_MISSES":177229140,"PERF_COUNT_HW_CACHE_REFERENCES":13060679,"PERF_COUNT_HW_CPU_CYCLES":1023231307862}}
{"runtime":377346,"energy":{"pkg":3755.1151123046875,"pp0":2096.51416015625,"pp1":73.22900390625,"dram":0},"perf_counters":{"PERF_COUNT_HW_REF_CPU_CYCLES":1057790030251,"PERF_COUNT_HW_BRANCH_INSTRUCTIONS":721846977477,"PERF_COUNT_HW_CACHE_MISSES":3010966,"PERF_COUNT_HW_INSTRUCTIONS":4285431343408,"PERF_COUNT_HW_BRANCH_MISSES":307164452,"PERF_COUNT_HW_CACHE_REFERENCES":12803794,"PERF_COUNT_HW_CPU_CYCLES":1037936789862}}
{"runtime":370851,"energy":{"pkg":3690.4520263671875,"pp0":2061.8738403320312,"pp1":72.521484375,"dram":0},"perf_counters":{"PERF_COUNT_HW_REF_CPU_CYCLES":1039524044492,"PERF_COUNT_HW_BRANCH_INSTRUCTIONS":721546248191,"PERF_COUNT_HW_CACHE_MISSES":3016929,"PERF_COUNT_HW_INSTRUCTIONS":4284826590974,"PERF_COUNT_HW_BRANCH_MISSES":176602914,"PERF_COUNT_HW_CACHE_REFERENCES":12934191,"PERF_COUNT_HW_CPU_CYCLES":1026754836830}}
{"runtime":372725,"energy":{"pkg":3709.0872192382812,"pp0":2072.0831298828125,"pp1":72.2637939453125,"dram":0},"perf_counters":{"PERF_COUNT_HW_REF_CPU_CYCLES":1044832578504,"PERF_COUNT_HW_BRANCH_INSTRUCTIONS":721845674427,"PERF_COUNT_HW_CACHE_MISSES":3024467,"PERF_COUNT_HW_INSTRUCTIONS":4285423667622,"PERF_COUNT_HW_BRANCH_MISSES":176693859,"PERF_COUNT_HW_CACHE_REFERENCES":12171896,"PERF_COUNT_HW_CPU_CYCLES":1030426422324}}
