{"runtime":9471,"energy":{"pkg":94.3375244140625,"pp0":52.18804931640625,"pp1":2.0067138671875,"dram":0},"perf_counters":{"PERF_COUNT_HW_REF_CPU_CYCLES":91871090497,"PERF_COUNT_HW_BRANCH_INSTRUCTIONS":21549159095,"PERF_COUNT_HW_CACHE_MISSES":43704786,"PERF_COUNT_HW_INSTRUCTIONS":115239862543,"PERF_COUNT_HW_BRANCH_MISSES":333045468,"PERF_COUNT_HW_CACHE_REFERENCES":84605152,"PERF_COUNT_HW_CPU_CYCLES":52250906681}}
{"runtime":9395,"energy":{"pkg":93.3968505859375,"pp0":51.67584228515625,"pp1":1.9361572265625,"dram":0},"perf_counters":{"PERF_COUNT_HW_REF_CPU_CYCLES":90203363376,"PERF_COUNT_HW_BRANCH_INSTRUCTIONS":21557088657,"PERF_COUNT_HW_CACHE_MISSES":44007511,"PERF_COUNT_HW_INSTRUCTIONS":115271373159,"PERF_COUNT_HW_BRANCH_MISSES":333395885,"PERF_COUNT_HW_CACHE_REFERENCES":85459458,"PERF_COUNT_HW_CPU_CYCLES":51901980711}}
{"runtime":9423,"energy":{"pkg":93.85137939453125,"pp0":51.93890380859375,"pp1":2.039794921875,"dram":0},"perf_counters":{"PERF_COUNT_HW_REF_CPU_CYCLES":90332471614,"PERF_COUNT_HW_BRANCH_INSTRUCTIONS":21551719050,"PERF_COUNT_HW_CACHE_MISSES":43942880,"PERF_COUNT_HW_INSTRUCTIONS":115245354793,"PERF_COUNT_HW_BRANCH_MISSES":334412778,"PERF_COUNT_HW_CACHE_REFERENCES":84646891,"PERF_COUNT_HW_CPU_CYCLES":51751258274}}
{"runtime":9418,"energy":{"pkg":93.6346435546875,"pp0":51.779541015625,"pp1":1.952880859375,"dram":0},"perf_counters":{"PERF_COUNT_HW_REF_CPU_CYCLES":90878094711,"PERF_COUNT_HW_BRANCH_INSTRUCTIONS":21556812631,"PERF_COUNT_HW_CACHE_MISSES":43743373,"PERF_COUNT_HW_INSTRUCTIONS":115269935736,"PERF_COUNT_HW_BRANCH_MISSES":333538915,"PERF_COUNT_HW_CACHE_REFERENCES":84701219,"PERF_COUNT_HW_CPU_CYCLES":51994182135}}
{"runtime":9416,"energy":{"pkg":93.65362548828125,"pp0":51.68499755859375,"pp1":2.1187744140625,"dram":0},"perf_counters":{"PERF_COUNT_HW_REF_CPU_CYCLES":90995984017,"PERF_COUNT_HW_BRANCH_INSTRUCTIONS":21551475045,"PERF_COUNT_HW_CACHE_MISSES":43874185,"PERF_COUNT_HW_INSTRUCTIONS":115254093058,"PERF_COUNT_HW_BRANCH_MISSES":333569039,"PERF_COUNT_HW_CACHE_REFERENCES":84716618,"PERF_COUNT_HW_CPU_CYCLES":52067356879}}
{"runtime":9602,"energy":{"pkg":95.4398193359375,"pp0":52.756103515625,"pp1":2.067626953125,"dram":0},"perf_counters":{"PERF_COUNT_HW_REF_CPU_CYCLES":90366465743,"PERF_COUNT_HW_BRANCH_INSTRUCTIONS":21552259056,"PERF_COUNT_HW_CACHE_MISSES":43730800,"PERF_COUNT_HW_INSTRUCTIONS":115240020765,"PERF_COUNT_HW_BRANCH_MISSES":333396454,"PERF_COUNT_HW_CACHE_REFERENCES":84079641,"PERF_COUNT_HW_CPU_CYCLES":52406814229}}
{"runtime":9378,"energy":{"pkg":93.5947265625,"pp0":51.93023681640625,"pp1":1.9169921875,"dram":0},"perf_counters":{"PERF_COUNT_HW_REF_CPU_CYCLES":89719329211,"PERF_COUNT_HW_BRANCH_INSTRUCTIONS":21550798866,"PERF_COUNT_HW_CACHE_MISSES":43700625,"PERF_COUNT_HW_INSTRUCTIONS":115230165480,"PERF_COUNT_HW_BRANCH_MISSES":333954437,"PERF_COUNT_HW_CACHE_REFERENCES":84449477,"PERF_COUNT_HW_CPU_CYCLES":51709203796}}
{"runtime":9562,"energy":{"pkg":95.1270751953125,"pp0":52.332275390625,"pp1":2.2252197265625,"dram":0},"perf_counters":{"PERF_COUNT_HW_REF_CPU_CYCLES":92700916464,"PERF_COUNT_HW_BRANCH_INSTRUCTIONS":21557703341,"PERF_COUNT_HW_CACHE_MISSES":43621892,"PERF_COUNT_HW_INSTRUCTIONS":115278176682,"PERF_COUNT_HW_BRANCH_MISSES":333218724,"PERF_COUNT_HW_CACHE_REFERENCES":85441337,"PERF_COUNT_HW_CPU_CYCLES":52403343657}}
{"runtime":9420,"energy":{"pkg":93.580322265625,"pp0":51.72723388671875,"pp1":1.884521484375,"dram":0},"perf_counters":{"PERF_COUNT_HW_REF_CPU_CYCLES":90545915438,"PERF_COUNT_HW_BRANCH_INSTRUCTIONS":21554216676,"PERF_COUNT_HW_CACHE_MISSES":43659620,"PERF_COUNT_HW_INSTRUCTIONS":115253381185,"PERF_COUNT_HW_BRANCH_MISSES":333405374,"PERF_COUNT_HW_CACHE_REFERENCES":85411297,"PERF_COUNT_HW_CPU_CYCLES":51753869562}}
{"runtime":9355,"energy":{"pkg":93.23162841796875,"pp0":51.4666748046875,"pp1":2.1141357421875,"dram":0},"perf_counters":{"PERF_COUNT_HW_REF_CPU_CYCLES":90170513230,"PERF_COUNT_HW_BRANCH_INSTRUCTIONS":21547881471,"PERF_COUNT_HW_CACHE_MISSES":43812563,"PERF_COUNT_HW_INSTRUCTIONS":115239419940,"PERF_COUNT_HW_BRANCH_MISSES":333967923,"PERF_COUNT_HW_CACHE_REFERENCES":84358602,"PERF_COUNT_HW_CPU_CYCLES":51577116794}}
{"runtime":9755,"energy":{"pkg":96.88641357421875,"pp0":53.268310546875,"pp1":2.2259521484375,"dram":0},"perf_counters":{"PERF_COUNT_HW_REF_CPU_CYCLES":92329945064,"PERF_COUNT_HW_BRANCH_INSTRUCTIONS":21552413175,"PERF_COUNT_HW_CACHE_MISSES":44068057,"PERF_COUNT_HW_INSTRUCTIONS":115254159315,"PERF_COUNT_HW_BRANCH_MISSES":333471399,"PERF_COUNT_HW_CACHE_REFERENCES":84636581,"PERF_COUNT_HW_CPU_CYCLES":52856952241}}
