{"runtime":210146,"energy":{"pkg":2091.64111328125,"pp0":1172.3790893554688,"pp1":43.472412109375,"dram":0},"perf_counters":{"PERF_COUNT_HW_REF_CPU_CYCLES":2160662102854,"PERF_COUNT_HW_BRANCH_INSTRUCTIONS":736677354904,"PERF_COUNT_HW_CACHE_MISSES":26460030,"PERF_COUNT_HW_INSTRUCTIONS":3877381983463,"PERF_COUNT_HW_BRANCH_MISSES":11670506,"PERF_COUNT_HW_CACHE_REFERENCES":110244023,"PERF_COUNT_HW_CPU_CYCLES":1018205963651}}
{"runtime":206686,"energy":{"pkg":2056.5366821289062,"pp0":1153.0439453125,"pp1":42.66015625,"dram":0},"perf_counters":{"PERF_COUNT_HW_REF_CPU_CYCLES":2141348204066,"PERF_COUNT_HW_BRANCH_INSTRUCTIONS":736280912341,"PERF_COUNT_HW_CACHE_MISSES":26467045,"PERF_COUNT_HW_INSTRUCTIONS":3875679098203,"PERF_COUNT_HW_BRANCH_MISSES":10663327,"PERF_COUNT_HW_CACHE_REFERENCES":109122567,"PERF_COUNT_HW_CPU_CYCLES":1009821092027}}
{"runtime":208513,"energy":{"pkg":2074.6373901367188,"pp0":1161.8568725585938,"pp1":43.1363525390625,"dram":0},"perf_counters":{"PERF_COUNT_HW_REF_CPU_CYCLES":2157265270869,"PERF_COUNT_HW_BRANCH_INSTRUCTIONS":736348978481,"PERF_COUNT_HW_CACHE_MISSES":26279150,"PERF_COUNT_HW_INSTRUCTIONS":3876047030553,"PERF_COUNT_HW_BRANCH_MISSES":10839380,"PERF_COUNT_HW_CACHE_REFERENCES":109002105,"PERF_COUNT_HW_CPU_CYCLES":1019401257962}}
{"runtime":208337,"energy":{"pkg":2073.8086547851562,"pp0":1162.75244140625,"pp1":42.998291015625,"dram":0},"perf_counters":{"PERF_COUNT_HW_REF_CPU_CYCLES":2157101616695,"PERF_COUNT_HW_BRANCH_INSTRUCTIONS":736365593421,"PERF_COUNT_HW_CACHE_MISSES":26411760,"PERF_COUNT_HW_INSTRUCTIONS":3876131731703,"PERF_COUNT_HW_BRANCH_MISSES":10758409,"PERF_COUNT_HW_CACHE_REFERENCES":110263841,"PERF_COUNT_HW_CPU_CYCLES":1016984194463}}
{"runtime":206974,"energy":{"pkg":2059.2549438476562,"pp0":1154.643798828125,"pp1":42.3436279296875,"dram":0},"perf_counters":{"PERF_COUNT_HW_REF_CPU_CYCLES":2141638640844,"PERF_COUNT_HW_BRANCH_INSTRUCTIONS":736318777460,"PERF_COUNT_HW_CACHE_MISSES":26543527,"PERF_COUNT_HW_INSTRUCTIONS":3875858918309,"PERF_COUNT_HW_BRANCH_MISSES":10660481,"PERF_COUNT_HW_CACHE_REFERENCES":109204759,"PERF_COUNT_HW_CPU_CYCLES":1005028467173}}
{"runtime":209069,"energy":{"pkg":2080.3556518554688,"pp0":1166.3930053710938,"pp1":42.81689453125,"dram":0},"perf_counters":{"PERF_COUNT_HW_REF_CPU_CYCLES":2158640050377,"PERF_COUNT_HW_BRANCH_INSTRUCTIONS":736547145473,"PERF_COUNT_HW_CACHE_MISSES":26330135,"PERF_COUNT_HW_INSTRUCTIONS":3876904888492,"PERF_COUNT_HW_BRANCH_MISSES":10819035,"PERF_COUNT_HW_CACHE_REFERENCES":110767907,"PERF_COUNT_HW_CPU_CYCLES":1020681115045}}
{"runtime":207938,"energy":{"pkg":2069.4227294921875,"pp0":1159.6256103515625,"pp1":42.6375732421875,"dram":0},"perf_counters":{"PERF_COUNT_HW_REF_CPU_CYCLES":2155823381293,"PERF_COUNT_HW_BRANCH_INSTRUCTIONS":736741846741,"PERF_COUNT_HW_CACHE_MISSES":26587465,"PERF_COUNT_HW_INSTRUCTIONS":3877745397325,"PERF_COUNT_HW_BRANCH_MISSES":10871163,"PERF_COUNT_HW_CACHE_REFERENCES":111328630,"PERF_COUNT_HW_CPU_CYCLES":1009549041914}}
{"runtime":206621,"energy":{"pkg":2056.0511474609375,"pp0":1151.4652099609375,"pp1":42.48388671875,"dram":0},"perf_counters":{"PERF_COUNT_HW_REF_CPU_CYCLES":2121097566504,"PERF_COUNT_HW_BRANCH_INSTRUCTIONS":736322919629,"PERF_COUNT_HW_CACHE_MISSES":26224200,"PERF_COUNT_HW_INSTRUCTIONS":3875880155620,"PERF_COUNT_HW_BRANCH_MISSES":10615878,"PERF_COUNT_HW_CACHE_REFERENCES":108589480,"PERF_COUNT_HW_CPU_CYCLES":1010698599310}}
{"runtime":207020,"energy":{"pkg":2060.4734497070312,"pp0":1153.4685668945312,"pp1":42.797119140625,"dram":0},"perf_counters":{"PERF_COUNT_HW_REF_CPU_CYCLES":2141467882894,"PERF_COUNT_HW_BRANCH_INSTRUCTIONS":748310522241,"PERF_COUNT_HW_CACHE_MISSES":26398672,"PERF_COUNT_HW_INSTRUCTIONS":3899877863815,"PERF_COUNT_HW_BRANCH_MISSES":10528107,"PERF_COUNT_HW_CACHE_REFERENCES":107786065,"PERF_COUNT_HW_CPU_CYCLES":1011465799692}}
{"runtime":209199,"energy":{"pkg":2082.2242431640625,"pp0":1166.090087890625,"pp1":43.0003662109375,"dram":0},"perf_counters":{"PERF_COUNT_HW_REF_CPU_CYCLES":2164033453386,"PERF_COUNT_HW_BRANCH_INSTRUCTIONS":743103738473,"PERF_COUNT_HW_CACHE_MISSES":26448752,"PERF_COUNT_HW_INSTRUCTIONS":3889672610440,"PERF_COUNT_HW_BRANCH_MISSES":11307101,"PERF_COUNT_HW_CACHE_REFERENCES":110540581,"PERF_COUNT_HW_CPU_CYCLES":1014423307387}}
{"runtime":208370,"energy":{"pkg":2073.5400390625,"pp0":1160.8004150390625,"pp1":42.759033203125,"dram":0},"perf_counters":{"PERF_COUNT_HW_REF_CPU_CYCLES":2164772166155,"PERF_COUNT_HW_BRANCH_INSTRUCTIONS":736287428835,"PERF_COUNT_HW_CACHE_MISSES":26868259,"PERF_COUNT_HW_INSTRUCTIONS":3875715082396,"PERF_COUNT_HW_BRANCH_MISSES":10543746,"PERF_COUNT_HW_CACHE_REFERENCES":109955772,"PERF_COUNT_HW_CPU_CYCLES":1014134855594}}
