{"runtime":218,"energy":{"pkg":2.3143310546875,"pp0":1.26458740234375,"pp1":0.0413818359375,"dram":0},"perf_counters":{"PERF_COUNT_HW_REF_CPU_CYCLES":1408255337,"PERF_COUNT_HW_BRANCH_INSTRUCTIONS":205953547,"PERF_COUNT_HW_CACHE_MISSES":10328348,"PERF_COUNT_HW_INSTRUCTIONS":1722872394,"PERF_COUNT_HW_BRANCH_MISSES":207832,"PERF_COUNT_HW_CACHE_REFERENCES":14022160,"PERF_COUNT_HW_CPU_CYCLES":1323493271}}
{"runtime":228,"energy":{"pkg":2.362548828125,"pp0":1.27471923828125,"pp1":0.0352783203125,"dram":0},"perf_counters":{"PERF_COUNT_HW_REF_CPU_CYCLES":1441979731,"PERF_COUNT_HW_BRANCH_INSTRUCTIONS":206077928,"PERF_COUNT_HW_CACHE_MISSES":10278035,"PERF_COUNT_HW_INSTRUCTIONS":1723611847,"PERF_COUNT_HW_BRANCH_MISSES":209773,"PERF_COUNT_HW_CACHE_REFERENCES":14074957,"PERF_COUNT_HW_CPU_CYCLES":1323695074}}
{"runtime":229,"energy":{"pkg":2.362060546875,"pp0":1.27252197265625,"pp1":0.0289306640625,"dram":0},"perf_counters":{"PERF_COUNT_HW_REF_CPU_CYCLES":1464837856,"PERF_COUNT_HW_BRANCH_INSTRUCTIONS":206174085,"PERF_COUNT_HW_CACHE_MISSES":10347577,"PERF_COUNT_HW_INSTRUCTIONS":1723964134,"PERF_COUNT_HW_BRANCH_MISSES":215129,"PERF_COUNT_HW_CACHE_REFERENCES":14123038,"PERF_COUNT_HW_CPU_CYCLES":1328477881}}
{"runtime":242,"energy":{"pkg":2.43548583984375,"pp0":1.2799072265625,"pp1":0.0355224609375,"dram":0},"perf_counters":{"PERF_COUNT_HW_REF_CPU_CYCLES":1511035030,"PERF_COUNT_HW_BRANCH_INSTRUCTIONS":206319878,"PERF_COUNT_HW_CACHE_MISSES":10065558,"PERF_COUNT_HW_INSTRUCTIONS":1724836719,"PERF_COUNT_HW_BRANCH_MISSES":215356,"PERF_COUNT_HW_CACHE_REFERENCES":14107396,"PERF_COUNT_HW_CPU_CYCLES":1356953368}}
{"runtime":243,"energy":{"pkg":2.47149658203125,"pp0":1.32391357421875,"pp1":0.0238037109375,"dram":0},"perf_counters":{"PERF_COUNT_HW_REF_CPU_CYCLES":1514243891,"PERF_COUNT_HW_BRANCH_INSTRUCTIONS":205974149,"PERF_COUNT_HW_CACHE_MISSES":10112715,"PERF_COUNT_HW_INSTRUCTIONS":1722931659,"PERF_COUNT_HW_BRANCH_MISSES":208414,"PERF_COUNT_HW_CACHE_REFERENCES":14097112,"PERF_COUNT_HW_CPU_CYCLES":1358489653}}
{"runtime":237,"energy":{"pkg":2.39324951171875,"pp0":1.260009765625,"pp1":0.0347900390625,"dram":0},"perf_counters":{"PERF_COUNT_HW_REF_CPU_CYCLES":1503115552,"PERF_COUNT_HW_BRANCH_INSTRUCTIONS":205772100,"PERF_COUNT_HW_CACHE_MISSES":10247590,"PERF_COUNT_HW_INSTRUCTIONS":1722126991,"PERF_COUNT_HW_BRANCH_MISSES":205901,"PERF_COUNT_HW_CACHE_REFERENCES":14073716,"PERF_COUNT_HW_CPU_CYCLES":1342255428}}
{"runtime":244,"energy":{"pkg":2.4427490234375,"pp0":1.269287109375,"pp1":0.039306640625,"dram":0},"perf_counters":{"PERF_COUNT_HW_REF_CPU_CYCLES":1510327076,"PERF_COUNT_HW_BRANCH_INSTRUCTIONS":206411503,"PERF_COUNT_HW_CACHE_MISSES":10158977,"PERF_COUNT_HW_INSTRUCTIONS":1725397177,"PERF_COUNT_HW_BRANCH_MISSES":222532,"PERF_COUNT_HW_CACHE_REFERENCES":14119776,"PERF_COUNT_HW_CPU_CYCLES":1349116381}}
{"runtime":241,"energy":{"pkg":2.44415283203125,"pp0":1.29833984375,"pp1":0.0289306640625,"dram":0},"perf_counters":{"PERF_COUNT_HW_REF_CPU_CYCLES":1511888765,"PERF_COUNT_HW_BRANCH_INSTRUCTIONS":206184072,"PERF_COUNT_HW_CACHE_MISSES":10152809,"PERF_COUNT_HW_INSTRUCTIONS":1724310096,"PERF_COUNT_HW_BRANCH_MISSES":215665,"PERF_COUNT_HW_CACHE_REFERENCES":14147907,"PERF_COUNT_HW_CPU_CYCLES":1353712884}}
{"runtime":239,"energy":{"pkg":2.399658203125,"pp0":1.2559814453125,"pp1":0.037353515625,"dram":0},"perf_counters":{"PERF_COUNT_HW_REF_CPU_CYCLES":1522141615,"PERF_COUNT_HW_BRANCH_INSTRUCTIONS":205859804,"PERF_COUNT_HW_CACHE_MISSES":10068746,"PERF_COUNT_HW_INSTRUCTIONS":1722462244,"PERF_COUNT_HW_BRANCH_MISSES":212608,"PERF_COUNT_HW_CACHE_REFERENCES":14094535,"PERF_COUNT_HW_CPU_CYCLES":1357186580}}
{"runtime":244,"energy":{"pkg":2.4625244140625,"pp0":1.29461669921875,"pp1":0.0352783203125,"dram":0},"perf_counters":{"PERF_COUNT_HW_REF_CPU_CYCLES":1509188568,"PERF_COUNT_HW_BRANCH_INSTRUCTIONS":206020357,"PERF_COUNT_HW_CACHE_MISSES":10099918,"PERF_COUNT_HW_INSTRUCTIONS":1723304217,"PERF_COUNT_HW_BRANCH_MISSES":214758,"PERF_COUNT_HW_CACHE_REFERENCES":14090926,"PERF_COUNT_HW_CPU_CYCLES":1344448278}}
{"runtime":260,"energy":{"pkg":2.55120849609375,"pp0":1.3370361328125,"pp1":0.0247802734375,"dram":0},"perf_counters":{"PERF_COUNT_HW_REF_CPU_CYCLES":1561507887,"PERF_COUNT_HW_BRANCH_INSTRUCTIONS":206008693,"PERF_COUNT_HW_CACHE_MISSES":10102822,"PERF_COUNT_HW_INSTRUCTIONS":1723273621,"PERF_COUNT_HW_BRANCH_MISSES":212928,"PERF_COUNT_HW_CACHE_REFERENCES":13877464,"PERF_COUNT_HW_CPU_CYCLES":1409533462}}
