{"runtime":3805,"energy":{"pkg":275.58172607421875,"pp0":0,"dram":37.7523193359375},"cycles":199017239715}
{"runtime":3728,"energy":{"pkg":284.48260498046875,"pp0":0,"dram":37.04296875},"cycles":192197198991}
{"runtime":3839,"energy":{"pkg":290.59942626953125,"pp0":0,"dram":38.39300537109375},"cycles":194458225668}
{"runtime":3802,"energy":{"pkg":292.44378662109375,"pp0":0,"dram":38.3232421875},"cycles":199423274064}
{"runtime":3897,"energy":{"pkg":297.860595703125,"pp0":0,"dram":38.79443359375},"cycles":200351178741}
{"runtime":3816,"energy":{"pkg":291.43328857421875,"pp0":0,"dram":38.52020263671875},"cycles":199123259874}
{"runtime":3900,"energy":{"pkg":295.26800537109375,"pp0":0,"dram":39.42852783203125},"cycles":199389293313}
