{"runtime":4273,"energy":{"pkg":310.9771728515625,"pp0":0,"dram":42.13604736328125},"cycles":219735048330}
{"runtime":4285,"energy":{"pkg":328.366943359375,"pp0":0,"dram":42.7518310546875},"cycles":222875785755}
{"runtime":4244,"energy":{"pkg":326.33905029296875,"pp0":0,"dram":42.2322998046875},"cycles":219944264736}
{"runtime":4241,"energy":{"pkg":328.65380859375,"pp0":0,"dram":42.5755615234375},"cycles":219648959397}
{"runtime":4310,"energy":{"pkg":331.79425048828125,"pp0":0,"dram":42.83404541015625},"cycles":222970148940}
{"runtime":4311,"energy":{"pkg":330.450927734375,"pp0":0,"dram":43.09112548828125},"cycles":222656470050}
{"runtime":4314,"energy":{"pkg":330.4383544921875,"pp0":0,"dram":43.13983154296875},"cycles":221733511503}
