{"runtime":4486,"energy":{"pkg":331.63665771484375,"pp0":0,"dram":44.17852783203125},"cycles":233995700358}
{"runtime":4499,"energy":{"pkg":344.0933837890625,"pp0":0,"dram":44.779541015625},"cycles":230582162349}
{"runtime":4493,"energy":{"pkg":344.373779296875,"pp0":0,"dram":43.8568115234375},"cycles":227750198403}
{"runtime":4427,"energy":{"pkg":342.41357421875,"pp0":0,"dram":43.70697021484375},"cycles":226498426539}
{"runtime":4460,"energy":{"pkg":343.2041015625,"pp0":0,"dram":43.76898193359375},"cycles":226685779362}
{"runtime":4543,"energy":{"pkg":347.12939453125,"pp0":0,"dram":44.79107666015625},"cycles":231018475128}
{"runtime":4541,"energy":{"pkg":348.72088623046875,"pp0":0,"dram":45.20758056640625},"cycles":233369428719}
