{"runtime":4764,"energy":{"pkg":353.294677734375,"pp0":0,"dram":46.63128662109375},"cycles":244826007699}
{"runtime":4779,"energy":{"pkg":364.770751953125,"pp0":0,"dram":47.09136962890625},"cycles":243062802759}
{"runtime":4892,"energy":{"pkg":376.55224609375,"pp0":0,"dram":48.3538818359375},"cycles":250796016009}
{"runtime":4795,"energy":{"pkg":372.23858642578125,"pp0":0,"dram":47.90142822265625},"cycles":248161072593}
{"runtime":4883,"energy":{"pkg":375.2862548828125,"pp0":0,"dram":48.364013671875},"cycles":252025140843}
{"runtime":4814,"energy":{"pkg":370.7275390625,"pp0":0,"dram":47.88909912109375},"cycles":247985403330}
{"runtime":4692,"energy":{"pkg":362.39056396484375,"pp0":0,"dram":46.2086181640625},"cycles":241039837080}
