{"runtime":5099,"energy":{"pkg":378.5355224609375,"pp0":0,"dram":50.06060791015625},"cycles":262792984524}
{"runtime":5062,"energy":{"pkg":389.05511474609375,"pp0":0,"dram":49.87744140625},"cycles":261476871915}
{"runtime":5038,"energy":{"pkg":388.53192138671875,"pp0":0,"dram":49.26348876953125},"cycles":256274833899}
{"runtime":5055,"energy":{"pkg":393.6280517578125,"pp0":0,"dram":49.8392333984375},"cycles":261914863413}
{"runtime":5108,"energy":{"pkg":395.91357421875,"pp0":0,"dram":50.77593994140625},"cycles":265758866163}
{"runtime":5135,"energy":{"pkg":394.58734130859375,"pp0":0,"dram":50.930908203125},"cycles":262587258087}
{"runtime":5112,"energy":{"pkg":394.29205322265625,"pp0":0,"dram":50.55560302734375},"cycles":265085468697}
