{"runtime":5993,"energy":{"pkg":448.3251953125,"pp0":0,"dram":58.4559326171875},"cycles":308207148858}
{"runtime":5963,"energy":{"pkg":460.6744384765625,"pp0":0,"dram":58.6148681640625},"cycles":308217696318}
{"runtime":6039,"energy":{"pkg":467.822998046875,"pp0":0,"dram":58.572998046875},"cycles":312752105757}
{"runtime":6036,"energy":{"pkg":470.86822509765625,"pp0":0,"dram":59.67437744140625},"cycles":313657665405}
{"runtime":6014,"energy":{"pkg":467.40093994140625,"pp0":0,"dram":58.962646484375},"cycles":314208156297}
{"runtime":6023,"energy":{"pkg":467.390380859375,"pp0":0,"dram":59.60638427734375},"cycles":313889477349}
{"runtime":5992,"energy":{"pkg":464.63067626953125,"pp0":0,"dram":58.734619140625},"cycles":310261276983}
