{"runtime":6216,"energy":{"pkg":466.5677490234375,"pp0":0,"dram":60.675048828125},"cycles":321016695657}
{"runtime":6287,"energy":{"pkg":485.2669677734375,"pp0":0,"dram":61.2196044921875},"cycles":324634617027}
{"runtime":6377,"energy":{"pkg":494.05859375,"pp0":0,"dram":61.8387451171875},"cycles":329553396186}
{"runtime":6294,"energy":{"pkg":490.38897705078125,"pp0":0,"dram":61.620361328125},"cycles":323518763568}
{"runtime":6352,"energy":{"pkg":490.1260986328125,"pp0":0,"dram":61.61328125},"cycles":325597366689}
{"runtime":6371,"energy":{"pkg":492.508056640625,"pp0":0,"dram":62.6317138671875},"cycles":329756176638}
{"runtime":6338,"energy":{"pkg":491.64990234375,"pp0":0,"dram":62.152099609375},"cycles":329883845487}
