{"runtime":1130,"energy":{"pkg":78.291748046875,"pp0":0,"dram":12.8521728515625},"cycles":57981326655}
{"runtime":1149,"energy":{"pkg":83.25018310546875,"pp0":0,"dram":13.22119140625},"cycles":58778360907}
{"runtime":1188,"energy":{"pkg":86.58447265625,"pp0":0,"dram":13.64013671875},"cycles":59670446787}
{"runtime":1174,"energy":{"pkg":86.54473876953125,"pp0":0,"dram":13.60205078125},"cycles":59732608992}
{"runtime":1160,"energy":{"pkg":84.2137451171875,"pp0":0,"dram":13.10491943359375},"cycles":58015173258}
{"runtime":1114,"energy":{"pkg":82.077392578125,"pp0":0,"dram":12.72393798828125},"cycles":58489206426}
{"runtime":1128,"energy":{"pkg":83.21832275390625,"pp0":0,"dram":13.09051513671875},"cycles":57805919682}
