{"runtime":6700,"energy":{"pkg":505.70855712890625,"pp0":0,"dram":64.42889404296875},"cycles":341092281264}
{"runtime":6966,"energy":{"pkg":540.0231323242188,"pp0":0,"dram":67.7747802734375},"cycles":360605473767}
{"runtime":6758,"energy":{"pkg":526.6582641601562,"pp0":0,"dram":65.32415771484375},"cycles":346607986767}
{"runtime":6925,"energy":{"pkg":541.483154296875,"pp0":0,"dram":67.46337890625},"cycles":357118419063}
{"runtime":6955,"energy":{"pkg":537.922119140625,"pp0":0,"dram":67.57666015625},"cycles":358571713668}
{"runtime":6990,"energy":{"pkg":541.95361328125,"pp0":0,"dram":67.9049072265625},"cycles":362072333574}
{"runtime":6986,"energy":{"pkg":541.3380737304688,"pp0":0,"dram":68.3214111328125},"cycles":358837201842}
