{"runtime":7499,"energy":{"pkg":573.81103515625,"pp0":0,"dram":72.5380859375},"cycles":390934154373}
{"runtime":7545,"energy":{"pkg":583.7091064453125,"pp0":0,"dram":73.1435546875},"cycles":386186060988}
{"runtime":7366,"energy":{"pkg":574.29638671875,"pp0":0,"dram":71.17913818359375},"cycles":376687467261}
{"runtime":7312,"energy":{"pkg":571.4826049804688,"pp0":0,"dram":71.1309814453125},"cycles":373349265261}
{"runtime":7526,"energy":{"pkg":582.6196899414062,"pp0":0,"dram":72.71759033203125},"cycles":388831523157}
{"runtime":7549,"energy":{"pkg":586.035400390625,"pp0":0,"dram":73.30633544921875},"cycles":391347254025}
{"runtime":7600,"energy":{"pkg":588.420654296875,"pp0":0,"dram":73.80401611328125},"cycles":390883063242}
