{"runtime":7765,"energy":{"pkg":594.6227416992188,"pp0":0,"dram":74.61248779296875},"cycles":399738472770}
{"runtime":7875,"energy":{"pkg":612.2406616210938,"pp0":0,"dram":76.529052734375},"cycles":406423103394}
{"runtime":7809,"energy":{"pkg":609.2650146484375,"pp0":0,"dram":74.74639892578125},"cycles":404107569621}
{"runtime":7874,"energy":{"pkg":617.5584106445312,"pp0":0,"dram":76.42828369140625},"cycles":410112102897}
{"runtime":7882,"energy":{"pkg":609.8922729492188,"pp0":0,"dram":76.15667724609375},"cycles":408135817992}
{"runtime":7800,"energy":{"pkg":606.6978759765625,"pp0":0,"dram":75.40179443359375},"cycles":406300979343}
{"runtime":7858,"energy":{"pkg":611.323486328125,"pp0":0,"dram":76.3641357421875},"cycles":407824021101}
