{"runtime":8169,"energy":{"pkg":626.1001586914062,"pp0":0,"dram":78.0517578125},"cycles":417985176672}
{"runtime":8119,"energy":{"pkg":632.48193359375,"pp0":0,"dram":78.68389892578125},"cycles":420011099130}
{"runtime":8158,"energy":{"pkg":636.3431396484375,"pp0":0,"dram":78.05047607421875},"cycles":423454388112}
{"runtime":8194,"energy":{"pkg":636.4383544921875,"pp0":0,"dram":79.03436279296875},"cycles":419976702138}
{"runtime":8123,"energy":{"pkg":631.089599609375,"pp0":0,"dram":78.73565673828125},"cycles":423807374613}
{"runtime":8153,"energy":{"pkg":633.109130859375,"pp0":0,"dram":78.60772705078125},"cycles":419965543452}
{"runtime":8150,"energy":{"pkg":631.7731323242188,"pp0":0,"dram":78.89599609375},"cycles":418968186798}
