{"runtime":8387,"energy":{"pkg":645.9291381835938,"pp0":0,"dram":79.33966064453125},"cycles":432526897257}
{"runtime":8375,"energy":{"pkg":653.2310791015625,"pp0":0,"dram":80.87445068359375},"cycles":432233705589}
{"runtime":8431,"energy":{"pkg":657.9159545898438,"pp0":0,"dram":80.77825927734375},"cycles":437105804667}
{"runtime":8457,"energy":{"pkg":660.407470703125,"pp0":0,"dram":81.386962890625},"cycles":436826844531}
{"runtime":8502,"energy":{"pkg":656.6300048828125,"pp0":0,"dram":82.1767578125},"cycles":436564692417}
{"runtime":8436,"energy":{"pkg":657.5863647460938,"pp0":0,"dram":81.48895263671875},"cycles":440261301879}
{"runtime":8537,"energy":{"pkg":662.4158325195312,"pp0":0,"dram":82.94317626953125},"cycles":435451987089}
