{"runtime":9291,"energy":{"pkg":716.9783935546875,"pp0":0,"dram":88.69970703125},"cycles":480491452392}
{"runtime":9288,"energy":{"pkg":721.5131225585938,"pp0":0,"dram":88.5518798828125},"cycles":482069280651}
{"runtime":9288,"energy":{"pkg":726.8048706054688,"pp0":0,"dram":89.38861083984375},"cycles":480784945053}
{"runtime":9163,"energy":{"pkg":719.2576293945312,"pp0":0,"dram":87.91552734375},"cycles":477247330329}
{"runtime":9404,"energy":{"pkg":729.43115234375,"pp0":0,"dram":90.17047119140625},"cycles":485452279515}
{"runtime":9340,"energy":{"pkg":727.0267944335938,"pp0":0,"dram":90.03875732421875},"cycles":483548129526}
{"runtime":8967,"energy":{"pkg":701.64599609375,"pp0":0,"dram":87.23004150390625},"cycles":460678121379}
