{"runtime":1459,"energy":{"pkg":101.9461669921875,"pp0":0,"dram":15.6885986328125},"cycles":75826136295}
{"runtime":1537,"energy":{"pkg":112.18463134765625,"pp0":0,"dram":16.76055908203125},"cycles":77184811515}
{"runtime":1535,"energy":{"pkg":113.98468017578125,"pp0":0,"dram":17.06060791015625},"cycles":79155926220}
{"runtime":1542,"energy":{"pkg":114.9775390625,"pp0":0,"dram":17.0548095703125},"cycles":78888761196}
{"runtime":1550,"energy":{"pkg":114.0670166015625,"pp0":0,"dram":16.87249755859375},"cycles":77947449111}
{"runtime":1519,"energy":{"pkg":113.26910400390625,"pp0":0,"dram":16.77569580078125},"cycles":79716720636}
{"runtime":1547,"energy":{"pkg":115.06195068359375,"pp0":0,"dram":17.26470947265625},"cycles":81977351400}
