{"runtime":9595,"energy":{"pkg":745.1655883789062,"pp0":0,"dram":91.81378173828125},"cycles":501787447119}
{"runtime":9311,"energy":{"pkg":723.99267578125,"pp0":0,"dram":89.45556640625},"cycles":474613763463}
{"runtime":9302,"energy":{"pkg":729.7905883789062,"pp0":0,"dram":89.4932861328125},"cycles":475084154622}
{"runtime":9630,"energy":{"pkg":755.0782470703125,"pp0":0,"dram":93.07586669921875},"cycles":502319020308}
{"runtime":9665,"energy":{"pkg":749.85595703125,"pp0":0,"dram":92.8150634765625},"cycles":498248881620}
{"runtime":9315,"energy":{"pkg":725.2230224609375,"pp0":0,"dram":89.72882080078125},"cycles":475622694477}
{"runtime":9246,"energy":{"pkg":720.8816528320312,"pp0":0,"dram":89.64459228515625},"cycles":470936986044}
