{"runtime":1789,"energy":{"pkg":126.22705078125,"pp0":0,"dram":18.76763916015625},"cycles":93718487877}
{"runtime":1929,"energy":{"pkg":141.646240234375,"pp0":0,"dram":20.65594482421875},"cycles":99421545531}
{"runtime":1900,"energy":{"pkg":140.90380859375,"pp0":0,"dram":20.25079345703125},"cycles":97923212919}
{"runtime":1925,"energy":{"pkg":143.7518310546875,"pp0":0,"dram":20.68023681640625},"cycles":100659876702}
{"runtime":1803,"energy":{"pkg":135.0914306640625,"pp0":0,"dram":19.02294921875},"cycles":90930934164}
{"runtime":1846,"energy":{"pkg":137.92034912109375,"pp0":0,"dram":19.58782958984375},"cycles":96318147282}
{"runtime":1835,"energy":{"pkg":138.122314453125,"pp0":0,"dram":19.69561767578125},"cycles":94914976758}
