{"runtime":2511,"energy":{"pkg":179.68023681640625,"pp0":0,"dram":25.72698974609375},"cycles":132225701118}
{"runtime":2648,"energy":{"pkg":198.5576171875,"pp0":0,"dram":27.5233154296875},"cycles":138130440294}
{"runtime":2592,"energy":{"pkg":195.45068359375,"pp0":0,"dram":26.9283447265625},"cycles":135258768288}
{"runtime":2610,"energy":{"pkg":198.1461181640625,"pp0":0,"dram":27.12969970703125},"cycles":137038715226}
{"runtime":2558,"energy":{"pkg":194.11846923828125,"pp0":0,"dram":26.26824951171875},"cycles":131515361145}
{"runtime":2587,"energy":{"pkg":193.55096435546875,"pp0":0,"dram":26.7955322265625},"cycles":133162082214}
{"runtime":2530,"energy":{"pkg":190.97796630859375,"pp0":0,"dram":25.69293212890625},"cycles":130666037103}
