{"runtime":2848,"energy":{"pkg":203.6510009765625,"pp0":0,"dram":28.50360107421875},"cycles":149887432611}
{"runtime":2948,"energy":{"pkg":221.1365966796875,"pp0":0,"dram":30.1405029296875},"cycles":152108329107}
{"runtime":2910,"energy":{"pkg":219.68011474609375,"pp0":0,"dram":29.24920654296875},"cycles":151549573686}
{"runtime":2990,"energy":{"pkg":226.39190673828125,"pp0":0,"dram":30.44580078125},"cycles":155074802526}
{"runtime":3013,"energy":{"pkg":226.9697265625,"pp0":0,"dram":30.434326171875},"cycles":152430266814}
{"runtime":2949,"energy":{"pkg":222.2171630859375,"pp0":0,"dram":30.36273193359375},"cycles":152642893284}
{"runtime":2981,"energy":{"pkg":221.57489013671875,"pp0":0,"dram":30.34918212890625},"cycles":150628994586}
