{"runtime":3344,"energy":{"pkg":236.133056640625,"pp0":0,"dram":33.28759765625},"cycles":170293621113}
{"runtime":3292,"energy":{"pkg":248.490966796875,"pp0":0,"dram":33.02813720703125},"cycles":171304869603}
{"runtime":3319,"energy":{"pkg":250.6876220703125,"pp0":0,"dram":33.509033203125},"cycles":172031248305}
{"runtime":3264,"energy":{"pkg":247.29241943359375,"pp0":0,"dram":32.53240966796875},"cycles":167839254912}
{"runtime":3319,"energy":{"pkg":254.03692626953125,"pp0":0,"dram":33.86407470703125},"cycles":174599856438}
{"runtime":3333,"energy":{"pkg":251.37091064453125,"pp0":0,"dram":34.154541015625},"cycles":171095078469}
{"runtime":3280,"energy":{"pkg":248.8958740234375,"pp0":0,"dram":33.3177490234375},"cycles":170089528203}
