{"runtime":12536,"energy":{"pkg":952.8027954101562,"pp0":0,"dram":250.2547607421875},"cycles":534685423020}
{"runtime":12182,"energy":{"pkg":933.8282470703125,"pp0":0,"dram":245.4442138671875},"cycles":519886618356}
{"runtime":12001,"energy":{"pkg":927.8284301757812,"pp0":0,"dram":244.03570556640625},"cycles":520405974900}
{"runtime":12405,"energy":{"pkg":957.9697265625,"pp0":0,"dram":248.17108154296875},"cycles":551737617543}
{"runtime":12080,"energy":{"pkg":935.8080444335938,"pp0":0,"dram":243.490966796875},"cycles":524949606762}
{"runtime":12087,"energy":{"pkg":938.9502563476562,"pp0":0,"dram":247.857666015625},"cycles":523816237161}
{"runtime":12164,"energy":{"pkg":945.8724975585938,"pp0":0,"dram":244.49005126953125},"cycles":532826970144}
{"runtime":12168,"energy":{"pkg":941.677001953125,"pp0":0,"dram":246.03863525390625},"cycles":522852152529}
{"runtime":12139,"energy":{"pkg":941.7582397460938,"pp0":0,"dram":240.2373046875},"cycles":526224119253}
{"runtime":12244,"energy":{"pkg":949.9235229492188,"pp0":0,"dram":248.66827392578125},"cycles":537678143814}
{"runtime":12261,"energy":{"pkg":942.18603515625,"pp0":0,"dram":248.84130859375},"cycles":526158253404}
{"runtime":12320,"energy":{"pkg":953.4553833007812,"pp0":0,"dram":250.0626220703125},"cycles":539376680136}
{"runtime":12196,"energy":{"pkg":937.0169067382812,"pp0":0,"dram":244.450927734375},"cycles":520099924449}
{"runtime":12141,"energy":{"pkg":941.204345703125,"pp0":0,"dram":246.69671630859375},"cycles":527799481482}
{"runtime":12031,"energy":{"pkg":934.8616943359375,"pp0":0,"dram":245.3048095703125},"cycles":529290049491}
{"runtime":11946,"energy":{"pkg":920.1943969726562,"pp0":0,"dram":241.01177978515625},"cycles":506059694154}
{"runtime":12263,"energy":{"pkg":940.8197021484375,"pp0":0,"dram":246.10211181640625},"cycles":530957317569}
{"runtime":12733,"energy":{"pkg":973.9032592773438,"pp0":0,"dram":253.80267333984375},"cycles":549705136806}
{"runtime":12375,"energy":{"pkg":955.6171875,"pp0":0,"dram":250.71881103515625},"cycles":531952561266}
{"runtime":12044,"energy":{"pkg":935.80859375,"pp0":0,"dram":241.8150634765625},"cycles":525687817599}
{"runtime":12277,"energy":{"pkg":949.7911376953125,"pp0":0,"dram":249.04986572265625},"cycles":533634933993}
