{"runtime":1475,"energy":{"pkg":76.6807861328125,"pp0":0,"dram":17.34783935546875},"cycles":10569734028}
{"runtime":1405,"energy":{"pkg":78.59600830078125,"pp0":0,"dram":18.2960205078125},"cycles":10658973864}
{"runtime":1600,"energy":{"pkg":77.31573486328125,"pp0":0,"dram":18.70623779296875},"cycles":11348354157}
{"runtime":1531,"energy":{"pkg":81.83917236328125,"pp0":0,"dram":20.09600830078125},"cycles":10651861731}
{"runtime":1912,"energy":{"pkg":92.41351318359375,"pp0":0,"dram":21.94561767578125},"cycles":11448211047}
{"runtime":1828,"energy":{"pkg":91.8555908203125,"pp0":0,"dram":20.43359375},"cycles":11126737734}
{"runtime":1709,"energy":{"pkg":81.75445556640625,"pp0":0,"dram":18.47808837890625},"cycles":10746691662}
{"runtime":1547,"energy":{"pkg":80.2274169921875,"pp0":0,"dram":18.11505126953125},"cycles":10767619023}
{"runtime":1621,"energy":{"pkg":79.431640625,"pp0":0,"dram":17.16741943359375},"cycles":10538249946}
{"runtime":1849,"energy":{"pkg":91.72705078125,"pp0":0,"dram":23.31512451171875},"cycles":11053702233}
{"runtime":1671,"energy":{"pkg":87.49578857421875,"pp0":0,"dram":19.73724365234375},"cycles":11284440027}
{"runtime":2107,"energy":{"pkg":91.31500244140625,"pp0":0,"dram":23.05126953125},"cycles":12444537315}
{"runtime":2041,"energy":{"pkg":95.47235107421875,"pp0":0,"dram":24.25799560546875},"cycles":12220128690}
{"runtime":1640,"energy":{"pkg":86.75921630859375,"pp0":0,"dram":19.652587890625},"cycles":11111488017}
{"runtime":1664,"energy":{"pkg":85.18585205078125,"pp0":0,"dram":19.9659423828125},"cycles":11339073774}
{"runtime":1613,"energy":{"pkg":82.8211669921875,"pp0":0,"dram":19.159912109375},"cycles":10520711082}
{"runtime":2094,"energy":{"pkg":95.857177734375,"pp0":0,"dram":23.82568359375},"cycles":12011321490}
{"runtime":1576,"energy":{"pkg":79.1566162109375,"pp0":0,"dram":18.812744140625},"cycles":11129012055}
{"runtime":1766,"energy":{"pkg":86.86212158203125,"pp0":0,"dram":21.21685791015625},"cycles":11115783819}
{"runtime":1563,"energy":{"pkg":81.60821533203125,"pp0":0,"dram":19.3399658203125},"cycles":10811518830}
{"runtime":1644,"energy":{"pkg":85.7052001953125,"pp0":0,"dram":18.6175537109375},"cycles":10608867129}
