{"runtime":5140,"energy":{"pkg":328.31158447265625,"pp0":0,"dram":50.70654296875},"cycles":56963132541}
{"runtime":5245,"energy":{"pkg":332.7457275390625,"pp0":0,"dram":51.3553466796875},"cycles":59689425243}
{"runtime":5313,"energy":{"pkg":326.8548583984375,"pp0":0,"dram":52.4261474609375},"cycles":59938608093}
{"runtime":5774,"energy":{"pkg":338.16845703125,"pp0":0,"dram":55.399169921875},"cycles":59317107171}
{"runtime":5220,"energy":{"pkg":336.8779296875,"pp0":0,"dram":52.08319091796875},"cycles":53900291718}
{"runtime":5578,"energy":{"pkg":334.46429443359375,"pp0":0,"dram":54.13873291015625},"cycles":61335074472}
{"runtime":5107,"energy":{"pkg":323.86517333984375,"pp0":0,"dram":49.0806884765625},"cycles":60260523267}
{"runtime":5833,"energy":{"pkg":340.22918701171875,"pp0":0,"dram":58.39190673828125},"cycles":60998903070}
{"runtime":5615,"energy":{"pkg":347.06268310546875,"pp0":0,"dram":54.62847900390625},"cycles":56727638373}
{"runtime":5194,"energy":{"pkg":336.90032958984375,"pp0":0,"dram":51.8499755859375},"cycles":57278842152}
{"runtime":5247,"energy":{"pkg":327.7664794921875,"pp0":0,"dram":50.3277587890625},"cycles":57368039841}
{"runtime":5597,"energy":{"pkg":327.08953857421875,"pp0":0,"dram":53.717529296875},"cycles":61933079103}
{"runtime":5201,"energy":{"pkg":332.9896240234375,"pp0":0,"dram":51.416259765625},"cycles":57066843918}
{"runtime":5605,"energy":{"pkg":341.92108154296875,"pp0":0,"dram":55.04345703125},"cycles":61943683746}
{"runtime":5434,"energy":{"pkg":339.57135009765625,"pp0":0,"dram":53.72271728515625},"cycles":57348151728}
{"runtime":5685,"energy":{"pkg":337.29791259765625,"pp0":0,"dram":54.01220703125},"cycles":57354468549}
{"runtime":5452,"energy":{"pkg":327.993408203125,"pp0":0,"dram":53.44384765625},"cycles":61880454363}
{"runtime":5649,"energy":{"pkg":347.01934814453125,"pp0":0,"dram":54.96185302734375},"cycles":62802920817}
{"runtime":5421,"energy":{"pkg":332.37701416015625,"pp0":0,"dram":51.72857666015625},"cycles":55810124013}
{"runtime":5341,"energy":{"pkg":336.63763427734375,"pp0":0,"dram":53.5634765625},"cycles":56120313123}
{"runtime":5581,"energy":{"pkg":344.84912109375,"pp0":0,"dram":53.89569091796875},"cycles":55674051174}
