{"runtime":1073,"energy":{"pkg":90.89697265625,"pp0":0,"dram":10.14251708984375},"cycles":69744764838}
{"runtime":1079,"energy":{"pkg":91.27117919921875,"pp0":0,"dram":10.200927734375},"cycles":69977159931}
{"runtime":1110,"energy":{"pkg":93.20050048828125,"pp0":0,"dram":10.5653076171875},"cycles":72144354975}
{"runtime":1094,"energy":{"pkg":92.38153076171875,"pp0":0,"dram":10.31671142578125},"cycles":70596486723}
{"runtime":1070,"energy":{"pkg":91.18017578125,"pp0":0,"dram":10.09552001953125},"cycles":69258916440}
{"runtime":1101,"energy":{"pkg":92.572021484375,"pp0":0,"dram":10.47760009765625},"cycles":70972910484}
{"runtime":1067,"energy":{"pkg":91.292724609375,"pp0":0,"dram":10.11676025390625},"cycles":69006110754}
{"runtime":1066,"energy":{"pkg":91.15032958984375,"pp0":0,"dram":10.101806640625},"cycles":69147605436}
{"runtime":1069,"energy":{"pkg":91.32781982421875,"pp0":0,"dram":10.085205078125},"cycles":69353518458}
{"runtime":1089,"energy":{"pkg":92.0321044921875,"pp0":0,"dram":10.29827880859375},"cycles":70782406632}
{"runtime":1093,"energy":{"pkg":92.41265869140625,"pp0":0,"dram":10.3173828125},"cycles":70461543957}
{"runtime":1079,"energy":{"pkg":91.544189453125,"pp0":0,"dram":10.18695068359375},"cycles":69915460692}
{"runtime":1073,"energy":{"pkg":91.63336181640625,"pp0":0,"dram":10.19769287109375},"cycles":68728578177}
{"runtime":1076,"energy":{"pkg":91.94659423828125,"pp0":0,"dram":10.189208984375},"cycles":69068658078}
{"runtime":1089,"energy":{"pkg":92.27862548828125,"pp0":0,"dram":10.322998046875},"cycles":70677095937}
{"runtime":1091,"energy":{"pkg":92.2841796875,"pp0":0,"dram":10.27374267578125},"cycles":70827798762}
{"runtime":1096,"energy":{"pkg":92.88690185546875,"pp0":0,"dram":10.28125},"cycles":70427493234}
{"runtime":1071,"energy":{"pkg":91.58941650390625,"pp0":0,"dram":10.1241455078125},"cycles":69495516216}
{"runtime":1098,"energy":{"pkg":92.6837158203125,"pp0":0,"dram":10.381591796875},"cycles":70833349755}
{"runtime":1088,"energy":{"pkg":92.3809814453125,"pp0":0,"dram":10.218505859375},"cycles":69650566776}
{"runtime":1093,"energy":{"pkg":92.55035400390625,"pp0":0,"dram":10.36590576171875},"cycles":70781265828}
