{"runtime":5419,"energy":{"pkg":208.0657958984375,"pp0":0,"dram":39.984619140625},"cycles":11363780274}
{"runtime":5800,"energy":{"pkg":223.67138671875,"pp0":0,"dram":42.616943359375},"cycles":12160159767}
{"runtime":6309,"energy":{"pkg":224.3857421875,"pp0":0,"dram":46.5245361328125},"cycles":13227696531}
{"runtime":6385,"energy":{"pkg":233.69024658203125,"pp0":0,"dram":47.0147705078125},"cycles":13389460098}
{"runtime":6044,"energy":{"pkg":229.037841796875,"pp0":0,"dram":44.5655517578125},"cycles":12673823043}
{"runtime":6678,"energy":{"pkg":238.70245361328125,"pp0":0,"dram":49.2254638671875},"cycles":14004152190}
{"runtime":5431,"energy":{"pkg":207.4752197265625,"pp0":0,"dram":40.0526123046875},"cycles":11380567401}
{"runtime":5812,"energy":{"pkg":221.26513671875,"pp0":0,"dram":42.76092529296875},"cycles":12182935275}
{"runtime":5815,"energy":{"pkg":220.9619140625,"pp0":0,"dram":42.92730712890625},"cycles":12190185021}
{"runtime":6313,"energy":{"pkg":222.73931884765625,"pp0":0,"dram":46.67474365234375},"cycles":13237394940}
{"runtime":6286,"energy":{"pkg":228.55584716796875,"pp0":0,"dram":46.4500732421875},"cycles":13175429253}
{"runtime":5684,"energy":{"pkg":214.35906982421875,"pp0":0,"dram":42.08343505859375},"cycles":11915577828}
{"runtime":6307,"energy":{"pkg":221.6719970703125,"pp0":0,"dram":46.611328125},"cycles":13224582441}
{"runtime":6309,"energy":{"pkg":228.7449951171875,"pp0":0,"dram":46.8197021484375},"cycles":13222961472}
{"runtime":6088,"energy":{"pkg":229.34124755859375,"pp0":0,"dram":45.12548828125},"cycles":12766907454}
{"runtime":6306,"energy":{"pkg":221.864501953125,"pp0":0,"dram":46.7220458984375},"cycles":13223840595}
{"runtime":5955,"energy":{"pkg":224.55487060546875,"pp0":0,"dram":44.0174560546875},"cycles":12487131762}
{"runtime":6488,"energy":{"pkg":235.31597900390625,"pp0":0,"dram":48.1619873046875},"cycles":13609450743}
{"runtime":6320,"energy":{"pkg":222.731689453125,"pp0":0,"dram":46.76324462890625},"cycles":13251849597}
{"runtime":5887,"energy":{"pkg":214.05401611328125,"pp0":0,"dram":43.53680419921875},"cycles":12346557216}
{"runtime":5949,"energy":{"pkg":224.8028564453125,"pp0":0,"dram":44.08843994140625},"cycles":12472735821}
