{"runtime":1605,"energy":{"pkg":47.5418701171875,"pp0":0,"dram":12.6417236328125},"cycles":3404895417}
{"runtime":1605,"energy":{"pkg":45.7047119140625,"pp0":0,"dram":13.8594970703125},"cycles":3400884627}
{"runtime":1649,"energy":{"pkg":49.68975830078125,"pp0":0,"dram":12.57763671875},"cycles":3499166307}
{"runtime":1611,"energy":{"pkg":48.9678955078125,"pp0":0,"dram":12.23687744140625},"cycles":3421520046}
{"runtime":1644,"energy":{"pkg":46.66058349609375,"pp0":0,"dram":13.94482421875},"cycles":3488347275}
{"runtime":1629,"energy":{"pkg":46.33648681640625,"pp0":0,"dram":14.04779052734375},"cycles":3455621925}
{"runtime":1604,"energy":{"pkg":49.30926513671875,"pp0":0,"dram":12.23138427734375},"cycles":3406553178}
{"runtime":1672,"energy":{"pkg":47.22186279296875,"pp0":0,"dram":14.16400146484375},"cycles":3542782929}
{"runtime":1616,"energy":{"pkg":47.66522216796875,"pp0":0,"dram":12.69561767578125},"cycles":3431344917}
{"runtime":1621,"energy":{"pkg":49.7144775390625,"pp0":0,"dram":12.34625244140625},"cycles":3439096584}
{"runtime":1626,"energy":{"pkg":49.8902587890625,"pp0":0,"dram":12.41815185546875},"cycles":3451908348}
{"runtime":1645,"energy":{"pkg":46.48419189453125,"pp0":0,"dram":14.217529296875},"cycles":3488244669}
{"runtime":1631,"energy":{"pkg":45.50640869140625,"pp0":0,"dram":14.16351318359375},"cycles":3464248578}
{"runtime":1653,"energy":{"pkg":46.74560546875,"pp0":0,"dram":14.11639404296875},"cycles":3504912054}
{"runtime":1598,"energy":{"pkg":48.7857666015625,"pp0":0,"dram":12.1165771484375},"cycles":3393449976}
{"runtime":1604,"energy":{"pkg":49.29345703125,"pp0":0,"dram":12.08746337890625},"cycles":3402036939}
{"runtime":1624,"energy":{"pkg":49.742431640625,"pp0":0,"dram":12.18487548828125},"cycles":3445493436}
{"runtime":1646,"energy":{"pkg":50.30511474609375,"pp0":0,"dram":12.37103271484375},"cycles":3493861791}
{"runtime":1663,"energy":{"pkg":50.608642578125,"pp0":0,"dram":12.5367431640625},"cycles":3531055185}
{"runtime":1644,"energy":{"pkg":47.021240234375,"pp0":0,"dram":14.111572265625},"cycles":3486669018}
{"runtime":1617,"energy":{"pkg":49.2840576171875,"pp0":0,"dram":12.2685546875},"cycles":3433448424}
