{"runtime":3961,"energy":{"pkg":39.55224609375,"pp0":19.35736083984375,"pp1":0.8511962890625,"dram":0},"perf_counters":{"PERF_COUNT_HW_REF_CPU_CYCLES":59195417417,"PERF_COUNT_HW_BRANCH_INSTRUCTIONS":6807600281,"PERF_COUNT_HW_CACHE_MISSES":256965358,"PERF_COUNT_HW_INSTRUCTIONS":44751979817,"PERF_COUNT_HW_BRANCH_MISSES":11054489,"PERF_COUNT_HW_CACHE_REFERENCES":368436134,"PERF_COUNT_HW_CPU_CYCLES":23748464168}}
{"runtime":4054,"energy":{"pkg":40.31634521484375,"pp0":19.7635498046875,"pp1":0.8201904296875,"dram":0},"perf_counters":{"PERF_COUNT_HW_REF_CPU_CYCLES":60233659844,"PERF_COUNT_HW_BRANCH_INSTRUCTIONS":6766420447,"PERF_COUNT_HW_CACHE_MISSES":258435776,"PERF_COUNT_HW_INSTRUCTIONS":45666498322,"PERF_COUNT_HW_BRANCH_MISSES":10090728,"PERF_COUNT_HW_CACHE_REFERENCES":374491143,"PERF_COUNT_HW_CPU_CYCLES":24145567044}}
{"runtime":4118,"energy":{"pkg":40.7125244140625,"pp0":19.8905029296875,"pp1":0.8321533203125,"dram":0},"perf_counters":{"PERF_COUNT_HW_REF_CPU_CYCLES":60654643836,"PERF_COUNT_HW_BRANCH_INSTRUCTIONS":6768042186,"PERF_COUNT_HW_CACHE_MISSES":259988405,"PERF_COUNT_HW_INSTRUCTIONS":45627713630,"PERF_COUNT_HW_BRANCH_MISSES":10885099,"PERF_COUNT_HW_CACHE_REFERENCES":375408710,"PERF_COUNT_HW_CPU_CYCLES":24243429805}}
{"runtime":4026,"energy":{"pkg":40.20269775390625,"pp0":19.8333740234375,"pp1":0.766845703125,"dram":0},"perf_counters":{"PERF_COUNT_HW_REF_CPU_CYCLES":59971973240,"PERF_COUNT_HW_BRANCH_INSTRUCTIONS":6972339765,"PERF_COUNT_HW_CACHE_MISSES":260812837,"PERF_COUNT_HW_INSTRUCTIONS":45382634616,"PERF_COUNT_HW_BRANCH_MISSES":11088192,"PERF_COUNT_HW_CACHE_REFERENCES":373840548,"PERF_COUNT_HW_CPU_CYCLES":24297834671}}
{"runtime":3882,"energy":{"pkg":38.9212646484375,"pp0":19.20074462890625,"pp1":0.7698974609375,"dram":0},"perf_counters":{"PERF_COUNT_HW_REF_CPU_CYCLES":58085688572,"PERF_COUNT_HW_BRANCH_INSTRUCTIONS":6720040563,"PERF_COUNT_HW_CACHE_MISSES":255973407,"PERF_COUNT_HW_INSTRUCTIONS":43920047832,"PERF_COUNT_HW_BRANCH_MISSES":10890273,"PERF_COUNT_HW_CACHE_REFERENCES":372616498,"PERF_COUNT_HW_CPU_CYCLES":23669287184}}
{"runtime":4035,"energy":{"pkg":40.0318603515625,"pp0":19.64434814453125,"pp1":0.736572265625,"dram":0},"perf_counters":{"PERF_COUNT_HW_REF_CPU_CYCLES":59179045342,"PERF_COUNT_HW_BRANCH_INSTRUCTIONS":6837006822,"PERF_COUNT_HW_CACHE_MISSES":255773041,"PERF_COUNT_HW_INSTRUCTIONS":44884635226,"PERF_COUNT_HW_BRANCH_MISSES":10216352,"PERF_COUNT_HW_CACHE_REFERENCES":369219888,"PERF_COUNT_HW_CPU_CYCLES":23707435813}}
{"runtime":3978,"energy":{"pkg":39.74530029296875,"pp0":19.5220947265625,"pp1":0.8126220703125,"dram":0},"perf_counters":{"PERF_COUNT_HW_REF_CPU_CYCLES":59772205309,"PERF_COUNT_HW_BRANCH_INSTRUCTIONS":6823075960,"PERF_COUNT_HW_CACHE_MISSES":254901432,"PERF_COUNT_HW_INSTRUCTIONS":44801243174,"PERF_COUNT_HW_BRANCH_MISSES":11010792,"PERF_COUNT_HW_CACHE_REFERENCES":372363475,"PERF_COUNT_HW_CPU_CYCLES":24159008991}}
{"runtime":4078,"energy":{"pkg":40.37384033203125,"pp0":19.670654296875,"pp1":0.8685302734375,"dram":0},"perf_counters":{"PERF_COUNT_HW_REF_CPU_CYCLES":60265499305,"PERF_COUNT_HW_BRANCH_INSTRUCTIONS":6914434740,"PERF_COUNT_HW_CACHE_MISSES":257951905,"PERF_COUNT_HW_INSTRUCTIONS":45009136702,"PERF_COUNT_HW_BRANCH_MISSES":10186181,"PERF_COUNT_HW_CACHE_REFERENCES":372251380,"PERF_COUNT_HW_CPU_CYCLES":24279220974}}
{"runtime":3958,"energy":{"pkg":39.5986328125,"pp0":19.56396484375,"pp1":0.7384033203125,"dram":0},"perf_counters":{"PERF_COUNT_HW_REF_CPU_CYCLES":59504890697,"PERF_COUNT_HW_BRANCH_INSTRUCTIONS":6694121601,"PERF_COUNT_HW_CACHE_MISSES":260008903,"PERF_COUNT_HW_INSTRUCTIONS":45205976818,"PERF_COUNT_HW_BRANCH_MISSES":9912817,"PERF_COUNT_HW_CACHE_REFERENCES":372238358,"PERF_COUNT_HW_CPU_CYCLES":24050848803}}
{"runtime":4053,"energy":{"pkg":40.44134521484375,"pp0":19.91033935546875,"pp1":0.777099609375,"dram":0},"perf_counters":{"PERF_COUNT_HW_REF_CPU_CYCLES":60565716112,"PERF_COUNT_HW_BRANCH_INSTRUCTIONS":6959880060,"PERF_COUNT_HW_CACHE_MISSES":259259348,"PERF_COUNT_HW_INSTRUCTIONS":45729726295,"PERF_COUNT_HW_BRANCH_MISSES":10853429,"PERF_COUNT_HW_CACHE_REFERENCES":372829553,"PERF_COUNT_HW_CPU_CYCLES":24571515257}}
{"runtime":3998,"energy":{"pkg":39.92767333984375,"pp0":19.52435302734375,"pp1":0.886474609375,"dram":0},"perf_counters":{"PERF_COUNT_HW_REF_CPU_CYCLES":59730223958,"PERF_COUNT_HW_BRANCH_INSTRUCTIONS":6719537231,"PERF_COUNT_HW_CACHE_MISSES":255032695,"PERF_COUNT_HW_INSTRUCTIONS":45369321169,"PERF_COUNT_HW_BRANCH_MISSES":10259913,"PERF_COUNT_HW_CACHE_REFERENCES":366767095,"PERF_COUNT_HW_CPU_CYCLES":23717299127}}
