{"runtime":18993,"energy":{"pkg":189.1351318359375,"pp0":101.40509033203125,"pp1":4.771728515625,"dram":0},"perf_counters":{"PERF_COUNT_HW_REF_CPU_CYCLES":384313024613,"PERF_COUNT_HW_BRANCH_INSTRUCTIONS":49981962017,"PERF_COUNT_HW_CACHE_MISSES":2069154,"PERF_COUNT_HW_INSTRUCTIONS":279511019748,"PERF_COUNT_HW_BRANCH_MISSES":2279945568,"PERF_COUNT_HW_CACHE_REFERENCES":13667682,"PERF_COUNT_HW_CPU_CYCLES":172991196643}}
{"runtime":18907,"energy":{"pkg":188.39111328125,"pp0":101.0318603515625,"pp1":4.7779541015625,"dram":0},"perf_counters":{"PERF_COUNT_HW_REF_CPU_CYCLES":384814689738,"PERF_COUNT_HW_BRANCH_INSTRUCTIONS":49991220317,"PERF_COUNT_HW_CACHE_MISSES":2113066,"PERF_COUNT_HW_INSTRUCTIONS":278795016464,"PERF_COUNT_HW_BRANCH_MISSES":2256941488,"PERF_COUNT_HW_CACHE_REFERENCES":19803706,"PERF_COUNT_HW_CPU_CYCLES":172589174679}}
{"runtime":17944,"energy":{"pkg":178.255615234375,"pp0":95.35382080078125,"pp1":4.571044921875,"dram":0},"perf_counters":{"PERF_COUNT_HW_REF_CPU_CYCLES":361789256111,"PERF_COUNT_HW_BRANCH_INSTRUCTIONS":49979555652,"PERF_COUNT_HW_CACHE_MISSES":2061825,"PERF_COUNT_HW_INSTRUCTIONS":258023741706,"PERF_COUNT_HW_BRANCH_MISSES":2226088786,"PERF_COUNT_HW_CACHE_REFERENCES":15965658,"PERF_COUNT_HW_CPU_CYCLES":162351425299}}
{"runtime":19147,"energy":{"pkg":190.57415771484375,"pp0":102.14447021484375,"pp1":4.737548828125,"dram":0},"perf_counters":{"PERF_COUNT_HW_REF_CPU_CYCLES":387114540138,"PERF_COUNT_HW_BRANCH_INSTRUCTIONS":49990417192,"PERF_COUNT_HW_CACHE_MISSES":2154489,"PERF_COUNT_HW_INSTRUCTIONS":279756460922,"PERF_COUNT_HW_BRANCH_MISSES":2320027706,"PERF_COUNT_HW_CACHE_REFERENCES":14892568,"PERF_COUNT_HW_CPU_CYCLES":174548627704}}
{"runtime":18847,"energy":{"pkg":187.86859130859375,"pp0":100.9403076171875,"pp1":4.538818359375,"dram":0},"perf_counters":{"PERF_COUNT_HW_REF_CPU_CYCLES":382649423963,"PERF_COUNT_HW_BRANCH_INSTRUCTIONS":49978991831,"PERF_COUNT_HW_CACHE_MISSES":2018458,"PERF_COUNT_HW_INSTRUCTIONS":279945972456,"PERF_COUNT_HW_BRANCH_MISSES":2248848174,"PERF_COUNT_HW_CACHE_REFERENCES":14409831,"PERF_COUNT_HW_CPU_CYCLES":171717848841}}
{"runtime":18822,"energy":{"pkg":187.458740234375,"pp0":101.51556396484375,"pp1":3.7198486328125,"dram":0},"perf_counters":{"PERF_COUNT_HW_REF_CPU_CYCLES":382412473847,"PERF_COUNT_HW_BRANCH_INSTRUCTIONS":49981154448,"PERF_COUNT_HW_CACHE_MISSES":2107637,"PERF_COUNT_HW_INSTRUCTIONS":279730883931,"PERF_COUNT_HW_BRANCH_MISSES":2260004515,"PERF_COUNT_HW_CACHE_REFERENCES":15648433,"PERF_COUNT_HW_CPU_CYCLES":172859436101}}
{"runtime":19042,"energy":{"pkg":189.25665283203125,"pp0":101.422607421875,"pp1":4.5582275390625,"dram":0},"perf_counters":{"PERF_COUNT_HW_REF_CPU_CYCLES":385264644656,"PERF_COUNT_HW_BRANCH_INSTRUCTIONS":49980196539,"PERF_COUNT_HW_CACHE_MISSES":2095805,"PERF_COUNT_HW_INSTRUCTIONS":279497612475,"PERF_COUNT_HW_BRANCH_MISSES":2264659487,"PERF_COUNT_HW_CACHE_REFERENCES":14629571,"PERF_COUNT_HW_CPU_CYCLES":172994090126}}
{"runtime":18902,"energy":{"pkg":188.4000244140625,"pp0":101.43511962890625,"pp1":4.2752685546875,"dram":0},"perf_counters":{"PERF_COUNT_HW_REF_CPU_CYCLES":382842636494,"PERF_COUNT_HW_BRANCH_INSTRUCTIONS":49983435758,"PERF_COUNT_HW_CACHE_MISSES":2172451,"PERF_COUNT_HW_INSTRUCTIONS":279513460908,"PERF_COUNT_HW_BRANCH_MISSES":2279123492,"PERF_COUNT_HW_CACHE_REFERENCES":14418293,"PERF_COUNT_HW_CPU_CYCLES":172999813077}}
{"runtime":19251,"energy":{"pkg":191.46331787109375,"pp0":102.3604736328125,"pp1":4.9002685546875,"dram":0},"perf_counters":{"PERF_COUNT_HW_REF_CPU_CYCLES":388985682781,"PERF_COUNT_HW_BRANCH_INSTRUCTIONS":49984542569,"PERF_COUNT_HW_CACHE_MISSES":2052949,"PERF_COUNT_HW_INSTRUCTIONS":278754417166,"PERF_COUNT_HW_BRANCH_MISSES":2326373964,"PERF_COUNT_HW_CACHE_REFERENCES":17840360,"PERF_COUNT_HW_CPU_CYCLES":174690986411}}
{"runtime":18857,"energy":{"pkg":187.79730224609375,"pp0":101.64263916015625,"pp1":3.633544921875,"dram":0},"perf_counters":{"PERF_COUNT_HW_REF_CPU_CYCLES":381226849019,"PERF_COUNT_HW_BRANCH_INSTRUCTIONS":49995641518,"PERF_COUNT_HW_CACHE_MISSES":2229942,"PERF_COUNT_HW_INSTRUCTIONS":278751610677,"PERF_COUNT_HW_BRANCH_MISSES":2214901638,"PERF_COUNT_HW_CACHE_REFERENCES":16017948,"PERF_COUNT_HW_CPU_CYCLES":171026993559}}
{"runtime":18318,"energy":{"pkg":182.45574951171875,"pp0":97.76513671875,"pp1":4.5465087890625,"dram":0},"perf_counters":{"PERF_COUNT_HW_REF_CPU_CYCLES":371031537254,"PERF_COUNT_HW_BRANCH_INSTRUCTIONS":49989516690,"PERF_COUNT_HW_CACHE_MISSES":2109181,"PERF_COUNT_HW_INSTRUCTIONS":258068240747,"PERF_COUNT_HW_BRANCH_MISSES":2242134654,"PERF_COUNT_HW_CACHE_REFERENCES":16159118,"PERF_COUNT_HW_CPU_CYCLES":167042662135}}
