{"runtime":2283,"energy":{"pkg":22.99224853515625,"pp0":12.416259765625,"pp1":0.4921875,"dram":0},"perf_counters":{"PERF_COUNT_HW_REF_CPU_CYCLES":22983761212,"PERF_COUNT_HW_BRANCH_INSTRUCTIONS":2313726430,"PERF_COUNT_HW_CACHE_MISSES":2227483,"PERF_COUNT_HW_INSTRUCTIONS":15567768363,"PERF_COUNT_HW_BRANCH_MISSES":180356747,"PERF_COUNT_HW_CACHE_REFERENCES":53990740,"PERF_COUNT_HW_CPU_CYCLES":13878455235}}
{"runtime":2366,"energy":{"pkg":23.5487060546875,"pp0":12.6551513671875,"pp1":0.4527587890625,"dram":0},"perf_counters":{"PERF_COUNT_HW_REF_CPU_CYCLES":24065620920,"PERF_COUNT_HW_BRANCH_INSTRUCTIONS":2323908508,"PERF_COUNT_HW_CACHE_MISSES":2379991,"PERF_COUNT_HW_INSTRUCTIONS":16018943645,"PERF_COUNT_HW_BRANCH_MISSES":180793600,"PERF_COUNT_HW_CACHE_REFERENCES":57011633,"PERF_COUNT_HW_CPU_CYCLES":14348915928}}
{"runtime":2281,"energy":{"pkg":22.9129638671875,"pp0":12.44805908203125,"pp1":0.410400390625,"dram":0},"perf_counters":{"PERF_COUNT_HW_REF_CPU_CYCLES":23190055635,"PERF_COUNT_HW_BRANCH_INSTRUCTIONS":2314331062,"PERF_COUNT_HW_CACHE_MISSES":2291903,"PERF_COUNT_HW_INSTRUCTIONS":15573445404,"PERF_COUNT_HW_BRANCH_MISSES":178517543,"PERF_COUNT_HW_CACHE_REFERENCES":54621245,"PERF_COUNT_HW_CPU_CYCLES":14107027367}}
{"runtime":2303,"energy":{"pkg":23.12860107421875,"pp0":12.54449462890625,"pp1":0.42724609375,"dram":0},"perf_counters":{"PERF_COUNT_HW_REF_CPU_CYCLES":23388428390,"PERF_COUNT_HW_BRANCH_INSTRUCTIONS":2323078296,"PERF_COUNT_HW_CACHE_MISSES":2253720,"PERF_COUNT_HW_INSTRUCTIONS":16013640929,"PERF_COUNT_HW_BRANCH_MISSES":180138064,"PERF_COUNT_HW_CACHE_REFERENCES":54829761,"PERF_COUNT_HW_CPU_CYCLES":13970449326}}
{"runtime":2304,"energy":{"pkg":23.0069580078125,"pp0":12.42620849609375,"pp1":0.405517578125,"dram":0},"perf_counters":{"PERF_COUNT_HW_REF_CPU_CYCLES":23802277800,"PERF_COUNT_HW_BRANCH_INSTRUCTIONS":2307657245,"PERF_COUNT_HW_CACHE_MISSES":2312176,"PERF_COUNT_HW_INSTRUCTIONS":15517061578,"PERF_COUNT_HW_BRANCH_MISSES":180557455,"PERF_COUNT_HW_CACHE_REFERENCES":55734443,"PERF_COUNT_HW_CPU_CYCLES":14333012784}}
{"runtime":2304,"energy":{"pkg":23.12652587890625,"pp0":12.56585693359375,"pp1":0.4073486328125,"dram":0},"perf_counters":{"PERF_COUNT_HW_REF_CPU_CYCLES":23279452457,"PERF_COUNT_HW_BRANCH_INSTRUCTIONS":2304004660,"PERF_COUNT_HW_CACHE_MISSES":2276037,"PERF_COUNT_HW_INSTRUCTIONS":15527125102,"PERF_COUNT_HW_BRANCH_MISSES":179910824,"PERF_COUNT_HW_CACHE_REFERENCES":55213861,"PERF_COUNT_HW_CPU_CYCLES":14146616327}}
{"runtime":2320,"energy":{"pkg":23.09228515625,"pp0":12.41534423828125,"pp1":0.438720703125,"dram":0},"perf_counters":{"PERF_COUNT_HW_REF_CPU_CYCLES":23669506495,"PERF_COUNT_HW_BRANCH_INSTRUCTIONS":2316035727,"PERF_COUNT_HW_CACHE_MISSES":2249480,"PERF_COUNT_HW_INSTRUCTIONS":15980617086,"PERF_COUNT_HW_BRANCH_MISSES":179307352,"PERF_COUNT_HW_CACHE_REFERENCES":53474813,"PERF_COUNT_HW_CPU_CYCLES":14125889555}}
{"runtime":2295,"energy":{"pkg":22.90887451171875,"pp0":12.3720703125,"pp1":0.4248046875,"dram":0},"perf_counters":{"PERF_COUNT_HW_REF_CPU_CYCLES":22808399955,"PERF_COUNT_HW_BRANCH_INSTRUCTIONS":2306335109,"PERF_COUNT_HW_CACHE_MISSES":2255936,"PERF_COUNT_HW_INSTRUCTIONS":15525266538,"PERF_COUNT_HW_BRANCH_MISSES":177669712,"PERF_COUNT_HW_CACHE_REFERENCES":55713373,"PERF_COUNT_HW_CPU_CYCLES":13818232938}}
{"runtime":2327,"energy":{"pkg":23.2705078125,"pp0":12.56390380859375,"pp1":0.4478759765625,"dram":0},"perf_counters":{"PERF_COUNT_HW_REF_CPU_CYCLES":23076459970,"PERF_COUNT_HW_BRANCH_INSTRUCTIONS":2305398768,"PERF_COUNT_HW_CACHE_MISSES":2285520,"PERF_COUNT_HW_INSTRUCTIONS":15521622679,"PERF_COUNT_HW_BRANCH_MISSES":178038086,"PERF_COUNT_HW_CACHE_REFERENCES":56503306,"PERF_COUNT_HW_CPU_CYCLES":13726919058}}
{"runtime":2318,"energy":{"pkg":22.99053955078125,"pp0":12.25140380859375,"pp1":0.50927734375,"dram":0},"perf_counters":{"PERF_COUNT_HW_REF_CPU_CYCLES":23291149612,"PERF_COUNT_HW_BRANCH_INSTRUCTIONS":2317227024,"PERF_COUNT_HW_CACHE_MISSES":2235028,"PERF_COUNT_HW_INSTRUCTIONS":15582562884,"PERF_COUNT_HW_BRANCH_MISSES":177933572,"PERF_COUNT_HW_CACHE_REFERENCES":52020771,"PERF_COUNT_HW_CPU_CYCLES":13922554008}}
{"runtime":2266,"energy":{"pkg":22.7279052734375,"pp0":12.28375244140625,"pp1":0.4620361328125,"dram":0},"perf_counters":{"PERF_COUNT_HW_REF_CPU_CYCLES":23146858615,"PERF_COUNT_HW_BRANCH_INSTRUCTIONS":2307847633,"PERF_COUNT_HW_CACHE_MISSES":2252330,"PERF_COUNT_HW_INSTRUCTIONS":15522121252,"PERF_COUNT_HW_BRANCH_MISSES":177711262,"PERF_COUNT_HW_CACHE_REFERENCES":53942309,"PERF_COUNT_HW_CPU_CYCLES":14083995802}}
