{"runtime":4132,"energy":{"pkg":41.34063720703125,"pp0":22.2576904296875,"pp1":0.836181640625,"dram":0},"perf_counters":{"PERF_COUNT_HW_REF_CPU_CYCLES":11658294399,"PERF_COUNT_HW_BRANCH_INSTRUCTIONS":1647897364,"PERF_COUNT_HW_CACHE_MISSES":903716,"PERF_COUNT_HW_INSTRUCTIONS":29762867576,"PERF_COUNT_HW_BRANCH_MISSES":1495798,"PERF_COUNT_HW_CACHE_REFERENCES":3088208,"PERF_COUNT_HW_CPU_CYCLES":11823934916}}
{"runtime":4202,"energy":{"pkg":41.98974609375,"pp0":22.48748779296875,"pp1":0.9393310546875,"dram":0},"perf_counters":{"PERF_COUNT_HW_REF_CPU_CYCLES":11846540448,"PERF_COUNT_HW_BRANCH_INSTRUCTIONS":1648225663,"PERF_COUNT_HW_CACHE_MISSES":848524,"PERF_COUNT_HW_INSTRUCTIONS":29764701379,"PERF_COUNT_HW_BRANCH_MISSES":1488822,"PERF_COUNT_HW_CACHE_REFERENCES":3140244,"PERF_COUNT_HW_CPU_CYCLES":11964700432}}
{"runtime":4148,"energy":{"pkg":41.35382080078125,"pp0":22.22369384765625,"pp1":0.754150390625,"dram":0},"perf_counters":{"PERF_COUNT_HW_REF_CPU_CYCLES":11696490481,"PERF_COUNT_HW_BRANCH_INSTRUCTIONS":1648614867,"PERF_COUNT_HW_CACHE_MISSES":856339,"PERF_COUNT_HW_INSTRUCTIONS":29766736596,"PERF_COUNT_HW_BRANCH_MISSES":1499153,"PERF_COUNT_HW_CACHE_REFERENCES":3187535,"PERF_COUNT_HW_CPU_CYCLES":11834529210}}
{"runtime":4302,"energy":{"pkg":42.787353515625,"pp0":22.81024169921875,"pp1":0.8974609375,"dram":0},"perf_counters":{"PERF_COUNT_HW_REF_CPU_CYCLES":12032754469,"PERF_COUNT_HW_BRANCH_INSTRUCTIONS":1648552155,"PERF_COUNT_HW_CACHE_MISSES":885855,"PERF_COUNT_HW_INSTRUCTIONS":29766493120,"PERF_COUNT_HW_BRANCH_MISSES":1519558,"PERF_COUNT_HW_CACHE_REFERENCES":3320475,"PERF_COUNT_HW_CPU_CYCLES":12338817833}}
{"runtime":4143,"energy":{"pkg":41.5025634765625,"pp0":22.4224853515625,"pp1":0.775634765625,"dram":0},"perf_counters":{"PERF_COUNT_HW_REF_CPU_CYCLES":11686276978,"PERF_COUNT_HW_BRANCH_INSTRUCTIONS":1647303903,"PERF_COUNT_HW_CACHE_MISSES":876609,"PERF_COUNT_HW_INSTRUCTIONS":29760200015,"PERF_COUNT_HW_BRANCH_MISSES":1425349,"PERF_COUNT_HW_CACHE_REFERENCES":3112122,"PERF_COUNT_HW_CPU_CYCLES":11854575172}}
{"runtime":4380,"energy":{"pkg":43.47589111328125,"pp0":23.3116455078125,"pp1":0.8172607421875,"dram":0},"perf_counters":{"PERF_COUNT_HW_REF_CPU_CYCLES":12349239545,"PERF_COUNT_HW_BRANCH_INSTRUCTIONS":1649028227,"PERF_COUNT_HW_CACHE_MISSES":896470,"PERF_COUNT_HW_INSTRUCTIONS":29768815094,"PERF_COUNT_HW_BRANCH_MISSES":1520214,"PERF_COUNT_HW_CACHE_REFERENCES":3431297,"PERF_COUNT_HW_CPU_CYCLES":12862074408}}
{"runtime":4162,"energy":{"pkg":41.561767578125,"pp0":22.33489990234375,"pp1":0.88232421875,"dram":0},"perf_counters":{"PERF_COUNT_HW_REF_CPU_CYCLES":11731383094,"PERF_COUNT_HW_BRANCH_INSTRUCTIONS":1648150711,"PERF_COUNT_HW_CACHE_MISSES":801901,"PERF_COUNT_HW_INSTRUCTIONS":29762760141,"PERF_COUNT_HW_BRANCH_MISSES":1512892,"PERF_COUNT_HW_CACHE_REFERENCES":3283453,"PERF_COUNT_HW_CPU_CYCLES":11904793374}}
{"runtime":4151,"energy":{"pkg":41.30279541015625,"pp0":22.263916015625,"pp1":0.7330322265625,"dram":0},"perf_counters":{"PERF_COUNT_HW_REF_CPU_CYCLES":11706077425,"PERF_COUNT_HW_BRANCH_INSTRUCTIONS":1648725907,"PERF_COUNT_HW_CACHE_MISSES":866021,"PERF_COUNT_HW_INSTRUCTIONS":29768380303,"PERF_COUNT_HW_BRANCH_MISSES":1531920,"PERF_COUNT_HW_CACHE_REFERENCES":3401253,"PERF_COUNT_HW_CPU_CYCLES":11810093487}}
{"runtime":4162,"energy":{"pkg":41.42718505859375,"pp0":22.12567138671875,"pp1":0.889892578125,"dram":0},"perf_counters":{"PERF_COUNT_HW_REF_CPU_CYCLES":11732202665,"PERF_COUNT_HW_BRANCH_INSTRUCTIONS":1647907039,"PERF_COUNT_HW_CACHE_MISSES":871413,"PERF_COUNT_HW_INSTRUCTIONS":29763146083,"PERF_COUNT_HW_BRANCH_MISSES":1477701,"PERF_COUNT_HW_CACHE_REFERENCES":3184666,"PERF_COUNT_HW_CPU_CYCLES":11809515649}}
{"runtime":4207,"energy":{"pkg":41.6619873046875,"pp0":22.27191162109375,"pp1":0.79150390625,"dram":0},"perf_counters":{"PERF_COUNT_HW_REF_CPU_CYCLES":11764850163,"PERF_COUNT_HW_BRANCH_INSTRUCTIONS":1648876440,"PERF_COUNT_HW_CACHE_MISSES":832143,"PERF_COUNT_HW_INSTRUCTIONS":29767646421,"PERF_COUNT_HW_BRANCH_MISSES":1509620,"PERF_COUNT_HW_CACHE_REFERENCES":3322736,"PERF_COUNT_HW_CPU_CYCLES":11812958720}}
{"runtime":4152,"energy":{"pkg":41.48358154296875,"pp0":22.29290771484375,"pp1":0.8360595703125,"dram":0},"perf_counters":{"PERF_COUNT_HW_REF_CPU_CYCLES":11701360822,"PERF_COUNT_HW_BRANCH_INSTRUCTIONS":1648474018,"PERF_COUNT_HW_CACHE_MISSES":792887,"PERF_COUNT_HW_INSTRUCTIONS":29765721814,"PERF_COUNT_HW_BRANCH_MISSES":1478863,"PERF_COUNT_HW_CACHE_REFERENCES":3030731,"PERF_COUNT_HW_CPU_CYCLES":11816080000}}
