{"runtime":9760,"energy":{"pkg":97.0726318359375,"pp0":51.4554443359375,"pp1":2.2398681640625,"dram":0},"perf_counters":{"PERF_COUNT_HW_REF_CPU_CYCLES":129465903544,"PERF_COUNT_HW_BRANCH_INSTRUCTIONS":24638355441,"PERF_COUNT_HW_CACHE_MISSES":59476916,"PERF_COUNT_HW_INSTRUCTIONS":137605439881,"PERF_COUNT_HW_BRANCH_MISSES":334551280,"PERF_COUNT_HW_CACHE_REFERENCES":121760847,"PERF_COUNT_HW_CPU_CYCLES":62040968527}}
{"runtime":9910,"energy":{"pkg":98.625244140625,"pp0":52.28558349609375,"pp1":2.2325439453125,"dram":0},"perf_counters":{"PERF_COUNT_HW_REF_CPU_CYCLES":124485932604,"PERF_COUNT_HW_BRANCH_INSTRUCTIONS":25230602272,"PERF_COUNT_HW_CACHE_MISSES":60323162,"PERF_COUNT_HW_INSTRUCTIONS":140649213129,"PERF_COUNT_HW_BRANCH_MISSES":332872451,"PERF_COUNT_HW_CACHE_REFERENCES":120407010,"PERF_COUNT_HW_CPU_CYCLES":61255400528}}
{"runtime":9418,"energy":{"pkg":93.77264404296875,"pp0":49.8787841796875,"pp1":1.98046875,"dram":0},"perf_counters":{"PERF_COUNT_HW_REF_CPU_CYCLES":114886567070,"PERF_COUNT_HW_BRANCH_INSTRUCTIONS":24540224872,"PERF_COUNT_HW_CACHE_MISSES":62010775,"PERF_COUNT_HW_INSTRUCTIONS":137258642243,"PERF_COUNT_HW_BRANCH_MISSES":330309016,"PERF_COUNT_HW_CACHE_REFERENCES":125414966,"PERF_COUNT_HW_CPU_CYCLES":59233256836}}
{"runtime":9952,"energy":{"pkg":99.04705810546875,"pp0":52.65997314453125,"pp1":2.16259765625,"dram":0},"perf_counters":{"PERF_COUNT_HW_REF_CPU_CYCLES":125977618911,"PERF_COUNT_HW_BRANCH_INSTRUCTIONS":26701384256,"PERF_COUNT_HW_CACHE_MISSES":61627318,"PERF_COUNT_HW_INSTRUCTIONS":140910641232,"PERF_COUNT_HW_BRANCH_MISSES":332006060,"PERF_COUNT_HW_CACHE_REFERENCES":122551213,"PERF_COUNT_HW_CPU_CYCLES":62129555205}}
{"runtime":9961,"energy":{"pkg":99.048583984375,"pp0":52.71649169921875,"pp1":2.0474853515625,"dram":0},"perf_counters":{"PERF_COUNT_HW_REF_CPU_CYCLES":126996673799,"PERF_COUNT_HW_BRANCH_INSTRUCTIONS":26316067561,"PERF_COUNT_HW_CACHE_MISSES":61076275,"PERF_COUNT_HW_INSTRUCTIONS":139427088606,"PERF_COUNT_HW_BRANCH_MISSES":333400753,"PERF_COUNT_HW_CACHE_REFERENCES":130881485,"PERF_COUNT_HW_CPU_CYCLES":63200316169}}
{"runtime":9637,"energy":{"pkg":95.95806884765625,"pp0":51.09375,"pp1":1.9722900390625,"dram":0},"perf_counters":{"PERF_COUNT_HW_REF_CPU_CYCLES":124004304519,"PERF_COUNT_HW_BRANCH_INSTRUCTIONS":24876664170,"PERF_COUNT_HW_CACHE_MISSES":61684036,"PERF_COUNT_HW_INSTRUCTIONS":135024464376,"PERF_COUNT_HW_BRANCH_MISSES":329696474,"PERF_COUNT_HW_CACHE_REFERENCES":130165243,"PERF_COUNT_HW_CPU_CYCLES":63184671529}}
{"runtime":10097,"energy":{"pkg":100.342529296875,"pp0":53.3480224609375,"pp1":2.08447265625,"dram":0},"perf_counters":{"PERF_COUNT_HW_REF_CPU_CYCLES":129422113399,"PERF_COUNT_HW_BRANCH_INSTRUCTIONS":26528754763,"PERF_COUNT_HW_CACHE_MISSES":61009842,"PERF_COUNT_HW_INSTRUCTIONS":142844850210,"PERF_COUNT_HW_BRANCH_MISSES":331321939,"PERF_COUNT_HW_CACHE_REFERENCES":125509120,"PERF_COUNT_HW_CPU_CYCLES":63610409929}}
{"runtime":9973,"energy":{"pkg":99.29150390625,"pp0":52.9176025390625,"pp1":2.0086669921875,"dram":0},"perf_counters":{"PERF_COUNT_HW_REF_CPU_CYCLES":125399657617,"PERF_COUNT_HW_BRANCH_INSTRUCTIONS":26605810025,"PERF_COUNT_HW_CACHE_MISSES":61830740,"PERF_COUNT_HW_INSTRUCTIONS":143351885493,"PERF_COUNT_HW_BRANCH_MISSES":336294475,"PERF_COUNT_HW_CACHE_REFERENCES":124704555,"PERF_COUNT_HW_CPU_CYCLES":62350277075}}
{"runtime":9879,"energy":{"pkg":98.32855224609375,"pp0":52.4344482421875,"pp1":1.974609375,"dram":0},"perf_counters":{"PERF_COUNT_HW_REF_CPU_CYCLES":128597553506,"PERF_COUNT_HW_BRANCH_INSTRUCTIONS":25389882334,"PERF_COUNT_HW_CACHE_MISSES":61818706,"PERF_COUNT_HW_INSTRUCTIONS":137033731630,"PERF_COUNT_HW_BRANCH_MISSES":334664689,"PERF_COUNT_HW_CACHE_REFERENCES":136749254,"PERF_COUNT_HW_CPU_CYCLES":63262507275}}
{"runtime":9739,"energy":{"pkg":96.953369140625,"pp0":51.493896484375,"pp1":2.1031494140625,"dram":0},"perf_counters":{"PERF_COUNT_HW_REF_CPU_CYCLES":124880019016,"PERF_COUNT_HW_BRANCH_INSTRUCTIONS":26628386854,"PERF_COUNT_HW_CACHE_MISSES":61488313,"PERF_COUNT_HW_INSTRUCTIONS":141498972148,"PERF_COUNT_HW_BRANCH_MISSES":334321942,"PERF_COUNT_HW_CACHE_REFERENCES":123262421,"PERF_COUNT_HW_CPU_CYCLES":60359640817}}
{"runtime":9746,"energy":{"pkg":96.82781982421875,"pp0":51.4327392578125,"pp1":1.9996337890625,"dram":0},"perf_counters":{"PERF_COUNT_HW_REF_CPU_CYCLES":122654031622,"PERF_COUNT_HW_BRANCH_INSTRUCTIONS":24952217943,"PERF_COUNT_HW_CACHE_MISSES":61154703,"PERF_COUNT_HW_INSTRUCTIONS":135163051820,"PERF_COUNT_HW_BRANCH_MISSES":328717285,"PERF_COUNT_HW_CACHE_REFERENCES":124653436,"PERF_COUNT_HW_CPU_CYCLES":62863244456}}
