{"runtime":861,"energy":{"pkg":8.79705810546875,"pp0":4.6207275390625,"pp1":0.1956787109375,"dram":0},"perf_counters":{"PERF_COUNT_HW_REF_CPU_CYCLES":6906654684,"PERF_COUNT_HW_BRANCH_INSTRUCTIONS":2121634841,"PERF_COUNT_HW_CACHE_MISSES":21444694,"PERF_COUNT_HW_INSTRUCTIONS":11223195285,"PERF_COUNT_HW_BRANCH_MISSES":9241891,"PERF_COUNT_HW_CACHE_REFERENCES":43744311,"PERF_COUNT_HW_CPU_CYCLES":4643492413}}
{"runtime":924,"energy":{"pkg":9.18865966796875,"pp0":4.712646484375,"pp1":0.2166748046875,"dram":0},"perf_counters":{"PERF_COUNT_HW_REF_CPU_CYCLES":7499430744,"PERF_COUNT_HW_BRANCH_INSTRUCTIONS":2148941155,"PERF_COUNT_HW_CACHE_MISSES":21328512,"PERF_COUNT_HW_INSTRUCTIONS":11461114057,"PERF_COUNT_HW_BRANCH_MISSES":9298708,"PERF_COUNT_HW_CACHE_REFERENCES":43767106,"PERF_COUNT_HW_CPU_CYCLES":4905153276}}
{"runtime":866,"energy":{"pkg":8.69781494140625,"pp0":4.49822998046875,"pp1":0.1934814453125,"dram":0},"perf_counters":{"PERF_COUNT_HW_REF_CPU_CYCLES":7232879712,"PERF_COUNT_HW_BRANCH_INSTRUCTIONS":2180657755,"PERF_COUNT_HW_CACHE_MISSES":20802643,"PERF_COUNT_HW_INSTRUCTIONS":11413494553,"PERF_COUNT_HW_BRANCH_MISSES":8712127,"PERF_COUNT_HW_CACHE_REFERENCES":38921821,"PERF_COUNT_HW_CPU_CYCLES":4727839701}}
{"runtime":894,"energy":{"pkg":8.812744140625,"pp0":4.52777099609375,"pp1":0.1676025390625,"dram":0},"perf_counters":{"PERF_COUNT_HW_REF_CPU_CYCLES":7113613845,"PERF_COUNT_HW_BRANCH_INSTRUCTIONS":2151382751,"PERF_COUNT_HW_CACHE_MISSES":21194399,"PERF_COUNT_HW_INSTRUCTIONS":11268065257,"PERF_COUNT_HW_BRANCH_MISSES":8275903,"PERF_COUNT_HW_CACHE_REFERENCES":39226457,"PERF_COUNT_HW_CPU_CYCLES":4727263201}}
{"runtime":871,"energy":{"pkg":8.67926025390625,"pp0":4.46026611328125,"pp1":0.1878662109375,"dram":0},"perf_counters":{"PERF_COUNT_HW_REF_CPU_CYCLES":6981871402,"PERF_COUNT_HW_BRANCH_INSTRUCTIONS":2132199010,"PERF_COUNT_HW_CACHE_MISSES":21104932,"PERF_COUNT_HW_INSTRUCTIONS":11161907190,"PERF_COUNT_HW_BRANCH_MISSES":8227076,"PERF_COUNT_HW_CACHE_REFERENCES":38679430,"PERF_COUNT_HW_CPU_CYCLES":4700124900}}
{"runtime":839,"energy":{"pkg":8.5775146484375,"pp0":4.52490234375,"pp1":0.1778564453125,"dram":0},"perf_counters":{"PERF_COUNT_HW_REF_CPU_CYCLES":6937272782,"PERF_COUNT_HW_BRANCH_INSTRUCTIONS":2161833186,"PERF_COUNT_HW_CACHE_MISSES":21433390,"PERF_COUNT_HW_INSTRUCTIONS":11471278393,"PERF_COUNT_HW_BRANCH_MISSES":8711886,"PERF_COUNT_HW_CACHE_REFERENCES":39007606,"PERF_COUNT_HW_CPU_CYCLES":4686340165}}
{"runtime":884,"energy":{"pkg":8.75048828125,"pp0":4.50439453125,"pp1":0.1641845703125,"dram":0},"perf_counters":{"PERF_COUNT_HW_REF_CPU_CYCLES":7007095092,"PERF_COUNT_HW_BRANCH_INSTRUCTIONS":2136983225,"PERF_COUNT_HW_CACHE_MISSES":21027913,"PERF_COUNT_HW_INSTRUCTIONS":11448834087,"PERF_COUNT_HW_BRANCH_MISSES":8265952,"PERF_COUNT_HW_CACHE_REFERENCES":38735603,"PERF_COUNT_HW_CPU_CYCLES":4603964078}}
{"runtime":835,"energy":{"pkg":8.61285400390625,"pp0":4.5552978515625,"pp1":0.1859130859375,"dram":0},"perf_counters":{"PERF_COUNT_HW_REF_CPU_CYCLES":6938060014,"PERF_COUNT_HW_BRANCH_INSTRUCTIONS":2102330464,"PERF_COUNT_HW_CACHE_MISSES":21158998,"PERF_COUNT_HW_INSTRUCTIONS":11137565119,"PERF_COUNT_HW_BRANCH_MISSES":9207456,"PERF_COUNT_HW_CACHE_REFERENCES":41994052,"PERF_COUNT_HW_CPU_CYCLES":4600153748}}
{"runtime":949,"energy":{"pkg":9.222900390625,"pp0":4.6767578125,"pp1":0.178466796875,"dram":0},"perf_counters":{"PERF_COUNT_HW_REF_CPU_CYCLES":7424873362,"PERF_COUNT_HW_BRANCH_INSTRUCTIONS":2111973007,"PERF_COUNT_HW_CACHE_MISSES":21597034,"PERF_COUNT_HW_INSTRUCTIONS":11190581593,"PERF_COUNT_HW_BRANCH_MISSES":9393524,"PERF_COUNT_HW_CACHE_REFERENCES":44723120,"PERF_COUNT_HW_CPU_CYCLES":4817949206}}
{"runtime":846,"energy":{"pkg":8.62957763671875,"pp0":4.55072021484375,"pp1":0.168212890625,"dram":0},"perf_counters":{"PERF_COUNT_HW_REF_CPU_CYCLES":6934243428,"PERF_COUNT_HW_BRANCH_INSTRUCTIONS":2124507272,"PERF_COUNT_HW_CACHE_MISSES":21415024,"PERF_COUNT_HW_INSTRUCTIONS":11222122962,"PERF_COUNT_HW_BRANCH_MISSES":9224835,"PERF_COUNT_HW_CACHE_REFERENCES":42573257,"PERF_COUNT_HW_CPU_CYCLES":4671915238}}
{"runtime":872,"energy":{"pkg":8.73223876953125,"pp0":4.55047607421875,"pp1":0.15771484375,"dram":0},"perf_counters":{"PERF_COUNT_HW_REF_CPU_CYCLES":7096398766,"PERF_COUNT_HW_BRANCH_INSTRUCTIONS":2101841204,"PERF_COUNT_HW_CACHE_MISSES":22049737,"PERF_COUNT_HW_INSTRUCTIONS":10775261793,"PERF_COUNT_HW_BRANCH_MISSES":9158744,"PERF_COUNT_HW_CACHE_REFERENCES":43341195,"PERF_COUNT_HW_CPU_CYCLES":4673316666}}
