{"runtime":17385,"energy":{"pkg":569.83544921875,"pp0":0,"dram":197.16290283203125},"cycles":86675458555}
{"runtime":14362,"energy":{"pkg":485.6114501953125,"pp0":0,"dram":157.65533447265625},"cycles":82074731426}
{"runtime":10553,"energy":{"pkg":403.00244140625,"pp0":0,"dram":90.76513671875},"cycles":68220400440}
{"runtime":9434,"energy":{"pkg":366.52789306640625,"pp0":0,"dram":75.65155029296875},"cycles":65103131682}
{"runtime":10335,"energy":{"pkg":426.2410888671875,"pp0":0,"dram":102.181396484375},"cycles":70679755831}
{"runtime":12952,"energy":{"pkg":478.84063720703125,"pp0":0,"dram":142.11749267578125},"cycles":79502048059}
{"runtime":13432,"energy":{"pkg":478.44573974609375,"pp0":0,"dram":125.61083984375},"cycles":74952881848}
{"runtime":13458,"energy":{"pkg":508.70263671875,"pp0":0,"dram":148.3743896484375},"cycles":81316041885}
{"runtime":14004,"energy":{"pkg":482.556640625,"pp0":0,"dram":153.46392822265625},"cycles":80249100123}
{"runtime":15871,"energy":{"pkg":540.0949096679688,"pp0":0,"dram":174.20458984375},"cycles":81235020087}
