{"runtime":5707,"energy":{"pkg":393.46820068359375,"pp0":0,"dram":50.21514892578125},"cycles":254926798248}
{"runtime":5946,"energy":{"pkg":389.588623046875,"pp0":0,"dram":52.25274658203125},"cycles":253225652837}
{"runtime":5432,"energy":{"pkg":394.32745361328125,"pp0":0,"dram":47.94287109375},"cycles":252829820818}
{"runtime":5887,"energy":{"pkg":394.32745361328125,"pp0":0,"dram":52.0908203125},"cycles":255198797333}
{"runtime":5624,"energy":{"pkg":391.22265625,"pp0":0,"dram":50.18951416015625},"cycles":251503320617}
{"runtime":5496,"energy":{"pkg":381.92266845703125,"pp0":0,"dram":48.43328857421875},"cycles":254002282656}
{"runtime":5281,"energy":{"pkg":399.64984130859375,"pp0":0,"dram":47.0360107421875},"cycles":259335901109}
{"runtime":5788,"energy":{"pkg":383.2138671875,"pp0":0,"dram":50.6407470703125},"cycles":250970830308}
{"runtime":5531,"energy":{"pkg":403.13128662109375,"pp0":0,"dram":48.74664306640625},"cycles":255877688534}
{"runtime":5862,"energy":{"pkg":393.2442626953125,"pp0":0,"dram":51.313720703125},"cycles":250888997295}
