{"runtime":2405,"energy":{"pkg":129.46929931640625,"pp0":0,"dram":21.95513916015625},"cycles":78658346426}
{"runtime":2388,"energy":{"pkg":123.9442138671875,"pp0":0,"dram":21.23370361328125},"cycles":75050660707}
{"runtime":2400,"energy":{"pkg":131.6290283203125,"pp0":0,"dram":21.8121337890625},"cycles":78490352779}
{"runtime":2187,"energy":{"pkg":123.1580810546875,"pp0":0,"dram":19.493896484375},"cycles":75010353630}
{"runtime":2323,"energy":{"pkg":129.04803466796875,"pp0":0,"dram":21.2567138671875},"cycles":78025399220}
{"runtime":2349,"energy":{"pkg":124.87200927734375,"pp0":0,"dram":20.808349609375},"cycles":75081763185}
{"runtime":2511,"energy":{"pkg":127.20782470703125,"pp0":0,"dram":22.8514404296875},"cycles":78360531501}
{"runtime":2382,"energy":{"pkg":124.098388671875,"pp0":0,"dram":21.17413330078125},"cycles":75082647741}
{"runtime":2342,"energy":{"pkg":128.94891357421875,"pp0":0,"dram":21.51361083984375},"cycles":77915622701}
{"runtime":2462,"energy":{"pkg":127.63751220703125,"pp0":0,"dram":21.73345947265625},"cycles":75185181000}
