{"runtime":9386,"energy":{"pkg":325.76910400390625,"pp0":0,"dram":71.92645263671875},"cycles":21691685219}
{"runtime":9401,"energy":{"pkg":325.0068359375,"pp0":0,"dram":72.50482177734375},"cycles":21653709131}
{"runtime":9291,"energy":{"pkg":322.34552001953125,"pp0":0,"dram":70.7144775390625},"cycles":21558372136}
{"runtime":9615,"energy":{"pkg":326.0491943359375,"pp0":0,"dram":73.3575439453125},"cycles":21565641186}
{"runtime":9708,"energy":{"pkg":326.30780029296875,"pp0":0,"dram":74.35162353515625},"cycles":21585462885}
{"runtime":9492,"energy":{"pkg":324.0726318359375,"pp0":0,"dram":72.6640625},"cycles":21535023430}
{"runtime":9447,"energy":{"pkg":325.62042236328125,"pp0":0,"dram":73.03076171875},"cycles":21669904672}
{"runtime":9368,"energy":{"pkg":322.1851806640625,"pp0":0,"dram":71.662353515625},"cycles":21586420489}
{"runtime":9481,"energy":{"pkg":322.84869384765625,"pp0":0,"dram":72.60284423828125},"cycles":21541694839}
{"runtime":9410,"energy":{"pkg":324.91986083984375,"pp0":0,"dram":71.93511962890625},"cycles":21636865555}
