{"runtime":10996,"energy":{"pkg":509.01129150390625,"pp0":0,"dram":106.88397216796875},"cycles":137982996742}
{"runtime":10685,"energy":{"pkg":503.596435546875,"pp0":0,"dram":106.79632568359375},"cycles":140566305326}
{"runtime":11505,"energy":{"pkg":528.6536254882812,"pp0":0,"dram":112.141357421875},"cycles":135612171467}
{"runtime":11885,"energy":{"pkg":519.22998046875,"pp0":0,"dram":114.88348388671875},"cycles":138272353534}
{"runtime":11775,"energy":{"pkg":518.02978515625,"pp0":0,"dram":115.9638671875},"cycles":137399119786}
{"runtime":11277,"energy":{"pkg":514.4553833007812,"pp0":0,"dram":111.42413330078125},"cycles":135191681178}
{"runtime":11793,"energy":{"pkg":500.8182373046875,"pp0":0,"dram":112.2186279296875},"cycles":126527391160}
{"runtime":12017,"energy":{"pkg":506.35406494140625,"pp0":0,"dram":113.842529296875},"cycles":132720296316}
{"runtime":11432,"energy":{"pkg":526.5590209960938,"pp0":0,"dram":110.69366455078125},"cycles":139957901207}
{"runtime":11300,"energy":{"pkg":515.5991821289062,"pp0":0,"dram":110.15948486328125},"cycles":135367691356}
