{"runtime":2556,"energy":{"pkg":77.825439453125,"pp0":0,"dram":27.2957763671875},"cycles":7699132324}
{"runtime":2420,"energy":{"pkg":68.7816162109375,"pp0":0,"dram":24.493408203125},"cycles":4631635946}
{"runtime":2667,"energy":{"pkg":78.5504150390625,"pp0":0,"dram":27.6453857421875},"cycles":7670617231}
{"runtime":2496,"energy":{"pkg":69.7667236328125,"pp0":0,"dram":25.17266845703125},"cycles":4663764933}
{"runtime":2733,"energy":{"pkg":80.99493408203125,"pp0":0,"dram":28.60614013671875},"cycles":7882559420}
{"runtime":2507,"energy":{"pkg":71.14453125,"pp0":0,"dram":25.6826171875},"cycles":4649533386}
{"runtime":2503,"energy":{"pkg":75.433349609375,"pp0":0,"dram":26.98687744140625},"cycles":7905321039}
{"runtime":2428,"energy":{"pkg":68.8079833984375,"pp0":0,"dram":24.64556884765625},"cycles":4679252769}
{"runtime":2473,"energy":{"pkg":73.3848876953125,"pp0":0,"dram":26.15093994140625},"cycles":7592343121}
{"runtime":2386,"energy":{"pkg":68.32257080078125,"pp0":0,"dram":24.346923828125},"cycles":4664754983}
