{"runtime":1644,"energy":{"pkg":51.9178466796875,"pp0":0,"dram":14.7078857421875},"cycles":14057902861}
{"runtime":1730,"energy":{"pkg":59.9158935546875,"pp0":0,"dram":15.90484619140625},"cycles":16531490726}
{"runtime":1627,"energy":{"pkg":51.53936767578125,"pp0":0,"dram":14.6029052734375},"cycles":13957265058}
{"runtime":1839,"energy":{"pkg":59.93829345703125,"pp0":0,"dram":17.18975830078125},"cycles":16293482717}
{"runtime":1731,"energy":{"pkg":53.3924560546875,"pp0":0,"dram":15.20684814453125},"cycles":14079489542}
{"runtime":1664,"energy":{"pkg":55.5166015625,"pp0":0,"dram":15.2496337890625},"cycles":15957853633}
{"runtime":1684,"energy":{"pkg":52.670166015625,"pp0":0,"dram":15.21612548828125},"cycles":14112399448}
{"runtime":1671,"energy":{"pkg":56.077392578125,"pp0":0,"dram":15.7279052734375},"cycles":16032008094}
{"runtime":1712,"energy":{"pkg":53.64691162109375,"pp0":0,"dram":15.222900390625},"cycles":14108400217}
{"runtime":1722,"energy":{"pkg":58.35284423828125,"pp0":0,"dram":16.0751953125},"cycles":16052328397}
