{"runtime":10112,"energy":{"pkg":419.664306640625,"pp0":0,"dram":97.84197998046875},"cycles":89345867856}
{"runtime":12008,"energy":{"pkg":485.4195556640625,"pp0":0,"dram":136.8800048828125},"cycles":107985443916}
{"runtime":9200,"energy":{"pkg":371.28387451171875,"pp0":0,"dram":81.47882080078125},"cycles":82882769277}
{"runtime":9444,"energy":{"pkg":385.9769287109375,"pp0":0,"dram":83.46038818359375},"cycles":84812394660}
{"runtime":11495,"energy":{"pkg":418.2017822265625,"pp0":0,"dram":108.40948486328125},"cycles":99857943801}
{"runtime":13686,"energy":{"pkg":488.5272216796875,"pp0":0,"dram":156.35699462890625},"cycles":120855270312}
{"runtime":13569,"energy":{"pkg":487.22650146484375,"pp0":0,"dram":150.685546875},"cycles":115689913731}
{"runtime":11393,"energy":{"pkg":439.86785888671875,"pp0":0,"dram":113.72857666015625},"cycles":97651416093}
{"runtime":13307,"energy":{"pkg":467.00115966796875,"pp0":0,"dram":138.98876953125},"cycles":112970995242}
{"runtime":12742,"energy":{"pkg":448.55908203125,"pp0":0,"dram":136.9266357421875},"cycles":110858448813}
{"runtime":13252,"energy":{"pkg":458.1715087890625,"pp0":0,"dram":145.59912109375},"cycles":115526017845}
{"runtime":13176,"energy":{"pkg":470.591064453125,"pp0":0,"dram":145.612548828125},"cycles":115782948330}
{"runtime":10739,"energy":{"pkg":454.5614013671875,"pp0":0,"dram":115.15557861328125},"cycles":97287454215}
{"runtime":10445,"energy":{"pkg":400.93170166015625,"pp0":0,"dram":96.34405517578125},"cycles":92542732233}
{"runtime":13797,"energy":{"pkg":478.55584716796875,"pp0":0,"dram":153.06512451171875},"cycles":121825854780}
{"runtime":11423,"energy":{"pkg":429.2838134765625,"pp0":0,"dram":110.775390625},"cycles":98990525130}
{"runtime":11120,"energy":{"pkg":430.8868408203125,"pp0":0,"dram":109.944580078125},"cycles":96937684347}
{"runtime":9408,"energy":{"pkg":388.60272216796875,"pp0":0,"dram":81.145751953125},"cycles":85404378885}
{"runtime":12170,"energy":{"pkg":467.61492919921875,"pp0":0,"dram":129.78472900390625},"cycles":105543809259}
{"runtime":11378,"energy":{"pkg":426.56195068359375,"pp0":0,"dram":111.4100341796875},"cycles":97235553954}
{"runtime":10726,"energy":{"pkg":465.30474853515625,"pp0":0,"dram":115.22705078125},"cycles":95137751457}
