{"runtime":5714,"energy":{"pkg":388.3585205078125,"pp0":0,"dram":50.86199951171875},"cycles":270219442962}
{"runtime":5240,"energy":{"pkg":386.925537109375,"pp0":0,"dram":47.757080078125},"cycles":274396493196}
{"runtime":5695,"energy":{"pkg":390.27117919921875,"pp0":0,"dram":51.59332275390625},"cycles":274663441395}
{"runtime":5560,"energy":{"pkg":389.61041259765625,"pp0":0,"dram":51.34332275390625},"cycles":276829048713}
{"runtime":5191,"energy":{"pkg":376.14678955078125,"pp0":0,"dram":47.4573974609375},"cycles":273054004986}
{"runtime":5187,"energy":{"pkg":390.01220703125,"pp0":0,"dram":47.71563720703125},"cycles":270348203979}
{"runtime":5641,"energy":{"pkg":388.66070556640625,"pp0":0,"dram":51.09625244140625},"cycles":266499249723}
{"runtime":5377,"energy":{"pkg":386.1094970703125,"pp0":0,"dram":48.75042724609375},"cycles":269985907779}
{"runtime":5552,"energy":{"pkg":382.66790771484375,"pp0":0,"dram":50.298095703125},"cycles":275441976159}
{"runtime":5406,"energy":{"pkg":397.30975341796875,"pp0":0,"dram":49.58367919921875},"cycles":272159339025}
{"runtime":5677,"energy":{"pkg":389.72412109375,"pp0":0,"dram":52.0081787109375},"cycles":277674909015}
{"runtime":5621,"energy":{"pkg":399.0712890625,"pp0":0,"dram":51.8035888671875},"cycles":274602688920}
{"runtime":5866,"energy":{"pkg":395.43408203125,"pp0":0,"dram":53.28515625},"cycles":278701263162}
{"runtime":5224,"energy":{"pkg":380.718994140625,"pp0":0,"dram":48.306396484375},"cycles":271246295544}
{"runtime":5474,"energy":{"pkg":383.17718505859375,"pp0":0,"dram":49.73272705078125},"cycles":273496388235}
{"runtime":5447,"energy":{"pkg":387.10833740234375,"pp0":0,"dram":49.947509765625},"cycles":271793483052}
{"runtime":5631,"energy":{"pkg":389.652099609375,"pp0":0,"dram":51.08026123046875},"cycles":270205989228}
{"runtime":5301,"energy":{"pkg":387.96728515625,"pp0":0,"dram":48.62091064453125},"cycles":272368704321}
{"runtime":5380,"energy":{"pkg":384.17730712890625,"pp0":0,"dram":48.9776611328125},"cycles":268903474770}
{"runtime":5441,"energy":{"pkg":390.6204833984375,"pp0":0,"dram":49.57769775390625},"cycles":278092322529}
{"runtime":5357,"energy":{"pkg":378.18450927734375,"pp0":0,"dram":48.9095458984375},"cycles":269714191068}
