{"runtime":2560,"energy":{"pkg":121.31549072265625,"pp0":0,"dram":26.51904296875},"cycles":33204432135}
{"runtime":3038,"energy":{"pkg":119.1077880859375,"pp0":0,"dram":29.48974609375},"cycles":30126178656}
{"runtime":2863,"energy":{"pkg":120.66778564453125,"pp0":0,"dram":30.50341796875},"cycles":35194090701}
{"runtime":3282,"energy":{"pkg":127.9053955078125,"pp0":0,"dram":36.0196533203125},"cycles":30498600846}
{"runtime":3588,"energy":{"pkg":135.17791748046875,"pp0":0,"dram":36.3153076171875},"cycles":39067369530}
{"runtime":3072,"energy":{"pkg":115.920166015625,"pp0":0,"dram":30.63287353515625},"cycles":28771194690}
{"runtime":3232,"energy":{"pkg":123.17486572265625,"pp0":0,"dram":30.9732666015625},"cycles":36053568831}
{"runtime":3145,"energy":{"pkg":123.38861083984375,"pp0":0,"dram":29.271240234375},"cycles":29934059904}
{"runtime":2879,"energy":{"pkg":131.42791748046875,"pp0":0,"dram":30.8516845703125},"cycles":34601552790}
{"runtime":3471,"energy":{"pkg":129.26702880859375,"pp0":0,"dram":32.9295654296875},"cycles":31549122150}
{"runtime":3258,"energy":{"pkg":125.66162109375,"pp0":0,"dram":30.43768310546875},"cycles":35655980619}
{"runtime":2883,"energy":{"pkg":113.96429443359375,"pp0":0,"dram":29.2515869140625},"cycles":29343768636}
{"runtime":2710,"energy":{"pkg":114.69598388671875,"pp0":0,"dram":30.1201171875},"cycles":34052659599}
{"runtime":3017,"energy":{"pkg":122.78558349609375,"pp0":0,"dram":33.81427001953125},"cycles":29609962914}
{"runtime":3168,"energy":{"pkg":128.0648193359375,"pp0":0,"dram":32.523193359375},"cycles":35814757020}
{"runtime":3102,"energy":{"pkg":126.7645263671875,"pp0":0,"dram":31.029296875},"cycles":30620517396}
{"runtime":3015,"energy":{"pkg":125.136474609375,"pp0":0,"dram":30.16314697265625},"cycles":36606743187}
{"runtime":3096,"energy":{"pkg":114.320068359375,"pp0":0,"dram":30.9522705078125},"cycles":29865352377}
{"runtime":3004,"energy":{"pkg":120.6412353515625,"pp0":0,"dram":30.0006103515625},"cycles":35108486952}
{"runtime":3076,"energy":{"pkg":109.89166259765625,"pp0":0,"dram":30.2464599609375},"cycles":31765557537}
{"runtime":2926,"energy":{"pkg":115.59625244140625,"pp0":0,"dram":27.97894287109375},"cycles":34683256314}
