{"runtime":6751,"energy":{"pkg":293.4337158203125,"pp0":0,"dram":67.0777587890625},"cycles":50504573070}
{"runtime":6409,"energy":{"pkg":279.279541015625,"pp0":0,"dram":64.750244140625},"cycles":50202714072}
{"runtime":6384,"energy":{"pkg":266.564453125,"pp0":0,"dram":65.22259521484375},"cycles":49632772224}
{"runtime":6499,"energy":{"pkg":268.11749267578125,"pp0":0,"dram":64.52081298828125},"cycles":50159665017}
{"runtime":6653,"energy":{"pkg":295.44366455078125,"pp0":0,"dram":65.6029052734375},"cycles":51221166864}
{"runtime":6546,"energy":{"pkg":267.75445556640625,"pp0":0,"dram":64.81829833984375},"cycles":49731781617}
{"runtime":6650,"energy":{"pkg":299.00030517578125,"pp0":0,"dram":65.58917236328125},"cycles":51004975098}
{"runtime":6451,"energy":{"pkg":267.21905517578125,"pp0":0,"dram":64.9197998046875},"cycles":49214460687}
{"runtime":7003,"energy":{"pkg":298.64581298828125,"pp0":0,"dram":69.9033203125},"cycles":52501115142}
{"runtime":6620,"energy":{"pkg":288.21722412109375,"pp0":0,"dram":65.3306884765625},"cycles":50322688941}
{"runtime":6263,"energy":{"pkg":265.85870361328125,"pp0":0,"dram":60.7635498046875},"cycles":49474857915}
{"runtime":6613,"energy":{"pkg":272.44561767578125,"pp0":0,"dram":64.3876953125},"cycles":52888315347}
{"runtime":6879,"energy":{"pkg":294.53912353515625,"pp0":0,"dram":68.10076904296875},"cycles":51335229204}
{"runtime":6582,"energy":{"pkg":266.2242431640625,"pp0":0,"dram":64.36956787109375},"cycles":49947878715}
{"runtime":6482,"energy":{"pkg":290.3463134765625,"pp0":0,"dram":64.419189453125},"cycles":53562106227}
{"runtime":6397,"energy":{"pkg":264.9356689453125,"pp0":0,"dram":64.99346923828125},"cycles":49177140012}
{"runtime":6735,"energy":{"pkg":300.96136474609375,"pp0":0,"dram":66.5906982421875},"cycles":50321331459}
{"runtime":6498,"energy":{"pkg":284.9051513671875,"pp0":0,"dram":64.20654296875},"cycles":51858314970}
{"runtime":6319,"energy":{"pkg":277.4046630859375,"pp0":0,"dram":63.65106201171875},"cycles":49015192905}
{"runtime":6590,"energy":{"pkg":275.55828857421875,"pp0":0,"dram":67.0814208984375},"cycles":50373255765}
{"runtime":6497,"energy":{"pkg":267.61932373046875,"pp0":0,"dram":66.42755126953125},"cycles":49830944331}
