{"runtime":2337,"energy":{"pkg":122.3948974609375,"pp0":0,"dram":21.4007568359375},"cycles":98567131488}
{"runtime":2418,"energy":{"pkg":130.3211669921875,"pp0":0,"dram":22.428466796875},"cycles":100849303737}
{"runtime":2244,"energy":{"pkg":123.46807861328125,"pp0":0,"dram":20.4403076171875},"cycles":92292632040}
{"runtime":2332,"energy":{"pkg":133.37957763671875,"pp0":0,"dram":21.96917724609375},"cycles":99038256492}
{"runtime":2320,"energy":{"pkg":126.328857421875,"pp0":0,"dram":21.076171875},"cycles":97523197590}
{"runtime":2408,"energy":{"pkg":133.8292236328125,"pp0":0,"dram":22.59075927734375},"cycles":101828570340}
{"runtime":2325,"energy":{"pkg":122.20123291015625,"pp0":0,"dram":21.21063232421875},"cycles":95711448420}
{"runtime":2350,"energy":{"pkg":129.02801513671875,"pp0":0,"dram":22.027099609375},"cycles":95539697820}
{"runtime":2266,"energy":{"pkg":122.72772216796875,"pp0":0,"dram":20.73944091796875},"cycles":93874387719}
{"runtime":2348,"energy":{"pkg":130.58502197265625,"pp0":0,"dram":22.15838623046875},"cycles":98949695628}
{"runtime":2461,"energy":{"pkg":117.3583984375,"pp0":0,"dram":22.4139404296875},"cycles":96498938718}
{"runtime":2407,"energy":{"pkg":131.0384521484375,"pp0":0,"dram":22.65509033203125},"cycles":100931063268}
{"runtime":2289,"energy":{"pkg":120.88214111328125,"pp0":0,"dram":20.9810791015625},"cycles":95944594620}
{"runtime":2312,"energy":{"pkg":126.41693115234375,"pp0":0,"dram":21.83697509765625},"cycles":95099251968}
{"runtime":2256,"energy":{"pkg":124.93792724609375,"pp0":0,"dram":20.8037109375},"cycles":93259592832}
{"runtime":2353,"energy":{"pkg":128.47015380859375,"pp0":0,"dram":22.25836181640625},"cycles":99619005192}
{"runtime":2402,"energy":{"pkg":124.99853515625,"pp0":0,"dram":22.0765380859375},"cycles":100045578381}
{"runtime":2383,"energy":{"pkg":132.843994140625,"pp0":0,"dram":22.480712890625},"cycles":100588914825}
{"runtime":2206,"energy":{"pkg":122.64013671875,"pp0":0,"dram":20.4571533203125},"cycles":91497960372}
{"runtime":2340,"energy":{"pkg":131.4052734375,"pp0":0,"dram":22.25732421875},"cycles":98458061541}
{"runtime":2334,"energy":{"pkg":123.70233154296875,"pp0":0,"dram":21.30926513671875},"cycles":96507717621}
