{"runtime":9424,"energy":{"pkg":325.4295654296875,"pp0":0,"dram":74.901611328125},"cycles":25189124604}
{"runtime":9427,"energy":{"pkg":324.4827880859375,"pp0":0,"dram":74.34686279296875},"cycles":25156617927}
{"runtime":9441,"energy":{"pkg":324.58465576171875,"pp0":0,"dram":74.41241455078125},"cycles":25199482896}
{"runtime":9440,"energy":{"pkg":325.50482177734375,"pp0":0,"dram":74.29144287109375},"cycles":25368185934}
{"runtime":9257,"energy":{"pkg":322.940673828125,"pp0":0,"dram":72.2109375},"cycles":24871975317}
{"runtime":9465,"energy":{"pkg":324.5216064453125,"pp0":0,"dram":75.07293701171875},"cycles":25301761401}
{"runtime":9469,"energy":{"pkg":324.45672607421875,"pp0":0,"dram":74.44964599609375},"cycles":25456204788}
{"runtime":9297,"energy":{"pkg":324.06646728515625,"pp0":0,"dram":73.3070068359375},"cycles":24818564904}
{"runtime":9502,"energy":{"pkg":325.7596435546875,"pp0":0,"dram":74.41900634765625},"cycles":25327795479}
{"runtime":9427,"energy":{"pkg":321.61700439453125,"pp0":0,"dram":74.4423828125},"cycles":25245480960}
{"runtime":9770,"energy":{"pkg":327.12762451171875,"pp0":0,"dram":76.8828125},"cycles":25945656408}
{"runtime":9551,"energy":{"pkg":324.24371337890625,"pp0":0,"dram":75.50994873046875},"cycles":25476094539}
{"runtime":9580,"energy":{"pkg":332.806640625,"pp0":0,"dram":75.79437255859375},"cycles":25535823894}
{"runtime":9668,"energy":{"pkg":324.631103515625,"pp0":0,"dram":76.23455810546875},"cycles":25794865425}
{"runtime":9618,"energy":{"pkg":324.51751708984375,"pp0":0,"dram":76.35333251953125},"cycles":25665268209}
{"runtime":9459,"energy":{"pkg":319.78387451171875,"pp0":0,"dram":74.861083984375},"cycles":24933065073}
{"runtime":9642,"energy":{"pkg":325.83465576171875,"pp0":0,"dram":75.58984375},"cycles":25724037381}
{"runtime":9504,"energy":{"pkg":321.239501953125,"pp0":0,"dram":75.2998046875},"cycles":25409010774}
{"runtime":9451,"energy":{"pkg":321.05438232421875,"pp0":0,"dram":75.0068359375},"cycles":25281815202}
{"runtime":9659,"energy":{"pkg":326.4178466796875,"pp0":0,"dram":76.70819091796875},"cycles":25887679062}
{"runtime":9592,"energy":{"pkg":324.67901611328125,"pp0":0,"dram":75.17327880859375},"cycles":25643725716}
