{"runtime":3197,"energy":{"pkg":92.81512451171875,"pp0":0,"dram":25.52508544921875},"cycles":6851155983}
{"runtime":3160,"energy":{"pkg":97.61175537109375,"pp0":0,"dram":26.97021484375},"cycles":12201772863}
{"runtime":3176,"energy":{"pkg":92.16607666015625,"pp0":0,"dram":25.09954833984375},"cycles":6795318054}
{"runtime":3179,"energy":{"pkg":98.6942138671875,"pp0":0,"dram":28.17437744140625},"cycles":12339500334}
{"runtime":3188,"energy":{"pkg":91.576904296875,"pp0":0,"dram":25.406494140625},"cycles":6779625342}
{"runtime":3098,"energy":{"pkg":95.97540283203125,"pp0":0,"dram":26.78033447265625},"cycles":12480833694}
{"runtime":3210,"energy":{"pkg":92.57708740234375,"pp0":0,"dram":25.49139404296875},"cycles":6823543188}
{"runtime":3317,"energy":{"pkg":99.0863037109375,"pp0":0,"dram":29.24749755859375},"cycles":12656738262}
{"runtime":3090,"energy":{"pkg":89.5228271484375,"pp0":0,"dram":24.59942626953125},"cycles":6637085427}
{"runtime":3686,"energy":{"pkg":108.4798583984375,"pp0":0,"dram":31.4415283203125},"cycles":13644074955}
{"runtime":3101,"energy":{"pkg":89.18927001953125,"pp0":0,"dram":24.5609130859375},"cycles":6660546942}
{"runtime":3125,"energy":{"pkg":96.7305908203125,"pp0":0,"dram":27.86859130859375},"cycles":12428080791}
{"runtime":3278,"energy":{"pkg":99.6981201171875,"pp0":0,"dram":26.185546875},"cycles":6990674607}
{"runtime":3275,"energy":{"pkg":99.9639892578125,"pp0":0,"dram":28.59466552734375},"cycles":12569122188}
{"runtime":3064,"energy":{"pkg":89.74810791015625,"pp0":0,"dram":24.5108642578125},"cycles":6569469879}
{"runtime":3253,"energy":{"pkg":104.32037353515625,"pp0":0,"dram":28.08349609375},"cycles":12657498630}
{"runtime":3066,"energy":{"pkg":90.0994873046875,"pp0":0,"dram":24.551513671875},"cycles":6586591032}
{"runtime":3339,"energy":{"pkg":100.96197509765625,"pp0":0,"dram":29.5850830078125},"cycles":12815820780}
{"runtime":3294,"energy":{"pkg":93.52239990234375,"pp0":0,"dram":26.21868896484375},"cycles":6980817144}
{"runtime":3115,"energy":{"pkg":96.24176025390625,"pp0":0,"dram":27.9425048828125},"cycles":12430714170}
{"runtime":3305,"energy":{"pkg":94.00311279296875,"pp0":0,"dram":26.39892578125},"cycles":6995404017}
