{"runtime":10688,"energy":{"pkg":499.1739501953125,"pp0":0,"dram":108.4525146484375},"cycles":151927956495}
{"runtime":11524,"energy":{"pkg":502.8668212890625,"pp0":0,"dram":113.237060546875},"cycles":140352973047}
{"runtime":11501,"energy":{"pkg":501.18792724609375,"pp0":0,"dram":109.59246826171875},"cycles":143827235118}
{"runtime":11099,"energy":{"pkg":497.0426025390625,"pp0":0,"dram":107.39727783203125},"cycles":144165176169}
{"runtime":11066,"energy":{"pkg":498.4310302734375,"pp0":0,"dram":109.6787109375},"cycles":155066593983}
{"runtime":10430,"energy":{"pkg":488.026123046875,"pp0":0,"dram":107.38128662109375},"cycles":154761086907}
{"runtime":10951,"energy":{"pkg":500.7784423828125,"pp0":0,"dram":110.3150634765625},"cycles":142844180913}
{"runtime":11294,"energy":{"pkg":499.47161865234375,"pp0":0,"dram":112.7203369140625},"cycles":140170669170}
{"runtime":11076,"energy":{"pkg":490.26605224609375,"pp0":0,"dram":106.73358154296875},"cycles":141985214931}
{"runtime":10911,"energy":{"pkg":492.38055419921875,"pp0":0,"dram":105.62066650390625},"cycles":144461841615}
{"runtime":10542,"energy":{"pkg":487.2327880859375,"pp0":0,"dram":105.104248046875},"cycles":147674170896}
{"runtime":11178,"energy":{"pkg":504.4891357421875,"pp0":0,"dram":113.45135498046875},"cycles":143419347036}
{"runtime":11513,"energy":{"pkg":507.4063720703125,"pp0":0,"dram":116.04705810546875},"cycles":147836656548}
{"runtime":11107,"energy":{"pkg":495.7083740234375,"pp0":0,"dram":107.23150634765625},"cycles":140012494377}
{"runtime":11683,"energy":{"pkg":513.6277465820312,"pp0":0,"dram":115.666748046875},"cycles":146001673314}
{"runtime":11013,"energy":{"pkg":494.71734619140625,"pp0":0,"dram":111.46917724609375},"cycles":144205565826}
{"runtime":11408,"energy":{"pkg":507.32305908203125,"pp0":0,"dram":114.1214599609375},"cycles":141328551987}
{"runtime":11187,"energy":{"pkg":505.6331787109375,"pp0":0,"dram":112.56182861328125},"cycles":144213640137}
{"runtime":11177,"energy":{"pkg":516.3403930664062,"pp0":0,"dram":112.70147705078125},"cycles":151536264663}
{"runtime":11549,"energy":{"pkg":508.3984375,"pp0":0,"dram":114.81451416015625},"cycles":147864217599}
{"runtime":11496,"energy":{"pkg":518.3062744140625,"pp0":0,"dram":111.495361328125},"cycles":153889284318}
