{"runtime":2433,"energy":{"pkg":71.5980224609375,"pp0":0,"dram":24.468017578125},"cycles":6739754469}
{"runtime":2616,"energy":{"pkg":79.806884765625,"pp0":0,"dram":27.73590087890625},"cycles":12409882464}
{"runtime":2450,"energy":{"pkg":71.0906982421875,"pp0":0,"dram":24.7503662109375},"cycles":6925316265}
{"runtime":2517,"energy":{"pkg":79.69970703125,"pp0":0,"dram":27.1207275390625},"cycles":12629357055}
{"runtime":2437,"energy":{"pkg":71.62615966796875,"pp0":0,"dram":24.4434814453125},"cycles":6650937930}
{"runtime":2496,"energy":{"pkg":77.468505859375,"pp0":0,"dram":26.98919677734375},"cycles":12615052884}
{"runtime":2521,"energy":{"pkg":72.48870849609375,"pp0":0,"dram":25.4034423828125},"cycles":7188347355}
{"runtime":2269,"energy":{"pkg":71.83038330078125,"pp0":0,"dram":24.31982421875},"cycles":11335998618}
{"runtime":2471,"energy":{"pkg":71.49560546875,"pp0":0,"dram":25.15216064453125},"cycles":7246325499}
{"runtime":2607,"energy":{"pkg":79.30615234375,"pp0":0,"dram":28.04925537109375},"cycles":13109705910}
{"runtime":2329,"energy":{"pkg":69.1259765625,"pp0":0,"dram":23.47442626953125},"cycles":6595364559}
{"runtime":2489,"energy":{"pkg":77.5633544921875,"pp0":0,"dram":26.69976806640625},"cycles":12622376571}
{"runtime":2245,"energy":{"pkg":68.42059326171875,"pp0":0,"dram":22.77471923828125},"cycles":6362882232}
{"runtime":2469,"energy":{"pkg":78.5703125,"pp0":0,"dram":26.25030517578125},"cycles":12414026079}
{"runtime":2450,"energy":{"pkg":70.70892333984375,"pp0":0,"dram":24.49346923828125},"cycles":6902593152}
{"runtime":2509,"energy":{"pkg":77.22222900390625,"pp0":0,"dram":27.12646484375},"cycles":12774692343}
{"runtime":2472,"energy":{"pkg":70.6754150390625,"pp0":0,"dram":25.05340576171875},"cycles":7165642932}
{"runtime":2536,"energy":{"pkg":79.12890625,"pp0":0,"dram":27.0333251953125},"cycles":12655295625}
{"runtime":2405,"energy":{"pkg":69.85992431640625,"pp0":0,"dram":24.1982421875},"cycles":6745190424}
{"runtime":2423,"energy":{"pkg":75.76287841796875,"pp0":0,"dram":26.19671630859375},"cycles":12226566471}
{"runtime":2455,"energy":{"pkg":71.371826171875,"pp0":0,"dram":24.8096923828125},"cycles":6796895952}
