{"runtime":1573,"energy":{"pkg":55.434326171875,"pp0":0,"dram":14.65423583984375},"cycles":25899927333}
{"runtime":1473,"energy":{"pkg":55.0589599609375,"pp0":0,"dram":13.95318603515625},"cycles":25673449578}
{"runtime":1691,"energy":{"pkg":58.6536865234375,"pp0":0,"dram":15.90460205078125},"cycles":25957528779}
{"runtime":1403,"energy":{"pkg":57.70391845703125,"pp0":0,"dram":13.2291259765625},"cycles":25532534139}
{"runtime":1353,"energy":{"pkg":58.12921142578125,"pp0":0,"dram":12.89373779296875},"cycles":25460596119}
{"runtime":1382,"energy":{"pkg":58.99884033203125,"pp0":0,"dram":13.109375},"cycles":25520844993}
{"runtime":1636,"energy":{"pkg":59.36175537109375,"pp0":0,"dram":15.5594482421875},"cycles":25951156707}
{"runtime":1365,"energy":{"pkg":57.627197265625,"pp0":0,"dram":12.76300048828125},"cycles":25261192026}
{"runtime":1486,"energy":{"pkg":57.410888671875,"pp0":0,"dram":13.98394775390625},"cycles":25345839477}
{"runtime":1577,"energy":{"pkg":56.966796875,"pp0":0,"dram":14.93182373046875},"cycles":26245509381}
{"runtime":1388,"energy":{"pkg":55.9307861328125,"pp0":0,"dram":12.97515869140625},"cycles":25127946795}
{"runtime":1680,"energy":{"pkg":59.59857177734375,"pp0":0,"dram":15.36810302734375},"cycles":26094538827}
{"runtime":1315,"energy":{"pkg":49.08746337890625,"pp0":0,"dram":11.8955078125},"cycles":22986442416}
{"runtime":1739,"energy":{"pkg":59.76348876953125,"pp0":0,"dram":16.29656982421875},"cycles":26897225334}
{"runtime":1334,"energy":{"pkg":46.59442138671875,"pp0":0,"dram":12.225830078125},"cycles":23311792749}
{"runtime":1539,"energy":{"pkg":55.28631591796875,"pp0":0,"dram":14.51300048828125},"cycles":25809109452}
{"runtime":1597,"energy":{"pkg":51.45391845703125,"pp0":0,"dram":14.3206787109375},"cycles":23587329738}
{"runtime":1637,"energy":{"pkg":59.232177734375,"pp0":0,"dram":15.1766357421875},"cycles":26017219704}
{"runtime":1456,"energy":{"pkg":51.69732666015625,"pp0":0,"dram":13.12017822265625},"cycles":23404676778}
{"runtime":1541,"energy":{"pkg":56.890380859375,"pp0":0,"dram":14.3037109375},"cycles":25829656902}
{"runtime":1759,"energy":{"pkg":57.26385498046875,"pp0":0,"dram":16.31549072265625},"cycles":25474574748}
