{"runtime":60821,"energy":{"pkg":605.185302734375,"pp0":324.52630615234375,"pp1":12.5,"dram":0},"perf_counters":{"PERF_COUNT_HW_REF_CPU_CYCLES":170494761567,"PERF_COUNT_HW_BRANCH_INSTRUCTIONS":193185945578,"PERF_COUNT_HW_CACHE_MISSES":859834,"PERF_COUNT_HW_INSTRUCTIONS":603662161414,"PERF_COUNT_HW_BRANCH_MISSES":2011549821,"PERF_COUNT_HW_CACHE_REFERENCES":3019641,"PERF_COUNT_HW_CPU_CYCLES":171683460404}}
{"runtime":61095,"energy":{"pkg":608.0108642578125,"pp0":325.92681884765625,"pp1":12.5003662109375,"dram":0},"perf_counters":{"PERF_COUNT_HW_REF_CPU_CYCLES":171262921368,"PERF_COUNT_HW_BRANCH_INSTRUCTIONS":193186058042,"PERF_COUNT_HW_CACHE_MISSES":912658,"PERF_COUNT_HW_INSTRUCTIONS":603662709569,"PERF_COUNT_HW_BRANCH_MISSES":2021139332,"PERF_COUNT_HW_CACHE_REFERENCES":3296540,"PERF_COUNT_HW_CPU_CYCLES":172703740265}}
{"runtime":60835,"energy":{"pkg":605.3742065429688,"pp0":324.87396240234375,"pp1":12.14697265625,"dram":0},"perf_counters":{"PERF_COUNT_HW_REF_CPU_CYCLES":170522802473,"PERF_COUNT_HW_BRANCH_INSTRUCTIONS":193186492684,"PERF_COUNT_HW_CACHE_MISSES":888498,"PERF_COUNT_HW_INSTRUCTIONS":603664951052,"PERF_COUNT_HW_BRANCH_MISSES":2010609707,"PERF_COUNT_HW_CACHE_REFERENCES":3034848,"PERF_COUNT_HW_CPU_CYCLES":172063684242}}
{"runtime":60771,"energy":{"pkg":604.729736328125,"pp0":324.1282958984375,"pp1":12.62158203125,"dram":0},"perf_counters":{"PERF_COUNT_HW_REF_CPU_CYCLES":170356304000,"PERF_COUNT_HW_BRANCH_INSTRUCTIONS":193185990736,"PERF_COUNT_HW_CACHE_MISSES":838700,"PERF_COUNT_HW_INSTRUCTIONS":603662261590,"PERF_COUNT_HW_BRANCH_MISSES":2013379173,"PERF_COUNT_HW_CACHE_REFERENCES":3111044,"PERF_COUNT_HW_CPU_CYCLES":171676743451}}
{"runtime":62932,"energy":{"pkg":626.2709350585938,"pp0":335.9144287109375,"pp1":13.023193359375,"dram":0},"perf_counters":{"PERF_COUNT_HW_REF_CPU_CYCLES":176412584604,"PERF_COUNT_HW_BRANCH_INSTRUCTIONS":193186367871,"PERF_COUNT_HW_CACHE_MISSES":846186,"PERF_COUNT_HW_INSTRUCTIONS":603665003943,"PERF_COUNT_HW_BRANCH_MISSES":1990721554,"PERF_COUNT_HW_CACHE_REFERENCES":2870681,"PERF_COUNT_HW_CPU_CYCLES":177031095275}}
{"runtime":60862,"energy":{"pkg":605.6377563476562,"pp0":325.2900390625,"pp1":12.498291015625,"dram":0},"perf_counters":{"PERF_COUNT_HW_REF_CPU_CYCLES":170607313332,"PERF_COUNT_HW_BRANCH_INSTRUCTIONS":193185668473,"PERF_COUNT_HW_CACHE_MISSES":851101,"PERF_COUNT_HW_INSTRUCTIONS":603660710141,"PERF_COUNT_HW_BRANCH_MISSES":2022354582,"PERF_COUNT_HW_CACHE_REFERENCES":2827508,"PERF_COUNT_HW_CPU_CYCLES":172183123333}}
{"runtime":60904,"energy":{"pkg":606.02783203125,"pp0":324.43505859375,"pp1":12.6881103515625,"dram":0},"perf_counters":{"PERF_COUNT_HW_REF_CPU_CYCLES":170727540171,"PERF_COUNT_HW_BRANCH_INSTRUCTIONS":193185565317,"PERF_COUNT_HW_CACHE_MISSES":828936,"PERF_COUNT_HW_INSTRUCTIONS":603660262047,"PERF_COUNT_HW_BRANCH_MISSES":2021770722,"PERF_COUNT_HW_CACHE_REFERENCES":2789031,"PERF_COUNT_HW_CPU_CYCLES":172037070061}}
{"runtime":60593,"energy":{"pkg":602.9566040039062,"pp0":323.77001953125,"pp1":12.3944091796875,"dram":0},"perf_counters":{"PERF_COUNT_HW_REF_CPU_CYCLES":169850725783,"PERF_COUNT_HW_BRANCH_INSTRUCTIONS":193185908065,"PERF_COUNT_HW_CACHE_MISSES":948364,"PERF_COUNT_HW_INSTRUCTIONS":603661954639,"PERF_COUNT_HW_BRANCH_MISSES":2011057500,"PERF_COUNT_HW_CACHE_REFERENCES":3319491,"PERF_COUNT_HW_CPU_CYCLES":171772956167}}
{"runtime":60846,"energy":{"pkg":605.48681640625,"pp0":324.51629638671875,"pp1":12.71533203125,"dram":0},"perf_counters":{"PERF_COUNT_HW_REF_CPU_CYCLES":170563768905,"PERF_COUNT_HW_BRANCH_INSTRUCTIONS":193185833221,"PERF_COUNT_HW_CACHE_MISSES":839290,"PERF_COUNT_HW_INSTRUCTIONS":603661643950,"PERF_COUNT_HW_BRANCH_MISSES":2011485692,"PERF_COUNT_HW_CACHE_REFERENCES":2992949,"PERF_COUNT_HW_CPU_CYCLES":171985998603}}
{"runtime":60877,"energy":{"pkg":605.7813110351562,"pp0":324.8829345703125,"pp1":12.625,"dram":0},"perf_counters":{"PERF_COUNT_HW_REF_CPU_CYCLES":170650803301,"PERF_COUNT_HW_BRANCH_INSTRUCTIONS":193185851620,"PERF_COUNT_HW_CACHE_MISSES":885031,"PERF_COUNT_HW_INSTRUCTIONS":603661517865,"PERF_COUNT_HW_BRANCH_MISSES":2012144870,"PERF_COUNT_HW_CACHE_REFERENCES":3204485,"PERF_COUNT_HW_CPU_CYCLES":171854214844}}
{"runtime":61183,"energy":{"pkg":608.8509521484375,"pp0":325.95654296875,"pp1":12.5777587890625,"dram":0},"perf_counters":{"PERF_COUNT_HW_REF_CPU_CYCLES":171507878562,"PERF_COUNT_HW_BRANCH_INSTRUCTIONS":193186150344,"PERF_COUNT_HW_CACHE_MISSES":937784,"PERF_COUNT_HW_INSTRUCTIONS":603663481447,"PERF_COUNT_HW_BRANCH_MISSES":2010778236,"PERF_COUNT_HW_CACHE_REFERENCES":3369048,"PERF_COUNT_HW_CPU_CYCLES":173248142453}}
