{"runtime":52033,"energy":{"pkg":517.765625,"pp0":277.69195556640625,"pp1":9.7235107421875,"dram":0},"perf_counters":{"PERF_COUNT_HW_REF_CPU_CYCLES":146164736837,"PERF_COUNT_HW_BRANCH_INSTRUCTIONS":73945068699,"PERF_COUNT_HW_CACHE_MISSES":16949143,"PERF_COUNT_HW_INSTRUCTIONS":318448509068,"PERF_COUNT_HW_BRANCH_MISSES":155542295,"PERF_COUNT_HW_CACHE_REFERENCES":132001193,"PERF_COUNT_HW_CPU_CYCLES":150600893624}}
{"runtime":51890,"energy":{"pkg":516.369873046875,"pp0":276.1240234375,"pp1":9.6055908203125,"dram":0},"perf_counters":{"PERF_COUNT_HW_REF_CPU_CYCLES":145770836648,"PERF_COUNT_HW_BRANCH_INSTRUCTIONS":74136805494,"PERF_COUNT_HW_CACHE_MISSES":16997213,"PERF_COUNT_HW_INSTRUCTIONS":319215893935,"PERF_COUNT_HW_BRANCH_MISSES":155739016,"PERF_COUNT_HW_CACHE_REFERENCES":130645306,"PERF_COUNT_HW_CPU_CYCLES":150759012327}}
{"runtime":51592,"energy":{"pkg":513.3036499023438,"pp0":274.53338623046875,"pp1":9.6280517578125,"dram":0},"perf_counters":{"PERF_COUNT_HW_REF_CPU_CYCLES":144921299586,"PERF_COUNT_HW_BRANCH_INSTRUCTIONS":74524477214,"PERF_COUNT_HW_CACHE_MISSES":17261608,"PERF_COUNT_HW_INSTRUCTIONS":321153112990,"PERF_COUNT_HW_BRANCH_MISSES":33271546,"PERF_COUNT_HW_CACHE_REFERENCES":127442548,"PERF_COUNT_HW_CPU_CYCLES":148737892932}}
{"runtime":52120,"energy":{"pkg":518.7200317382812,"pp0":278.786865234375,"pp1":9.7872314453125,"dram":0},"perf_counters":{"PERF_COUNT_HW_REF_CPU_CYCLES":146402136122,"PERF_COUNT_HW_BRANCH_INSTRUCTIONS":74137231032,"PERF_COUNT_HW_CACHE_MISSES":18202602,"PERF_COUNT_HW_INSTRUCTIONS":319217577587,"PERF_COUNT_HW_BRANCH_MISSES":156041212,"PERF_COUNT_HW_CACHE_REFERENCES":136505245,"PERF_COUNT_HW_CPU_CYCLES":151422987898}}
{"runtime":51079,"energy":{"pkg":508.3011474609375,"pp0":273.0992431640625,"pp1":9.4305419921875,"dram":0},"perf_counters":{"PERF_COUNT_HW_REF_CPU_CYCLES":143483295289,"PERF_COUNT_HW_BRANCH_INSTRUCTIONS":70553810453,"PERF_COUNT_HW_CACHE_MISSES":16935791,"PERF_COUNT_HW_INSTRUCTIONS":308563782965,"PERF_COUNT_HW_BRANCH_MISSES":155429536,"PERF_COUNT_HW_CACHE_REFERENCES":129245415,"PERF_COUNT_HW_CPU_CYCLES":148104998348}}
{"runtime":50935,"energy":{"pkg":506.877197265625,"pp0":271.571533203125,"pp1":9.5233154296875,"dram":0},"perf_counters":{"PERF_COUNT_HW_REF_CPU_CYCLES":143066695677,"PERF_COUNT_HW_BRANCH_INSTRUCTIONS":70456759954,"PERF_COUNT_HW_CACHE_MISSES":17009475,"PERF_COUNT_HW_INSTRUCTIONS":308271328005,"PERF_COUNT_HW_BRANCH_MISSES":155203735,"PERF_COUNT_HW_CACHE_REFERENCES":128726396,"PERF_COUNT_HW_CPU_CYCLES":148344693605}}
{"runtime":51885,"energy":{"pkg":516.2590942382812,"pp0":277.25384521484375,"pp1":9.8814697265625,"dram":0},"perf_counters":{"PERF_COUNT_HW_REF_CPU_CYCLES":145746691022,"PERF_COUNT_HW_BRANCH_INSTRUCTIONS":73944243758,"PERF_COUNT_HW_CACHE_MISSES":16962283,"PERF_COUNT_HW_INSTRUCTIONS":318444933866,"PERF_COUNT_HW_BRANCH_MISSES":155781207,"PERF_COUNT_HW_CACHE_REFERENCES":131941961,"PERF_COUNT_HW_CPU_CYCLES":150660203415}}
{"runtime":51001,"energy":{"pkg":507.54754638671875,"pp0":272.68011474609375,"pp1":9.4095458984375,"dram":0},"perf_counters":{"PERF_COUNT_HW_REF_CPU_CYCLES":143280818985,"PERF_COUNT_HW_BRANCH_INSTRUCTIONS":70553489529,"PERF_COUNT_HW_CACHE_MISSES":17171482,"PERF_COUNT_HW_INSTRUCTIONS":308659446117,"PERF_COUNT_HW_BRANCH_MISSES":155622279,"PERF_COUNT_HW_CACHE_REFERENCES":131333610,"PERF_COUNT_HW_CPU_CYCLES":148630827306}}
{"runtime":50905,"energy":{"pkg":506.58453369140625,"pp0":272.1400146484375,"pp1":9.4453125,"dram":0},"perf_counters":{"PERF_COUNT_HW_REF_CPU_CYCLES":143009118387,"PERF_COUNT_HW_BRANCH_INSTRUCTIONS":70361453973,"PERF_COUNT_HW_CACHE_MISSES":16194085,"PERF_COUNT_HW_INSTRUCTIONS":307794006726,"PERF_COUNT_HW_BRANCH_MISSES":155617981,"PERF_COUNT_HW_CACHE_REFERENCES":130666402,"PERF_COUNT_HW_CPU_CYCLES":148538416937}}
{"runtime":50965,"energy":{"pkg":507.15008544921875,"pp0":272.5054931640625,"pp1":9.3885498046875,"dram":0},"perf_counters":{"PERF_COUNT_HW_REF_CPU_CYCLES":143151515180,"PERF_COUNT_HW_BRANCH_INSTRUCTIONS":70457499165,"PERF_COUNT_HW_CACHE_MISSES":18068403,"PERF_COUNT_HW_INSTRUCTIONS":308275413936,"PERF_COUNT_HW_BRANCH_MISSES":155723084,"PERF_COUNT_HW_CACHE_REFERENCES":134635723,"PERF_COUNT_HW_CPU_CYCLES":148690269766}}
{"runtime":51650,"energy":{"pkg":513.9844360351562,"pp0":276.04296875,"pp1":9.564208984375,"dram":0},"perf_counters":{"PERF_COUNT_HW_REF_CPU_CYCLES":145081079139,"PERF_COUNT_HW_BRANCH_INSTRUCTIONS":74040603306,"PERF_COUNT_HW_CACHE_MISSES":17251600,"PERF_COUNT_HW_INSTRUCTIONS":318830854612,"PERF_COUNT_HW_BRANCH_MISSES":155301095,"PERF_COUNT_HW_CACHE_REFERENCES":129501498,"PERF_COUNT_HW_CPU_CYCLES":150622182321}}
