{"runtime":45832,"energy":{"pkg":456.00384521484375,"pp0":241.25592041015625,"pp1":9.6055908203125,"dram":0},"perf_counters":{"PERF_COUNT_HW_REF_CPU_CYCLES":129208790317,"PERF_COUNT_HW_BRANCH_INSTRUCTIONS":75008131707,"PERF_COUNT_HW_CACHE_MISSES":137152255,"PERF_COUNT_HW_INSTRUCTIONS":411040122540,"PERF_COUNT_HW_BRANCH_MISSES":193836478,"PERF_COUNT_HW_CACHE_REFERENCES":1097811562,"PERF_COUNT_HW_CPU_CYCLES":120962577203}}
{"runtime":45234,"energy":{"pkg":450.1258544921875,"pp0":238.21820068359375,"pp1":9.79736328125,"dram":0},"perf_counters":{"PERF_COUNT_HW_REF_CPU_CYCLES":127213100987,"PERF_COUNT_HW_BRANCH_INSTRUCTIONS":74975180610,"PERF_COUNT_HW_CACHE_MISSES":138008141,"PERF_COUNT_HW_INSTRUCTIONS":410867027301,"PERF_COUNT_HW_BRANCH_MISSES":192144226,"PERF_COUNT_HW_CACHE_REFERENCES":1083735381,"PERF_COUNT_HW_CPU_CYCLES":119576596489}}
{"runtime":45598,"energy":{"pkg":453.77886962890625,"pp0":239.86175537109375,"pp1":9.8470458984375,"dram":0},"perf_counters":{"PERF_COUNT_HW_REF_CPU_CYCLES":128569488364,"PERF_COUNT_HW_BRANCH_INSTRUCTIONS":75003418836,"PERF_COUNT_HW_CACHE_MISSES":137398657,"PERF_COUNT_HW_INSTRUCTIONS":411020813359,"PERF_COUNT_HW_BRANCH_MISSES":194629755,"PERF_COUNT_HW_CACHE_REFERENCES":1105403458,"PERF_COUNT_HW_CPU_CYCLES":119810631863}}
{"runtime":45234,"energy":{"pkg":450.11810302734375,"pp0":238.4007568359375,"pp1":9.5181884765625,"dram":0},"perf_counters":{"PERF_COUNT_HW_REF_CPU_CYCLES":127200135530,"PERF_COUNT_HW_BRANCH_INSTRUCTIONS":74975202083,"PERF_COUNT_HW_CACHE_MISSES":137999483,"PERF_COUNT_HW_INSTRUCTIONS":410865964681,"PERF_COUNT_HW_BRANCH_MISSES":192250390,"PERF_COUNT_HW_CACHE_REFERENCES":1084189142,"PERF_COUNT_HW_CPU_CYCLES":119569493229}}
{"runtime":46689,"energy":{"pkg":464.57403564453125,"pp0":245.96478271484375,"pp1":9.8736572265625,"dram":0},"perf_counters":{"PERF_COUNT_HW_REF_CPU_CYCLES":131287716072,"PERF_COUNT_HW_BRANCH_INSTRUCTIONS":74975719745,"PERF_COUNT_HW_CACHE_MISSES":142887344,"PERF_COUNT_HW_INSTRUCTIONS":410868605799,"PERF_COUNT_HW_BRANCH_MISSES":185187821,"PERF_COUNT_HW_CACHE_REFERENCES":1085166887,"PERF_COUNT_HW_CPU_CYCLES":123380007220}}
{"runtime":45596,"energy":{"pkg":453.7421875,"pp0":240.03955078125,"pp1":9.900390625,"dram":0},"perf_counters":{"PERF_COUNT_HW_REF_CPU_CYCLES":128524708704,"PERF_COUNT_HW_BRANCH_INSTRUCTIONS":75000956226,"PERF_COUNT_HW_CACHE_MISSES":141823090,"PERF_COUNT_HW_INSTRUCTIONS":411009676917,"PERF_COUNT_HW_BRANCH_MISSES":192290567,"PERF_COUNT_HW_CACHE_REFERENCES":1099307780,"PERF_COUNT_HW_CPU_CYCLES":120218601903}}
{"runtime":45751,"energy":{"pkg":455.318115234375,"pp0":241.242431640625,"pp1":9.443359375,"dram":0},"perf_counters":{"PERF_COUNT_HW_REF_CPU_CYCLES":128969067807,"PERF_COUNT_HW_BRANCH_INSTRUCTIONS":75007015641,"PERF_COUNT_HW_CACHE_MISSES":137523230,"PERF_COUNT_HW_INSTRUCTIONS":411036804473,"PERF_COUNT_HW_BRANCH_MISSES":191972037,"PERF_COUNT_HW_CACHE_REFERENCES":1099005668,"PERF_COUNT_HW_CPU_CYCLES":120544119416}}
{"runtime":45271,"energy":{"pkg":450.53271484375,"pp0":238.85113525390625,"pp1":9.7314453125,"dram":0},"perf_counters":{"PERF_COUNT_HW_REF_CPU_CYCLES":127325546902,"PERF_COUNT_HW_BRANCH_INSTRUCTIONS":74971735261,"PERF_COUNT_HW_CACHE_MISSES":134571974,"PERF_COUNT_HW_INSTRUCTIONS":410853205598,"PERF_COUNT_HW_BRANCH_MISSES":192551950,"PERF_COUNT_HW_CACHE_REFERENCES":1074766545,"PERF_COUNT_HW_CPU_CYCLES":120072362955}}
{"runtime":45815,"energy":{"pkg":455.90087890625,"pp0":240.88677978515625,"pp1":9.8505859375,"dram":0},"perf_counters":{"PERF_COUNT_HW_REF_CPU_CYCLES":129155751875,"PERF_COUNT_HW_BRANCH_INSTRUCTIONS":75006310048,"PERF_COUNT_HW_CACHE_MISSES":139942545,"PERF_COUNT_HW_INSTRUCTIONS":411033065517,"PERF_COUNT_HW_BRANCH_MISSES":194066422,"PERF_COUNT_HW_CACHE_REFERENCES":1105404456,"PERF_COUNT_HW_CPU_CYCLES":120639861154}}
{"runtime":50749,"energy":{"pkg":505.0367431640625,"pp0":267.35272216796875,"pp1":10.7545166015625,"dram":0},"perf_counters":{"PERF_COUNT_HW_REF_CPU_CYCLES":142670224136,"PERF_COUNT_HW_BRANCH_INSTRUCTIONS":74976667248,"PERF_COUNT_HW_CACHE_MISSES":136657683,"PERF_COUNT_HW_INSTRUCTIONS":410874130529,"PERF_COUNT_HW_BRANCH_MISSES":153822451,"PERF_COUNT_HW_CACHE_REFERENCES":1076660488,"PERF_COUNT_HW_CPU_CYCLES":135336379675}}
{"runtime":45341,"energy":{"pkg":451.18017578125,"pp0":238.64093017578125,"pp1":9.5548095703125,"dram":0},"perf_counters":{"PERF_COUNT_HW_REF_CPU_CYCLES":127511476369,"PERF_COUNT_HW_BRANCH_INSTRUCTIONS":74971932361,"PERF_COUNT_HW_CACHE_MISSES":140321970,"PERF_COUNT_HW_INSTRUCTIONS":410853326770,"PERF_COUNT_HW_BRANCH_MISSES":191466118,"PERF_COUNT_HW_CACHE_REFERENCES":1087569415,"PERF_COUNT_HW_CPU_CYCLES":120021463519}}
