{"runtime":3718,"energy":{"pkg":36.92364501953125,"pp0":19.81134033203125,"pp1":0.7215576171875,"dram":0},"perf_counters":{"PERF_COUNT_HW_REF_CPU_CYCLES":10424283930,"PERF_COUNT_HW_BRANCH_INSTRUCTIONS":11234787928,"PERF_COUNT_HW_CACHE_MISSES":917064,"PERF_COUNT_HW_INSTRUCTIONS":36361824280,"PERF_COUNT_HW_BRANCH_MISSES":1243241,"PERF_COUNT_HW_CACHE_REFERENCES":1997878,"PERF_COUNT_HW_CPU_CYCLES":11183172434}}
{"runtime":3698,"energy":{"pkg":36.86395263671875,"pp0":19.89239501953125,"pp1":0.7158203125,"dram":0},"perf_counters":{"PERF_COUNT_HW_REF_CPU_CYCLES":10372760895,"PERF_COUNT_HW_BRANCH_INSTRUCTIONS":11234769311,"PERF_COUNT_HW_CACHE_MISSES":898369,"PERF_COUNT_HW_INSTRUCTIONS":36361757526,"PERF_COUNT_HW_BRANCH_MISSES":1239036,"PERF_COUNT_HW_CACHE_REFERENCES":1904161,"PERF_COUNT_HW_CPU_CYCLES":11124486852}}
{"runtime":3705,"energy":{"pkg":36.8924560546875,"pp0":19.798828125,"pp1":0.7911376953125,"dram":0},"perf_counters":{"PERF_COUNT_HW_REF_CPU_CYCLES":10388988065,"PERF_COUNT_HW_BRANCH_INSTRUCTIONS":11234715029,"PERF_COUNT_HW_CACHE_MISSES":878317,"PERF_COUNT_HW_INSTRUCTIONS":36361356946,"PERF_COUNT_HW_BRANCH_MISSES":1243982,"PERF_COUNT_HW_CACHE_REFERENCES":1965769,"PERF_COUNT_HW_CPU_CYCLES":11120995393}}
{"runtime":3703,"energy":{"pkg":36.81427001953125,"pp0":19.8658447265625,"pp1":0.6658935546875,"dram":0},"perf_counters":{"PERF_COUNT_HW_REF_CPU_CYCLES":10385241632,"PERF_COUNT_HW_BRANCH_INSTRUCTIONS":11234789710,"PERF_COUNT_HW_CACHE_MISSES":889029,"PERF_COUNT_HW_INSTRUCTIONS":36362115971,"PERF_COUNT_HW_BRANCH_MISSES":1240387,"PERF_COUNT_HW_CACHE_REFERENCES":1951385,"PERF_COUNT_HW_CPU_CYCLES":11119933739}}
{"runtime":3712,"energy":{"pkg":36.86541748046875,"pp0":19.744873046875,"pp1":0.7513427734375,"dram":0},"perf_counters":{"PERF_COUNT_HW_REF_CPU_CYCLES":10407522254,"PERF_COUNT_HW_BRANCH_INSTRUCTIONS":11234720608,"PERF_COUNT_HW_CACHE_MISSES":949501,"PERF_COUNT_HW_INSTRUCTIONS":36361367115,"PERF_COUNT_HW_BRANCH_MISSES":1250982,"PERF_COUNT_HW_CACHE_REFERENCES":2073195,"PERF_COUNT_HW_CPU_CYCLES":11208973005}}
{"runtime":3708,"energy":{"pkg":36.85772705078125,"pp0":19.76715087890625,"pp1":0.7412109375,"dram":0},"perf_counters":{"PERF_COUNT_HW_REF_CPU_CYCLES":10395905618,"PERF_COUNT_HW_BRANCH_INSTRUCTIONS":11234896135,"PERF_COUNT_HW_CACHE_MISSES":923304,"PERF_COUNT_HW_INSTRUCTIONS":36362538868,"PERF_COUNT_HW_BRANCH_MISSES":1242978,"PERF_COUNT_HW_CACHE_REFERENCES":1995509,"PERF_COUNT_HW_CPU_CYCLES":11128012600}}
{"runtime":3720,"energy":{"pkg":37.07598876953125,"pp0":20.01385498046875,"pp1":0.70654296875,"dram":0},"perf_counters":{"PERF_COUNT_HW_REF_CPU_CYCLES":10432973412,"PERF_COUNT_HW_BRANCH_INSTRUCTIONS":11234779984,"PERF_COUNT_HW_CACHE_MISSES":964262,"PERF_COUNT_HW_INSTRUCTIONS":36361838168,"PERF_COUNT_HW_BRANCH_MISSES":1250385,"PERF_COUNT_HW_CACHE_REFERENCES":2050403,"PERF_COUNT_HW_CPU_CYCLES":11145469295}}
{"runtime":3714,"energy":{"pkg":36.8865966796875,"pp0":19.72216796875,"pp1":0.8138427734375,"dram":0},"perf_counters":{"PERF_COUNT_HW_REF_CPU_CYCLES":10414507478,"PERF_COUNT_HW_BRANCH_INSTRUCTIONS":11234711318,"PERF_COUNT_HW_CACHE_MISSES":914899,"PERF_COUNT_HW_INSTRUCTIONS":36361354557,"PERF_COUNT_HW_BRANCH_MISSES":1243462,"PERF_COUNT_HW_CACHE_REFERENCES":1960702,"PERF_COUNT_HW_CPU_CYCLES":11132036032}}
{"runtime":3708,"energy":{"pkg":36.8983154296875,"pp0":19.875,"pp1":0.6719970703125,"dram":0},"perf_counters":{"PERF_COUNT_HW_REF_CPU_CYCLES":10397605788,"PERF_COUNT_HW_BRANCH_INSTRUCTIONS":11234787645,"PERF_COUNT_HW_CACHE_MISSES":904198,"PERF_COUNT_HW_INSTRUCTIONS":36361916831,"PERF_COUNT_HW_BRANCH_MISSES":1243482,"PERF_COUNT_HW_CACHE_REFERENCES":1979885,"PERF_COUNT_HW_CPU_CYCLES":11124246360}}
{"runtime":3706,"energy":{"pkg":36.874755859375,"pp0":19.820556640625,"pp1":0.6885986328125,"dram":0},"perf_counters":{"PERF_COUNT_HW_REF_CPU_CYCLES":10391193979,"PERF_COUNT_HW_BRANCH_INSTRUCTIONS":11144749774,"PERF_COUNT_HW_CACHE_MISSES":893361,"PERF_COUNT_HW_INSTRUCTIONS":36243947880,"PERF_COUNT_HW_BRANCH_MISSES":1284303,"PERF_COUNT_HW_CACHE_REFERENCES":2009156,"PERF_COUNT_HW_CPU_CYCLES":11108684822}}
{"runtime":3716,"energy":{"pkg":36.99420166015625,"pp0":19.78851318359375,"pp1":0.7850341796875,"dram":0},"perf_counters":{"PERF_COUNT_HW_REF_CPU_CYCLES":10420595167,"PERF_COUNT_HW_BRANCH_INSTRUCTIONS":11234718839,"PERF_COUNT_HW_CACHE_MISSES":883031,"PERF_COUNT_HW_INSTRUCTIONS":36361618115,"PERF_COUNT_HW_BRANCH_MISSES":1241328,"PERF_COUNT_HW_CACHE_REFERENCES":1979386,"PERF_COUNT_HW_CPU_CYCLES":11126520791}}
