{"runtime":30551,"energy":{"pkg":1709.5424194335938,"pp0":0,"dram":444.53424072265625},"cycles":345365160376}
{"runtime":30565,"energy":{"pkg":1686.2257080078125,"pp0":0,"dram":440.70379638671875},"cycles":333954299241}
{"runtime":30990,"energy":{"pkg":1692.00048828125,"pp0":0,"dram":444.254150390625},"cycles":335163491944}
{"runtime":30754,"energy":{"pkg":1696.7760620117188,"pp0":0,"dram":442.15728759765625},"cycles":333325458810}
{"runtime":30910,"energy":{"pkg":1700.2482299804688,"pp0":0,"dram":443.35443115234375},"cycles":332984780530}
{"runtime":30953,"energy":{"pkg":1710.673828125,"pp0":0,"dram":445.47149658203125},"cycles":335989794872}
{"runtime":31061,"energy":{"pkg":1688.038818359375,"pp0":0,"dram":440.65966796875},"cycles":339189938748}
{"runtime":31073,"energy":{"pkg":1703.7922973632812,"pp0":0,"dram":445.9981689453125},"cycles":335995160064}
{"runtime":30609,"energy":{"pkg":1687.3629150390625,"pp0":0,"dram":441.69140625},"cycles":332884465034}
{"runtime":30427,"energy":{"pkg":1668.5169677734375,"pp0":0,"dram":442.0843505859375},"cycles":329107365766}
