{"runtime":30771,"energy":{"pkg":1706.4420776367188,"pp0":0,"dram":443.13134765625},"cycles":341483479449}
{"runtime":30742,"energy":{"pkg":1693.1290893554688,"pp0":0,"dram":448.9835205078125},"cycles":342211769865}
{"runtime":30937,"energy":{"pkg":1694.3626098632812,"pp0":0,"dram":449.22430419921875},"cycles":341179833477}
{"runtime":30812,"energy":{"pkg":1702.1527099609375,"pp0":0,"dram":451.23736572265625},"cycles":342473160015}
{"runtime":30822,"energy":{"pkg":1695.037109375,"pp0":0,"dram":448.5064697265625},"cycles":341790824781}
{"runtime":31044,"energy":{"pkg":1710.5856323242188,"pp0":0,"dram":452.18145751953125},"cycles":341225268090}
{"runtime":30779,"energy":{"pkg":1701.5556640625,"pp0":0,"dram":449.80657958984375},"cycles":343375774539}
{"runtime":30556,"energy":{"pkg":1692.8948974609375,"pp0":0,"dram":448.83734130859375},"cycles":341352602220}
{"runtime":30423,"energy":{"pkg":1704.0684204101562,"pp0":0,"dram":446.20782470703125},"cycles":340215175230}
{"runtime":31037,"energy":{"pkg":1701.453369140625,"pp0":0,"dram":452.5943603515625},"cycles":344707535844}
{"runtime":30626,"energy":{"pkg":1689.3698120117188,"pp0":0,"dram":449.1416015625},"cycles":341802144768}
{"runtime":30820,"energy":{"pkg":1697.4873046875,"pp0":0,"dram":450.55706787109375},"cycles":342550678029}
{"runtime":31116,"energy":{"pkg":1717.9220581054688,"pp0":0,"dram":454.28289794921875},"cycles":347427922506}
{"runtime":30935,"energy":{"pkg":1683.3458251953125,"pp0":0,"dram":451.945068359375},"cycles":342222942054}
{"runtime":30850,"energy":{"pkg":1692.3394165039062,"pp0":0,"dram":449.91583251953125},"cycles":342433573062}
{"runtime":30402,"energy":{"pkg":1680.21337890625,"pp0":0,"dram":444.96282958984375},"cycles":339935833902}
{"runtime":30864,"energy":{"pkg":1705.2291870117188,"pp0":0,"dram":449.3138427734375},"cycles":343055754489}
{"runtime":30574,"energy":{"pkg":1687.4005737304688,"pp0":0,"dram":448.499267578125},"cycles":340269080613}
{"runtime":30352,"energy":{"pkg":1685.0690307617188,"pp0":0,"dram":445.961181640625},"cycles":340059682200}
{"runtime":30898,"energy":{"pkg":1698.4502563476562,"pp0":0,"dram":451.0902099609375},"cycles":343385947674}
{"runtime":30785,"energy":{"pkg":1694.8226928710938,"pp0":0,"dram":442.39837646484375},"cycles":341537392959}
