{"runtime":40156,"energy":{"pkg":3793.9189453125,"pp0":0,"dram":367.417724609375},"cycles":2637959793840}
{"runtime":40281,"energy":{"pkg":3816.4780883789062,"pp0":0,"dram":369.19464111328125},"cycles":2638504642977}
{"runtime":40478,"energy":{"pkg":3904.9616088867188,"pp0":0,"dram":371.53466796875},"cycles":2647025350683}
{"runtime":40314,"energy":{"pkg":3903.9964599609375,"pp0":0,"dram":369.6424560546875},"cycles":2660287243530}
{"runtime":40431,"energy":{"pkg":3854.5667114257812,"pp0":0,"dram":370.34429931640625},"cycles":2667070867587}
{"runtime":40128,"energy":{"pkg":3802.7060546875,"pp0":0,"dram":367.8236083984375},"cycles":2647511955123}
{"runtime":40219,"energy":{"pkg":3893.3348388671875,"pp0":0,"dram":368.9935302734375},"cycles":2650774536606}
{"runtime":40732,"energy":{"pkg":3859.3804931640625,"pp0":0,"dram":372.15069580078125},"cycles":2675873954502}
{"runtime":40345,"energy":{"pkg":3824.4338989257812,"pp0":0,"dram":367.8648681640625},"cycles":2642306049432}
{"runtime":40483,"energy":{"pkg":3877.484619140625,"pp0":0,"dram":370.609619140625},"cycles":2657234881161}
{"runtime":41813,"energy":{"pkg":4040.1755981445312,"pp0":0,"dram":382.8377685546875},"cycles":2753949163896}
{"runtime":40407,"energy":{"pkg":3846.79345703125,"pp0":0,"dram":369.649658203125},"cycles":2650483007676}
{"runtime":40342,"energy":{"pkg":3809.5261840820312,"pp0":0,"dram":370.37774658203125},"cycles":2642098649652}
{"runtime":40047,"energy":{"pkg":3808.9879760742188,"pp0":0,"dram":366.0264892578125},"cycles":2655612865899}
{"runtime":40077,"energy":{"pkg":3821.251953125,"pp0":0,"dram":366.56939697265625},"cycles":2645182343685}
{"runtime":40244,"energy":{"pkg":3917.7208862304688,"pp0":0,"dram":366.8167724609375},"cycles":2672162399739}
{"runtime":39907,"energy":{"pkg":3818.8270263671875,"pp0":0,"dram":364.0240478515625},"cycles":2636274770325}
{"runtime":41461,"energy":{"pkg":4035.105224609375,"pp0":0,"dram":376.73541259765625},"cycles":2731163814645}
{"runtime":40659,"energy":{"pkg":3835.458251953125,"pp0":0,"dram":366.947509765625},"cycles":2647423351923}
{"runtime":40655,"energy":{"pkg":3824.5020751953125,"pp0":0,"dram":368.28466796875},"cycles":2660493480246}
{"runtime":40323,"energy":{"pkg":3800.1084594726562,"pp0":0,"dram":365.71514892578125},"cycles":2644170957036}
