{"runtime":40340,"energy":{"pkg":3800.0894165039062,"pp0":0,"dram":360.786376953125},"cycles":2640159771488}
{"runtime":40507,"energy":{"pkg":3804.5154418945312,"pp0":0,"dram":359.6024169921875},"cycles":2628055551756}
{"runtime":40364,"energy":{"pkg":3825.9135131835938,"pp0":0,"dram":370.45123291015625},"cycles":2633195853961}
{"runtime":40162,"energy":{"pkg":3810.1207275390625,"pp0":0,"dram":368.68292236328125},"cycles":2627747675983}
{"runtime":40490,"energy":{"pkg":3829.3505859375,"pp0":0,"dram":370.96722412109375},"cycles":2633362112928}
{"runtime":41861,"energy":{"pkg":4036.4083862304688,"pp0":0,"dram":385.49468994140625},"cycles":2739031717540}
{"runtime":40438,"energy":{"pkg":3842.23486328125,"pp0":0,"dram":371.917236328125},"cycles":2626608416167}
{"runtime":41816,"energy":{"pkg":4014.4371948242188,"pp0":0,"dram":382.22332763671875},"cycles":2694733110275}
{"runtime":40704,"energy":{"pkg":3846.3822021484375,"pp0":0,"dram":369.61212158203125},"cycles":2654317209873}
{"runtime":41181,"energy":{"pkg":3893.8948364257812,"pp0":0,"dram":375.33050537109375},"cycles":2639262064428}
