{"runtime":44430,"energy":{"pkg":1649.8442993164062,"pp0":0,"dram":325.3289794921875},"cycles":93062383302}
{"runtime":44953,"energy":{"pkg":1661.646728515625,"pp0":0,"dram":329.08795166015625},"cycles":94156057044}
{"runtime":44560,"energy":{"pkg":1641.0694580078125,"pp0":0,"dram":325.03887939453125},"cycles":93331979979}
{"runtime":44822,"energy":{"pkg":1635.6619262695312,"pp0":0,"dram":328.166015625},"cycles":93878147748}
{"runtime":44339,"energy":{"pkg":1627.942626953125,"pp0":0,"dram":323.5714111328125},"cycles":92872201401}
{"runtime":44250,"energy":{"pkg":1620.61572265625,"pp0":0,"dram":323.98431396484375},"cycles":92685132036}
{"runtime":44671,"energy":{"pkg":1628.1107788085938,"pp0":0,"dram":327.62091064453125},"cycles":93564979011}
{"runtime":44318,"energy":{"pkg":1627.8015747070312,"pp0":0,"dram":322.9351806640625},"cycles":92830005660}
{"runtime":44527,"energy":{"pkg":1615.6527709960938,"pp0":0,"dram":324.208251953125},"cycles":93262737204}
{"runtime":44296,"energy":{"pkg":1618.0636596679688,"pp0":0,"dram":324.4522705078125},"cycles":92781626154}
{"runtime":44333,"energy":{"pkg":1618.9506225585938,"pp0":0,"dram":325.273193359375},"cycles":92858845107}
{"runtime":44687,"energy":{"pkg":1618.02392578125,"pp0":0,"dram":328.0469970703125},"cycles":93598574013}
{"runtime":44347,"energy":{"pkg":1618.6780395507812,"pp0":0,"dram":326.80328369140625},"cycles":92888723655}
{"runtime":44237,"energy":{"pkg":1614.030029296875,"pp0":0,"dram":327.53472900390625},"cycles":92660055453}
{"runtime":44464,"energy":{"pkg":1587.5158081054688,"pp0":0,"dram":337.976318359375},"cycles":93130874445}
{"runtime":45039,"energy":{"pkg":1639.163330078125,"pp0":0,"dram":331.830322265625},"cycles":94334502780}
{"runtime":44846,"energy":{"pkg":1630.7767333984375,"pp0":0,"dram":330.77581787109375},"cycles":93932129235}
{"runtime":44291,"energy":{"pkg":1620.5842895507812,"pp0":0,"dram":326.205078125},"cycles":92771038227}
{"runtime":44406,"energy":{"pkg":1622.7546997070312,"pp0":0,"dram":325.56817626953125},"cycles":93013018308}
{"runtime":44972,"energy":{"pkg":1629.6610107421875,"pp0":0,"dram":330.61248779296875},"cycles":94195874619}
{"runtime":44854,"energy":{"pkg":1621.9598388671875,"pp0":0,"dram":330.51068115234375},"cycles":93946777071}
