{"runtime":44595,"energy":{"pkg":1639.3162841796875,"pp0":0,"dram":344.28607177734375},"cycles":92722896707}
{"runtime":44625,"energy":{"pkg":1604.8626098632812,"pp0":0,"dram":334.54571533203125},"cycles":92716300335}
{"runtime":44644,"energy":{"pkg":1656.8656616210938,"pp0":0,"dram":326.07684326171875},"cycles":92735961381}
{"runtime":44571,"energy":{"pkg":1599.3269653320312,"pp0":0,"dram":331.13946533203125},"cycles":92705787272}
{"runtime":44533,"energy":{"pkg":1601.986083984375,"pp0":0,"dram":332.05023193359375},"cycles":93244279261}
{"runtime":44658,"energy":{"pkg":1616.0811157226562,"pp0":0,"dram":325.1654052734375},"cycles":92784076233}
{"runtime":44688,"energy":{"pkg":1637.1963500976562,"pp0":0,"dram":327.8603515625},"cycles":93569286719}
{"runtime":44351,"energy":{"pkg":1628.4902954101562,"pp0":0,"dram":322.30731201171875},"cycles":92861391189}
{"runtime":44824,"energy":{"pkg":1648.5512084960938,"pp0":0,"dram":325.67950439453125},"cycles":93120693345}
{"runtime":44837,"energy":{"pkg":1599.054443359375,"pp0":0,"dram":325.70709228515625},"cycles":93076557571}
