{"runtime":18083,"energy":{"pkg":1040.0223388671875,"pp0":0,"dram":186.58770751953125},"cycles":211418317887}
{"runtime":18036,"energy":{"pkg":1044.234130859375,"pp0":0,"dram":190.381591796875},"cycles":210427396011}
{"runtime":17914,"energy":{"pkg":1048.1965942382812,"pp0":0,"dram":187.58770751953125},"cycles":210135721215}
{"runtime":17987,"energy":{"pkg":1062.5880737304688,"pp0":0,"dram":181.74285888671875},"cycles":210271013904}
{"runtime":20722,"energy":{"pkg":1140.704345703125,"pp0":0,"dram":269.9794921875},"cycles":221752811637}
{"runtime":18044,"energy":{"pkg":1057.5869750976562,"pp0":0,"dram":187.3179931640625},"cycles":210371943516}
{"runtime":17953,"energy":{"pkg":1051.4871826171875,"pp0":0,"dram":189.00128173828125},"cycles":210164555454}
{"runtime":17935,"energy":{"pkg":1054.5994873046875,"pp0":0,"dram":188.90087890625},"cycles":210412506822}
{"runtime":18617,"energy":{"pkg":1087.9756469726562,"pp0":0,"dram":192.8758544921875},"cycles":211840267485}
{"runtime":17942,"energy":{"pkg":1057.7638549804688,"pp0":0,"dram":185.3232421875},"cycles":210561584247}
{"runtime":17967,"energy":{"pkg":1056.39892578125,"pp0":0,"dram":187.61517333984375},"cycles":210721688604}
{"runtime":17991,"energy":{"pkg":1060.3681640625,"pp0":0,"dram":188.14990234375},"cycles":211365232008}
{"runtime":17983,"energy":{"pkg":1060.6192016601562,"pp0":0,"dram":187.36279296875},"cycles":211099163373}
{"runtime":18117,"energy":{"pkg":1066.1755981445312,"pp0":0,"dram":187.72821044921875},"cycles":211888692246}
{"runtime":18079,"energy":{"pkg":1058.5367431640625,"pp0":0,"dram":192.7279052734375},"cycles":211188418686}
{"runtime":18006,"energy":{"pkg":1055.01904296875,"pp0":0,"dram":186.938232421875},"cycles":209406810627}
{"runtime":17901,"energy":{"pkg":1059.6375122070312,"pp0":0,"dram":185.1341552734375},"cycles":210255841950}
{"runtime":18031,"energy":{"pkg":1058.5065307617188,"pp0":0,"dram":192.58355712890625},"cycles":210402132297}
{"runtime":17987,"energy":{"pkg":1056.4916381835938,"pp0":0,"dram":186.79840087890625},"cycles":210733810791}
{"runtime":17992,"energy":{"pkg":1054.710693359375,"pp0":0,"dram":184.85333251953125},"cycles":211435304703}
{"runtime":17638,"energy":{"pkg":1059.64013671875,"pp0":0,"dram":183.22698974609375},"cycles":209143768155}
