{"runtime":17669,"energy":{"pkg":1045.5494384765625,"pp0":0,"dram":178.53729248046875},"cycles":205695230259}
{"runtime":18425,"energy":{"pkg":1073.6319580078125,"pp0":0,"dram":194.3603515625},"cycles":208658331006}
{"runtime":18693,"energy":{"pkg":1091.4532470703125,"pp0":0,"dram":191.4229736328125},"cycles":211326045530}
{"runtime":18257,"energy":{"pkg":1074.776123046875,"pp0":0,"dram":194.26922607421875},"cycles":207665087022}
{"runtime":18145,"energy":{"pkg":1062.4059448242188,"pp0":0,"dram":191.30157470703125},"cycles":206879007319}
{"runtime":18140,"energy":{"pkg":1064.2400512695312,"pp0":0,"dram":188.83837890625},"cycles":206699124558}
{"runtime":18138,"energy":{"pkg":1062.6212158203125,"pp0":0,"dram":188.50738525390625},"cycles":206501916855}
{"runtime":18032,"energy":{"pkg":1059.2691650390625,"pp0":0,"dram":189.926025390625},"cycles":206350800018}
{"runtime":18082,"energy":{"pkg":1065.0302124023438,"pp0":0,"dram":192.83917236328125},"cycles":206134477469}
{"runtime":18584,"energy":{"pkg":1082.6231079101562,"pp0":0,"dram":194.37774658203125},"cycles":206079424960}
