{"runtime":18674,"energy":{"pkg":1769.5874633789062,"pp0":0,"dram":167.77410888671875},"cycles":1214873050770}
{"runtime":18650,"energy":{"pkg":1779.3453979492188,"pp0":0,"dram":167.24786376953125},"cycles":1217744765536}
{"runtime":18323,"energy":{"pkg":1769.227783203125,"pp0":0,"dram":163.4830322265625},"cycles":1218073111832}
{"runtime":18465,"energy":{"pkg":1787.1854248046875,"pp0":0,"dram":164.7037353515625},"cycles":1214795806301}
{"runtime":18604,"energy":{"pkg":1803.7939453125,"pp0":0,"dram":167.064453125},"cycles":1222351992378}
{"runtime":18612,"energy":{"pkg":1790.9110107421875,"pp0":0,"dram":170.561767578125},"cycles":1215606343698}
{"runtime":18651,"energy":{"pkg":1799.5513916015625,"pp0":0,"dram":171.50347900390625},"cycles":1215359451228}
{"runtime":18464,"energy":{"pkg":1790.0093994140625,"pp0":0,"dram":169.47540283203125},"cycles":1215578900045}
{"runtime":18821,"energy":{"pkg":1807.5473022460938,"pp0":0,"dram":172.7269287109375},"cycles":1215842004504}
{"runtime":18670,"energy":{"pkg":1800.4144287109375,"pp0":0,"dram":170.82598876953125},"cycles":1216616457319}
