{"runtime":241021,"energy":{"pkg":8818.328979492188,"pp0":0,"dram":1769.3137817382812},"cycles":504088720862}
{"runtime":241211,"energy":{"pkg":8767.21728515625,"pp0":0,"dram":1766.98193359375},"cycles":504255817567}
{"runtime":239775,"energy":{"pkg":8747.345520019531,"pp0":0,"dram":1750.8037719726562},"cycles":501416679629}
{"runtime":243069,"energy":{"pkg":8878.111938476562,"pp0":0,"dram":1769.6570434570312},"cycles":508941594572}
{"runtime":241076,"energy":{"pkg":8924.614440917969,"pp0":0,"dram":1758.5406494140625},"cycles":504141748409}
{"runtime":241976,"energy":{"pkg":8813.777404785156,"pp0":0,"dram":1773.2880249023438},"cycles":505928950508}
{"runtime":240650,"energy":{"pkg":8900.505859375,"pp0":0,"dram":1745.56396484375},"cycles":503088419305}
{"runtime":240490,"energy":{"pkg":8756.080932617188,"pp0":0,"dram":1759.046875},"cycles":502864259170}
{"runtime":242366,"energy":{"pkg":8962.348266601562,"pp0":0,"dram":1773.3732299804688},"cycles":506831874309}
{"runtime":242149,"energy":{"pkg":8824.651489257812,"pp0":0,"dram":1766.9744873046875},"cycles":506308566634}
