{"runtime":1520,"energy":{"pkg":44.5120849609375,"pp0":0,"dram":11.22259521484375},"cycles":3182337165}
{"runtime":1629,"energy":{"pkg":46.57275390625,"pp0":0,"dram":12.0557861328125},"cycles":3409333767}
{"runtime":1212,"energy":{"pkg":41.193115234375,"pp0":0,"dram":8.979736328125},"cycles":2537298288}
{"runtime":1635,"energy":{"pkg":46.970947265625,"pp0":0,"dram":12.076171875},"cycles":3423692937}
{"runtime":1542,"energy":{"pkg":45.2255859375,"pp0":0,"dram":11.38092041015625},"cycles":3228098559}
{"runtime":1496,"energy":{"pkg":44.4581298828125,"pp0":0,"dram":11.12396240234375},"cycles":3132258717}
{"runtime":1538,"energy":{"pkg":44.82879638671875,"pp0":0,"dram":11.31402587890625},"cycles":3219432426}
{"runtime":1621,"energy":{"pkg":46.48101806640625,"pp0":0,"dram":11.9287109375},"cycles":3393636519}
{"runtime":1515,"energy":{"pkg":44.2747802734375,"pp0":0,"dram":11.15362548828125},"cycles":3171812532}
{"runtime":1489,"energy":{"pkg":43.84698486328125,"pp0":0,"dram":11.14190673828125},"cycles":3118219125}
{"runtime":1550,"energy":{"pkg":44.72979736328125,"pp0":0,"dram":11.486572265625},"cycles":3243670479}
{"runtime":1226,"energy":{"pkg":41.07257080078125,"pp0":0,"dram":9.02392578125},"cycles":2567026371}
{"runtime":1534,"energy":{"pkg":45.166748046875,"pp0":0,"dram":11.334716796875},"cycles":3209810751}
{"runtime":1608,"energy":{"pkg":46.0361328125,"pp0":0,"dram":11.9617919921875},"cycles":3365357352}
{"runtime":1530,"energy":{"pkg":44.5435791015625,"pp0":0,"dram":11.26226806640625},"cycles":3203769009}
{"runtime":1485,"energy":{"pkg":43.8358154296875,"pp0":0,"dram":10.88232421875},"cycles":3109684935}
{"runtime":1235,"energy":{"pkg":42.89862060546875,"pp0":0,"dram":9.11590576171875},"cycles":2586999345}
{"runtime":1208,"energy":{"pkg":44.1627197265625,"pp0":0,"dram":8.94451904296875},"cycles":2530510206}
{"runtime":1226,"energy":{"pkg":44.79052734375,"pp0":0,"dram":9.0804443359375},"cycles":2570072001}
{"runtime":1460,"energy":{"pkg":43.87860107421875,"pp0":0,"dram":10.8228759765625},"cycles":3059527968}
{"runtime":1470,"energy":{"pkg":46.487548828125,"pp0":0,"dram":10.93292236328125},"cycles":3076632804}
