{"runtime":3253,"energy":{"pkg":100.4190673828125,"pp0":0,"dram":30.14111328125},"cycles":14409243597}
{"runtime":3116,"energy":{"pkg":100.5506591796875,"pp0":0,"dram":29.41058349609375},"cycles":14224594188}
{"runtime":3128,"energy":{"pkg":102.38641357421875,"pp0":0,"dram":29.43096923828125},"cycles":13785740808}
{"runtime":3217,"energy":{"pkg":100.7314453125,"pp0":0,"dram":30.21923828125},"cycles":14420091420}
{"runtime":3276,"energy":{"pkg":107.84906005859375,"pp0":0,"dram":30.4022216796875},"cycles":14003463096}
{"runtime":3121,"energy":{"pkg":101.96966552734375,"pp0":0,"dram":29.56671142578125},"cycles":14026137384}
{"runtime":3221,"energy":{"pkg":104.2254638671875,"pp0":0,"dram":30.1763916015625},"cycles":14232471939}
{"runtime":3299,"energy":{"pkg":103.08172607421875,"pp0":0,"dram":30.9852294921875},"cycles":14445901302}
{"runtime":3210,"energy":{"pkg":105.0513916015625,"pp0":0,"dram":29.73468017578125},"cycles":13702151526}
{"runtime":3277,"energy":{"pkg":101.11822509765625,"pp0":0,"dram":30.7281494140625},"cycles":15118460301}
{"runtime":3287,"energy":{"pkg":108.20416259765625,"pp0":0,"dram":30.28533935546875},"cycles":13837677798}
{"runtime":3131,"energy":{"pkg":102.53900146484375,"pp0":0,"dram":29.34735107421875},"cycles":14345312268}
{"runtime":3108,"energy":{"pkg":102.542236328125,"pp0":0,"dram":29.18084716796875},"cycles":13815525192}
{"runtime":3115,"energy":{"pkg":101.40594482421875,"pp0":0,"dram":29.07769775390625},"cycles":14201081013}
{"runtime":3115,"energy":{"pkg":104.3529052734375,"pp0":0,"dram":29.1575927734375},"cycles":14066961153}
{"runtime":3146,"energy":{"pkg":103.814208984375,"pp0":0,"dram":29.3519287109375},"cycles":13760414703}
{"runtime":3229,"energy":{"pkg":100.92803955078125,"pp0":0,"dram":30.06890869140625},"cycles":14453240718}
{"runtime":3261,"energy":{"pkg":103.2437744140625,"pp0":0,"dram":30.58892822265625},"cycles":14233471308}
{"runtime":3251,"energy":{"pkg":101.9451904296875,"pp0":0,"dram":30.3564453125},"cycles":14385902160}
{"runtime":3197,"energy":{"pkg":101.05377197265625,"pp0":0,"dram":30.04229736328125},"cycles":14299510932}
{"runtime":3125,"energy":{"pkg":103.33984375,"pp0":0,"dram":29.36956787109375},"cycles":13684109922}
