{"runtime":3246,"energy":{"pkg":98.0263671875,"pp0":0,"dram":33.45977783203125},"cycles":7903328922}
{"runtime":3021,"energy":{"pkg":94.17486572265625,"pp0":0,"dram":31.36859130859375},"cycles":7888144438}
{"runtime":3127,"energy":{"pkg":94.00079345703125,"pp0":0,"dram":32.46484375},"cycles":7907851025}
{"runtime":3150,"energy":{"pkg":96.06890869140625,"pp0":0,"dram":32.72198486328125},"cycles":7880437958}
{"runtime":3046,"energy":{"pkg":93.85076904296875,"pp0":0,"dram":31.90777587890625},"cycles":7902461579}
{"runtime":3209,"energy":{"pkg":96.4798583984375,"pp0":0,"dram":33.115478515625},"cycles":7897071187}
{"runtime":3072,"energy":{"pkg":94.66387939453125,"pp0":0,"dram":32.296630859375},"cycles":7888708543}
{"runtime":3242,"energy":{"pkg":98.01055908203125,"pp0":0,"dram":34.906982421875},"cycles":7905362534}
{"runtime":2883,"energy":{"pkg":94.80291748046875,"pp0":0,"dram":30.4364013671875},"cycles":7862681457}
{"runtime":2906,"energy":{"pkg":95.98284912109375,"pp0":0,"dram":30.421630859375},"cycles":7860325978}
