{"runtime":7818,"energy":{"pkg":649.4559326171875,"pp0":0,"dram":70.4630126953125},"cycles":424873146663}
{"runtime":7244,"energy":{"pkg":627.4840087890625,"pp0":0,"dram":65.43951416015625},"cycles":428208980724}
{"runtime":7763,"energy":{"pkg":652.7142944335938,"pp0":0,"dram":70.425048828125},"cycles":418570112100}
{"runtime":7806,"energy":{"pkg":658.2781982421875,"pp0":0,"dram":70.99462890625},"cycles":427897592052}
{"runtime":7687,"energy":{"pkg":650.4343872070312,"pp0":0,"dram":69.61883544921875},"cycles":419840040753}
{"runtime":7545,"energy":{"pkg":654.6019287109375,"pp0":0,"dram":68.834716796875},"cycles":419516591004}
{"runtime":7743,"energy":{"pkg":662.6494140625,"pp0":0,"dram":70.3905029296875},"cycles":422339574867}
{"runtime":7462,"energy":{"pkg":650.5712890625,"pp0":0,"dram":67.61114501953125},"cycles":418726661871}
{"runtime":7395,"energy":{"pkg":648.9771118164062,"pp0":0,"dram":67.023193359375},"cycles":418645686921}
{"runtime":7388,"energy":{"pkg":641.2454833984375,"pp0":0,"dram":67.21435546875},"cycles":428977372593}
{"runtime":7369,"energy":{"pkg":650.2706909179688,"pp0":0,"dram":66.8583984375},"cycles":418746219570}
{"runtime":8191,"energy":{"pkg":678.6680908203125,"pp0":0,"dram":73.84014892578125},"cycles":418915601748}
{"runtime":7234,"energy":{"pkg":644.1473999023438,"pp0":0,"dram":65.3837890625},"cycles":421472849490}
{"runtime":7327,"energy":{"pkg":648.8568725585938,"pp0":0,"dram":66.011962890625},"cycles":419330589720}
{"runtime":7193,"energy":{"pkg":643.428955078125,"pp0":0,"dram":65.10894775390625},"cycles":420316841469}
{"runtime":7568,"energy":{"pkg":655.7892456054688,"pp0":0,"dram":68.04339599609375},"cycles":419217012522}
{"runtime":7303,"energy":{"pkg":647.5150756835938,"pp0":0,"dram":66.143798828125},"cycles":415503575088}
{"runtime":7455,"energy":{"pkg":644.40771484375,"pp0":0,"dram":67.2777099609375},"cycles":426047694303}
{"runtime":7055,"energy":{"pkg":641.1669311523438,"pp0":0,"dram":63.7984619140625},"cycles":419715309783}
{"runtime":7436,"energy":{"pkg":652.33349609375,"pp0":0,"dram":67.42816162109375},"cycles":417078753168}
{"runtime":7688,"energy":{"pkg":648.30810546875,"pp0":0,"dram":69.5579833984375},"cycles":422064117552}
