{"runtime":28720,"energy":{"pkg":1044.5025634765625,"pp0":0,"dram":366.58343505859375},"cycles":119613814782}
{"runtime":28679,"energy":{"pkg":1057.5943603515625,"pp0":0,"dram":365.30133056640625},"cycles":117610388805}
{"runtime":28197,"energy":{"pkg":1045.71142578125,"pp0":0,"dram":361.88623046875},"cycles":116632652619}
{"runtime":28734,"energy":{"pkg":1053.8653564453125,"pp0":0,"dram":366.0234375},"cycles":117971206143}
{"runtime":29622,"energy":{"pkg":1096.6015014648438,"pp0":0,"dram":411.4222412109375},"cycles":123009269397}
{"runtime":29641,"energy":{"pkg":1097.4376831054688,"pp0":0,"dram":407.9571533203125},"cycles":123793929189}
{"runtime":28476,"energy":{"pkg":1061.0222778320312,"pp0":0,"dram":361.2760009765625},"cycles":117533592393}
{"runtime":29675,"energy":{"pkg":1124.6212158203125,"pp0":0,"dram":411.15545654296875},"cycles":123788653380}
{"runtime":28509,"energy":{"pkg":1087.4921264648438,"pp0":0,"dram":383.48992919921875},"cycles":117392616432}
{"runtime":29429,"energy":{"pkg":1129.2597045898438,"pp0":0,"dram":412.07696533203125},"cycles":122977349880}
{"runtime":28062,"energy":{"pkg":1066.9021606445312,"pp0":0,"dram":359.44317626953125},"cycles":116753299488}
{"runtime":28759,"energy":{"pkg":1093.8495483398438,"pp0":0,"dram":380.7811279296875},"cycles":118832572845}
{"runtime":29013,"energy":{"pkg":1087.6231689453125,"pp0":0,"dram":372.3922119140625},"cycles":118363004991}
{"runtime":28339,"energy":{"pkg":1074.8023071289062,"pp0":0,"dram":364.15789794921875},"cycles":116561127165}
{"runtime":28338,"energy":{"pkg":1072.3884887695312,"pp0":0,"dram":362.81610107421875},"cycles":117293333703}
{"runtime":29565,"energy":{"pkg":1114.8751831054688,"pp0":0,"dram":411.791015625},"cycles":123680633958}
{"runtime":28815,"energy":{"pkg":1074.8173828125,"pp0":0,"dram":368.94818115234375},"cycles":118491015363}
{"runtime":28432,"energy":{"pkg":1081.0435180664062,"pp0":0,"dram":365.87286376953125},"cycles":117213167190}
{"runtime":29479,"energy":{"pkg":1085.994384765625,"pp0":0,"dram":377.23980712890625},"cycles":119728025886}
{"runtime":28370,"energy":{"pkg":1075.9727172851562,"pp0":0,"dram":363.28680419921875},"cycles":117169658067}
{"runtime":28490,"energy":{"pkg":1084.1730346679688,"pp0":0,"dram":366.57171630859375},"cycles":117365520006}
