{"runtime":38391,"energy":{"pkg":1904.0584106445312,"pp0":0,"dram":552.66455078125},"cycles":274174167246}
{"runtime":39686,"energy":{"pkg":1926.15966796875,"pp0":0,"dram":537.5157470703125},"cycles":277079499942}
{"runtime":39204,"energy":{"pkg":1939.3350219726562,"pp0":0,"dram":530.8141479492188},"cycles":278743055304}
{"runtime":38013,"energy":{"pkg":1907.2069091796875,"pp0":0,"dram":544.856201171875},"cycles":273560095452}
{"runtime":40526,"energy":{"pkg":1989.0865478515625,"pp0":0,"dram":569.4666748046875},"cycles":279614120184}
{"runtime":38401,"energy":{"pkg":1922.3197631835938,"pp0":0,"dram":526.9174194335938},"cycles":272750562357}
{"runtime":38670,"energy":{"pkg":1917.8001708984375,"pp0":0,"dram":561.8919067382812},"cycles":277832383290}
{"runtime":35243,"energy":{"pkg":1796.754638671875,"pp0":0,"dram":509.025634765625},"cycles":266903971341}
{"runtime":38860,"energy":{"pkg":1928.1735229492188,"pp0":0,"dram":528.2149047851562},"cycles":270846018807}
{"runtime":38776,"energy":{"pkg":1905.7939453125,"pp0":0,"dram":538.231689453125},"cycles":277598129970}
{"runtime":40448,"energy":{"pkg":1975.4108276367188,"pp0":0,"dram":570.833740234375},"cycles":276539937135}
{"runtime":38388,"energy":{"pkg":1933.1836547851562,"pp0":0,"dram":528.3490600585938},"cycles":275576913045}
{"runtime":35413,"energy":{"pkg":1787.9536743164062,"pp0":0,"dram":508.33575439453125},"cycles":268011038589}
{"runtime":37973,"energy":{"pkg":1890.1892700195312,"pp0":0,"dram":547.9415893554688},"cycles":276390193758}
{"runtime":38417,"energy":{"pkg":1920.7897338867188,"pp0":0,"dram":548.5874633789062},"cycles":270329483151}
{"runtime":41221,"energy":{"pkg":1994.5750122070312,"pp0":0,"dram":574.9851684570312},"cycles":280837658136}
{"runtime":38924,"energy":{"pkg":1918.539306640625,"pp0":0,"dram":557.7884521484375},"cycles":272943335553}
{"runtime":35700,"energy":{"pkg":1800.5189819335938,"pp0":0,"dram":506.82537841796875},"cycles":269479124439}
{"runtime":39385,"energy":{"pkg":1957.6958618164062,"pp0":0,"dram":556.2722778320312},"cycles":272594215383}
{"runtime":38856,"energy":{"pkg":1927.5159912109375,"pp0":0,"dram":557.0673217773438},"cycles":272419104531}
{"runtime":38353,"energy":{"pkg":1906.9727783203125,"pp0":0,"dram":553.296875},"cycles":274001943054}
