{"runtime":3012,"energy":{"pkg":196.06866455078125,"pp0":0,"dram":42.89971923828125},"cycles":134001882105}
{"runtime":3296,"energy":{"pkg":204.5496826171875,"pp0":0,"dram":46.636474609375},"cycles":138079802343}
{"runtime":3108,"energy":{"pkg":201.716552734375,"pp0":0,"dram":44.33380126953125},"cycles":131526213882}
{"runtime":3298,"energy":{"pkg":199.47576904296875,"pp0":0,"dram":46.4312744140625},"cycles":136297210581}
{"runtime":3197,"energy":{"pkg":202.5711669921875,"pp0":0,"dram":45.627685546875},"cycles":135232944756}
{"runtime":3039,"energy":{"pkg":188.8187255859375,"pp0":0,"dram":42.99432373046875},"cycles":131209761417}
{"runtime":2885,"energy":{"pkg":186.713623046875,"pp0":0,"dram":42.01171875},"cycles":128916857349}
{"runtime":3172,"energy":{"pkg":203.125244140625,"pp0":0,"dram":44.39117431640625},"cycles":129086138076}
{"runtime":3040,"energy":{"pkg":188.84124755859375,"pp0":0,"dram":43.73553466796875},"cycles":136756412604}
{"runtime":2940,"energy":{"pkg":187.732421875,"pp0":0,"dram":43.3839111328125},"cycles":131190223962}
{"runtime":3295,"energy":{"pkg":200.438720703125,"pp0":0,"dram":46.55548095703125},"cycles":130605334440}
{"runtime":3304,"energy":{"pkg":199.5211181640625,"pp0":0,"dram":46.60137939453125},"cycles":135091780446}
{"runtime":3106,"energy":{"pkg":193.83660888671875,"pp0":0,"dram":44.74072265625},"cycles":137968734876}
{"runtime":3322,"energy":{"pkg":201.33367919921875,"pp0":0,"dram":46.9971923828125},"cycles":133680371454}
{"runtime":3252,"energy":{"pkg":197.06488037109375,"pp0":0,"dram":46.04705810546875},"cycles":136340731611}
{"runtime":2947,"energy":{"pkg":195.57891845703125,"pp0":0,"dram":42.62286376953125},"cycles":132643637490}
{"runtime":3303,"energy":{"pkg":207.0167236328125,"pp0":0,"dram":46.43890380859375},"cycles":133010382309}
{"runtime":3178,"energy":{"pkg":204.18109130859375,"pp0":0,"dram":45.13043212890625},"cycles":129031734363}
{"runtime":3217,"energy":{"pkg":196.854736328125,"pp0":0,"dram":45.7559814453125},"cycles":136403753472}
{"runtime":3188,"energy":{"pkg":204.37945556640625,"pp0":0,"dram":45.45367431640625},"cycles":130577972868}
{"runtime":3248,"energy":{"pkg":198.252685546875,"pp0":0,"dram":45.843017578125},"cycles":134711523828}
