{"runtime":8646,"energy":{"pkg":305.4781494140625,"pp0":0,"dram":89.4134521484375},"cycles":19069868769}
{"runtime":8726,"energy":{"pkg":300.748291015625,"pp0":0,"dram":90.15216064453125},"cycles":18974102742}
{"runtime":9308,"energy":{"pkg":303.92144775390625,"pp0":0,"dram":97.00665283203125},"cycles":20220315507}
{"runtime":8581,"energy":{"pkg":301.2847900390625,"pp0":0,"dram":89.18719482421875},"cycles":18919956174}
{"runtime":8632,"energy":{"pkg":304.3455810546875,"pp0":0,"dram":88.5784912109375},"cycles":18990820632}
{"runtime":8590,"energy":{"pkg":301.3538818359375,"pp0":0,"dram":89.6744384765625},"cycles":18919057206}
{"runtime":8703,"energy":{"pkg":302.888671875,"pp0":0,"dram":89.953125},"cycles":19139114820}
{"runtime":9179,"energy":{"pkg":301.79901123046875,"pp0":0,"dram":95.31640625},"cycles":19920948915}
{"runtime":8898,"energy":{"pkg":302.2440185546875,"pp0":0,"dram":91.0301513671875},"cycles":19342180620}
{"runtime":8853,"energy":{"pkg":302.85302734375,"pp0":0,"dram":92.37060546875},"cycles":19255185600}
{"runtime":8606,"energy":{"pkg":302.54315185546875,"pp0":0,"dram":88.6025390625},"cycles":18938861088}
{"runtime":8904,"energy":{"pkg":301.0279541015625,"pp0":0,"dram":90.1070556640625},"cycles":19548139506}
{"runtime":8186,"energy":{"pkg":298.30926513671875,"pp0":0,"dram":84.4114990234375},"cycles":17913706398}
{"runtime":8660,"energy":{"pkg":305.58685302734375,"pp0":0,"dram":88.059326171875},"cycles":19088292930}
{"runtime":8642,"energy":{"pkg":302.462890625,"pp0":0,"dram":89.348388671875},"cycles":19055852928}
{"runtime":9869,"energy":{"pkg":317.5343017578125,"pp0":0,"dram":104.43365478515625},"cycles":21640894254}
{"runtime":8607,"energy":{"pkg":302.8751220703125,"pp0":0,"dram":88.0941162109375},"cycles":18875725890}
{"runtime":7936,"energy":{"pkg":278.5931396484375,"pp0":0,"dram":80.85284423828125},"cycles":16876120422}
{"runtime":8802,"energy":{"pkg":302.59747314453125,"pp0":0,"dram":91.448974609375},"cycles":19163615625}
{"runtime":8999,"energy":{"pkg":305.4456787109375,"pp0":0,"dram":90.82568359375},"cycles":19580578542}
{"runtime":8858,"energy":{"pkg":304.3568115234375,"pp0":0,"dram":91.42333984375},"cycles":19295450433}
