{"runtime":3451,"energy":{"pkg":109.0225830078125,"pp0":0,"dram":31.29638671875},"cycles":7895235096}
{"runtime":3453,"energy":{"pkg":109.94207763671875,"pp0":0,"dram":31.10076904296875},"cycles":7855949556}
{"runtime":3343,"energy":{"pkg":109.156494140625,"pp0":0,"dram":30.219970703125},"cycles":7745144673}
{"runtime":3385,"energy":{"pkg":109.576904296875,"pp0":0,"dram":30.409912109375},"cycles":7800757167}
{"runtime":3334,"energy":{"pkg":106.40057373046875,"pp0":0,"dram":29.961181640625},"cycles":7734621447}
{"runtime":3139,"energy":{"pkg":116.85504150390625,"pp0":0,"dram":29.93865966796875},"cycles":7172789316}
{"runtime":3131,"energy":{"pkg":116.25439453125,"pp0":0,"dram":29.98175048828125},"cycles":7137159267}
{"runtime":3280,"energy":{"pkg":106.37469482421875,"pp0":0,"dram":29.39776611328125},"cycles":7626205125}
{"runtime":3138,"energy":{"pkg":115.83831787109375,"pp0":0,"dram":30.09515380859375},"cycles":7158221091}
{"runtime":3618,"energy":{"pkg":111.76837158203125,"pp0":0,"dram":32.50933837890625},"cycles":8275815324}
{"runtime":3737,"energy":{"pkg":111.07855224609375,"pp0":0,"dram":33.21966552734375},"cycles":8568411453}
{"runtime":3335,"energy":{"pkg":108.51800537109375,"pp0":0,"dram":29.76849365234375},"cycles":7650632556}
{"runtime":3360,"energy":{"pkg":106.78076171875,"pp0":0,"dram":30.031982421875},"cycles":7794349710}
{"runtime":3025,"energy":{"pkg":109.57421875,"pp0":0,"dram":27.227783203125},"cycles":7033699113}
{"runtime":3238,"energy":{"pkg":106.65972900390625,"pp0":0,"dram":28.98236083984375},"cycles":7500931305}
{"runtime":3315,"energy":{"pkg":107.20269775390625,"pp0":0,"dram":29.91888427734375},"cycles":7681512279}
{"runtime":3349,"energy":{"pkg":107.371337890625,"pp0":0,"dram":29.7816162109375},"cycles":7750799091}
{"runtime":3120,"energy":{"pkg":114.49139404296875,"pp0":0,"dram":29.52740478515625},"cycles":7117729563}
{"runtime":3335,"energy":{"pkg":108.22064208984375,"pp0":0,"dram":29.74017333984375},"cycles":7674845892}
{"runtime":3306,"energy":{"pkg":107.15362548828125,"pp0":0,"dram":29.56292724609375},"cycles":7699965777}
{"runtime":3136,"energy":{"pkg":116.19793701171875,"pp0":0,"dram":29.474365234375},"cycles":7117054224}
