{"runtime":5566,"energy":{"pkg":187.6669921875,"pp0":0,"dram":41.078857421875},"cycles":11662829178}
{"runtime":5637,"energy":{"pkg":188.97161865234375,"pp0":0,"dram":41.6031494140625},"cycles":11814495924}
{"runtime":5497,"energy":{"pkg":186.33856201171875,"pp0":0,"dram":40.71636962890625},"cycles":11518261293}
{"runtime":5573,"energy":{"pkg":187.641357421875,"pp0":0,"dram":41.35284423828125},"cycles":11679164721}
{"runtime":5655,"energy":{"pkg":188.7530517578125,"pp0":0,"dram":41.52532958984375},"cycles":11850370980}
{"runtime":5556,"energy":{"pkg":187.48321533203125,"pp0":0,"dram":40.93603515625},"cycles":11644076157}
{"runtime":5571,"energy":{"pkg":188.29150390625,"pp0":0,"dram":41.17681884765625},"cycles":11673360321}
{"runtime":5643,"energy":{"pkg":188.58056640625,"pp0":0,"dram":41.9918212890625},"cycles":11825503956}
{"runtime":5268,"energy":{"pkg":189.2674560546875,"pp0":0,"dram":38.91436767578125},"cycles":11043576432}
{"runtime":5610,"energy":{"pkg":188.29736328125,"pp0":0,"dram":40.888671875},"cycles":11755434726}
{"runtime":5267,"energy":{"pkg":189.748779296875,"pp0":0,"dram":38.66943359375},"cycles":11039907102}
{"runtime":5595,"energy":{"pkg":187.3653564453125,"pp0":0,"dram":41.129638671875},"cycles":11725359513}
{"runtime":5267,"energy":{"pkg":189.79827880859375,"pp0":0,"dram":38.85809326171875},"cycles":11042475822}
{"runtime":5269,"energy":{"pkg":190.07208251953125,"pp0":0,"dram":39.04925537109375},"cycles":11044190241}
{"runtime":5661,"energy":{"pkg":189.2603759765625,"pp0":0,"dram":41.72039794921875},"cycles":11862769842}
{"runtime":5559,"energy":{"pkg":187.060546875,"pp0":0,"dram":40.828125},"cycles":11648462910}
{"runtime":5571,"energy":{"pkg":187.81378173828125,"pp0":0,"dram":40.661865234375},"cycles":11674437600}
{"runtime":5267,"energy":{"pkg":189.21881103515625,"pp0":0,"dram":38.39569091796875},"cycles":11041384473}
{"runtime":5267,"energy":{"pkg":189.201171875,"pp0":0,"dram":38.4593505859375},"cycles":11042493777}
{"runtime":5265,"energy":{"pkg":189.15618896484375,"pp0":0,"dram":38.53857421875},"cycles":11038339641}
{"runtime":5269,"energy":{"pkg":189.3006591796875,"pp0":0,"dram":38.547607421875},"cycles":11044568934}
