{"runtime":4553,"energy":{"pkg":297.232177734375,"pp0":0,"dram":45.30450439453125},"cycles":238494281277}
{"runtime":4545,"energy":{"pkg":312.0078125,"pp0":0,"dram":44.71380615234375},"cycles":234893295315}
{"runtime":4561,"energy":{"pkg":317.97674560546875,"pp0":0,"dram":46.26690673828125},"cycles":243198786222}
{"runtime":4524,"energy":{"pkg":316.29083251953125,"pp0":0,"dram":45.74072265625},"cycles":238369585062}
{"runtime":4613,"energy":{"pkg":320.42095947265625,"pp0":0,"dram":47.08831787109375},"cycles":243835922043}
{"runtime":4547,"energy":{"pkg":307.29241943359375,"pp0":0,"dram":45.9783935546875},"cycles":240425751426}
{"runtime":4638,"energy":{"pkg":316.83587646484375,"pp0":0,"dram":47.1326904296875},"cycles":241782890958}
