{"runtime":4829,"energy":{"pkg":315.2867431640625,"pp0":0,"dram":47.89959716796875},"cycles":253832083386}
{"runtime":4940,"energy":{"pkg":339.0360107421875,"pp0":0,"dram":49.2176513671875},"cycles":257100411225}
{"runtime":4866,"energy":{"pkg":339.8173828125,"pp0":0,"dram":49.03521728515625},"cycles":257122569144}
{"runtime":4844,"energy":{"pkg":337.28326416015625,"pp0":0,"dram":49.2799072265625},"cycles":258507045594}
{"runtime":4884,"energy":{"pkg":341.34844970703125,"pp0":0,"dram":49.456298828125},"cycles":257146470168}
{"runtime":4849,"energy":{"pkg":332.9228515625,"pp0":0,"dram":49.51873779296875},"cycles":255298292235}
{"runtime":4839,"energy":{"pkg":337.35675048828125,"pp0":0,"dram":48.9241943359375},"cycles":250824289506}
