{"runtime":5170,"energy":{"pkg":335.86407470703125,"pp0":0,"dram":51.88031005859375},"cycles":273201473811}
{"runtime":5071,"energy":{"pkg":345.25823974609375,"pp0":0,"dram":50.0130615234375},"cycles":262291733949}
{"runtime":5131,"energy":{"pkg":356.95123291015625,"pp0":0,"dram":51.6068115234375},"cycles":267013925031}
{"runtime":5059,"energy":{"pkg":358.35736083984375,"pp0":0,"dram":51.5009765625},"cycles":268817080854}
{"runtime":5135,"energy":{"pkg":350.3353271484375,"pp0":0,"dram":51.7901611328125},"cycles":267276845115}
{"runtime":5279,"energy":{"pkg":367.0738525390625,"pp0":0,"dram":53.4300537109375},"cycles":270336963708}
{"runtime":5141,"energy":{"pkg":360.9637451171875,"pp0":0,"dram":51.982666015625},"cycles":271094072067}
