{"runtime":6034,"energy":{"pkg":399.5010986328125,"pp0":0,"dram":59.4200439453125},"cycles":313809847092}
{"runtime":5955,"energy":{"pkg":424.42974853515625,"pp0":0,"dram":59.11627197265625},"cycles":317519183499}
{"runtime":5996,"energy":{"pkg":429.9581298828125,"pp0":0,"dram":59.7489013671875},"cycles":319299834861}
{"runtime":6017,"energy":{"pkg":427.35443115234375,"pp0":0,"dram":60.35736083984375},"cycles":318347601894}
{"runtime":5984,"energy":{"pkg":428.82135009765625,"pp0":0,"dram":60.29754638671875},"cycles":316703047773}
{"runtime":6004,"energy":{"pkg":419.63372802734375,"pp0":0,"dram":60.93280029296875},"cycles":319246551036}
{"runtime":6088,"energy":{"pkg":423.796630859375,"pp0":0,"dram":61.27020263671875},"cycles":315000694596}
