{"runtime":6421,"energy":{"pkg":427.97979736328125,"pp0":0,"dram":63.0509033203125},"cycles":333646577166}
{"runtime":6300,"energy":{"pkg":450.40142822265625,"pp0":0,"dram":61.9876708984375},"cycles":332878987077}
{"runtime":6362,"energy":{"pkg":450.7705078125,"pp0":0,"dram":63.54931640625},"cycles":336273133770}
{"runtime":6275,"energy":{"pkg":451.64691162109375,"pp0":0,"dram":63.06512451171875},"cycles":334449116001}
{"runtime":6249,"energy":{"pkg":435.7166748046875,"pp0":0,"dram":61.693359375},"cycles":330203366955}
{"runtime":6368,"energy":{"pkg":450.569580078125,"pp0":0,"dram":64.010986328125},"cycles":336055486977}
{"runtime":6223,"energy":{"pkg":445.73297119140625,"pp0":0,"dram":62.0953369140625},"cycles":327671700678}
