{"runtime":6691,"energy":{"pkg":453.86187744140625,"pp0":0,"dram":66.42669677734375},"cycles":359331944496}
{"runtime":6609,"energy":{"pkg":477.3350830078125,"pp0":0,"dram":64.96319580078125},"cycles":353240259771}
{"runtime":6583,"energy":{"pkg":463.37176513671875,"pp0":0,"dram":66.0255126953125},"cycles":349818514542}
{"runtime":6635,"energy":{"pkg":477.4638671875,"pp0":0,"dram":66.47015380859375},"cycles":352428765465}
{"runtime":6853,"energy":{"pkg":468.4193115234375,"pp0":0,"dram":68.26336669921875},"cycles":355023385647}
{"runtime":6699,"energy":{"pkg":474.18023681640625,"pp0":0,"dram":67.50506591796875},"cycles":358502584230}
{"runtime":6642,"energy":{"pkg":467.248291015625,"pp0":0,"dram":66.13922119140625},"cycles":348106893561}
