{"runtime":6921,"energy":{"pkg":480.901123046875,"pp0":0,"dram":67.56884765625},"cycles":363930301371}
{"runtime":6930,"energy":{"pkg":497.26605224609375,"pp0":0,"dram":67.14300537109375},"cycles":366893262687}
{"runtime":7022,"energy":{"pkg":499.3768310546875,"pp0":0,"dram":69.95123291015625},"cycles":372379208628}
{"runtime":6940,"energy":{"pkg":503.57611083984375,"pp0":0,"dram":69.0692138671875},"cycles":369788841240}
{"runtime":6988,"energy":{"pkg":490.78094482421875,"pp0":0,"dram":69.06146240234375},"cycles":366625480494}
{"runtime":7059,"energy":{"pkg":501.05194091796875,"pp0":0,"dram":70.6663818359375},"cycles":371364484806}
{"runtime":7007,"energy":{"pkg":500.89141845703125,"pp0":0,"dram":69.9178466796875},"cycles":372474746217}
