{"runtime":1600,"energy":{"pkg":78.9345703125,"pp0":0,"dram":18.0244140625},"cycles":82064930136}
{"runtime":1501,"energy":{"pkg":76.5338134765625,"pp0":0,"dram":16.353271484375},"cycles":77373138948}
{"runtime":1585,"energy":{"pkg":92.3494873046875,"pp0":0,"dram":18.31060791015625},"cycles":86141954010}
{"runtime":1433,"energy":{"pkg":80.2025146484375,"pp0":0,"dram":16.42047119140625},"cycles":75992998074}
{"runtime":1616,"energy":{"pkg":87.1588134765625,"pp0":0,"dram":18.88299560546875},"cycles":85166110848}
{"runtime":1611,"energy":{"pkg":83.53509521484375,"pp0":0,"dram":18.2738037109375},"cycles":79763378352}
{"runtime":1554,"energy":{"pkg":92.1021728515625,"pp0":0,"dram":18.07806396484375},"cycles":85688974938}
