{"runtime":7645,"energy":{"pkg":526.5551147460938,"pp0":0,"dram":74.64984130859375},"cycles":403735271289}
{"runtime":7686,"energy":{"pkg":552.6673583984375,"pp0":0,"dram":74.7447509765625},"cycles":406502283642}
{"runtime":7643,"energy":{"pkg":540.7186279296875,"pp0":0,"dram":75.58319091796875},"cycles":401451624021}
{"runtime":7676,"energy":{"pkg":554.8364868164062,"pp0":0,"dram":76.3492431640625},"cycles":402076371060}
{"runtime":7695,"energy":{"pkg":544.8557739257812,"pp0":0,"dram":76.52947998046875},"cycles":400153860624}
{"runtime":7537,"energy":{"pkg":533.754638671875,"pp0":0,"dram":75.4461669921875},"cycles":398040481125}
{"runtime":7714,"energy":{"pkg":549.3816528320312,"pp0":0,"dram":76.63739013671875},"cycles":405037064733}
