{"runtime":7810,"energy":{"pkg":540.4192504882812,"pp0":0,"dram":76.41717529296875},"cycles":410442560451}
{"runtime":8051,"energy":{"pkg":570.434814453125,"pp0":0,"dram":78.83001708984375},"cycles":422684517066}
{"runtime":7909,"energy":{"pkg":569.2470092773438,"pp0":0,"dram":77.67938232421875},"cycles":412603366182}
{"runtime":8011,"energy":{"pkg":580.5765380859375,"pp0":0,"dram":80.1239013671875},"cycles":424722857916}
{"runtime":8000,"energy":{"pkg":572.9044799804688,"pp0":0,"dram":79.58111572265625},"cycles":423337302024}
{"runtime":7961,"energy":{"pkg":566.4354858398438,"pp0":0,"dram":79.05755615234375},"cycles":421184809458}
{"runtime":8054,"energy":{"pkg":583.2593994140625,"pp0":0,"dram":79.956787109375},"cycles":424906694331}
