{"runtime":8243,"energy":{"pkg":581.486572265625,"pp0":0,"dram":79.64080810546875},"cycles":436135703997}
{"runtime":8344,"energy":{"pkg":590.23876953125,"pp0":0,"dram":81.66351318359375},"cycles":433046468001}
{"runtime":8125,"energy":{"pkg":587.711669921875,"pp0":0,"dram":80.5577392578125},"cycles":425742797781}
{"runtime":8234,"energy":{"pkg":600.2442626953125,"pp0":0,"dram":81.59637451171875},"cycles":435734924961}
{"runtime":8363,"energy":{"pkg":605.5587768554688,"pp0":0,"dram":83.18255615234375},"cycles":443891468685}
{"runtime":8412,"energy":{"pkg":610.7391357421875,"pp0":0,"dram":83.533447265625},"cycles":446148689952}
{"runtime":8353,"energy":{"pkg":588.7561645507812,"pp0":0,"dram":81.954345703125},"cycles":436876477548}
