{"runtime":8547,"energy":{"pkg":602.47412109375,"pp0":0,"dram":82.59014892578125},"cycles":451956752709}
{"runtime":8640,"energy":{"pkg":628.7081298828125,"pp0":0,"dram":84.73394775390625},"cycles":459083772210}
{"runtime":8699,"energy":{"pkg":629.7127075195312,"pp0":0,"dram":85.86614990234375},"cycles":457370643366}
{"runtime":8627,"energy":{"pkg":629.8834838867188,"pp0":0,"dram":85.70513916015625},"cycles":459191222742}
{"runtime":8338,"energy":{"pkg":603.5816650390625,"pp0":0,"dram":82.51251220703125},"cycles":437593860270}
{"runtime":8673,"energy":{"pkg":622.6331787109375,"pp0":0,"dram":85.81744384765625},"cycles":461406375045}
{"runtime":8626,"energy":{"pkg":623.2744140625,"pp0":0,"dram":84.80853271484375},"cycles":453929665938}
