{"runtime":8996,"energy":{"pkg":643.7501831054688,"pp0":0,"dram":86.39813232421875},"cycles":476939771175}
{"runtime":8524,"energy":{"pkg":623.7183227539062,"pp0":0,"dram":83.506591796875},"cycles":448209191052}
{"runtime":8846,"energy":{"pkg":644.7330322265625,"pp0":0,"dram":86.51177978515625},"cycles":468641121123}
{"runtime":8890,"energy":{"pkg":652.9835815429688,"pp0":0,"dram":87.85479736328125},"cycles":473828774034}
{"runtime":8933,"energy":{"pkg":641.719482421875,"pp0":0,"dram":88.97509765625},"cycles":474060854547}
{"runtime":8991,"energy":{"pkg":645.8795776367188,"pp0":0,"dram":88.64349365234375},"cycles":474511883580}
{"runtime":8940,"energy":{"pkg":651.4615478515625,"pp0":0,"dram":87.477294921875},"cycles":473561590782}
