{"runtime":9316,"energy":{"pkg":664.722900390625,"pp0":0,"dram":90.427490234375},"cycles":497158615002}
{"runtime":9284,"energy":{"pkg":677.4175415039062,"pp0":0,"dram":91.092041015625},"cycles":490276174395}
{"runtime":9269,"energy":{"pkg":670.6239013671875,"pp0":0,"dram":90.61773681640625},"cycles":489388964211}
{"runtime":9329,"energy":{"pkg":682.7547607421875,"pp0":0,"dram":92.2373046875},"cycles":497051830569}
{"runtime":9193,"energy":{"pkg":669.6912841796875,"pp0":0,"dram":91.32110595703125},"cycles":485899552761}
{"runtime":9270,"energy":{"pkg":674.1339111328125,"pp0":0,"dram":91.18194580078125},"cycles":489319640775}
{"runtime":9285,"energy":{"pkg":669.3905029296875,"pp0":0,"dram":91.8138427734375},"cycles":494188972830}
