{"runtime":9279,"energy":{"pkg":668.9339599609375,"pp0":0,"dram":90.51226806640625},"cycles":488145059346}
{"runtime":9570,"energy":{"pkg":695.1685791015625,"pp0":0,"dram":93.76458740234375},"cycles":507809233281}
{"runtime":9698,"energy":{"pkg":698.4773559570312,"pp0":0,"dram":95.0849609375},"cycles":511952605059}
{"runtime":9582,"energy":{"pkg":693.868896484375,"pp0":0,"dram":94.68609619140625},"cycles":511308003486}
{"runtime":9513,"energy":{"pkg":694.2242431640625,"pp0":0,"dram":93.7669677734375},"cycles":505009363992}
{"runtime":9477,"energy":{"pkg":694.693603515625,"pp0":0,"dram":93.90631103515625},"cycles":502215399252}
{"runtime":9557,"energy":{"pkg":703.578125,"pp0":0,"dram":94.6103515625},"cycles":509251773450}
