{"runtime":9938,"energy":{"pkg":717.8873291015625,"pp0":0,"dram":96.17657470703125},"cycles":527428387878}
{"runtime":9931,"energy":{"pkg":716.8751831054688,"pp0":0,"dram":97.38275146484375},"cycles":526724661540}
{"runtime":9957,"energy":{"pkg":728.7632446289062,"pp0":0,"dram":98.185791015625},"cycles":530727217482}
{"runtime":9948,"energy":{"pkg":725.08447265625,"pp0":0,"dram":97.05633544921875},"cycles":525859421262}
{"runtime":9906,"energy":{"pkg":713.9716186523438,"pp0":0,"dram":98.08013916015625},"cycles":523610668770}
{"runtime":10007,"energy":{"pkg":722.3048706054688,"pp0":0,"dram":98.79376220703125},"cycles":528912888798}
{"runtime":9817,"energy":{"pkg":708.845947265625,"pp0":0,"dram":96.43902587890625},"cycles":518001579165}
