{"runtime":9883,"energy":{"pkg":695.817138671875,"pp0":0,"dram":95.327880859375},"cycles":515756688783}
{"runtime":10141,"energy":{"pkg":742.75634765625,"pp0":0,"dram":98.7901611328125},"cycles":538105438038}
{"runtime":10573,"energy":{"pkg":771.3277587890625,"pp0":0,"dram":102.97869873046875},"cycles":559013121807}
{"runtime":10223,"energy":{"pkg":752.2713623046875,"pp0":0,"dram":100.09759521484375},"cycles":544397158641}
{"runtime":10172,"energy":{"pkg":746.298583984375,"pp0":0,"dram":100.79327392578125},"cycles":543601552557}
{"runtime":10226,"energy":{"pkg":743.6659545898438,"pp0":0,"dram":100.76251220703125},"cycles":543613221585}
{"runtime":10136,"energy":{"pkg":747.7074584960938,"pp0":0,"dram":99.7091064453125},"cycles":540503445216}
