{"runtime":1900,"energy":{"pkg":106.41510009765625,"pp0":0,"dram":20.424560546875},"cycles":100226386281}
{"runtime":1819,"energy":{"pkg":111.53656005859375,"pp0":0,"dram":19.84149169921875},"cycles":96081194181}
{"runtime":1974,"energy":{"pkg":121.00396728515625,"pp0":0,"dram":22.0721435546875},"cycles":106535378964}
{"runtime":1900,"energy":{"pkg":116.1962890625,"pp0":0,"dram":20.9361572265625},"cycles":102143857872}
{"runtime":1837,"energy":{"pkg":114.6201171875,"pp0":0,"dram":20.43096923828125},"cycles":97841045253}
{"runtime":1888,"energy":{"pkg":114.38385009765625,"pp0":0,"dram":20.8011474609375},"cycles":95326244328}
{"runtime":1931,"energy":{"pkg":107.49017333984375,"pp0":0,"dram":21.22637939453125},"cycles":99110325006}
