{"runtime":10556,"energy":{"pkg":762.5943603515625,"pp0":0,"dram":102.4173583984375},"cycles":566313114675}
{"runtime":10020,"energy":{"pkg":731.6947631835938,"pp0":0,"dram":97.80755615234375},"cycles":525078378846}
{"runtime":10542,"energy":{"pkg":769.6436157226562,"pp0":0,"dram":102.69207763671875},"cycles":560930549340}
{"runtime":10543,"energy":{"pkg":765.6958618164062,"pp0":0,"dram":103.01055908203125},"cycles":561031149483}
{"runtime":10538,"energy":{"pkg":769.7796630859375,"pp0":0,"dram":103.579833984375},"cycles":560484588132}
{"runtime":10415,"energy":{"pkg":765.4767456054688,"pp0":0,"dram":102.00079345703125},"cycles":550168957044}
{"runtime":10448,"energy":{"pkg":765.5986328125,"pp0":0,"dram":102.0274658203125},"cycles":559880554044}
