{"runtime":2275,"energy":{"pkg":133.43798828125,"pp0":0,"dram":24.2325439453125},"cycles":116737009305}
{"runtime":2211,"energy":{"pkg":138.09210205078125,"pp0":0,"dram":23.0858154296875},"cycles":116829955389}
{"runtime":2258,"energy":{"pkg":132.5357666015625,"pp0":0,"dram":24.24395751953125},"cycles":120864720627}
{"runtime":2264,"energy":{"pkg":144.02008056640625,"pp0":0,"dram":24.77545166015625},"cycles":121558238172}
{"runtime":2290,"energy":{"pkg":145.7664794921875,"pp0":0,"dram":24.88427734375},"cycles":123841434087}
{"runtime":2276,"energy":{"pkg":128.27825927734375,"pp0":0,"dram":24.09686279296875},"cycles":115947480432}
{"runtime":2239,"energy":{"pkg":143.382568359375,"pp0":0,"dram":24.56927490234375},"cycles":119679350238}
