{"runtime":2574,"energy":{"pkg":159.04473876953125,"pp0":0,"dram":26.86834716796875},"cycles":136891859748}
{"runtime":2629,"energy":{"pkg":169.29083251953125,"pp0":0,"dram":27.13720703125},"cycles":135891681366}
{"runtime":2661,"energy":{"pkg":171.79742431640625,"pp0":0,"dram":27.99774169921875},"cycles":137339353389}
{"runtime":2717,"energy":{"pkg":162.75494384765625,"pp0":0,"dram":28.423828125},"cycles":135650900511}
{"runtime":2732,"energy":{"pkg":166.57666015625,"pp0":0,"dram":28.91876220703125},"cycles":140874540387}
{"runtime":2610,"energy":{"pkg":171.613037109375,"pp0":0,"dram":28.06683349609375},"cycles":140257323150}
{"runtime":2619,"energy":{"pkg":171.9384765625,"pp0":0,"dram":28.34808349609375},"cycles":140005499739}
