{"runtime":3047,"energy":{"pkg":191.4637451171875,"pp0":0,"dram":31.50872802734375},"cycles":163638042645}
{"runtime":2941,"energy":{"pkg":195.12548828125,"pp0":0,"dram":30.03521728515625},"cycles":154580634747}
{"runtime":2988,"energy":{"pkg":197.59393310546875,"pp0":0,"dram":31.11968994140625},"cycles":156788786091}
{"runtime":3089,"energy":{"pkg":191.77587890625,"pp0":0,"dram":32.271728515625},"cycles":160167523131}
{"runtime":3076,"energy":{"pkg":202.8843994140625,"pp0":0,"dram":32.6131591796875},"cycles":165100075140}
{"runtime":3072,"energy":{"pkg":186.8994140625,"pp0":0,"dram":31.96258544921875},"cycles":157790101014}
{"runtime":3134,"energy":{"pkg":193.2342529296875,"pp0":0,"dram":32.5169677734375},"cycles":159503935101}
