{"runtime":3388,"energy":{"pkg":215.69293212890625,"pp0":0,"dram":34.42138671875},"cycles":180381046923}
{"runtime":3468,"energy":{"pkg":230.67822265625,"pp0":0,"dram":35.68115234375},"cycles":185116556646}
{"runtime":3446,"energy":{"pkg":223.66912841796875,"pp0":0,"dram":36.1148681640625},"cycles":183717654729}
{"runtime":3470,"energy":{"pkg":225.683837890625,"pp0":0,"dram":36.11322021484375},"cycles":185666906607}
{"runtime":3337,"energy":{"pkg":224.16064453125,"pp0":0,"dram":34.023193359375},"cycles":174713791980}
{"runtime":3430,"energy":{"pkg":225.11376953125,"pp0":0,"dram":35.31402587890625},"cycles":178875875871}
{"runtime":3509,"energy":{"pkg":222.98748779296875,"pp0":0,"dram":36.22100830078125},"cycles":182199391542}
