{"runtime":3812,"energy":{"pkg":231.82806396484375,"pp0":0,"dram":38.4755859375},"cycles":202138898157}
{"runtime":3946,"energy":{"pkg":256.0384521484375,"pp0":0,"dram":39.8133544921875},"cycles":204510073509}
{"runtime":3924,"energy":{"pkg":250.67041015625,"pp0":0,"dram":40.027587890625},"cycles":200723061357}
{"runtime":3846,"energy":{"pkg":257.158203125,"pp0":0,"dram":39.14080810546875},"cycles":199946192712}
{"runtime":3843,"energy":{"pkg":260.35302734375,"pp0":0,"dram":39.24591064453125},"cycles":204896551125}
{"runtime":3822,"energy":{"pkg":252.903564453125,"pp0":0,"dram":39.90411376953125},"cycles":204642941160}
{"runtime":3722,"energy":{"pkg":250.14141845703125,"pp0":0,"dram":37.86639404296875},"cycles":192037808340}
