{"runtime":2653,"energy":{"pkg":61.21148681640625,"pp0":47.56683349609375,"pp1":0.02728271484375,"dram":5.5380859375},"cycles":28332649027}
{"runtime":2904,"energy":{"pkg":68.75927734375,"pp0":53.5128173828125,"pp1":0.44500732421875,"dram":5.73321533203125},"cycles":30645751379}
{"runtime":2650,"energy":{"pkg":62.8909912109375,"pp0":48.8447265625,"pp1":0.02398681640625,"dram":5.5291748046875},"cycles":28480796989}
{"runtime":2716,"energy":{"pkg":65.56378173828125,"pp0":51.19012451171875,"pp1":0.0289306640625,"dram":5.57666015625},"cycles":29461358020}
{"runtime":2682,"energy":{"pkg":64.240478515625,"pp0":50.11083984375,"pp1":0.0294189453125,"dram":5.567626953125},"cycles":29157404628}
{"runtime":2823,"energy":{"pkg":67.68505859375,"pp0":52.396240234375,"pp1":0.02484130859375,"dram":5.4022216796875},"cycles":30431244350}
{"runtime":2703,"energy":{"pkg":65.59246826171875,"pp0":51.22235107421875,"pp1":0.03009033203125,"dram":5.56280517578125},"cycles":29365506454}
