{"runtime":22166,"energy":{"pkg":558.62841796875,"pp0":432.8206787109375,"pp1":0.44024658203125,"dram":52.8802490234375},"cycles":243931150052}
{"runtime":24188,"energy":{"pkg":614.0408935546875,"pp0":478.25848388671875,"pp1":0.51312255859375,"dram":56.8162841796875},"cycles":272815318824}
{"runtime":22438,"energy":{"pkg":561.7788696289062,"pp0":435.13836669921875,"pp1":0.34088134765625,"dram":54.14178466796875},"cycles":248668611089}
{"runtime":21976,"energy":{"pkg":552.0035400390625,"pp0":427.72076416015625,"pp1":0.33575439453125,"dram":52.5283203125},"cycles":240345503729}
{"runtime":21670,"energy":{"pkg":546.941162109375,"pp0":421.86285400390625,"pp1":0.330322265625,"dram":52.266357421875},"cycles":239121899198}
{"runtime":24273,"energy":{"pkg":613.2252807617188,"pp0":479.1781005859375,"pp1":0.38055419921875,"dram":56.983642578125},"cycles":273905519763}
{"runtime":24166,"energy":{"pkg":610.6080322265625,"pp0":476.7215576171875,"pp1":0.39251708984375,"dram":56.7972412109375},"cycles":271453340241}
