{"runtime":27491,"energy":{"pkg":694.5654907226562,"pp0":536.5792236328125,"pp1":0.385986328125,"dram":66.02398681640625},"cycles":308349637212}
{"runtime":25693,"energy":{"pkg":643.9730224609375,"pp0":494.9102783203125,"pp1":0.4287109375,"dram":62.443115234375},"cycles":280663353583}
{"runtime":25739,"energy":{"pkg":649.1050415039062,"pp0":500.1630859375,"pp1":0.3553466796875,"dram":62.55499267578125},"cycles":283801745387}
{"runtime":25580,"energy":{"pkg":637.2902221679688,"pp0":492.15972900390625,"pp1":0.36297607421875,"dram":63.02874755859375},"cycles":280827672467}
{"runtime":25635,"energy":{"pkg":638.0618896484375,"pp0":489.2303466796875,"pp1":0.390380859375,"dram":62.33221435546875},"cycles":281870936808}
{"runtime":26616,"energy":{"pkg":673.3265991210938,"pp0":521.3442993164062,"pp1":0.4046630859375,"dram":63.37896728515625},"cycles":294636713316}
{"runtime":26859,"energy":{"pkg":674.8078002929688,"pp0":520.5588989257812,"pp1":0.4210205078125,"dram":64.96820068359375},"cycles":298654875390}
