{"runtime":35772,"energy":{"pkg":905.1525268554688,"pp0":706.0416259765625,"pp1":0.72991943359375,"dram":85.33856201171875},"cycles":404486720689}
{"runtime":32534,"energy":{"pkg":821.40625,"pp0":634.3740844726562,"pp1":0.77435302734375,"dram":78.320068359375},"cycles":358065831447}
{"runtime":35437,"energy":{"pkg":897.4957275390625,"pp0":697.1682739257812,"pp1":0.7747802734375,"dram":83.810791015625},"cycles":398712880575}
{"runtime":35551,"energy":{"pkg":902.49267578125,"pp0":702.7570190429688,"pp1":0.7685546875,"dram":84.13519287109375},"cycles":400365956452}
{"runtime":34971,"energy":{"pkg":885.3630981445312,"pp0":687.3197631835938,"pp1":0.7227783203125,"dram":83.95965576171875},"cycles":393034814465}
{"runtime":35714,"energy":{"pkg":908.2752685546875,"pp0":706.1958618164062,"pp1":0.72161865234375,"dram":84.52056884765625},"cycles":404420204884}
{"runtime":34570,"energy":{"pkg":875.295166015625,"pp0":679.5034790039062,"pp1":0.73126220703125,"dram":82.43389892578125},"cycles":388196022297}
