{"runtime":37045,"energy":{"pkg":942.2764282226562,"pp0":728.0966186523438,"pp1":0.765625,"dram":88.5787353515625},"cycles":416911816475}
{"runtime":38121,"energy":{"pkg":962.9955444335938,"pp0":751.174072265625,"pp1":0.8592529296875,"dram":90.59088134765625},"cycles":427340356881}
{"runtime":37126,"energy":{"pkg":943.2804565429688,"pp0":731.1953125,"pp1":0.75738525390625,"dram":89.5595703125},"cycles":419494401806}
{"runtime":37917,"energy":{"pkg":960.1838989257812,"pp0":746.6482543945312,"pp1":0.8148193359375,"dram":90.03900146484375},"cycles":428165214227}
{"runtime":37947,"energy":{"pkg":967.04443359375,"pp0":753.1068115234375,"pp1":0.82421875,"dram":90.95538330078125},"cycles":430100551333}
{"runtime":37718,"energy":{"pkg":945.4354248046875,"pp0":735.4253540039062,"pp1":0.83001708984375,"dram":90.67962646484375},"cycles":426272907013}
{"runtime":37871,"energy":{"pkg":965.0875854492188,"pp0":750.7989501953125,"pp1":0.80963134765625,"dram":90.17510986328125},"cycles":428107095400}
