{"runtime":43963,"energy":{"pkg":1120.433349609375,"pp0":866.294921875,"pp1":0.59930419921875,"dram":105.54071044921875},"cycles":496937910108}
{"runtime":43267,"energy":{"pkg":1090.8307495117188,"pp0":849.0396728515625,"pp1":0.7113037109375,"dram":104.2947998046875},"cycles":483495053577}
{"runtime":43377,"energy":{"pkg":1097.460693359375,"pp0":853.1566772460938,"pp1":0.6602783203125,"dram":103.97113037109375},"cycles":483616780924}
{"runtime":44882,"energy":{"pkg":1136.8598022460938,"pp0":889.1239013671875,"pp1":0.77593994140625,"dram":108.8031005859375},"cycles":507236858327}
{"runtime":43823,"energy":{"pkg":1117.8688354492188,"pp0":865.6669921875,"pp1":0.81500244140625,"dram":105.56634521484375},"cycles":495462882031}
{"runtime":44751,"energy":{"pkg":1142.3285522460938,"pp0":889.3507690429688,"pp1":0.86370849609375,"dram":107.07427978515625},"cycles":506871036114}
{"runtime":44944,"energy":{"pkg":1147.6262817382812,"pp0":892.4513549804688,"pp1":0.9375,"dram":106.831787109375},"cycles":508970973875}
