{"runtime":46793,"energy":{"pkg":1191.3845825195312,"pp0":925.2991333007812,"pp1":0.977783203125,"dram":111.53704833984375},"cycles":527118758346}
{"runtime":47051,"energy":{"pkg":1198.896240234375,"pp0":932.6220703125,"pp1":1.0389404296875,"dram":113.03729248046875},"cycles":532539736906}
{"runtime":47202,"energy":{"pkg":1201.2678833007812,"pp0":935.951171875,"pp1":0.9801025390625,"dram":113.3780517578125},"cycles":534155517073}
{"runtime":45580,"energy":{"pkg":1156.186767578125,"pp0":895.8862915039062,"pp1":0.92987060546875,"dram":111.8424072265625},"cycles":513792215420}
{"runtime":46565,"energy":{"pkg":1173.5025024414062,"pp0":909.82275390625,"pp1":0.93255615234375,"dram":111.8675537109375},"cycles":526796696635}
{"runtime":43329,"energy":{"pkg":1078.934326171875,"pp0":825.8115234375,"pp1":0.91912841796875,"dram":106.3468017578125},"cycles":481012659700}
{"runtime":44623,"energy":{"pkg":1110.625244140625,"pp0":857.274169921875,"pp1":0.9588623046875,"dram":109.549560546875},"cycles":497788599195}
