{"runtime":12562,"energy":{"pkg":316.62457275390625,"pp0":246.5341796875,"pp1":0.033935546875,"dram":28.0704345703125},"cycles":139939085116}
{"runtime":11869,"energy":{"pkg":297.05816650390625,"pp0":230.62506103515625,"pp1":0.50653076171875,"dram":27.1944580078125},"cycles":129674801698}
{"runtime":12298,"energy":{"pkg":311.2945556640625,"pp0":242.3966064453125,"pp1":0.037109375,"dram":27.76165771484375},"cycles":138318355569}
{"runtime":12544,"energy":{"pkg":317.06597900390625,"pp0":247.6536865234375,"pp1":0.02545166015625,"dram":28.37738037109375},"cycles":141682185032}
{"runtime":12640,"energy":{"pkg":317.25714111328125,"pp0":248.0048828125,"pp1":0.02349853515625,"dram":28.5126953125},"cycles":140479119741}
{"runtime":11783,"energy":{"pkg":293.86151123046875,"pp0":228.5345458984375,"pp1":0.04266357421875,"dram":26.9261474609375},"cycles":129199733170}
{"runtime":12175,"energy":{"pkg":304.069580078125,"pp0":236.54705810546875,"pp1":0.0360107421875,"dram":27.7288818359375},"cycles":136898745587}
