{"runtime":14318,"energy":{"pkg":359.52459716796875,"pp0":280.59478759765625,"pp1":0.03717041015625,"dram":32.86322021484375},"cycles":159234920660}
{"runtime":13571,"energy":{"pkg":342.64697265625,"pp0":265.8619384765625,"pp1":0.47296142578125,"dram":31.837646484375},"cycles":149140216303}
{"runtime":14571,"energy":{"pkg":361.79132080078125,"pp0":281.7647705078125,"pp1":0.035888671875,"dram":33.4849853515625},"cycles":162386629884}
{"runtime":12982,"energy":{"pkg":325.76806640625,"pp0":250.75274658203125,"pp1":0.037109375,"dram":31.078369140625},"cycles":142493316029}
{"runtime":14955,"energy":{"pkg":373.365966796875,"pp0":294.1405029296875,"pp1":0.034423828125,"dram":35.1485595703125},"cycles":169227461246}
{"runtime":15023,"energy":{"pkg":376.87933349609375,"pp0":293.84588623046875,"pp1":0.03082275390625,"dram":33.8492431640625},"cycles":167573729562}
{"runtime":13398,"energy":{"pkg":337.18792724609375,"pp0":262.13421630859375,"pp1":0.021484375,"dram":31.602294921875},"cycles":148402792387}
