{"runtime":16907,"energy":{"pkg":424.98004150390625,"pp0":330.04949951171875,"pp1":0.03997802734375,"dram":39.07781982421875},"cycles":189115827048}
{"runtime":16544,"energy":{"pkg":416.57879638671875,"pp0":321.4176025390625,"pp1":0.5091552734375,"dram":38.63677978515625},"cycles":184088929000}
{"runtime":16777,"energy":{"pkg":424.350341796875,"pp0":329.32073974609375,"pp1":0.03509521484375,"dram":39.28228759765625},"cycles":189308234253}
{"runtime":16850,"energy":{"pkg":426.031494140625,"pp0":332.371826171875,"pp1":0.0457763671875,"dram":39.35504150390625},"cycles":190611882514}
{"runtime":16629,"energy":{"pkg":419.01800537109375,"pp0":325.30792236328125,"pp1":0.0322265625,"dram":39.02667236328125},"cycles":187485672609}
{"runtime":17254,"energy":{"pkg":432.762939453125,"pp0":339.05535888671875,"pp1":0.023681640625,"dram":39.8072509765625},"cycles":193638950730}
{"runtime":16736,"energy":{"pkg":417.8861083984375,"pp0":324.49774169921875,"pp1":0.03082275390625,"dram":39.11175537109375},"cycles":186647334724}
