{"runtime":19200,"energy":{"pkg":477.1790771484375,"pp0":373.02984619140625,"pp1":0.043701171875,"dram":45.3985595703125},"cycles":217303069555}
{"runtime":19340,"energy":{"pkg":489.58233642578125,"pp0":380.89691162109375,"pp1":0.456298828125,"dram":44.70440673828125},"cycles":217167714002}
{"runtime":19068,"energy":{"pkg":483.76617431640625,"pp0":375.7525634765625,"pp1":0.0428466796875,"dram":44.65875244140625},"cycles":215302607704}
{"runtime":19258,"energy":{"pkg":480.8326416015625,"pp0":375.97039794921875,"pp1":0.03277587890625,"dram":45.662841796875},"cycles":215469394560}
{"runtime":18873,"energy":{"pkg":477.86212158203125,"pp0":370.45025634765625,"pp1":0.029052734375,"dram":44.5010986328125},"cycles":213026362470}
{"runtime":17138,"energy":{"pkg":432.57568359375,"pp0":332.4974365234375,"pp1":0.03387451171875,"dram":41.20904541015625},"cycles":188892833113}
{"runtime":19505,"energy":{"pkg":490.98358154296875,"pp0":382.11065673828125,"pp1":1.01580810546875,"dram":46.74664306640625},"cycles":217054019121}
