{"runtime":1797,"energy":{"pkg":64.91754150390625,"pp0":0,"dram":22.49713134765625},"cycles":11123751971}
{"runtime":1570,"energy":{"pkg":57.65582275390625,"pp0":0,"dram":18.6014404296875},"cycles":10825916595}
{"runtime":1501,"energy":{"pkg":57.302734375,"pp0":0,"dram":18.77532958984375},"cycles":10843267234}
{"runtime":1557,"energy":{"pkg":57.80267333984375,"pp0":0,"dram":18.69195556640625},"cycles":10818105584}
{"runtime":1548,"energy":{"pkg":57.88372802734375,"pp0":0,"dram":19.25360107421875},"cycles":10861489884}
{"runtime":1571,"energy":{"pkg":57.725830078125,"pp0":0,"dram":18.80279541015625},"cycles":10847777604}
{"runtime":1715,"energy":{"pkg":62.55157470703125,"pp0":0,"dram":20.4622802734375},"cycles":10990215358}
{"runtime":1573,"energy":{"pkg":58.00030517578125,"pp0":0,"dram":18.9464111328125},"cycles":10865320892}
{"runtime":1522,"energy":{"pkg":57.72747802734375,"pp0":0,"dram":18.6075439453125},"cycles":10855231968}
{"runtime":1560,"energy":{"pkg":58.55023193359375,"pp0":0,"dram":18.86273193359375},"cycles":11008802289}
