{"runtime":4407,"energy":{"pkg":217.33758544921875,"pp0":0,"dram":55.44671630859375},"cycles":28375348491}
{"runtime":4776,"energy":{"pkg":237.1783447265625,"pp0":0,"dram":61.13592529296875},"cycles":30942911328}
{"runtime":3005,"energy":{"pkg":150.8612060546875,"pp0":0,"dram":39.4063720703125},"cycles":22757543907}
{"runtime":3864,"energy":{"pkg":192.76275634765625,"pp0":0,"dram":51.28472900390625},"cycles":27219560403}
{"runtime":4059,"energy":{"pkg":201.3656005859375,"pp0":0,"dram":51.21319580078125},"cycles":27141683100}
{"runtime":4221,"energy":{"pkg":209.12310791015625,"pp0":0,"dram":53.4642333984375},"cycles":27750166836}
{"runtime":4114,"energy":{"pkg":206.9228515625,"pp0":0,"dram":52.6708984375},"cycles":29996899758}
{"runtime":3654,"energy":{"pkg":183.18890380859375,"pp0":0,"dram":46.5333251953125},"cycles":26486578545}
{"runtime":3685,"energy":{"pkg":188.09051513671875,"pp0":0,"dram":49.9617919921875},"cycles":30654860565}
{"runtime":5471,"energy":{"pkg":273.14306640625,"pp0":0,"dram":70.39630126953125},"cycles":35454725292}
{"runtime":4046,"energy":{"pkg":202.092529296875,"pp0":0,"dram":51.928955078125},"cycles":28739812689}
{"runtime":3514,"energy":{"pkg":177.74755859375,"pp0":0,"dram":46.85833740234375},"cycles":26767845216}
{"runtime":4592,"energy":{"pkg":228.0626220703125,"pp0":0,"dram":57.45587158203125},"cycles":30199172220}
{"runtime":3884,"energy":{"pkg":194.70965576171875,"pp0":0,"dram":50.01373291015625},"cycles":28779735222}
{"runtime":3314,"energy":{"pkg":167.1746826171875,"pp0":0,"dram":44.94036865234375},"cycles":25893276003}
{"runtime":3660,"energy":{"pkg":184.05712890625,"pp0":0,"dram":47.7037353515625},"cycles":27453619305}
{"runtime":3770,"energy":{"pkg":188.38623046875,"pp0":0,"dram":47.99114990234375},"cycles":26976720309}
{"runtime":4851,"energy":{"pkg":243.8427734375,"pp0":0,"dram":64.927490234375},"cycles":33206164404}
{"runtime":4839,"energy":{"pkg":243.39471435546875,"pp0":0,"dram":65.9835205078125},"cycles":33921893943}
{"runtime":3868,"energy":{"pkg":192.83111572265625,"pp0":0,"dram":49.00311279296875},"cycles":26958385482}
{"runtime":4293,"energy":{"pkg":214.873046875,"pp0":0,"dram":59.59912109375},"cycles":30641382744}
