{"runtime":2297,"energy":{"pkg":111.87469482421875,"pp0":0,"dram":25.5272216796875},"cycles":66587108868}
{"runtime":2214,"energy":{"pkg":105.633544921875,"pp0":0,"dram":25.52587890625},"cycles":61018297410}
{"runtime":2159,"energy":{"pkg":105.75518798828125,"pp0":0,"dram":24.00677490234375},"cycles":65604591318}
{"runtime":2170,"energy":{"pkg":104.73822021484375,"pp0":0,"dram":24.12847900390625},"cycles":61143563229}
{"runtime":2166,"energy":{"pkg":106.50408935546875,"pp0":0,"dram":24.2349853515625},"cycles":66534670314}
{"runtime":2128,"energy":{"pkg":103.64019775390625,"pp0":0,"dram":23.83831787109375},"cycles":60935660793}
{"runtime":2073,"energy":{"pkg":107.75225830078125,"pp0":0,"dram":23.438232421875},"cycles":61922264166}
{"runtime":2162,"energy":{"pkg":110.5960693359375,"pp0":0,"dram":24.51129150390625},"cycles":65257436076}
{"runtime":2177,"energy":{"pkg":105.23162841796875,"pp0":0,"dram":24.379638671875},"cycles":60918714801}
{"runtime":2175,"energy":{"pkg":107.8143310546875,"pp0":0,"dram":24.52655029296875},"cycles":65863643790}
{"runtime":2130,"energy":{"pkg":102.98687744140625,"pp0":0,"dram":23.62689208984375},"cycles":60241313832}
{"runtime":2105,"energy":{"pkg":108.33184814453125,"pp0":0,"dram":24.18267822265625},"cycles":63379395660}
{"runtime":2117,"energy":{"pkg":109.03839111328125,"pp0":0,"dram":23.8499755859375},"cycles":63531848184}
{"runtime":2073,"energy":{"pkg":108.69158935546875,"pp0":0,"dram":23.34417724609375},"cycles":60577229139}
{"runtime":2173,"energy":{"pkg":110.44879150390625,"pp0":0,"dram":24.45623779296875},"cycles":65279044152}
{"runtime":2180,"energy":{"pkg":111.4036865234375,"pp0":0,"dram":24.84454345703125},"cycles":64906646448}
{"runtime":2121,"energy":{"pkg":104.93634033203125,"pp0":0,"dram":24.22271728515625},"cycles":63350073150}
{"runtime":2112,"energy":{"pkg":109.02593994140625,"pp0":0,"dram":24.08038330078125},"cycles":63802566051}
{"runtime":2147,"energy":{"pkg":104.19989013671875,"pp0":0,"dram":24.2698974609375},"cycles":61083586032}
{"runtime":2182,"energy":{"pkg":109.1324462890625,"pp0":0,"dram":24.63848876953125},"cycles":66145525887}
{"runtime":2278,"energy":{"pkg":105.64202880859375,"pp0":0,"dram":25.29266357421875},"cycles":63802212579}
