{"runtime":2220,"energy":{"pkg":104.6514892578125,"pp0":0,"dram":25.8306884765625},"cycles":44860722892}
{"runtime":2171,"energy":{"pkg":110.56317138671875,"pp0":0,"dram":26.16937255859375},"cycles":44435634027}
{"runtime":2197,"energy":{"pkg":104.29364013671875,"pp0":0,"dram":25.89630126953125},"cycles":44974374982}
{"runtime":2207,"energy":{"pkg":109.03466796875,"pp0":0,"dram":26.03240966796875},"cycles":44682420331}
{"runtime":2426,"energy":{"pkg":105.53070068359375,"pp0":0,"dram":28.1170654296875},"cycles":44948694056}
{"runtime":2183,"energy":{"pkg":104.8909912109375,"pp0":0,"dram":26.06072998046875},"cycles":44826622179}
{"runtime":2183,"energy":{"pkg":106.95660400390625,"pp0":0,"dram":25.6854248046875},"cycles":44580537741}
{"runtime":2110,"energy":{"pkg":109.4208984375,"pp0":0,"dram":25.5189208984375},"cycles":44877998690}
{"runtime":2276,"energy":{"pkg":112.30413818359375,"pp0":0,"dram":28.63909912109375},"cycles":45652700922}
{"runtime":2208,"energy":{"pkg":104.58642578125,"pp0":0,"dram":25.93316650390625},"cycles":44577355409}
