{"runtime":242,"energy":{"pkg":19.21630859375,"pp0":0,"dram":2.299072265625},"cycles":15334735437}
{"runtime":230,"energy":{"pkg":18.88470458984375,"pp0":0,"dram":2.19183349609375},"cycles":15107305206}
{"runtime":227,"energy":{"pkg":19.62322998046875,"pp0":0,"dram":2.1861572265625},"cycles":14948421978}
{"runtime":227,"energy":{"pkg":19.7137451171875,"pp0":0,"dram":2.15240478515625},"cycles":14950507341}
{"runtime":228,"energy":{"pkg":19.83660888671875,"pp0":0,"dram":2.17779541015625},"cycles":15013368678}
{"runtime":228,"energy":{"pkg":19.7596435546875,"pp0":0,"dram":2.1834716796875},"cycles":14989718541}
{"runtime":227,"energy":{"pkg":19.78466796875,"pp0":0,"dram":2.1756591796875},"cycles":14946779631}
{"runtime":227,"energy":{"pkg":19.76922607421875,"pp0":0,"dram":2.19708251953125},"cycles":15000273771}
{"runtime":227,"energy":{"pkg":19.82879638671875,"pp0":0,"dram":2.20550537109375},"cycles":14949673830}
{"runtime":228,"energy":{"pkg":19.84918212890625,"pp0":0,"dram":2.20074462890625},"cycles":15001359219}
{"runtime":229,"energy":{"pkg":19.9434814453125,"pp0":0,"dram":2.232666015625},"cycles":15056985195}
{"runtime":226,"energy":{"pkg":19.71063232421875,"pp0":0,"dram":2.206298828125},"cycles":14947728369}
{"runtime":227,"energy":{"pkg":19.78125,"pp0":0,"dram":2.16876220703125},"cycles":14950154184}
{"runtime":227,"energy":{"pkg":19.86077880859375,"pp0":0,"dram":2.2149658203125},"cycles":14992431447}
{"runtime":227,"energy":{"pkg":19.7882080078125,"pp0":0,"dram":2.16278076171875},"cycles":14951921145}
{"runtime":227,"energy":{"pkg":19.7694091796875,"pp0":0,"dram":2.21441650390625},"cycles":14945785932}
{"runtime":228,"energy":{"pkg":19.91455078125,"pp0":0,"dram":2.18548583984375},"cycles":15033957288}
{"runtime":227,"energy":{"pkg":19.8448486328125,"pp0":0,"dram":2.17816162109375},"cycles":14947987656}
{"runtime":226,"energy":{"pkg":19.768310546875,"pp0":0,"dram":2.165771484375},"cycles":14949627525}
{"runtime":228,"energy":{"pkg":19.9144287109375,"pp0":0,"dram":2.189697265625},"cycles":14997246390}
{"runtime":226,"energy":{"pkg":19.68890380859375,"pp0":0,"dram":2.15460205078125},"cycles":14946968211}
