{"runtime":227,"energy":{"pkg":18.67486572265625,"pp0":0,"dram":2.12847900390625},"cycles":14957800727}
{"runtime":228,"energy":{"pkg":18.7149658203125,"pp0":0,"dram":2.14154052734375},"cycles":14955778715}
{"runtime":228,"energy":{"pkg":19.4984130859375,"pp0":0,"dram":2.134765625},"cycles":15028909689}
{"runtime":228,"energy":{"pkg":19.82830810546875,"pp0":0,"dram":2.12322998046875},"cycles":15018429774}
{"runtime":227,"energy":{"pkg":19.71673583984375,"pp0":0,"dram":2.13897705078125},"cycles":14981921294}
{"runtime":227,"energy":{"pkg":19.79254150390625,"pp0":0,"dram":2.142822265625},"cycles":14949129401}
{"runtime":226,"energy":{"pkg":19.7235107421875,"pp0":0,"dram":2.1409912109375},"cycles":14954096301}
{"runtime":227,"energy":{"pkg":19.72564697265625,"pp0":0,"dram":2.1629638671875},"cycles":14951712274}
{"runtime":228,"energy":{"pkg":19.89404296875,"pp0":0,"dram":2.1417236328125},"cycles":15059673148}
{"runtime":228,"energy":{"pkg":19.8677978515625,"pp0":0,"dram":2.16363525390625},"cycles":15009297925}
