{"runtime":5174,"energy":{"pkg":176.9820556640625,"pp0":0,"dram":38.17041015625},"cycles":10835360739}
{"runtime":5158,"energy":{"pkg":178.39471435546875,"pp0":0,"dram":38.1522216796875},"cycles":10801321461}
{"runtime":4835,"energy":{"pkg":180.20648193359375,"pp0":0,"dram":35.55670166015625},"cycles":10127829033}
{"runtime":5095,"energy":{"pkg":176.66339111328125,"pp0":0,"dram":37.55865478515625},"cycles":10671552213}
{"runtime":5273,"energy":{"pkg":178.998046875,"pp0":0,"dram":38.83526611328125},"cycles":11042066994}
{"runtime":5115,"energy":{"pkg":176.584228515625,"pp0":0,"dram":37.58660888671875},"cycles":10712252838}
{"runtime":5206,"energy":{"pkg":173.40960693359375,"pp0":0,"dram":39.616943359375},"cycles":10905156486}
{"runtime":5086,"energy":{"pkg":174.86669921875,"pp0":0,"dram":37.5252685546875},"cycles":10651918389}
{"runtime":5170,"energy":{"pkg":175.30023193359375,"pp0":0,"dram":38.2982177734375},"cycles":10826212740}
{"runtime":5159,"energy":{"pkg":177.20166015625,"pp0":0,"dram":38.11260986328125},"cycles":10803450861}
{"runtime":5209,"energy":{"pkg":175.79827880859375,"pp0":0,"dram":38.32037353515625},"cycles":10908854187}
{"runtime":5153,"energy":{"pkg":176.9200439453125,"pp0":0,"dram":38.0279541015625},"cycles":10791592392}
{"runtime":4863,"energy":{"pkg":180.17510986328125,"pp0":0,"dram":36.0009765625},"cycles":10186649802}
{"runtime":5214,"energy":{"pkg":176.454345703125,"pp0":0,"dram":38.45361328125},"cycles":10919066046}
{"runtime":5087,"energy":{"pkg":175.23431396484375,"pp0":0,"dram":38.19378662109375},"cycles":10653596079}
{"runtime":5228,"energy":{"pkg":176.02789306640625,"pp0":0,"dram":38.3468017578125},"cycles":10948304556}
{"runtime":5170,"energy":{"pkg":176.833251953125,"pp0":0,"dram":37.95147705078125},"cycles":10826152827}
{"runtime":4866,"energy":{"pkg":179.839111328125,"pp0":0,"dram":35.62255859375},"cycles":10192020615}
{"runtime":5174,"energy":{"pkg":174.61724853515625,"pp0":0,"dram":38.098388671875},"cycles":10835042379}
{"runtime":5195,"energy":{"pkg":176.99810791015625,"pp0":0,"dram":37.9434814453125},"cycles":10877785359}
{"runtime":4864,"energy":{"pkg":179.2542724609375,"pp0":0,"dram":35.8155517578125},"cycles":10187236248}
