{"runtime":1543,"energy":{"pkg":45.1072998046875,"pp0":0,"dram":11.48004150390625},"cycles":3230412066}
{"runtime":1280,"energy":{"pkg":45.509521484375,"pp0":0,"dram":9.49798583984375},"cycles":2680378134}
{"runtime":1565,"energy":{"pkg":46.481201171875,"pp0":0,"dram":11.61590576171875},"cycles":3275253681}
{"runtime":1674,"energy":{"pkg":48.017333984375,"pp0":0,"dram":12.42681884765625},"cycles":3504222540}
{"runtime":1263,"energy":{"pkg":45.96124267578125,"pp0":0,"dram":9.3209228515625},"cycles":2644632354}
{"runtime":1636,"energy":{"pkg":48.07073974609375,"pp0":0,"dram":12.11370849609375},"cycles":3425789493}
{"runtime":1527,"energy":{"pkg":45.27947998046875,"pp0":0,"dram":11.33074951171875},"cycles":3196783779}
{"runtime":1563,"energy":{"pkg":45.6605224609375,"pp0":0,"dram":11.4984130859375},"cycles":3271674126}
{"runtime":1277,"energy":{"pkg":45.4136962890625,"pp0":0,"dram":9.394775390625},"cycles":2674404264}
{"runtime":1578,"energy":{"pkg":46.1719970703125,"pp0":0,"dram":11.6773681640625},"cycles":3304232757}
{"runtime":1652,"energy":{"pkg":47.69451904296875,"pp0":0,"dram":12.22662353515625},"cycles":3458938455}
{"runtime":1301,"energy":{"pkg":47.29736328125,"pp0":0,"dram":9.62310791015625},"cycles":2726446611}
{"runtime":1603,"energy":{"pkg":47.242431640625,"pp0":0,"dram":11.831298828125},"cycles":3355995678}
{"runtime":1526,"energy":{"pkg":45.15252685546875,"pp0":0,"dram":11.29254150390625},"cycles":3196348218}
{"runtime":1616,"energy":{"pkg":46.40576171875,"pp0":0,"dram":11.99639892578125},"cycles":3383037903}
{"runtime":1632,"energy":{"pkg":47.1953125,"pp0":0,"dram":12.03460693359375},"cycles":3416181699}
{"runtime":1537,"energy":{"pkg":45.37646484375,"pp0":0,"dram":11.32916259765625},"cycles":3217969566}
{"runtime":1607,"energy":{"pkg":45.78814697265625,"pp0":0,"dram":11.82891845703125},"cycles":3363715782}
{"runtime":1266,"energy":{"pkg":42.36859130859375,"pp0":0,"dram":9.34344482421875},"cycles":2651387151}
{"runtime":1612,"energy":{"pkg":47.13690185546875,"pp0":0,"dram":11.88079833984375},"cycles":3374190498}
{"runtime":1617,"energy":{"pkg":47.3341064453125,"pp0":0,"dram":12.01416015625},"cycles":3386324676}
