{"runtime":18133,"energy":{"pkg":667.3168334960938,"pp0":0,"dram":141.28564453125},"cycles":55546557738}
{"runtime":17763,"energy":{"pkg":659.4100952148438,"pp0":0,"dram":138.82763671875},"cycles":55233311574}
{"runtime":18048,"energy":{"pkg":657.118408203125,"pp0":0,"dram":140.9713134765625},"cycles":55197852318}
{"runtime":18194,"energy":{"pkg":672.4050903320312,"pp0":0,"dram":142.79180908203125},"cycles":55403168226}
{"runtime":17688,"energy":{"pkg":658.2293701171875,"pp0":0,"dram":138.76861572265625},"cycles":54993499428}
{"runtime":17751,"energy":{"pkg":660.479248046875,"pp0":0,"dram":138.21759033203125},"cycles":54988094154}
{"runtime":18088,"energy":{"pkg":668.3739013671875,"pp0":0,"dram":139.85821533203125},"cycles":54738157236}
{"runtime":18151,"energy":{"pkg":675.3457641601562,"pp0":0,"dram":140.70196533203125},"cycles":55279597065}
{"runtime":17801,"energy":{"pkg":670.2691040039062,"pp0":0,"dram":137.890869140625},"cycles":54620737017}
{"runtime":18049,"energy":{"pkg":670.7880859375,"pp0":0,"dram":139.5430908203125},"cycles":54903695553}
{"runtime":18781,"energy":{"pkg":691.8787231445312,"pp0":0,"dram":146.03485107421875},"cycles":60163316283}
{"runtime":17971,"energy":{"pkg":650.1599731445312,"pp0":0,"dram":151.54193115234375},"cycles":55021252566}
{"runtime":18060,"energy":{"pkg":656.0743408203125,"pp0":0,"dram":140.95428466796875},"cycles":55462216593}
{"runtime":18044,"energy":{"pkg":667.4148559570312,"pp0":0,"dram":140.41412353515625},"cycles":54571408269}
{"runtime":18531,"energy":{"pkg":692.2595825195312,"pp0":0,"dram":143.9593505859375},"cycles":58234835022}
{"runtime":17752,"energy":{"pkg":661.955078125,"pp0":0,"dram":138.1968994140625},"cycles":54914588295}
{"runtime":17980,"energy":{"pkg":666.2015991210938,"pp0":0,"dram":139.51898193359375},"cycles":54661122096}
{"runtime":17853,"energy":{"pkg":670.6742553710938,"pp0":0,"dram":137.79205322265625},"cycles":54847353855}
{"runtime":18484,"energy":{"pkg":682.2818603515625,"pp0":0,"dram":143.98382568359375},"cycles":58919307846}
{"runtime":17349,"energy":{"pkg":654.5859375,"pp0":0,"dram":135.4439697265625},"cycles":53866049076}
{"runtime":18242,"energy":{"pkg":674.3515014648438,"pp0":0,"dram":142.1875},"cycles":57565908477}
