{"runtime":5107,"energy":{"pkg":168.312744140625,"pp0":0,"dram":44.72882080078125},"cycles":12199381547}
{"runtime":4969,"energy":{"pkg":171.21484375,"pp0":0,"dram":43.25030517578125},"cycles":12044946440}
{"runtime":5130,"energy":{"pkg":174.525390625,"pp0":0,"dram":45.35986328125},"cycles":13416968947}
{"runtime":5016,"energy":{"pkg":167.24755859375,"pp0":0,"dram":44.215576171875},"cycles":12059388364}
{"runtime":4854,"energy":{"pkg":167.5863037109375,"pp0":0,"dram":43.21240234375},"cycles":12260496716}
{"runtime":5009,"energy":{"pkg":167.01641845703125,"pp0":0,"dram":43.5233154296875},"cycles":12094956348}
{"runtime":4953,"energy":{"pkg":167.5986328125,"pp0":0,"dram":43.51458740234375},"cycles":12088991055}
{"runtime":5228,"energy":{"pkg":170.68408203125,"pp0":0,"dram":46.78955078125},"cycles":12815115362}
{"runtime":5527,"energy":{"pkg":176.61102294921875,"pp0":0,"dram":47.3626708984375},"cycles":13293738832}
{"runtime":4748,"energy":{"pkg":165.571533203125,"pp0":0,"dram":41.2227783203125},"cycles":12391723062}
