{"runtime":17801,"energy":{"pkg":658.3881225585938,"pp0":0,"dram":143.26641845703125},"cycles":53950964284}
{"runtime":18131,"energy":{"pkg":657.4611206054688,"pp0":0,"dram":146.58050537109375},"cycles":53297581850}
{"runtime":18115,"energy":{"pkg":663.9063110351562,"pp0":0,"dram":146.3182373046875},"cycles":55507278079}
{"runtime":17718,"energy":{"pkg":648.8259887695312,"pp0":0,"dram":142.11859130859375},"cycles":52941511102}
{"runtime":18339,"energy":{"pkg":667.8632202148438,"pp0":0,"dram":147.59124755859375},"cycles":54073514182}
{"runtime":17757,"energy":{"pkg":665.69189453125,"pp0":0,"dram":143.744384765625},"cycles":53499289498}
{"runtime":18070,"energy":{"pkg":663.2313842773438,"pp0":0,"dram":146.176025390625},"cycles":53317570609}
{"runtime":18177,"energy":{"pkg":669.5288696289062,"pp0":0,"dram":147.1036376953125},"cycles":53377933255}
{"runtime":18102,"energy":{"pkg":719.2957153320312,"pp0":0,"dram":154.64324951171875},"cycles":52875440429}
{"runtime":18212,"energy":{"pkg":668.5355834960938,"pp0":0,"dram":146.0216064453125},"cycles":55808205552}
