{"runtime":840,"energy":{"pkg":24.59173583984375,"pp0":0,"dram":9.06292724609375},"cycles":2192300724}
{"runtime":737,"energy":{"pkg":22.2244873046875,"pp0":0,"dram":8.1151123046875},"cycles":2174508246}
{"runtime":752,"energy":{"pkg":22.13726806640625,"pp0":0,"dram":8.40850830078125},"cycles":2102734247}
{"runtime":574,"energy":{"pkg":19.0238037109375,"pp0":0,"dram":6.62261962890625},"cycles":2160661369}
{"runtime":828,"energy":{"pkg":24.07635498046875,"pp0":0,"dram":9.01531982421875},"cycles":2178475787}
{"runtime":797,"energy":{"pkg":23.12359619140625,"pp0":0,"dram":8.85296630859375},"cycles":2174708170}
{"runtime":647,"energy":{"pkg":20.09674072265625,"pp0":0,"dram":7.389404296875},"cycles":2152461611}
{"runtime":824,"energy":{"pkg":23.9478759765625,"pp0":0,"dram":8.92919921875},"cycles":2192391652}
{"runtime":822,"energy":{"pkg":23.78387451171875,"pp0":0,"dram":8.9268798828125},"cycles":2191959582}
{"runtime":817,"energy":{"pkg":23.56158447265625,"pp0":0,"dram":8.89495849609375},"cycles":2181795579}
