{"runtime":832,"energy":{"pkg":23.9892578125,"pp0":0,"dram":8.90521240234375},"cycles":3822560574}
{"runtime":812,"energy":{"pkg":23.3443603515625,"pp0":0,"dram":8.7470703125},"cycles":3695905164}
{"runtime":798,"energy":{"pkg":23.03155517578125,"pp0":0,"dram":8.54388427734375},"cycles":3710423766}
{"runtime":761,"energy":{"pkg":22.53582763671875,"pp0":0,"dram":8.3563232421875},"cycles":3573378144}
{"runtime":808,"energy":{"pkg":23.33367919921875,"pp0":0,"dram":8.72613525390625},"cycles":3690024429}
{"runtime":834,"energy":{"pkg":24.068603515625,"pp0":0,"dram":8.9674072265625},"cycles":3837510810}
{"runtime":604,"energy":{"pkg":19.39111328125,"pp0":0,"dram":6.86181640625},"cycles":3115281183}
{"runtime":828,"energy":{"pkg":23.828125,"pp0":0,"dram":8.8223876953125},"cycles":3752791917}
{"runtime":839,"energy":{"pkg":24.06402587890625,"pp0":0,"dram":8.9542236328125},"cycles":3819904473}
{"runtime":833,"energy":{"pkg":23.99212646484375,"pp0":0,"dram":8.89404296875},"cycles":3805808454}
{"runtime":766,"energy":{"pkg":22.43084716796875,"pp0":0,"dram":8.37579345703125},"cycles":3629373258}
{"runtime":788,"energy":{"pkg":22.872314453125,"pp0":0,"dram":8.43804931640625},"cycles":3629626266}
{"runtime":821,"energy":{"pkg":23.83160400390625,"pp0":0,"dram":8.763671875},"cycles":3763471194}
{"runtime":646,"energy":{"pkg":20.23370361328125,"pp0":0,"dram":7.21575927734375},"cycles":3269269773}
{"runtime":628,"energy":{"pkg":19.875,"pp0":0,"dram":7.08489990234375},"cycles":3225110868}
{"runtime":842,"energy":{"pkg":24.13128662109375,"pp0":0,"dram":8.9251708984375},"cycles":3807251154}
{"runtime":650,"energy":{"pkg":20.25299072265625,"pp0":0,"dram":7.46649169921875},"cycles":3310897695}
{"runtime":582,"energy":{"pkg":18.9698486328125,"pp0":0,"dram":6.7078857421875},"cycles":3058172439}
{"runtime":768,"energy":{"pkg":22.66094970703125,"pp0":0,"dram":8.37567138671875},"cycles":3607898070}
{"runtime":817,"energy":{"pkg":23.47314453125,"pp0":0,"dram":8.76025390625},"cycles":3742382070}
{"runtime":822,"energy":{"pkg":23.50909423828125,"pp0":0,"dram":8.7586669921875},"cycles":3837243039}
