{"runtime":286,"energy":{"pkg":13.10693359375,"pp0":0,"dram":2.8095703125},"cycles":10986824607}
{"runtime":282,"energy":{"pkg":13.4608154296875,"pp0":0,"dram":2.8167724609375},"cycles":11104335715}
{"runtime":243,"energy":{"pkg":13.0465087890625,"pp0":0,"dram":2.59332275390625},"cycles":11229149449}
{"runtime":196,"energy":{"pkg":12.30316162109375,"pp0":0,"dram":2.22784423828125},"cycles":10764247957}
{"runtime":186,"energy":{"pkg":12.1065673828125,"pp0":0,"dram":2.1046142578125},"cycles":11157316928}
{"runtime":186,"energy":{"pkg":12.37823486328125,"pp0":0,"dram":2.132568359375},"cycles":11338157566}
{"runtime":165,"energy":{"pkg":11.2911376953125,"pp0":0,"dram":1.62554931640625},"cycles":10963837244}
{"runtime":163,"energy":{"pkg":11.8546142578125,"pp0":0,"dram":1.74822998046875},"cycles":10807730394}
{"runtime":169,"energy":{"pkg":12.54656982421875,"pp0":0,"dram":1.7857666015625},"cycles":11181847712}
{"runtime":167,"energy":{"pkg":12.4793701171875,"pp0":0,"dram":1.8699951171875},"cycles":11049545522}
