{"runtime":251,"energy":{"pkg":14.25213623046875,"pp0":0,"dram":3.214111328125},"cycles":16647436659}
{"runtime":234,"energy":{"pkg":13.98260498046875,"pp0":0,"dram":3.0689697265625},"cycles":15439977252}
{"runtime":179,"energy":{"pkg":12.3328857421875,"pp0":0,"dram":2.39227294921875},"cycles":11848972443}
{"runtime":176,"energy":{"pkg":12.1370849609375,"pp0":0,"dram":2.23162841796875},"cycles":11632757010}
{"runtime":173,"energy":{"pkg":13.116943359375,"pp0":0,"dram":2.29656982421875},"cycles":11508108213}
{"runtime":184,"energy":{"pkg":14.0753173828125,"pp0":0,"dram":2.6580810546875},"cycles":12182566536}
{"runtime":178,"energy":{"pkg":13.92022705078125,"pp0":0,"dram":2.42901611328125},"cycles":11792139303}
{"runtime":172,"energy":{"pkg":13.6851806640625,"pp0":0,"dram":2.126953125},"cycles":11417268219}
{"runtime":171,"energy":{"pkg":13.79547119140625,"pp0":0,"dram":2.2813720703125},"cycles":11341400931}
{"runtime":179,"energy":{"pkg":14.79254150390625,"pp0":0,"dram":2.68310546875},"cycles":11900133588}
{"runtime":178,"energy":{"pkg":14.55963134765625,"pp0":0,"dram":2.44580078125},"cycles":11811622389}
{"runtime":173,"energy":{"pkg":14.0826416015625,"pp0":0,"dram":2.36822509765625},"cycles":11473092267}
{"runtime":174,"energy":{"pkg":13.96478271484375,"pp0":0,"dram":2.29998779296875},"cycles":11522585487}
{"runtime":178,"energy":{"pkg":14.6475830078125,"pp0":0,"dram":2.6287841796875},"cycles":11825691381}
{"runtime":174,"energy":{"pkg":14.1851806640625,"pp0":0,"dram":2.46527099609375},"cycles":11534121606}
{"runtime":182,"energy":{"pkg":14.9737548828125,"pp0":0,"dram":2.6483154296875},"cycles":12084058161}
{"runtime":173,"energy":{"pkg":14.00396728515625,"pp0":0,"dram":2.24346923828125},"cycles":11445419916}
{"runtime":178,"energy":{"pkg":14.533447265625,"pp0":0,"dram":2.4376220703125},"cycles":11814326097}
{"runtime":178,"energy":{"pkg":14.61627197265625,"pp0":0,"dram":2.49871826171875},"cycles":11817682380}
{"runtime":175,"energy":{"pkg":14.25146484375,"pp0":0,"dram":2.36199951171875},"cycles":11583300456}
{"runtime":175,"energy":{"pkg":14.26165771484375,"pp0":0,"dram":2.36334228515625},"cycles":11614589994}
