{"runtime":1507,"energy":{"pkg":56.21044921875,"pp0":0,"dram":17.919677734375},"cycles":15406960191}
{"runtime":1334,"energy":{"pkg":52.4405517578125,"pp0":0,"dram":16.63543701171875},"cycles":15578776605}
{"runtime":1507,"energy":{"pkg":55.54486083984375,"pp0":0,"dram":17.9854736328125},"cycles":15452388630}
{"runtime":1523,"energy":{"pkg":55.49652099609375,"pp0":0,"dram":18.05926513671875},"cycles":15826621083}
{"runtime":1319,"energy":{"pkg":52.5701904296875,"pp0":0,"dram":16.38775634765625},"cycles":14892509835}
{"runtime":1475,"energy":{"pkg":54.4013671875,"pp0":0,"dram":17.74664306640625},"cycles":15739673166}
{"runtime":1647,"energy":{"pkg":57.50250244140625,"pp0":0,"dram":19.59930419921875},"cycles":17688951819}
{"runtime":1540,"energy":{"pkg":56.12591552734375,"pp0":0,"dram":18.5537109375},"cycles":16233544572}
{"runtime":1522,"energy":{"pkg":56.425048828125,"pp0":0,"dram":18.00396728515625},"cycles":15636755169}
{"runtime":1618,"energy":{"pkg":57.4984130859375,"pp0":0,"dram":19.37176513671875},"cycles":17274094320}
{"runtime":1573,"energy":{"pkg":56.36895751953125,"pp0":0,"dram":18.9736328125},"cycles":16590438753}
{"runtime":1516,"energy":{"pkg":55.368408203125,"pp0":0,"dram":18.36956787109375},"cycles":15843663234}
{"runtime":1601,"energy":{"pkg":58.119140625,"pp0":0,"dram":19.20562744140625},"cycles":17262191709}
{"runtime":1580,"energy":{"pkg":58.2774658203125,"pp0":0,"dram":19.211669921875},"cycles":16731585843}
{"runtime":1504,"energy":{"pkg":56.9234619140625,"pp0":0,"dram":18.20404052734375},"cycles":15449131572}
{"runtime":1518,"energy":{"pkg":55.8316650390625,"pp0":0,"dram":18.609375},"cycles":15734993694}
{"runtime":1542,"energy":{"pkg":56.09954833984375,"pp0":0,"dram":18.7508544921875},"cycles":16696859361}
{"runtime":1614,"energy":{"pkg":56.9674072265625,"pp0":0,"dram":19.50189208984375},"cycles":17074565613}
{"runtime":1551,"energy":{"pkg":57.67755126953125,"pp0":0,"dram":19.2564697265625},"cycles":16149245616}
{"runtime":1542,"energy":{"pkg":56.18243408203125,"pp0":0,"dram":18.71490478515625},"cycles":16147010250}
{"runtime":1640,"energy":{"pkg":57.36126708984375,"pp0":0,"dram":19.65582275390625},"cycles":17534105106}
