{"runtime":1529,"energy":{"pkg":54.29498291015625,"pp0":0,"dram":18.5953369140625},"cycles":10819912033}
{"runtime":1523,"energy":{"pkg":54.48321533203125,"pp0":0,"dram":18.54449462890625},"cycles":10853054438}
{"runtime":1752,"energy":{"pkg":59.19964599609375,"pp0":0,"dram":20.7049560546875},"cycles":10831265181}
{"runtime":1540,"energy":{"pkg":54.40814208984375,"pp0":0,"dram":18.57098388671875},"cycles":10848847595}
{"runtime":1562,"energy":{"pkg":56.66473388671875,"pp0":0,"dram":19.37109375},"cycles":10968236104}
{"runtime":1375,"energy":{"pkg":52.48883056640625,"pp0":0,"dram":17.37420654296875},"cycles":10814656220}
{"runtime":1567,"energy":{"pkg":55.41119384765625,"pp0":0,"dram":19.15863037109375},"cycles":10801888183}
{"runtime":1781,"energy":{"pkg":60.058837890625,"pp0":0,"dram":21.35882568359375},"cycles":10808143260}
{"runtime":1572,"energy":{"pkg":56.08355712890625,"pp0":0,"dram":19.551513671875},"cycles":10851052765}
{"runtime":1392,"energy":{"pkg":54.605224609375,"pp0":0,"dram":18.59613037109375},"cycles":11140820474}
