{"runtime":993,"energy":{"pkg":40.98419189453125,"pp0":0,"dram":7.4359130859375},"cycles":13709083626}
{"runtime":1125,"energy":{"pkg":45.82977294921875,"pp0":0,"dram":8.296875},"cycles":14862458520}
{"runtime":993,"energy":{"pkg":40.58575439453125,"pp0":0,"dram":7.365966796875},"cycles":13972814100}
{"runtime":1042,"energy":{"pkg":42.450927734375,"pp0":0,"dram":7.73297119140625},"cycles":14411662146}
{"runtime":983,"energy":{"pkg":40.67681884765625,"pp0":0,"dram":7.30718994140625},"cycles":13666186275}
{"runtime":998,"energy":{"pkg":40.993896484375,"pp0":0,"dram":7.44842529296875},"cycles":13638084495}
{"runtime":993,"energy":{"pkg":41.0828857421875,"pp0":0,"dram":7.4373779296875},"cycles":13740363231}
{"runtime":1002,"energy":{"pkg":41.36285400390625,"pp0":0,"dram":7.4908447265625},"cycles":13750117710}
{"runtime":991,"energy":{"pkg":40.9696044921875,"pp0":0,"dram":7.34063720703125},"cycles":13647425925}
{"runtime":1123,"energy":{"pkg":46.18145751953125,"pp0":0,"dram":8.51116943359375},"cycles":15206078916}
{"runtime":993,"energy":{"pkg":41.25946044921875,"pp0":0,"dram":7.46441650390625},"cycles":13886508993}
{"runtime":987,"energy":{"pkg":40.64532470703125,"pp0":0,"dram":7.3807373046875},"cycles":13536178761}
{"runtime":996,"energy":{"pkg":41.1854248046875,"pp0":0,"dram":7.43194580078125},"cycles":13769952882}
{"runtime":1154,"energy":{"pkg":47.13330078125,"pp0":0,"dram":8.6297607421875},"cycles":15134748594}
{"runtime":984,"energy":{"pkg":40.67333984375,"pp0":0,"dram":7.35052490234375},"cycles":13521049542}
{"runtime":982,"energy":{"pkg":40.4232177734375,"pp0":0,"dram":7.26214599609375},"cycles":13400951550}
{"runtime":993,"energy":{"pkg":41.055419921875,"pp0":0,"dram":7.43426513671875},"cycles":14112930615}
{"runtime":997,"energy":{"pkg":41.032958984375,"pp0":0,"dram":7.4228515625},"cycles":13676678337}
{"runtime":1020,"energy":{"pkg":42.26220703125,"pp0":0,"dram":7.55419921875},"cycles":14319925179}
{"runtime":1154,"energy":{"pkg":47.01251220703125,"pp0":0,"dram":8.49945068359375},"cycles":15144797010}
{"runtime":984,"energy":{"pkg":40.78955078125,"pp0":0,"dram":7.2529296875},"cycles":13683024684}
