{"runtime":3575,"energy":{"pkg":248.09515380859375,"pp0":0,"dram":31.603515625},"cycles":85412723298}
{"runtime":3563,"energy":{"pkg":247.12945556640625,"pp0":0,"dram":31.13226318359375},"cycles":83131948851}
{"runtime":3524,"energy":{"pkg":246.37109375,"pp0":0,"dram":31.148681640625},"cycles":81852221619}
{"runtime":3632,"energy":{"pkg":252.33416748046875,"pp0":0,"dram":31.95697021484375},"cycles":83510219751}
{"runtime":3549,"energy":{"pkg":251.01025390625,"pp0":0,"dram":31.1124267578125},"cycles":84391775349}
{"runtime":3490,"energy":{"pkg":248.33111572265625,"pp0":0,"dram":31.0130615234375},"cycles":81683869596}
{"runtime":3471,"energy":{"pkg":248.0926513671875,"pp0":0,"dram":30.87860107421875},"cycles":81437146203}
{"runtime":3493,"energy":{"pkg":248.9881591796875,"pp0":0,"dram":31.3438720703125},"cycles":80269074837}
{"runtime":3587,"energy":{"pkg":253.5179443359375,"pp0":0,"dram":31.7061767578125},"cycles":81425729910}
{"runtime":3565,"energy":{"pkg":253.08184814453125,"pp0":0,"dram":31.57257080078125},"cycles":85630496616}
{"runtime":3450,"energy":{"pkg":247.2103271484375,"pp0":0,"dram":30.52099609375},"cycles":81722091738}
{"runtime":3445,"energy":{"pkg":247.54864501953125,"pp0":0,"dram":30.57366943359375},"cycles":80452787772}
{"runtime":3497,"energy":{"pkg":249.41650390625,"pp0":0,"dram":31.16131591796875},"cycles":81426288048}
{"runtime":3417,"energy":{"pkg":246.97869873046875,"pp0":0,"dram":30.460205078125},"cycles":80792029794}
{"runtime":3445,"energy":{"pkg":247.5477294921875,"pp0":0,"dram":30.6373291015625},"cycles":80654107653}
{"runtime":3436,"energy":{"pkg":245.46429443359375,"pp0":0,"dram":30.53851318359375},"cycles":80399013786}
{"runtime":3506,"energy":{"pkg":250.600830078125,"pp0":0,"dram":31.4036865234375},"cycles":81884109489}
{"runtime":3421,"energy":{"pkg":247.62628173828125,"pp0":0,"dram":30.85186767578125},"cycles":81392206266}
{"runtime":3434,"energy":{"pkg":248.58502197265625,"pp0":0,"dram":30.8765869140625},"cycles":81442797429}
{"runtime":3477,"energy":{"pkg":251.93426513671875,"pp0":0,"dram":31.22418212890625},"cycles":81901185933}
{"runtime":3497,"energy":{"pkg":252.48614501953125,"pp0":0,"dram":31.59954833984375},"cycles":81544772253}
