{"runtime":1597,"energy":{"pkg":59.67059326171875,"pp0":0,"dram":14.5675048828125},"cycles":13309205847}
{"runtime":1384,"energy":{"pkg":60.89996337890625,"pp0":0,"dram":12.48175048828125},"cycles":11528740545}
{"runtime":1534,"energy":{"pkg":55.95489501953125,"pp0":0,"dram":13.987060546875},"cycles":12784116723}
{"runtime":1366,"energy":{"pkg":58.74053955078125,"pp0":0,"dram":12.41094970703125},"cycles":11398345371}
{"runtime":1473,"energy":{"pkg":63.63739013671875,"pp0":0,"dram":13.576416015625},"cycles":12297829257}
{"runtime":1285,"energy":{"pkg":61.20550537109375,"pp0":0,"dram":11.6492919921875},"cycles":10698627597}
{"runtime":1425,"energy":{"pkg":61.44171142578125,"pp0":0,"dram":13.10955810546875},"cycles":11900202531}
{"runtime":1484,"energy":{"pkg":62.67608642578125,"pp0":0,"dram":13.4049072265625},"cycles":12363743910}
{"runtime":1374,"energy":{"pkg":59.367431640625,"pp0":0,"dram":12.44110107421875},"cycles":11469075807}
{"runtime":1338,"energy":{"pkg":65.4527587890625,"pp0":0,"dram":12.37982177734375},"cycles":11150477247}
{"runtime":1425,"energy":{"pkg":61.21075439453125,"pp0":0,"dram":12.82073974609375},"cycles":11871600489}
{"runtime":1416,"energy":{"pkg":60.531005859375,"pp0":0,"dram":12.821533203125},"cycles":11796127896}
{"runtime":1339,"energy":{"pkg":64.9156494140625,"pp0":0,"dram":12.25396728515625},"cycles":11151642537}
{"runtime":1385,"energy":{"pkg":59.657958984375,"pp0":0,"dram":12.4122314453125},"cycles":11540944107}
{"runtime":1431,"energy":{"pkg":62.74859619140625,"pp0":0,"dram":12.9647216796875},"cycles":11922991416}
{"runtime":1371,"energy":{"pkg":58.76287841796875,"pp0":0,"dram":12.3477783203125},"cycles":11442399612}
{"runtime":1295,"energy":{"pkg":62.9368896484375,"pp0":0,"dram":11.7896728515625},"cycles":10790801868}
{"runtime":1351,"energy":{"pkg":60.1929931640625,"pp0":0,"dram":12.30926513671875},"cycles":11252015292}
{"runtime":1457,"energy":{"pkg":63.41455078125,"pp0":0,"dram":13.1544189453125},"cycles":12137734476}
{"runtime":1420,"energy":{"pkg":61.4862060546875,"pp0":0,"dram":12.833740234375},"cycles":11831624595}
{"runtime":1373,"energy":{"pkg":60.1815185546875,"pp0":0,"dram":12.4456787109375},"cycles":11435446722}
