{"runtime":4858,"energy":{"pkg":180.93145751953125,"pp0":0,"dram":45.65557861328125},"cycles":27668256172}
{"runtime":4437,"energy":{"pkg":165.1588134765625,"pp0":0,"dram":41.49652099609375},"cycles":26673191494}
{"runtime":4992,"energy":{"pkg":186.05389404296875,"pp0":0,"dram":47.35125732421875},"cycles":32159354100}
{"runtime":4459,"energy":{"pkg":166.19720458984375,"pp0":0,"dram":41.54058837890625},"cycles":28080817055}
{"runtime":4615,"energy":{"pkg":174.17523193359375,"pp0":0,"dram":41.749755859375},"cycles":26607112630}
{"runtime":4387,"energy":{"pkg":184.40740966796875,"pp0":0,"dram":42.46502685546875},"cycles":29659537784}
{"runtime":4524,"energy":{"pkg":176.584228515625,"pp0":0,"dram":41.93670654296875},"cycles":29110902640}
{"runtime":4263,"energy":{"pkg":177.94317626953125,"pp0":0,"dram":38.65753173828125},"cycles":27848622562}
{"runtime":4162,"energy":{"pkg":165.4990234375,"pp0":0,"dram":38.17474365234375},"cycles":26348450367}
{"runtime":4087,"energy":{"pkg":173.27362060546875,"pp0":0,"dram":39.65472412109375},"cycles":28859450446}
