{"runtime":4323,"energy":{"pkg":174.44140625,"pp0":0,"dram":38.41986083984375},"cycles":32297211975}
{"runtime":4477,"energy":{"pkg":184.23065185546875,"pp0":0,"dram":39.9036865234375},"cycles":34015293060}
{"runtime":4331,"energy":{"pkg":181.50128173828125,"pp0":0,"dram":42.1004638671875},"cycles":33867747207}
{"runtime":4674,"energy":{"pkg":187.2677001953125,"pp0":0,"dram":44.88641357421875},"cycles":36844333029}
{"runtime":4255,"energy":{"pkg":176.87835693359375,"pp0":0,"dram":40.61761474609375},"cycles":31301626608}
{"runtime":4416,"energy":{"pkg":183.545654296875,"pp0":0,"dram":40.4532470703125},"cycles":33282100782}
{"runtime":4522,"energy":{"pkg":183.0333251953125,"pp0":0,"dram":39.65350341796875},"cycles":36780555798}
{"runtime":4266,"energy":{"pkg":168.5123291015625,"pp0":0,"dram":40.469970703125},"cycles":32834823504}
{"runtime":3967,"energy":{"pkg":171.8389892578125,"pp0":0,"dram":35.73748779296875},"cycles":31706959053}
{"runtime":4320,"energy":{"pkg":184.67437744140625,"pp0":0,"dram":41.666748046875},"cycles":32958652965}
{"runtime":5360,"energy":{"pkg":202.07659912109375,"pp0":0,"dram":50.388671875},"cycles":35839533807}
{"runtime":4378,"energy":{"pkg":173.9923095703125,"pp0":0,"dram":42.3394775390625},"cycles":32740242969}
{"runtime":4085,"energy":{"pkg":166.03558349609375,"pp0":0,"dram":38.66937255859375},"cycles":31968544356}
{"runtime":4252,"energy":{"pkg":173.52996826171875,"pp0":0,"dram":38.31201171875},"cycles":32009951988}
{"runtime":4147,"energy":{"pkg":182.4022216796875,"pp0":0,"dram":40.38958740234375},"cycles":31739473143}
{"runtime":4289,"energy":{"pkg":167.8551025390625,"pp0":0,"dram":41.2626953125},"cycles":33479331459}
{"runtime":4894,"energy":{"pkg":193.363525390625,"pp0":0,"dram":46.6014404296875},"cycles":40894858326}
{"runtime":4084,"energy":{"pkg":180.27764892578125,"pp0":0,"dram":38.02947998046875},"cycles":31088082669}
{"runtime":4966,"energy":{"pkg":191.27423095703125,"pp0":0,"dram":45.905029296875},"cycles":34214526927}
{"runtime":4109,"energy":{"pkg":170.8909912109375,"pp0":0,"dram":37.0916748046875},"cycles":31254868911}
{"runtime":4388,"energy":{"pkg":181.8802490234375,"pp0":0,"dram":42.27630615234375},"cycles":33739885725}
