{"runtime":433,"energy":{"pkg":34.6458740234375,"pp0":0,"dram":4.0074462890625},"cycles":28631801247}
{"runtime":428,"energy":{"pkg":34.4068603515625,"pp0":0,"dram":3.94525146484375},"cycles":28478173206}
{"runtime":428,"energy":{"pkg":34.4600830078125,"pp0":0,"dram":3.98016357421875},"cycles":28479530226}
{"runtime":429,"energy":{"pkg":34.55682373046875,"pp0":0,"dram":3.98150634765625},"cycles":28573456863}
{"runtime":428,"energy":{"pkg":34.50146484375,"pp0":0,"dram":4.00201416015625},"cycles":28478436462}
{"runtime":430,"energy":{"pkg":34.7391357421875,"pp0":0,"dram":3.95074462890625},"cycles":28577598147}
{"runtime":428,"energy":{"pkg":34.46539306640625,"pp0":0,"dram":3.95941162109375},"cycles":28479113775}
{"runtime":429,"energy":{"pkg":34.66790771484375,"pp0":0,"dram":4.014892578125},"cycles":28567220808}
{"runtime":432,"energy":{"pkg":34.79962158203125,"pp0":0,"dram":4.0032958984375},"cycles":28602080178}
{"runtime":427,"energy":{"pkg":34.44366455078125,"pp0":0,"dram":3.9405517578125},"cycles":28478682477}
{"runtime":429,"energy":{"pkg":34.63232421875,"pp0":0,"dram":4.003662109375},"cycles":28568914605}
{"runtime":427,"energy":{"pkg":34.49005126953125,"pp0":0,"dram":3.92059326171875},"cycles":28481347314}
{"runtime":429,"energy":{"pkg":34.89581298828125,"pp0":0,"dram":3.9569091796875},"cycles":28553776566}
{"runtime":427,"energy":{"pkg":34.53448486328125,"pp0":0,"dram":3.9937744140625},"cycles":28472334471}
{"runtime":427,"energy":{"pkg":34.55999755859375,"pp0":0,"dram":3.965576171875},"cycles":28482642174}
{"runtime":429,"energy":{"pkg":34.6363525390625,"pp0":0,"dram":3.963134765625},"cycles":28541550975}
{"runtime":433,"energy":{"pkg":34.92230224609375,"pp0":0,"dram":3.96710205078125},"cycles":28621570152}
{"runtime":427,"energy":{"pkg":34.6871337890625,"pp0":0,"dram":3.95733642578125},"cycles":28476199164}
{"runtime":427,"energy":{"pkg":34.512451171875,"pp0":0,"dram":3.8917236328125},"cycles":28477942794}
{"runtime":434,"energy":{"pkg":34.99652099609375,"pp0":0,"dram":4.0074462890625},"cycles":28631005284}
{"runtime":431,"energy":{"pkg":34.80450439453125,"pp0":0,"dram":3.99212646484375},"cycles":28630374444}
