{"runtime":5519,"energy":{"pkg":189.923828125,"pp0":0,"dram":40.52557373046875},"cycles":11557361277}
{"runtime":5464,"energy":{"pkg":190.04742431640625,"pp0":0,"dram":40.1627197265625},"cycles":11444275521}
{"runtime":5453,"energy":{"pkg":189.26641845703125,"pp0":0,"dram":40.04388427734375},"cycles":11419165674}
{"runtime":5446,"energy":{"pkg":189.3582763671875,"pp0":0,"dram":40.060302734375},"cycles":11404677186}
{"runtime":5449,"energy":{"pkg":189.1439208984375,"pp0":0,"dram":40.0572509765625},"cycles":11410676844}
{"runtime":5159,"energy":{"pkg":191.71368408203125,"pp0":0,"dram":38.143310546875},"cycles":10807049631}
{"runtime":5158,"energy":{"pkg":191.75994873046875,"pp0":0,"dram":38.1895751953125},"cycles":10804901436}
{"runtime":5446,"energy":{"pkg":188.5965576171875,"pp0":0,"dram":40.4190673828125},"cycles":11405011170}
{"runtime":5158,"energy":{"pkg":191.186767578125,"pp0":0,"dram":37.91656494140625},"cycles":10806037746}
{"runtime":5546,"energy":{"pkg":189.44696044921875,"pp0":0,"dram":40.73773193359375},"cycles":11613529599}
{"runtime":5160,"energy":{"pkg":191.20831298828125,"pp0":0,"dram":37.8138427734375},"cycles":10807058871}
{"runtime":5157,"energy":{"pkg":190.8380126953125,"pp0":0,"dram":37.8740234375},"cycles":10803111228}
{"runtime":5160,"energy":{"pkg":190.57525634765625,"pp0":0,"dram":37.96563720703125},"cycles":10806863382}
{"runtime":5158,"energy":{"pkg":190.0809326171875,"pp0":0,"dram":37.984130859375},"cycles":10805364423}
{"runtime":5159,"energy":{"pkg":189.91864013671875,"pp0":0,"dram":37.82672119140625},"cycles":10804631544}
{"runtime":5466,"energy":{"pkg":184.04559326171875,"pp0":0,"dram":42.0755615234375},"cycles":11449099956}
{"runtime":5498,"energy":{"pkg":185.784423828125,"pp0":0,"dram":40.53216552734375},"cycles":11513152140}
{"runtime":5526,"energy":{"pkg":188.1778564453125,"pp0":0,"dram":40.65985107421875},"cycles":11573166234}
{"runtime":5501,"energy":{"pkg":187.5439453125,"pp0":0,"dram":40.3839111328125},"cycles":11520517113}
{"runtime":5157,"energy":{"pkg":189.88494873046875,"pp0":0,"dram":37.83038330078125},"cycles":10801069986}
{"runtime":5158,"energy":{"pkg":189.72406005859375,"pp0":0,"dram":37.8045654296875},"cycles":10805432946}
