{"runtime":5473,"energy":{"pkg":182.97930908203125,"pp0":0,"dram":40.48687744140625},"cycles":10800623936}
{"runtime":5425,"energy":{"pkg":183.62554931640625,"pp0":0,"dram":40.75311279296875},"cycles":10803512423}
{"runtime":5439,"energy":{"pkg":183.0040283203125,"pp0":0,"dram":40.201904296875},"cycles":10797780375}
{"runtime":5532,"energy":{"pkg":184.9149169921875,"pp0":0,"dram":40.89923095703125},"cycles":10803904453}
{"runtime":5206,"energy":{"pkg":184.764404296875,"pp0":0,"dram":38.4664306640625},"cycles":10802287150}
{"runtime":5464,"energy":{"pkg":183.56646728515625,"pp0":0,"dram":40.35992431640625},"cycles":10804697559}
{"runtime":5157,"energy":{"pkg":184.93634033203125,"pp0":0,"dram":37.8695068359375},"cycles":10798340822}
{"runtime":5158,"energy":{"pkg":185.0086669921875,"pp0":0,"dram":38.01702880859375},"cycles":10799971464}
{"runtime":5394,"energy":{"pkg":184.41015625,"pp0":0,"dram":39.81829833984375},"cycles":10800429242}
{"runtime":5462,"energy":{"pkg":183.0751953125,"pp0":0,"dram":40.22698974609375},"cycles":10797309151}
