{"runtime":1408,"energy":{"pkg":40.15020751953125,"pp0":0,"dram":10.39727783203125},"cycles":2302635501}
{"runtime":1409,"energy":{"pkg":40.15887451171875,"pp0":0,"dram":10.32867431640625},"cycles":2302099143}
{"runtime":1418,"energy":{"pkg":40.244873046875,"pp0":0,"dram":10.49420166015625},"cycles":2301544105}
{"runtime":1427,"energy":{"pkg":40.38287353515625,"pp0":0,"dram":10.419189453125},"cycles":2305422749}
{"runtime":1104,"energy":{"pkg":39.34814453125,"pp0":0,"dram":8.1248779296875},"cycles":2308870389}
{"runtime":1402,"energy":{"pkg":40.4310302734375,"pp0":0,"dram":10.38067626953125},"cycles":2334267698}
{"runtime":1393,"energy":{"pkg":42.430908203125,"pp0":0,"dram":10.1961669921875},"cycles":2301719211}
{"runtime":1396,"energy":{"pkg":40.056884765625,"pp0":0,"dram":10.35662841796875},"cycles":2339779893}
{"runtime":1363,"energy":{"pkg":39.34259033203125,"pp0":0,"dram":9.986328125},"cycles":2304238977}
{"runtime":1391,"energy":{"pkg":39.79833984375,"pp0":0,"dram":10.4652099609375},"cycles":2300691771}
