{"runtime":1335,"energy":{"pkg":41.7535400390625,"pp0":0,"dram":9.8941650390625},"cycles":2795633043}
{"runtime":1098,"energy":{"pkg":40.31781005859375,"pp0":0,"dram":8.11529541015625},"cycles":2301905991}
{"runtime":1101,"energy":{"pkg":40.44720458984375,"pp0":0,"dram":8.07513427734375},"cycles":2306487855}
{"runtime":1099,"energy":{"pkg":40.29998779296875,"pp0":0,"dram":8.1551513671875},"cycles":2303528556}
{"runtime":1099,"energy":{"pkg":40.30877685546875,"pp0":0,"dram":8.20361328125},"cycles":2301417174}
{"runtime":1096,"energy":{"pkg":40.28216552734375,"pp0":0,"dram":8.13800048828125},"cycles":2297346429}
{"runtime":1096,"energy":{"pkg":40.239990234375,"pp0":0,"dram":8.1351318359375},"cycles":2297250942}
{"runtime":1098,"energy":{"pkg":40.3662109375,"pp0":0,"dram":8.15380859375},"cycles":2298928233}
{"runtime":1097,"energy":{"pkg":40.17620849609375,"pp0":0,"dram":8.1563720703125},"cycles":2298848643}
{"runtime":1097,"energy":{"pkg":40.14617919921875,"pp0":0,"dram":8.08349609375},"cycles":2298206379}
{"runtime":1099,"energy":{"pkg":40.331298828125,"pp0":0,"dram":8.204345703125},"cycles":2300596683}
{"runtime":1098,"energy":{"pkg":40.320556640625,"pp0":0,"dram":8.1680908203125},"cycles":2300810589}
{"runtime":1098,"energy":{"pkg":40.34375,"pp0":0,"dram":8.1839599609375},"cycles":2300509722}
{"runtime":1099,"energy":{"pkg":40.40093994140625,"pp0":0,"dram":8.1402587890625},"cycles":2302090707}
{"runtime":1097,"energy":{"pkg":40.38433837890625,"pp0":0,"dram":8.27459716796875},"cycles":2299485384}
{"runtime":1098,"energy":{"pkg":40.40301513671875,"pp0":0,"dram":8.1669921875},"cycles":2301260283}
{"runtime":1384,"energy":{"pkg":40.76617431640625,"pp0":0,"dram":10.28289794921875},"cycles":2898399924}
{"runtime":1396,"energy":{"pkg":40.31378173828125,"pp0":0,"dram":10.311767578125},"cycles":2921763012}
{"runtime":1098,"energy":{"pkg":37.31317138671875,"pp0":0,"dram":8.12890625},"cycles":2299473456}
{"runtime":1098,"energy":{"pkg":40.30255126953125,"pp0":0,"dram":8.0859375},"cycles":2300835747}
{"runtime":1096,"energy":{"pkg":40.262939453125,"pp0":0,"dram":8.134033203125},"cycles":2297234415}
