{"runtime":277,"energy":{"pkg":15.74603271484375,"pp0":0,"dram":3.19775390625},"cycles":8760421803}
{"runtime":285,"energy":{"pkg":16.4476318359375,"pp0":0,"dram":3.59814453125},"cycles":8944444215}
{"runtime":266,"energy":{"pkg":16.50482177734375,"pp0":0,"dram":3.598876953125},"cycles":8646250137}
{"runtime":272,"energy":{"pkg":17.1871337890625,"pp0":0,"dram":2.956787109375},"cycles":8339578485}
{"runtime":270,"energy":{"pkg":18.10711669921875,"pp0":0,"dram":3.0916748046875},"cycles":8289614634}
{"runtime":270,"energy":{"pkg":18.2607421875,"pp0":0,"dram":3.09124755859375},"cycles":8266747755}
{"runtime":260,"energy":{"pkg":18.70220947265625,"pp0":0,"dram":2.9986572265625},"cycles":8183997864}
{"runtime":260,"energy":{"pkg":19.36090087890625,"pp0":0,"dram":2.9373779296875},"cycles":8198136093}
{"runtime":265,"energy":{"pkg":19.67132568359375,"pp0":0,"dram":2.71026611328125},"cycles":8118283992}
{"runtime":257,"energy":{"pkg":19.42486572265625,"pp0":0,"dram":2.82305908203125},"cycles":8087758518}
{"runtime":264,"energy":{"pkg":19.54241943359375,"pp0":0,"dram":2.7015380859375},"cycles":8118769911}
{"runtime":260,"energy":{"pkg":19.5323486328125,"pp0":0,"dram":3.11468505859375},"cycles":8221452456}
{"runtime":266,"energy":{"pkg":19.72796630859375,"pp0":0,"dram":2.9068603515625},"cycles":8218445193}
{"runtime":259,"energy":{"pkg":19.351806640625,"pp0":0,"dram":2.74615478515625},"cycles":8065419642}
{"runtime":270,"energy":{"pkg":19.78759765625,"pp0":0,"dram":2.91943359375},"cycles":8231220795}
{"runtime":260,"energy":{"pkg":19.32275390625,"pp0":0,"dram":2.76629638671875},"cycles":8162121786}
{"runtime":266,"energy":{"pkg":19.6492919921875,"pp0":0,"dram":3.04541015625},"cycles":8267391279}
{"runtime":260,"energy":{"pkg":19.61273193359375,"pp0":0,"dram":2.88922119140625},"cycles":8228207862}
{"runtime":264,"energy":{"pkg":19.638427734375,"pp0":0,"dram":2.525390625},"cycles":8189359605}
{"runtime":258,"energy":{"pkg":19.58172607421875,"pp0":0,"dram":2.92333984375},"cycles":8181811680}
{"runtime":266,"energy":{"pkg":19.674560546875,"pp0":0,"dram":2.7086181640625},"cycles":8130491649}
