{"runtime":3036,"energy":{"pkg":168.15032958984375,"pp0":0,"dram":64.52099609375},"cycles":48349504527}
{"runtime":2976,"energy":{"pkg":181.2940673828125,"pp0":0,"dram":64.359130859375},"cycles":51403976182}
{"runtime":3129,"energy":{"pkg":185.47027587890625,"pp0":0,"dram":64.97906494140625},"cycles":52118385882}
{"runtime":2794,"energy":{"pkg":173.55706787109375,"pp0":0,"dram":62.88165283203125},"cycles":47586553559}
{"runtime":2980,"energy":{"pkg":180.796875,"pp0":0,"dram":64.29443359375},"cycles":48928674453}
{"runtime":2919,"energy":{"pkg":170.38531494140625,"pp0":0,"dram":63.81964111328125},"cycles":46733029460}
{"runtime":2870,"energy":{"pkg":176.7349853515625,"pp0":0,"dram":64.03997802734375},"cycles":46688699991}
{"runtime":2981,"energy":{"pkg":185.8341064453125,"pp0":0,"dram":64.31787109375},"cycles":51762952002}
{"runtime":3091,"energy":{"pkg":177.67791748046875,"pp0":0,"dram":65.7293701171875},"cycles":48990329394}
{"runtime":2867,"energy":{"pkg":185.13458251953125,"pp0":0,"dram":64.0972900390625},"cycles":49974832303}
{"runtime":3119,"energy":{"pkg":192.51171875,"pp0":0,"dram":66.32867431640625},"cycles":49160016183}
{"runtime":2837,"energy":{"pkg":179.76971435546875,"pp0":0,"dram":63.5390625},"cycles":47805367461}
{"runtime":2846,"energy":{"pkg":181.07684326171875,"pp0":0,"dram":62.2332763671875},"cycles":49443302864}
{"runtime":3412,"energy":{"pkg":203.87957763671875,"pp0":0,"dram":68.73907470703125},"cycles":52088197256}
{"runtime":2899,"energy":{"pkg":186.3046875,"pp0":0,"dram":63.29449462890625},"cycles":50850467146}
{"runtime":3450,"energy":{"pkg":202.513916015625,"pp0":0,"dram":68.58685302734375},"cycles":52634948834}
{"runtime":2829,"energy":{"pkg":183.1966552734375,"pp0":0,"dram":62.60107421875},"cycles":50359305234}
{"runtime":3211,"energy":{"pkg":194.5225830078125,"pp0":0,"dram":66.45074462890625},"cycles":51068905542}
{"runtime":3126,"energy":{"pkg":195.6781005859375,"pp0":0,"dram":66.9293212890625},"cycles":51991328080}
{"runtime":2923,"energy":{"pkg":178.96600341796875,"pp0":0,"dram":64.73760986328125},"cycles":44950500098}
{"runtime":2753,"energy":{"pkg":180.86163330078125,"pp0":0,"dram":62.9417724609375},"cycles":48763377376}
{"runtime":3140,"energy":{"pkg":190.97491455078125,"pp0":0,"dram":64.5682373046875},"cycles":49270395718}
{"runtime":3248,"energy":{"pkg":191.47772216796875,"pp0":0,"dram":68.2532958984375},"cycles":47915753998}
{"runtime":3065,"energy":{"pkg":188.01470947265625,"pp0":0,"dram":62.99542236328125},"cycles":51172694226}
{"runtime":3105,"energy":{"pkg":194.18646240234375,"pp0":0,"dram":66.95965576171875},"cycles":52514553459}
{"runtime":3124,"energy":{"pkg":184.72998046875,"pp0":0,"dram":62.885986328125},"cycles":52147929468}
{"runtime":2871,"energy":{"pkg":184.9033203125,"pp0":0,"dram":64.1131591796875},"cycles":49770430825}
{"runtime":2881,"energy":{"pkg":185.4970703125,"pp0":0,"dram":62.07891845703125},"cycles":52409059260}
{"runtime":2989,"energy":{"pkg":180.3375244140625,"pp0":0,"dram":64.7606201171875},"cycles":48313631169}
{"runtime":2887,"energy":{"pkg":182.12188720703125,"pp0":0,"dram":62.9716796875},"cycles":47394991179}
{"runtime":3017,"energy":{"pkg":187.5845947265625,"pp0":0,"dram":65.64105224609375},"cycles":50110307303}
{"runtime":3077,"energy":{"pkg":187.39288330078125,"pp0":0,"dram":65.60003662109375},"cycles":49314598172}
{"runtime":2748,"energy":{"pkg":177.5174560546875,"pp0":0,"dram":61.8779296875},"cycles":47968859267}
{"runtime":3273,"energy":{"pkg":195.26708984375,"pp0":0,"dram":66.62225341796875},"cycles":53997769595}
{"runtime":3062,"energy":{"pkg":182.518798828125,"pp0":0,"dram":65.21044921875},"cycles":49889001514}
{"runtime":2796,"energy":{"pkg":175.59881591796875,"pp0":0,"dram":62.33013916015625},"cycles":48323240930}
{"runtime":3342,"energy":{"pkg":197.61083984375,"pp0":0,"dram":68.63427734375},"cycles":50515705860}
{"runtime":3146,"energy":{"pkg":186.19195556640625,"pp0":0,"dram":66.8575439453125},"cycles":50346428073}
{"runtime":3040,"energy":{"pkg":183.2479248046875,"pp0":0,"dram":63.8707275390625},"cycles":50027849541}
{"runtime":3125,"energy":{"pkg":188.17401123046875,"pp0":0,"dram":64.802001953125},"cycles":51459330240}
{"runtime":2863,"energy":{"pkg":177.30523681640625,"pp0":0,"dram":62.41131591796875},"cycles":46719434345}
{"runtime":3196,"energy":{"pkg":191.38006591796875,"pp0":0,"dram":65.773681640625},"cycles":52408309011}
{"runtime":2821,"energy":{"pkg":176.8624267578125,"pp0":0,"dram":62.6256103515625},"cycles":46956251524}
{"runtime":3046,"energy":{"pkg":180.00384521484375,"pp0":0,"dram":66.41046142578125},"cycles":47568027000}
{"runtime":2815,"energy":{"pkg":179.01873779296875,"pp0":0,"dram":62.55572509765625},"cycles":47867559026}
{"runtime":3059,"energy":{"pkg":184.33746337890625,"pp0":0,"dram":66.138916015625},"cycles":51700220500}
{"runtime":2941,"energy":{"pkg":182.22265625,"pp0":0,"dram":64.607666015625},"cycles":48907023558}
{"runtime":2955,"energy":{"pkg":175.81317138671875,"pp0":0,"dram":67.87115478515625},"cycles":46394311687}
{"runtime":2852,"energy":{"pkg":181.5380859375,"pp0":0,"dram":63.31396484375},"cycles":48414816984}
{"runtime":3388,"energy":{"pkg":200.880615234375,"pp0":0,"dram":68.63238525390625},"cycles":51809775144}
{"runtime":2964,"energy":{"pkg":184.1820068359375,"pp0":0,"dram":63.4962158203125},"cycles":51247624888}
{"runtime":3145,"energy":{"pkg":189.14739990234375,"pp0":0,"dram":65.30938720703125},"cycles":51490088502}
{"runtime":3034,"energy":{"pkg":188.69293212890625,"pp0":0,"dram":65.31634521484375},"cycles":50789367214}
{"runtime":2979,"energy":{"pkg":184.94891357421875,"pp0":0,"dram":65.21893310546875},"cycles":49684823734}
{"runtime":2878,"energy":{"pkg":182.1253662109375,"pp0":0,"dram":63.7947998046875},"cycles":49056636571}
{"runtime":2967,"energy":{"pkg":185.97271728515625,"pp0":0,"dram":64.67315673828125},"cycles":50126953533}
{"runtime":3150,"energy":{"pkg":189.9146728515625,"pp0":0,"dram":65.1820068359375},"cycles":51471967557}
{"runtime":3352,"energy":{"pkg":196.22760009765625,"pp0":0,"dram":69.11614990234375},"cycles":48070964162}
{"runtime":3285,"energy":{"pkg":187.9305419921875,"pp0":0,"dram":67.35369873046875},"cycles":48094748771}
{"runtime":3168,"energy":{"pkg":189.56500244140625,"pp0":0,"dram":66.58660888671875},"cycles":51045368515}
{"runtime":2972,"energy":{"pkg":183.637939453125,"pp0":0,"dram":64.12286376953125},"cycles":49046563122}
{"runtime":2822,"energy":{"pkg":181.942626953125,"pp0":0,"dram":63.91705322265625},"cycles":48748300056}
{"runtime":2824,"energy":{"pkg":177.6715087890625,"pp0":0,"dram":63.39447021484375},"cycles":48106503308}
{"runtime":2955,"energy":{"pkg":180.2919921875,"pp0":0,"dram":63.5885009765625},"cycles":47280548784}
{"runtime":3103,"energy":{"pkg":188.5224609375,"pp0":0,"dram":66.0645751953125},"cycles":49364807854}
{"runtime":3054,"energy":{"pkg":188.744384765625,"pp0":0,"dram":66.29095458984375},"cycles":49684787706}
{"runtime":3219,"energy":{"pkg":189.7928466796875,"pp0":0,"dram":65.27215576171875},"cycles":50817466044}
{"runtime":2986,"energy":{"pkg":181.02630615234375,"pp0":0,"dram":63.70166015625},"cycles":46804532048}
{"runtime":2800,"energy":{"pkg":178.89630126953125,"pp0":0,"dram":62.4542236328125},"cycles":47913699152}
{"runtime":2821,"energy":{"pkg":179.5185546875,"pp0":0,"dram":61.81549072265625},"cycles":48558451775}
{"runtime":3001,"energy":{"pkg":178.9351806640625,"pp0":0,"dram":63.96868896484375},"cycles":45231733471}
{"runtime":3224,"energy":{"pkg":188.98291015625,"pp0":0,"dram":66.94158935546875},"cycles":49025335215}
{"runtime":3021,"energy":{"pkg":185.0452880859375,"pp0":0,"dram":63.92962646484375},"cycles":50061193574}
{"runtime":3105,"energy":{"pkg":193.2110595703125,"pp0":0,"dram":66.70013427734375},"cycles":51122062923}
{"runtime":3179,"energy":{"pkg":191.77349853515625,"pp0":0,"dram":66.637451171875},"cycles":52663222879}
{"runtime":2833,"energy":{"pkg":181.4085693359375,"pp0":0,"dram":62.3287353515625},"cycles":47792572544}
{"runtime":2874,