{"runtime":4324,"energy":{"pkg":406.91705322265625,"pp0":0,"dram":43.744140625},"cycles":194638059651}
{"runtime":4024,"energy":{"pkg":381.93890380859375,"pp0":0,"dram":37.8458251953125},"cycles":186065150704}
{"runtime":4132,"energy":{"pkg":389.8009033203125,"pp0":0,"dram":42.958984375},"cycles":187518987696}
{"runtime":4089,"energy":{"pkg":387.32550048828125,"pp0":0,"dram":44.79400634765625},"cycles":186258146252}
{"runtime":4254,"energy":{"pkg":401.15716552734375,"pp0":0,"dram":42.13775634765625},"cycles":187197366286}
{"runtime":4164,"energy":{"pkg":392.48394775390625,"pp0":0,"dram":44.86700439453125},"cycles":189918236468}
{"runtime":4323,"energy":{"pkg":406.6650390625,"pp0":0,"dram":47.4305419921875},"cycles":190406064006}
{"runtime":4297,"energy":{"pkg":403.72760009765625,"pp0":0,"dram":47.373779296875},"cycles":189875580963}
{"runtime":4172,"energy":{"pkg":394.8438720703125,"pp0":0,"dram":44.21478271484375},"cycles":187573042734}
{"runtime":4074,"energy":{"pkg":385.8011474609375,"pp0":0,"dram":39.705810546875},"cycles":190166944869}
{"runtime":4176,"energy":{"pkg":392.4730224609375,"pp0":0,"dram":43.32659912109375},"cycles":187060294274}
{"runtime":4141,"energy":{"pkg":391.1845703125,"pp0":0,"dram":47.41583251953125},"cycles":187241996801}
{"runtime":3983,"energy":{"pkg":375.4200439453125,"pp0":0,"dram":40.56353759765625},"cycles":179366358503}
{"runtime":4177,"energy":{"pkg":393.696533203125,"pp0":0,"dram":45.25225830078125},"cycles":189861217523}
{"runtime":4323,"energy":{"pkg":405.3665771484375,"pp0":0,"dram":43.16400146484375},"cycles":191647544942}
{"runtime":3841,"energy":{"pkg":364.23565673828125,"pp0":0,"dram":36.63836669921875},"cycles":179432372643}
{"runtime":3834,"energy":{"pkg":365.40069580078125,"pp0":0,"dram":38.2174072265625},"cycles":177792120778}
{"runtime":4229,"energy":{"pkg":397.14617919921875,"pp0":0,"dram":42.7947998046875},"cycles":189540280329}
{"runtime":4042,"energy":{"pkg":383.31915283203125,"pp0":0,"dram":50.260986328125},"cycles":185468364038}
{"runtime":4231,"energy":{"pkg":399.1043701171875,"pp0":0,"dram":45.36285400390625},"cycles":185961843064}
{"runtime":4118,"energy":{"pkg":389.933837890625,"pp0":0,"dram":40.9722900390625},"cycles":190021841572}
{"runtime":4281,"energy":{"pkg":401.7265625,"pp0":0,"dram":47.7969970703125},"cycles":190627371852}
{"runtime":4126,"energy":{"pkg":389.65374755859375,"pp0":0,"dram":40.6409912109375},"cycles":190528904125}
{"runtime":4062,"energy":{"pkg":385.42193603515625,"pp0":0,"dram":40.56787109375},"cycles":187814648880}
{"runtime":4067,"energy":{"pkg":384.57818603515625,"pp0":0,"dram":39.2486572265625},"cycles":187715003015}
{"runtime":4387,"energy":{"pkg":410.3988037109375,"pp0":0,"dram":42.77252197265625},"cycles":192811995172}
{"runtime":4125,"energy":{"pkg":389.238037109375,"pp0":0,"dram":40.99493408203125},"cycles":190321819458}
{"runtime":4158,"energy":{"pkg":392.40350341796875,"pp0":0,"dram":39.36444091796875},"cycles":189619463460}
{"runtime":4137,"energy":{"pkg":391.975341796875,"pp0":0,"dram":39.65570068359375},"cycles":191008126391}
{"runtime":3906,"energy":{"pkg":367.55755615234375,"pp0":0,"dram":36.5765380859375},"cycles":178982299335}
{"runtime":3892,"energy":{"pkg":365.72930908203125,"pp0":0,"dram":36.53485107421875},"cycles":179398493571}
{"runtime":4167,"energy":{"pkg":394.4398193359375,"pp0":0,"dram":39.47528076171875},"cycles":188357121733}
{"runtime":4131,"energy":{"pkg":393.04107666015625,"pp0":0,"dram":55.20703125},"cycles":186931628878}
{"runtime":4131,"energy":{"pkg":384.1654052734375,"pp0":0,"dram":39.623779296875},"cycles":192260702077}
{"runtime":4120,"energy":{"pkg":389.789306640625,"pp0":0,"dram":40.74957275390625},"cycles":187067805755}
{"runtime":4086,"energy":{"pkg":388.11712646484375,"pp0":0,"dram":40.48626708984375},"cycles":189081981376}
{"runtime":4064,"energy":{"pkg":384.97802734375,"pp0":0,"dram":42.351318359375},"cycles":189130297103}
{"runtime":4078,"energy":{"pkg":385.859130859375,"pp0":0,"dram":46.61553955078125},"cycles":186121393014}
{"runtime":3929,"energy":{"pkg":371.92742919921875,"pp0":0,"dram":38.88311767578125},"cycles":182131345925}
{"runtime":4180,"energy":{"pkg":397.42266845703125,"pp0":0,"dram":40.3385009765625},"cycles":189629837463}
{"runtime":4137,"energy":{"pkg":391.65093994140625,"pp0":0,"dram":39.8016357421875},"cycles":189269389764}
{"runtime":4299,"energy":{"pkg":404.83099365234375,"pp0":0,"dram":42.7220458984375},"cycles":190736246472}
{"runtime":3985,"energy":{"pkg":378.96502685546875,"pp0":0,"dram":39.1666259765625},"cycles":187147759968}
{"runtime":4019,"energy":{"pkg":380.65838623046875,"pp0":0,"dram":39.1123046875},"cycles":188795329996}
{"runtime":4056,"energy":{"pkg":384.3743896484375,"pp0":0,"dram":40.73260498046875},"cycles":188560205781}
{"runtime":4226,"energy":{"pkg":399.08819580078125,"pp0":0,"dram":40.80731201171875},"cycles":186798190570}
{"runtime":4434,"energy":{"pkg":417.090087890625,"pp0":0,"dram":43.595947265625},"cycles":201734476761}
{"runtime":3908,"energy":{"pkg":370.71826171875,"pp0":0,"dram":41.56256103515625},"cycles":177820619599}
{"runtime":4416,"energy":{"pkg":414.2125244140625,"pp0":0,"dram":45.5325927734375},"cycles":195286339007}
{"runtime":4203,"energy":{"pkg":397.13092041015625,"pp0":0,"dram":51.02685546875},"cycles":187576752870}
{"runtime":3999,"energy":{"pkg":379.51580810546875,"pp0":0,"dram":38.04339599609375},"cycles":187423130986}
{"runtime":4055,"energy":{"pkg":383.5726318359375,"pp0":0,"dram":41.1302490234375},"cycles":186472598519}
{"runtime":3992,"energy":{"pkg":378.73992919921875,"pp0":0,"dram":41.561279296875},"cycles":187794363124}
{"runtime":4186,"energy":{"pkg":396.446533203125,"pp0":0,"dram":40.0679931640625},"cycles":192453562713}
{"runtime":4190,"energy":{"pkg":396.8448486328125,"pp0":0,"dram":41.02520751953125},"cycles":188677210808}
{"runtime":4131,"energy":{"pkg":391.6932373046875,"pp0":0,"dram":39.52667236328125},"cycles":190662921048}
{"runtime":4000,"energy":{"pkg":377.21539306640625,"pp0":0,"dram":38.10784912109375},"cycles":180250151852}
{"runtime":3820,"energy":{"pkg":363.9005126953125,"pp0":0,"dram":39.21697998046875},"cycles":180745971716}
{"runtime":4110,"energy":{"pkg":387.7171630859375,"pp0":0,"dram":40.24066162109375},"cycles":189012330306}
{"runtime":4159,"energy":{"pkg":394.3720703125,"pp0":0,"dram":41.742919921875},"cycles":186363790102}
{"runtime":4314,"energy":{"pkg":404.90130615234375,"pp0":0,"dram":42.906005859375},"cycles":189387574196}
{"runtime":4184,"energy":{"pkg":394.365478515625,"pp0":0,"dram":43.59051513671875},"cycles":187940776618}
{"runtime":4100,"energy":{"pkg":388.4886474609375,"pp0":0,"dram":39.3382568359375},"cycles":185311339298}
{"runtime":3904,"energy":{"pkg":371.1083984375,"pp0":0,"dram":37.36676025390625},"cycles":177142065953}
{"runtime":4296,"energy":{"pkg":403.94512939453125,"pp0":0,"dram":40.88189697265625},"cycles":192158616786}
{"runtime":4210,"energy":{"pkg":396.517333984375,"pp0":0,"dram":41.2996826171875},"cycles":193930951331}
{"runtime":4232,"energy":{"pkg":400.23834228515625,"pp0":0,"dram":43.220947265625},"cycles":188689995016}
{"runtime":4155,"energy":{"pkg":393.116455078125,"pp0":0,"dram":45.5006103515625},"cycles":187964551999}
{"runtime":4183,"energy":{"pkg":396.81439208984375,"pp0":0,"dram":42.17047119140625},"cycles":192272529284}
{"runtime":4176,"energy":{"pkg":394.87799072265625,"pp0":0,"dram":40.8905029296875},"cycles":187880370173}
{"runtime":4237,"energy":{"pkg":399.48077392578125,"pp0":0,"dram":41.7718505859375},"cycles":186183012305}
{"runtime":4099,"energy":{"pkg":386.98895263671875,"pp0":0,"dram":39.50982666015625},"cycles":187671161985}
{"runtime":4177,"energy":{"pkg":393.79742431640625,"pp0":0,"dram":41.22283935546875},"cycles":191849933142}
{"runtime":3899,"energy":{"pkg":364.55999755859375,"pp0":0,"dram":39.71240234375},"cycles":182970549782}
{"runtime":4094,"energy":{"pkg":386.7943115234375,"pp0":0,"dram":40.7200927734375},"cycles":188415309133}
{"runtime":4129,