{"runtime":2039,"energy":{"pkg":78.89666748046875,"pp0":0,"dram":26.75030517578125},"cycles":13151364203}
{"runtime":1541,"energy":{"pkg":69.42413330078125,"pp0":0,"dram":20.17724609375},"cycles":13418832512}
{"runtime":1753,"energy":{"pkg":75.886474609375,"pp0":0,"dram":23.5654296875},"cycles":13366963031}
{"runtime":2033,"energy":{"pkg":77.32476806640625,"pp0":0,"dram":18.66558837890625},"cycles":12895774461}
{"runtime":2008,"energy":{"pkg":77.0389404296875,"pp0":0,"dram":25.62445068359375},"cycles":13366115867}
{"runtime":1673,"energy":{"pkg":75.26702880859375,"pp0":0,"dram":21.6239013671875},"cycles":13459611141}
{"runtime":1698,"energy":{"pkg":75.3101806640625,"pp0":0,"dram":21.8714599609375},"cycles":13401959476}
{"runtime":1695,"energy":{"pkg":76.965087890625,"pp0":0,"dram":22.41497802734375},"cycles":13290853737}
{"runtime":1905,"energy":{"pkg":80.13226318359375,"pp0":0,"dram":23.91796875},"cycles":13266895645}
{"runtime":1948,"energy":{"pkg":81.6553955078125,"pp0":0,"dram":23.94537353515625},"cycles":13444732839}
{"runtime":2032,"energy":{"pkg":82.69873046875,"pp0":0,"dram":26.08428955078125},"cycles":13100414549}
{"runtime":1641,"energy":{"pkg":72.6845703125,"pp0":0,"dram":21.38232421875},"cycles":12960693358}
{"runtime":1676,"energy":{"pkg":77.351318359375,"pp0":0,"dram":21.634033203125},"cycles":13437622227}
{"runtime":1547,"energy":{"pkg":73.94659423828125,"pp0":0,"dram":20.77789306640625},"cycles":13429337754}
{"runtime":1710,"energy":{"pkg":72.4351806640625,"pp0":0,"dram":19.7640380859375},"cycles":13628350392}
{"runtime":2047,"energy":{"pkg":83.760986328125,"pp0":0,"dram":26.15594482421875},"cycles":13490538141}
{"runtime":2080,"energy":{"pkg":84.00665283203125,"pp0":0,"dram":25.58441162109375},"cycles":13412844245}
{"runtime":1904,"energy":{"pkg":80.53070068359375,"pp0":0,"dram":24.95849609375},"cycles":13360947122}
{"runtime":1967,"energy":{"pkg":80.6595458984375,"pp0":0,"dram":24.8050537109375},"cycles":13295643502}
{"runtime":1720,"energy":{"pkg":76.64312744140625,"pp0":0,"dram":22.18170166015625},"cycles":13601814317}
{"runtime":2078,"energy":{"pkg":79.3370361328125,"pp0":0,"dram":26.09356689453125},"cycles":12919762718}
{"runtime":1841,"energy":{"pkg":79.72064208984375,"pp0":0,"dram":24.5576171875},"cycles":13546545223}
{"runtime":1715,"energy":{"pkg":78.342529296875,"pp0":0,"dram":22.43658447265625},"cycles":13643105301}
{"runtime":2010,"energy":{"pkg":79.05145263671875,"pp0":0,"dram":23.07757568359375},"cycles":13031073483}
{"runtime":1618,"energy":{"pkg":70.9686279296875,"pp0":0,"dram":20.8466796875},"cycles":13767745956}
{"runtime":1621,"energy":{"pkg":74.232177734375,"pp0":0,"dram":20.59796142578125},"cycles":13585253713}
{"runtime":2060,"energy":{"pkg":82.77142333984375,"pp0":0,"dram":26.89501953125},"cycles":13533149812}
{"runtime":2026,"energy":{"pkg":81.46392822265625,"pp0":0,"dram":25.4384765625},"cycles":13312287135}
{"runtime":1692,"energy":{"pkg":76.28961181640625,"pp0":0,"dram":22.88787841796875},"cycles":13474468908}
{"runtime":2059,"energy":{"pkg":82.888427734375,"pp0":0,"dram":26.010009765625},"cycles":13600855138}
{"runtime":1691,"energy":{"pkg":75.766845703125,"pp0":0,"dram":20.71484375},"cycles":13415995796}
{"runtime":1714,"energy":{"pkg":76.4603271484375,"pp0":0,"dram":22.59771728515625},"cycles":13618084640}
{"runtime":2035,"energy":{"pkg":81.12823486328125,"pp0":0,"dram":24.37298583984375},"cycles":13282283389}
{"runtime":1641,"energy":{"pkg":75.9263916015625,"pp0":0,"dram":22.11370849609375},"cycles":13337879343}
{"runtime":1679,"energy":{"pkg":76.93194580078125,"pp0":0,"dram":22.62030029296875},"cycles":13341263147}
{"runtime":1704,"energy":{"pkg":76.68310546875,"pp0":0,"dram":21.99017333984375},"cycles":13529143718}
{"runtime":2071,"energy":{"pkg":81.40228271484375,"pp0":0,"dram":25.81964111328125},"cycles":13453787581}
{"runtime":1857,"energy":{"pkg":75.1138916015625,"pp0":0,"dram":22.31982421875},"cycles":13626694865}
{"runtime":2027,"energy":{"pkg":80.0833740234375,"pp0":0,"dram":25.68731689453125},"cycles":13431118989}
{"runtime":2098,"energy":{"pkg":83.81134033203125,"pp0":0,"dram":26.43365478515625},"cycles":13282897089}
{"runtime":2077,"energy":{"pkg":80.49298095703125,"pp0":0,"dram":26.09515380859375},"cycles":13424349873}
{"runtime":1711,"energy":{"pkg":77.8245849609375,"pp0":0,"dram":21.6673583984375},"cycles":13206186220}
{"runtime":1702,"energy":{"pkg":76.9813232421875,"pp0":0,"dram":22.50665283203125},"cycles":13327858647}
{"runtime":1573,"energy":{"pkg":73.72979736328125,"pp0":0,"dram":20.74212646484375},"cycles":13053939774}
{"runtime":1936,"energy":{"pkg":80.2784423828125,"pp0":0,"dram":24.7037353515625},"cycles":13262622991}
{"runtime":2064,"energy":{"pkg":77.256591796875,"pp0":0,"dram":24.27032470703125},"cycles":13496987193}
{"runtime":1577,"energy":{"pkg":71.478759765625,"pp0":0,"dram":18.013916015625},"cycles":13040398773}
{"runtime":1618,"energy":{"pkg":75.894287109375,"pp0":0,"dram":21.89013671875},"cycles":13482032892}
{"runtime":1666,"energy":{"pkg":75.23162841796875,"pp0":0,"dram":20.464599609375},"cycles":13192640007}
{"runtime":1950,"energy":{"pkg":80.5032958984375,"pp0":0,"dram":25.814697265625},"cycles":13240292709}
{"runtime":1674,"energy":{"pkg":75.96185302734375,"pp0":0,"dram":21.90869140625},"cycles":12993665404}
{"runtime":2026,"energy":{"pkg":81.60247802734375,"pp0":0,"dram":26.6566162109375},"cycles":13312067117}
{"runtime":1717,"energy":{"pkg":76.54620361328125,"pp0":0,"dram":20.8388671875},"cycles":13480345222}
{"runtime":1656,"energy":{"pkg":75.83929443359375,"pp0":0,"dram":20.13555908203125},"cycles":13367474495}
{"runtime":1561,"energy":{"pkg":69.28619384765625,"pp0":0,"dram":20.3255615234375},"cycles":13474798533}
{"runtime":2044,"energy":{"pkg":81.22137451171875,"pp0":0,"dram":26.2203369140625},"cycles":13504913137}
{"runtime":1900,"energy":{"pkg":80.57659912109375,"pp0":0,"dram":24.5006103515625},"cycles":13469460075}
{"runtime":2026,"energy":{"pkg":82.72735595703125,"pp0":0,"dram":25.5684814453125},"cycles":13076085822}
{"runtime":1578,"energy":{"pkg":72.655517578125,"pp0":0,"dram":20.38134765625},"cycles":13672943690}
{"runtime":2061,"energy":{"pkg":75.75274658203125,"pp0":0,"dram":19.4935302734375},"cycles":12890583856}
{"runtime":2012,"energy":{"pkg":80.9088134765625,"pp0":0,"dram":25.127197265625},"cycles":13126568673}
{"runtime":1798,"energy":{"pkg":75.595458984375,"pp0":0,"dram":20.29736328125},"cycles":13183404398}
{"runtime":1946,"energy":{"pkg":81.73095703125,"pp0":0,"dram":24.50970458984375},"cycles":13300432518}
{"runtime":1987,"energy":{"pkg":79.8682861328125,"pp0":0,"dram":24.8541259765625},"cycles":12876796312}
{"runtime":1887,"energy":{"pkg":79.98675537109375,"pp0":0,"dram":24.76763916015625},"cycles":13180974710}
{"runtime":1738,"energy":{"pkg":74.5211181640625,"pp0":0,"dram":21.5406494140625},"cycles":13239539704}
{"runtime":1645,"energy":{"pkg":75.2926025390625,"pp0":0,"dram":20.4027099609375},"cycles":13727972560}
{"runtime":1959,"energy":{"pkg":78.65521240234375,"pp0":0,"dram":22.30517578125},"cycles":13306037230}
{"runtime":1542,"energy":{"pkg":71.390625,"pp0":0,"dram":19.623291015625},"cycles":13401787508}
{"runtime":2101,"energy":{"pkg":80.67626953125,"pp0":0,"dram":26.63189697265625},"cycles":13561468012}
{"runtime":1644,"energy":{"pkg":75.267822265625,"pp0":0,"dram":21.79412841796875},"cycles":13163755708}
{"runtime":1538,"energy":{"pkg":72.79779052734375,"pp0":0,"dram":19.04718017578125},"cycles":13368102501}
{"runtime":1794,"energy":{"pkg":76.54193115234375,"pp0":0,"dram":22.6558837890625},"cycles":12638740445}
{"runtime":2065,"energy":{"pkg":82.236083984375,"pp0":0,"dram":26.07891845703125},"cycles":13174533889}
{"runtime":1626,"energy":{"pkg":76.26708984375,"pp0":0,"dram":21.70355224609375},"cycles":13637332519}
{"runtime":2055,"energy":{"pkg":82.66876220703125,"pp0":0,"dram":26.571044921875},"cycles":13298601688}
{"runtime":1818,"energy":{"pkg":80.1053466796875,"pp0":0,"dram":23.3624267578125},