{"runtime":1378,"energy":{"pkg":99.559814453125,"pp0":0,"dram":13.926025390625},"cycles":82040529677}
{"runtime":1405,"energy":{"pkg":97.879150390625,"pp0":0,"dram":13.9293212890625},"cycles":80580477369}
{"runtime":1423,"energy":{"pkg":97.442626953125,"pp0":0,"dram":14.19683837890625},"cycles":82477167755}
{"runtime":1389,"energy":{"pkg":103.00286865234375,"pp0":0,"dram":13.97332763671875},"cycles":81730888556}
{"runtime":1393,"energy":{"pkg":102.13555908203125,"pp0":0,"dram":14.201904296875},"cycles":81849913682}
{"runtime":1407,"energy":{"pkg":101.8067626953125,"pp0":0,"dram":14.04998779296875},"cycles":79937646970}
{"runtime":1420,"energy":{"pkg":98.2208251953125,"pp0":0,"dram":14.16766357421875},"cycles":80577623502}
{"runtime":1423,"energy":{"pkg":102.1953125,"pp0":0,"dram":14.26318359375},"cycles":80714166089}
{"runtime":1431,"energy":{"pkg":100.52679443359375,"pp0":0,"dram":14.42852783203125},"cycles":83098288554}
{"runtime":1425,"energy":{"pkg":106.40380859375,"pp0":0,"dram":14.3115234375},"cycles":84182960689}
{"runtime":1429,"energy":{"pkg":102.56280517578125,"pp0":0,"dram":14.473876953125},"cycles":82055017372}
{"runtime":1381,"energy":{"pkg":103.93670654296875,"pp0":0,"dram":13.9656982421875},"cycles":82122779727}
{"runtime":1376,"energy":{"pkg":102.7816162109375,"pp0":0,"dram":13.79302978515625},"cycles":81440992479}
{"runtime":1394,"energy":{"pkg":103.82330322265625,"pp0":0,"dram":14.02593994140625},"cycles":81325729393}
{"runtime":1384,"energy":{"pkg":104.743408203125,"pp0":0,"dram":14.14715576171875},"cycles":82246426135}
{"runtime":1407,"energy":{"pkg":104.187744140625,"pp0":0,"dram":14.35174560546875},"cycles":80060518163}
{"runtime":1390,"energy":{"pkg":105.765869140625,"pp0":0,"dram":14.25531005859375},"cycles":84273849151}
{"runtime":1401,"energy":{"pkg":106.15045166015625,"pp0":0,"dram":14.38916015625},"cycles":83151246801}
{"runtime":1378,"energy":{"pkg":104.15460205078125,"pp0":0,"dram":13.78314208984375},"cycles":79745169936}
{"runtime":1406,"energy":{"pkg":104.28338623046875,"pp0":0,"dram":14.286376953125},"cycles":82320787385}
{"runtime":1409,"energy":{"pkg":103.817138671875,"pp0":0,"dram":14.26824951171875},"cycles":82127095823}
{"runtime":1371,"energy":{"pkg":102.582275390625,"pp0":0,"dram":13.90264892578125},"cycles":81473306455}
{"runtime":1386,"energy":{"pkg":104.23046875,"pp0":0,"dram":14.0281982421875},"cycles":81901747544}
{"runtime":1374,"energy":{"pkg":97.82342529296875,"pp0":0,"dram":13.5877685546875},"cycles":77580848258}
{"runtime":1447,"energy":{"pkg":100.22576904296875,"pp0":0,"dram":14.55938720703125},"cycles":82363461783}
{"runtime":1417,"energy":{"pkg":104.47479248046875,"pp0":0,"dram":14.26263427734375},"cycles":82331152094}
{"runtime":1386,"energy":{"pkg":101.30181884765625,"pp0":0,"dram":13.76519775390625},"cycles":78272212749}
{"runtime":1393,"energy":{"pkg":96.6436767578125,"pp0":0,"dram":13.97552490234375},"cycles":79819288182}
{"runtime":1445,"energy":{"pkg":104.69732666015625,"pp0":0,"dram":14.623291015625},"cycles":82458057059}
{"runtime":1410,"energy":{"pkg":104.1739501953125,"pp0":0,"dram":14.31414794921875},"cycles":83238503541}
{"runtime":1437,"energy":{"pkg":103.85186767578125,"pp0":0,"dram":14.5927734375},"cycles":82506237175}
{"runtime":1421,"energy":{"pkg":98.62994384765625,"pp0":0,"dram":14.2847900390625},"cycles":80876580595}
{"runtime":1411,"energy":{"pkg":104.98529052734375,"pp0":0,"dram":14.457763671875},"cycles":84623337528}
{"runtime":1410,"energy":{"pkg":104.13720703125,"pp0":0,"dram":14.19244384765625},"cycles":80897211384}
{"runtime":1405,"energy":{"pkg":106.0615234375,"pp0":0,"dram":14.28924560546875},"cycles":82562651539}
{"runtime":1401,"energy":{"pkg":105.6285400390625,"pp0":0,"dram":14.270263671875},"cycles":84228661040}
{"runtime":1386,"energy":{"pkg":101.8211669921875,"pp0":0,"dram":13.76837158203125},"cycles":79857945660}
{"runtime":1365,"energy":{"pkg":102.014892578125,"pp0":0,"dram":13.80340576171875},"cycles":82348442419}
{"runtime":1409,"energy":{"pkg":103.84332275390625,"pp0":0,"dram":14.31390380859375},"cycles":83197825334}
{"runtime":1419,"energy":{"pkg":105.34381103515625,"pp0":0,"dram":14.52117919921875},"cycles":84128643455}
{"runtime":1388,"energy":{"pkg":102.2288818359375,"pp0":0,"dram":13.88311767578125},"cycles":80937051046}
{"runtime":1374,"energy":{"pkg":103.58294677734375,"pp0":0,"dram":13.956298828125},"cycles":83027708257}
{"runtime":1370,"energy":{"pkg":103.248046875,"pp0":0,"dram":13.96673583984375},"cycles":82907894888}
{"runtime":1376,"energy":{"pkg":103.0546875,"pp0":0,"dram":13.9105224609375},"cycles":81930287062}
{"runtime":1519,"energy":{"pkg":104.86798095703125,"pp0":0,"dram":15.64617919921875},"cycles":84269269871}
{"runtime":1416,"energy":{"pkg":102.65472412109375,"pp0":0,"dram":14.448974609375},"cycles":81281052419}
{"runtime":1418,"energy":{"pkg":105.4749755859375,"pp0":0,"dram":14.2269287109375},"cycles":81964571736}
{"runtime":1410,"energy":{"pkg":104.7286376953125,"pp0":0,"dram":14.379638671875},"cycles":81934779583}
{"runtime":1426,"energy":{"pkg":108.0380859375,"pp0":0,"dram":14.51446533203125},"cycles":82783445876}
{"runtime":1465,"energy":{"pkg":105.83807373046875,"pp0":0,"dram":14.47149658203125},"cycles":82434507794}
{"runtime":1409,"energy":{"pkg":104.47943115234375,"pp0":0,"dram":14.2657470703125},"cycles":81184492204}
{"runtime":1418,"energy":{"pkg":99.47247314453125,"pp0":0,"dram":14.29437255859375},"cycles":81722058966}
{"runtime":1385,"energy":{"pkg":96.40399169921875,"pp0":0,"dram":13.85198974609375},"cycles":77747400216}
{"runtime":1415,"energy":{"pkg":104.004150390625,"pp0":0,"dram":14.14141845703125},"cycles":77887899536}
{"runtime":1397,"energy":{"pkg":103.15924072265625,"pp0":0,"dram":14.039306640625},"cycles":80734342765}
{"runtime":1362,"energy":{"pkg":102.432861328125,"pp0":0,"dram":13.87493896484375},"cycles":82004091400}
{"runtime":1355,"energy":{"pkg":100.96337890625,"pp0":0,"dram":13.56011962890625},"cycles":78279485232}
{"runtime":1404,"energy":{"pkg":102.6248779296875,"pp0":0,"dram":14.1661376953125},"cycles":81015535805}
{"runtime":1391,"energy":{"pkg":104.1912841796875,"pp0":0,"dram":14.15594482421875},"cycles":82133175056}
{"runtime":1426,"energy":{"pkg":99.32763671875,"pp0":0,"dram":14.45391845703125},"cycles":81118116652}
{"runtime":1404,"energy":{"pkg":104.62042236328125,"pp0":0,"dram":14.2777099609375},"cycles":82422908516}
{"runtime":1411,"energy":{"pkg":106.344970703125,"pp0":0,"dram":14.3984375},"cycles":84261316269}
{"runtime":1419,"energy":{"pkg":102.87677001953125,"pp0":0,"dram":14.31085205078125},"cycles":81533677034}
{"runtime":1404,"energy":{"pkg":104.61895751953125,"pp0":0,"dram":14.07940673828125},"cycles":82417293811}
{"runtime":1379,"energy":{"pkg":105.16033935546875,"pp0":0,"dram":13.90423583984375},"cycles":82017065243}
{"runtime":1423,"energy":{"pkg":103.98895263671875,"pp0":0,"dram":14.38092041015625},"cycles":81650954663}
{"runtime":1413,"energy":{"pkg":97.43304443359375,"pp0":0,"dram":14.06866455078125},"cycles":78439649915}
{"runtime":1446,"energy":{"pkg":101.77825927734375,"pp0":0,"dram":14.685546875},"cycles":83158363323}
{"runtime":1420,"energy":{"pkg":105.29315185546875,"pp0":0,"dram":14.4122314453125},"cycles":84034886707}
{"runtime":1392,"energy":{"pkg":103.11138916015625,"pp0":0,"dram":13.91748046875},"cycles":81207750461}
{"runtime":1427,"energy":{"pkg":105.50067138671875,"pp0":0,"dram":14.27178955078125},"cycles":81782476174}
{"runtime":1382,"energy":{"pkg":104.300048828125,"pp0":0,"dram":13.91436767578125},"cycles":81192048945}
{"runtime":1363,"energy":{"pkg":103.226806640625,"pp0":0,"dram":13.84326171875},"cycles":81495671118}
{"runtime":1439,"energy":{"pkg":107.1759033203125,"pp0":0,"dram":14.715087890625},"cycles":84736617527}
{"runtime":1384,"energy":{"pkg":104.69049072265625,"pp0":0,"dram":13.9127197265625},"cycles":82314184924}
{"runtime":1422,"energy":{"pkg":100.058837890625,"pp0":0,"dram":14.400390625},"cycles":82077329481}
{"runtime":1410,