{"runtime":1484,"energy":{"pkg":131.85833740234375,"pp0":0,"dram":15.3682861328125},"cycles":72079575609}
{"runtime":1423,"energy":{"pkg":129.1385498046875,"pp0":0,"dram":14.36724853515625},"cycles":69108206889}
{"runtime":1367,"energy":{"pkg":121.20233154296875,"pp0":0,"dram":15.30621337890625},"cycles":70084568324}
{"runtime":1491,"energy":{"pkg":134.5423583984375,"pp0":0,"dram":15.2501220703125},"cycles":72546293340}
{"runtime":1431,"energy":{"pkg":128.082763671875,"pp0":0,"dram":14.32037353515625},"cycles":66724146073}
{"runtime":1517,"energy":{"pkg":136.604248046875,"pp0":0,"dram":18.55560302734375},"cycles":71071023878}
{"runtime":1448,"energy":{"pkg":130.96551513671875,"pp0":0,"dram":14.79498291015625},"cycles":70639466741}
{"runtime":1369,"energy":{"pkg":121.75860595703125,"pp0":0,"dram":15.23760986328125},"cycles":69394603586}
{"runtime":1417,"energy":{"pkg":128.032470703125,"pp0":0,"dram":14.4471435546875},"cycles":72240223505}
{"runtime":1442,"energy":{"pkg":130.46929931640625,"pp0":0,"dram":15.66278076171875},"cycles":70639498650}
{"runtime":1371,"energy":{"pkg":120.59912109375,"pp0":0,"dram":16.06036376953125},"cycles":69829326337}
{"runtime":1472,"energy":{"pkg":131.45904541015625,"pp0":0,"dram":16.38665771484375},"cycles":67757701454}
{"runtime":1366,"energy":{"pkg":123.71942138671875,"pp0":0,"dram":15.665771484375},"cycles":68656522236}
{"runtime":1544,"energy":{"pkg":138.66668701171875,"pp0":0,"dram":18.83966064453125},"cycles":72611401415}
{"runtime":1468,"energy":{"pkg":130.61981201171875,"pp0":0,"dram":17.45855712890625},"cycles":70502115144}
{"runtime":1374,"energy":{"pkg":124.721435546875,"pp0":0,"dram":13.95782470703125},"cycles":68975472872}
{"runtime":1412,"energy":{"pkg":129.06036376953125,"pp0":0,"dram":14.32537841796875},"cycles":66078395518}
{"runtime":1475,"energy":{"pkg":131.2249755859375,"pp0":0,"dram":15.213134765625},"cycles":72572731029}
{"runtime":1442,"energy":{"pkg":129.64947509765625,"pp0":0,"dram":17.10845947265625},"cycles":72635044404}
{"runtime":1455,"energy":{"pkg":130.9500732421875,"pp0":0,"dram":16.9317626953125},"cycles":73571777719}
{"runtime":1454,"energy":{"pkg":129.22052001953125,"pp0":0,"dram":14.80194091796875},"cycles":70697312488}
{"runtime":1536,"energy":{"pkg":138.17218017578125,"pp0":0,"dram":16.04840087890625},"cycles":74381056204}
{"runtime":1435,"energy":{"pkg":129.35467529296875,"pp0":0,"dram":16.336669921875},"cycles":73388407671}
{"runtime":1489,"energy":{"pkg":133.71661376953125,"pp0":0,"dram":17.89959716796875},"cycles":69788882991}
{"runtime":1429,"energy":{"pkg":129.19671630859375,"pp0":0,"dram":14.6241455078125},"cycles":70323660443}
{"runtime":1523,"energy":{"pkg":134.61431884765625,"pp0":0,"dram":16.645263671875},"cycles":70849229563}
{"runtime":1491,"energy":{"pkg":134.51318359375,"pp0":0,"dram":18.26446533203125},"cycles":70491289117}
{"runtime":1448,"energy":{"pkg":131.44781494140625,"pp0":0,"dram":14.677978515625},"cycles":69634232727}
{"runtime":1396,"energy":{"pkg":124.64892578125,"pp0":0,"dram":14.163330078125},"cycles":69847562702}
{"runtime":1453,"energy":{"pkg":132.10675048828125,"pp0":0,"dram":14.8927001953125},"cycles":69852885142}
{"runtime":1530,"energy":{"pkg":135.491455078125,"pp0":0,"dram":15.82659912109375},"cycles":74245599366}
{"runtime":1490,"energy":{"pkg":132.98583984375,"pp0":0,"dram":15.018798828125},"cycles":68584621732}
{"runtime":1468,"energy":{"pkg":130.44757080078125,"pp0":0,"dram":16.711181640625},"cycles":69888358660}
{"runtime":1396,"energy":{"pkg":127.335205078125,"pp0":0,"dram":14.16973876953125},"cycles":69107564745}
{"runtime":1472,"energy":{"pkg":131.33599853515625,"pp0":0,"dram":14.78729248046875},"cycles":68569067648}
{"runtime":1485,"energy":{"pkg":131.75830078125,"pp0":0,"dram":15.1278076171875},"cycles":70623137571}
{"runtime":1413,"energy":{"pkg":127.5887451171875,"pp0":0,"dram":15.67669677734375},"cycles":70411713163}
{"runtime":1579,"energy":{"pkg":139.23236083984375,"pp0":0,"dram":17.365478515625},"cycles":70374007925}
{"runtime":1422,"energy":{"pkg":127.43365478515625,"pp0":0,"dram":14.42852783203125},"cycles":67981326487}
{"runtime":1424,"energy":{"pkg":128.5654296875,"pp0":0,"dram":16.0301513671875},"cycles":71199241824}
{"runtime":1423,"energy":{"pkg":126.22674560546875,"pp0":0,"dram":15.76531982421875},"cycles":68243561972}
{"runtime":1527,"energy":{"pkg":137.79449462890625,"pp0":0,"dram":18.113037109375},"cycles":72373207273}
{"runtime":1413,"energy":{"pkg":125.83349609375,"pp0":0,"dram":15.928955078125},"cycles":69343083164}
{"runtime":1378,"energy":{"pkg":124.378662109375,"pp0":0,"dram":14.00823974609375},"cycles":70447950247}
{"runtime":1457,"energy":{"pkg":132.79925537109375,"pp0":0,"dram":14.744384765625},"cycles":66878997633}
{"runtime":1463,"energy":{"pkg":130.68255615234375,"pp0":0,"dram":15.9962158203125},"cycles":66983629977}
{"runtime":1439,"energy":{"pkg":129.871337890625,"pp0":0,"dram":15.81988525390625},"cycles":73061130923}
{"runtime":1431,"energy":{"pkg":127.88385009765625,"pp0":0,"dram":14.710205078125},"cycles":69068437769}
{"runtime":1436,"energy":{"pkg":129.875732421875,"pp0":0,"dram":14.7314453125},"cycles":71770358580}
{"runtime":1412,"energy":{"pkg":127.4156494140625,"pp0":0,"dram":16.996337890625},"cycles":69607543664}
{"runtime":1435,"energy":{"pkg":130.11871337890625,"pp0":0,"dram":14.73468017578125},"cycles":69737772344}
{"runtime":1468,"energy":{"pkg":132.40606689453125,"pp0":0,"dram":17.021484375},"cycles":68707491631}
{"runtime":1428,"energy":{"pkg":129.67718505859375,"pp0":0,"dram":14.58123779296875},"cycles":69142813121}
{"runtime":1450,"energy":{"pkg":131.38323974609375,"pp0":0,"dram":15.12603759765625},"cycles":72008032779}
{"runtime":1516,"energy":{"pkg":137.019287109375,"pp0":0,"dram":17.46697998046875},"cycles":69895933114}
{"runtime":1424,"energy":{"pkg":127.6400146484375,"pp0":0,"dram":15.81146240234375},"cycles":68715235372}
{"runtime":1467,"energy":{"pkg":133.3287353515625,"pp0":0,"dram":14.91363525390625},"cycles":68791396235}
{"runtime":1434,"energy":{"pkg":127.92138671875,"pp0":0,"dram":17.02984619140625},"cycles":70646473456}
{"runtime":1511,"energy":{"pkg":136.4425048828125,"pp0":0,"dram":17.9173583984375},"cycles":68306559420}
{"runtime":1404,"energy":{"pkg":126.42041015625,"pp0":0,"dram":14.3013916015625},"cycles":65632582972}
{"runtime":1423,"energy":{"pkg":128.33355712890625,"pp0":0,"dram":16.15533447265625},"cycles":71094184962}
{"runtime":1509,"energy":{"pkg":133.93157958984375,"pp0":0,"dram":19.1458740234375},"cycles":71925798470}
{"runtime":1408,"energy":{"pkg":127.44091796875,"pp0":0,"dram":14.30517578125},"cycles":68951833862}
{"runtime":1402,"energy":{"pkg":127.0194091796875,"pp0":0,"dram":15.8743896484375},"cycles":67808384311}
{"runtime":1437,"energy":{"pkg":128.72283935546875,"pp0":0,"dram":14.48321533203125},"cycles":68148869610}
{"runtime":1463,"energy":{"pkg":130.27252197265625,"pp0":0,"dram":17.6712646484375},"cycles":68224628370}
{"runtime":1395,"energy":{"pkg":126.5111083984375,"pp0":0,"dram":14.96673583984375},"cycles":70779512324}
{"runtime":1574,"energy":{"pkg":138.68780517578125,"pp0":0,"dram":18.4434814453125},"cycles":73758447050}
{"runtime":1505,"energy":{"pkg":136.05938720703125,"pp0":0,"dram":17.42425537109375},"cycles":69919386557}
{"runtime":1390,"energy":{"pkg":123.70196533203125,"pp0":0,"dram":14.70208740234375},"cycles":69715364837}
{"runtime":1534,"energy":{"pkg":135.77679443359375,"pp0":0,"dram":15.76837158203125},"cycles":70164420757}
{"runtime":1524,"energy":{"pkg":136.771728515625,"pp0":0,"dram":15.70660400390625},"cycles":73515270057}
{"runtime":1522,"energy":{"pkg":137.11907958984375,"pp0":0,"dram":17.94842529296875},"cycles":73540026922}
{"runtime":1361,"energy":{"pkg":122.11968994140625,"pp0":0,"dram":16.125732421875},"cycles":68878142790}
{"runtime":1372,"energy":{"pkg":122.62335205078125,"pp0":0,"dram":13.99090576171875},"cycles":70076763082}
{"runtime":1402,"energy":{"pkg":126.63165283203125,"pp0":0,"dram":14.43341064453125},