{"runtime":7223,"energy":{"pkg":595.2525634765625,"pp0":0,"dram":66.07293701171875},"cycles":16704175425}
{"runtime":7271,"energy":{"pkg":601.478515625,"pp0":0,"dram":66.50140380859375},"cycles":16711973894}
{"runtime":7255,"energy":{"pkg":599.848876953125,"pp0":0,"dram":68.111572265625},"cycles":16692915201}
{"runtime":7260,"energy":{"pkg":598.6376342773438,"pp0":0,"dram":66.60235595703125},"cycles":16652235423}
{"runtime":7258,"energy":{"pkg":600.3159790039062,"pp0":0,"dram":66.54962158203125},"cycles":16672093935}
{"runtime":7207,"energy":{"pkg":593.3737182617188,"pp0":0,"dram":67.16046142578125},"cycles":16678262829}
{"runtime":7294,"energy":{"pkg":602.4383544921875,"pp0":0,"dram":67.239501953125},"cycles":16713588883}
{"runtime":7270,"energy":{"pkg":601.5694580078125,"pp0":0,"dram":66.99114990234375},"cycles":16752649573}
{"runtime":7280,"energy":{"pkg":601.6455688476562,"pp0":0,"dram":67.1971435546875},"cycles":16721216938}
{"runtime":7238,"energy":{"pkg":599.9090576171875,"pp0":0,"dram":66.26751708984375},"cycles":16682236633}
{"runtime":7286,"energy":{"pkg":601.5407104492188,"pp0":0,"dram":72.76678466796875},"cycles":16714705119}
{"runtime":7342,"energy":{"pkg":605.5066528320312,"pp0":0,"dram":67.93536376953125},"cycles":16701948605}
{"runtime":7297,"energy":{"pkg":599.119384765625,"pp0":0,"dram":91.85064697265625},"cycles":16709626240}
{"runtime":7269,"energy":{"pkg":601.4489135742188,"pp0":0,"dram":68.2353515625},"cycles":16684885062}
{"runtime":7235,"energy":{"pkg":597.4487915039062,"pp0":0,"dram":67.5020751953125},"cycles":16689782491}
{"runtime":7456,"energy":{"pkg":617.041259765625,"pp0":0,"dram":68.95965576171875},"cycles":16785135233}
{"runtime":7305,"energy":{"pkg":605.50048828125,"pp0":0,"dram":67.813232421875},"cycles":16782054603}
{"runtime":7259,"energy":{"pkg":600.3308715820312,"pp0":0,"dram":66.87420654296875},"cycles":16659197166}
{"runtime":7261,"energy":{"pkg":595.5160522460938,"pp0":0,"dram":90.84149169921875},"cycles":16742300250}
{"runtime":7433,"energy":{"pkg":611.1377563476562,"pp0":0,"dram":96.51959228515625},"cycles":16917679520}
{"runtime":7248,"energy":{"pkg":600.4931640625,"pp0":0,"dram":66.381103515625},"cycles":16702047571}
{"runtime":7291,"energy":{"pkg":604.8060913085938,"pp0":0,"dram":67.195556640625},"cycles":16706417246}
{"runtime":7251,"energy":{"pkg":596.1941528320312,"pp0":0,"dram":93.98211669921875},"cycles":16719723536}
{"runtime":7258,"energy":{"pkg":599.68603515625,"pp0":0,"dram":67.7958984375},"cycles":16672306237}
{"runtime":7336,"energy":{"pkg":608.3670043945312,"pp0":0,"dram":67.62835693359375},"cycles":16705053171}
{"runtime":7294,"energy":{"pkg":605.195556640625,"pp0":0,"dram":67.2874755859375},"cycles":16701338297}
{"runtime":7250,"energy":{"pkg":595.4058837890625,"pp0":0,"dram":91.560791015625},"cycles":16718780324}
{"runtime":7253,"energy":{"pkg":600.4533081054688,"pp0":0,"dram":66.49786376953125},"cycles":16700154475}
{"runtime":7331,"energy":{"pkg":607.772705078125,"pp0":0,"dram":66.9498291015625},"cycles":16802363304}
{"runtime":7249,"energy":{"pkg":601.759765625,"pp0":0,"dram":66.24151611328125},"cycles":16709947259}
{"runtime":7248,"energy":{"pkg":595.837890625,"pp0":0,"dram":65.7779541015625},"cycles":16706736269}
{"runtime":7321,"energy":{"pkg":606.6412963867188,"pp0":0,"dram":66.8626708984375},"cycles":16767093947}
{"runtime":7329,"energy":{"pkg":605.3637084960938,"pp0":0,"dram":68.99871826171875},"cycles":16887490108}
{"runtime":7468,"energy":{"pkg":616.528076171875,"pp0":0,"dram":68.235107421875},"cycles":16699106326}
{"runtime":7267,"energy":{"pkg":602.4614868164062,"pp0":0,"dram":66.552001953125},"cycles":16742885086}
{"runtime":7384,"energy":{"pkg":611.2999877929688,"pp0":0,"dram":67.23724365234375},"cycles":16710300638}
{"runtime":7246,"energy":{"pkg":599.1747436523438,"pp0":0,"dram":74.4515380859375},"cycles":16686170026}
{"runtime":7249,"energy":{"pkg":594.6189575195312,"pp0":0,"dram":68.042724609375},"cycles":16673744202}
{"runtime":7268,"energy":{"pkg":600.6783447265625,"pp0":0,"dram":66.864990234375},"cycles":16698272572}
{"runtime":7274,"energy":{"pkg":602.909423828125,"pp0":0,"dram":67.42291259765625},"cycles":16721951993}
{"runtime":7274,"energy":{"pkg":603.357177734375,"pp0":0,"dram":66.9525146484375},"cycles":16716034349}
{"runtime":7233,"energy":{"pkg":595.3994750976562,"pp0":0,"dram":66.3048095703125},"cycles":16697479927}
{"runtime":7238,"energy":{"pkg":596.8140258789062,"pp0":0,"dram":94.1710205078125},"cycles":16672873778}
{"runtime":7253,"energy":{"pkg":597.9157104492188,"pp0":0,"dram":66.64990234375},"cycles":16716923409}
{"runtime":7239,"energy":{"pkg":598.8311157226562,"pp0":0,"dram":66.5484619140625},"cycles":16689197687}
{"runtime":7233,"energy":{"pkg":598.7762451171875,"pp0":0,"dram":66.46051025390625},"cycles":16672675488}
{"runtime":7219,"energy":{"pkg":597.5576782226562,"pp0":0,"dram":66.2950439453125},"cycles":16686783549}
{"runtime":7306,"energy":{"pkg":605.485595703125,"pp0":0,"dram":67.09442138671875},"cycles":16679208118}
{"runtime":7248,"energy":{"pkg":595.32568359375,"pp0":0,"dram":90.56256103515625},"cycles":16698816550}
{"runtime":7257,"energy":{"pkg":597.0723876953125,"pp0":0,"dram":88.82257080078125},"cycles":16700037910}
{"runtime":7248,"energy":{"pkg":601.4574584960938,"pp0":0,"dram":67.005615234375},"cycles":16701852762}
{"runtime":7242,"energy":{"pkg":595.1759033203125,"pp0":0,"dram":68.2164306640625},"cycles":16653699413}
{"runtime":7222,"energy":{"pkg":599.2508544921875,"pp0":0,"dram":66.8236083984375},"cycles":16688981572}
{"runtime":7293,"energy":{"pkg":603.6231689453125,"pp0":0,"dram":67.44024658203125},"cycles":16758942575}
{"runtime":7213,"energy":{"pkg":597.359619140625,"pp0":0,"dram":67.043701171875},"cycles":16685958336}
{"runtime":7316,"energy":{"pkg":601.3479614257812,"pp0":0,"dram":95.69061279296875},"cycles":16716001599}
{"runtime":7241,"energy":{"pkg":598.1592407226562,"pp0":0,"dram":66.94488525390625},"cycles":16679576108}
{"runtime":7330,"energy":{"pkg":601.5886840820312,"pp0":0,"dram":92.33697509765625},"cycles":16717400981}
{"runtime":7278,"energy":{"pkg":600.6284790039062,"pp0":0,"dram":68.2384033203125},"cycles":16693655108}
{"runtime":7220,"energy":{"pkg":596.2385864257812,"pp0":0,"dram":66.61212158203125},"cycles":16676996842}
{"runtime":7274,"energy":{"pkg":601.819580078125,"pp0":0,"dram":67.60107421875},"cycles":16728125476}
{"runtime":7279,"energy":{"pkg":601.9351196289062,"pp0":0,"dram":67.8580322265625},"cycles":16680617496}
{"runtime":7290,"energy":{"pkg":604.4345703125,"pp0":0,"dram":66.82794189453125},"cycles":16747311985}
{"runtime":7226,"energy":{"pkg":596.3436889648438,"pp0":0,"dram":67.439453125},"cycles":16672383572}
{"runtime":7581,"energy":{"pkg":625.4745483398438,"pp0":0,"dram":69.4378662109375},"cycles":17191741893}
{"runtime":7234,"energy":{"pkg":594.327880859375,"pp0":0,"dram":91.06683349609375},"cycles":16663423876}
{"runtime":7342,"energy":{"pkg":608.6232299804688,"pp0":0,"dram":67.830810546875},"cycles":16731945797}
{"runtime":7405,"energy":{"pkg":612.3336791992188,"pp0":0,"dram":71.34893798828125},"cycles":16749790920}
{"runtime":7291,"energy":{"pkg":602.449951171875,"pp0":0,"dram":67.8863525390625},"cycles":16709189067}
{"runtime":7278,"energy":{"pkg":599.1801147460938,"pp0":0,"dram":66.94189453125},"cycles":16720944099}
{"runtime":7270,"energy":{"pkg":599.3193359375,"pp0":0,"dram":66.43548583984375},"cycles":16697552904}
{"runtime":7293,"energy":{"pkg":601.1485595703125,"pp0":0,"dram":66.19879150390625},"cycles":16712294930}
{"runtime":7321,"energy":{"pkg":601.873291015625,"pp0":0,"dram":67.72564697265625},"cycles":16870911829}
{"runtime":7287,"energy":{"pkg":599.4541015625,"pp0":0,"dram":86.4107666015625},"cycles":16702092306}
{"runtime":7225,"energy":{"pkg":596.534423828125,"pp0":0,"dram":66.341552734375},"cycles":16696626773}
{"runtime":7315,"energy":{"pkg":600.7722778320312,"pp0":0,"dram":92.9989013671875},"cycles":16694294846}
{"runtime":7316,"energy":{"pkg":601.4866333007812,"pp0":0,