{"runtime":5876,"energy":{"pkg":216.55487060546875,"pp0":0,"dram":43.83453369140625},"cycles":17362507528}
{"runtime":6064,"energy":{"pkg":222.25567626953125,"pp0":0,"dram":45.85552978515625},"cycles":17363464114}
{"runtime":6097,"energy":{"pkg":223.98162841796875,"pp0":0,"dram":46.0848388671875},"cycles":17360366451}
{"runtime":6125,"energy":{"pkg":226.7635498046875,"pp0":0,"dram":46.47296142578125},"cycles":17354831822}
{"runtime":6053,"energy":{"pkg":226.945068359375,"pp0":0,"dram":45.81915283203125},"cycles":17361685524}
{"runtime":5944,"energy":{"pkg":227.14556884765625,"pp0":0,"dram":45.0289306640625},"cycles":17370712743}
{"runtime":6438,"energy":{"pkg":234.350341796875,"pp0":0,"dram":49.2496337890625},"cycles":17366509073}
{"runtime":6076,"energy":{"pkg":230.1243896484375,"pp0":0,"dram":45.576904296875},"cycles":17360549043}
{"runtime":6099,"energy":{"pkg":231.66851806640625,"pp0":0,"dram":45.1793212890625},"cycles":17363018062}
{"runtime":6104,"energy":{"pkg":233.58416748046875,"pp0":0,"dram":45.40277099609375},"cycles":17359366487}
{"runtime":6057,"energy":{"pkg":231.542724609375,"pp0":0,"dram":46.18017578125},"cycles":17352657628}
{"runtime":5782,"energy":{"pkg":224.96002197265625,"pp0":0,"dram":43.9532470703125},"cycles":17355970607}
{"runtime":6136,"energy":{"pkg":233.83514404296875,"pp0":0,"dram":45.91571044921875},"cycles":17390106196}
{"runtime":6133,"energy":{"pkg":233.3798828125,"pp0":0,"dram":46.63494873046875},"cycles":17363318842}
{"runtime":6024,"energy":{"pkg":232.09967041015625,"pp0":0,"dram":47.15936279296875},"cycles":17376139280}
{"runtime":6418,"energy":{"pkg":237.504638671875,"pp0":0,"dram":50.4390869140625},"cycles":17369628532}
{"runtime":5963,"energy":{"pkg":230.30963134765625,"pp0":0,"dram":46.29010009765625},"cycles":17369855706}
{"runtime":5795,"energy":{"pkg":224.99365234375,"pp0":0,"dram":45.17791748046875},"cycles":17354427089}
{"runtime":5869,"energy":{"pkg":227.23126220703125,"pp0":0,"dram":45.4503173828125},"cycles":17367472145}
{"runtime":5968,"energy":{"pkg":229.233154296875,"pp0":0,"dram":46.297607421875},"cycles":17359703050}
{"runtime":5953,"energy":{"pkg":227.85430908203125,"pp0":0,"dram":46.1170654296875},"cycles":17366797410}
{"runtime":5782,"energy":{"pkg":223.0693359375,"pp0":0,"dram":44.8250732421875},"cycles":17358878945}
{"runtime":5962,"energy":{"pkg":228.3126220703125,"pp0":0,"dram":46.38970947265625},"cycles":17359641730}
{"runtime":6777,"energy":{"pkg":240.50787353515625,"pp0":0,"dram":51.9979248046875},"cycles":17406228170}
{"runtime":6124,"energy":{"pkg":231.1336669921875,"pp0":0,"dram":47.2626953125},"cycles":17360025771}
{"runtime":5967,"energy":{"pkg":227.6773681640625,"pp0":0,"dram":46.1962890625},"cycles":17372003180}
{"runtime":6018,"energy":{"pkg":228.049560546875,"pp0":0,"dram":46.92144775390625},"cycles":17360544223}
{"runtime":6081,"energy":{"pkg":230.74139404296875,"pp0":0,"dram":47.30938720703125},"cycles":17363984173}
{"runtime":5988,"energy":{"pkg":227.85821533203125,"pp0":0,"dram":46.14385986328125},"cycles":17360071953}
{"runtime":6041,"energy":{"pkg":230.63116455078125,"pp0":0,"dram":46.960205078125},"cycles":17371170311}
{"runtime":6705,"energy":{"pkg":239.94476318359375,"pp0":0,"dram":52.46820068359375},"cycles":17355470072}
{"runtime":6079,"energy":{"pkg":230.75982666015625,"pp0":0,"dram":47.7413330078125},"cycles":17365796973}
{"runtime":5862,"energy":{"pkg":225.15606689453125,"pp0":0,"dram":45.80511474609375},"cycles":17365224218}
{"runtime":5984,"energy":{"pkg":227.569580078125,"pp0":0,"dram":46.34722900390625},"cycles":17360076572}
{"runtime":6018,"energy":{"pkg":229.5543212890625,"pp0":0,"dram":46.87567138671875},"cycles":17375009975}
{"runtime":5830,"energy":{"pkg":222.99658203125,"pp0":0,"dram":45.375732421875},"cycles":17410318463}
{"runtime":6131,"energy":{"pkg":231.698486328125,"pp0":0,"dram":47.97265625},"cycles":17397396767}
{"runtime":5792,"energy":{"pkg":222.99169921875,"pp0":0,"dram":44.997802734375},"cycles":17353776789}
{"runtime":5943,"energy":{"pkg":227.26824951171875,"pp0":0,"dram":46.00390625},"cycles":17367795169}
{"runtime":5954,"energy":{"pkg":225.98199462890625,"pp0":0,"dram":46.21734619140625},"cycles":17362286287}
{"runtime":6125,"energy":{"pkg":232.0172119140625,"pp0":0,"dram":47.54949951171875},"cycles":17357534784}
{"runtime":5943,"energy":{"pkg":227.92022705078125,"pp0":0,"dram":46.20379638671875},"cycles":17360506210}
{"runtime":5967,"energy":{"pkg":228.56829833984375,"pp0":0,"dram":46.2841796875},"cycles":17368003727}
{"runtime":5792,"energy":{"pkg":223.37762451171875,"pp0":0,"dram":45.47259521484375},"cycles":17366240245}
{"runtime":6134,"energy":{"pkg":231.54498291015625,"pp0":0,"dram":47.8157958984375},"cycles":17413088214}
{"runtime":6051,"energy":{"pkg":230.1851806640625,"pp0":0,"dram":46.898681640625},"cycles":17351923272}
{"runtime":5946,"energy":{"pkg":227.755615234375,"pp0":0,"dram":46.3646240234375},"cycles":17367029506}
{"runtime":6376,"energy":{"pkg":233.251220703125,"pp0":0,"dram":49.321044921875},"cycles":17361312749}
{"runtime":6390,"energy":{"pkg":234.50537109375,"pp0":0,"dram":49.071533203125},"cycles":17358499670}
{"runtime":6458,"energy":{"pkg":235.24603271484375,"pp0":0,"dram":49.9154052734375},"cycles":17365090627}
{"runtime":5788,"energy":{"pkg":223.63653564453125,"pp0":0,"dram":44.87933349609375},"cycles":17371873622}
{"runtime":6093,"energy":{"pkg":230.8349609375,"pp0":0,"dram":46.846923828125},"cycles":17361020005}
{"runtime":6064,"energy":{"pkg":230.32952880859375,"pp0":0,"dram":46.884033203125},"cycles":17361027037}
{"runtime":7391,"energy":{"pkg":251.3887939453125,"pp0":0,"dram":57.55438232421875},"cycles":17372329075}
{"runtime":6164,"energy":{"pkg":232.5546875,"pp0":0,"dram":48.1856689453125},"cycles":17352320493}
{"runtime":6106,"energy":{"pkg":231.4873046875,"pp0":0,"dram":47.76019287109375},"cycles":17395949061}
{"runtime":5794,"energy":{"pkg":223.676513671875,"pp0":0,"dram":45.09893798828125},"cycles":17363309481}
{"runtime":5975,"energy":{"pkg":229.08087158203125,"pp0":0,"dram":46.7406005859375},"cycles":17348248889}
{"runtime":5788,"energy":{"pkg":224.3704833984375,"pp0":0,"dram":45.1490478515625},"cycles":17357801839}
{"runtime":6475,"energy":{"pkg":236.345703125,"pp0":0,"dram":50.55914306640625},"cycles":17361290400}
{"runtime":6438,"energy":{"pkg":234.899169921875,"pp0":0,"dram":50.08612060546875},"cycles":17351278266}
{"runtime":5787,"energy":{"pkg":224.1947021484375,"pp0":0,"dram":45.23345947265625},"cycles":17351103281}
{"runtime":6065,"energy":{"pkg":230.76812744140625,"pp0":0,"dram":47.35321044921875},"cycles":17358283677}
{"runtime":6005,"energy":{"pkg":228.7607421875,"pp0":0,"dram":46.5587158203125},"cycles":17352503531}
{"runtime":6145,"energy":{"pkg":232.60272216796875,"pp0":0,"dram":47.48687744140625},"cycles":17358344695}
{"runtime":6402,"energy":{"pkg":234.71868896484375,"pp0":0,"dram":49.52197265625},"cycles":17359567498}
{"runtime":6364,"energy":{"pkg":233.93426513671875,"pp0":0,"dram":49.010498046875},"cycles":17371558417}
{"runtime":6127,"energy":{"pkg":231.9144287109375,"pp0":0,"dram":46.902587890625},"cycles":17402100880}
{"runtime":6115,"energy":{"pkg":232.1998291015625,"pp0":0,"dram":47.58148193359375},"cycles":17403118062}
{"runtime":6117,"energy":{"pkg":231.83697509765625,"pp0":0,"dram":47.6749267578125},"cycles":17350849628}
{"runtime":6331,"energy":{"pkg":231.962890625,"pp0":0,"dram":49.336669921875},"cycles":17369544912}
{"runtime":6058,"energy":{"pkg":230.8563232421875,"pp0":0,"dram":47.02288818359375},"cycles":17352858871}
{"runtime":5871,"energy":{"pkg":227.09393310546875,"pp0":0,"dram":45.20745849609375},"cycles":17366304699}
{"runtime":6119,"energy":{"pkg":232.589599609375,"pp0":0,"dram":46.81329345703125},"cycles":17362313885}
{"runtime":6042,"energy":{"pkg":231.45831298828125,"pp0":0,"dram":46.47650146484375},"cycles":17366211680}
{"runtime":6375,"energy":{"pkg":235.349853515625,"pp0":0,"dram":49.1055908203125},"cycles":17368609156}
{"runtime":5941,