{"runtime":6466,"energy":{"pkg":308.67242431640625,"pp0":0,"dram":67.47479248046875},"cycles":57811841898}
{"runtime":6688,"energy":{"pkg":311.69622802734375,"pp0":0,"dram":70.833740234375},"cycles":57523640100}
{"runtime":6972,"energy":{"pkg":320.615478515625,"pp0":0,"dram":71.67352294921875},"cycles":58016362022}
{"runtime":6453,"energy":{"pkg":308.3619384765625,"pp0":0,"dram":68.5416259765625},"cycles":55634735936}
{"runtime":7347,"energy":{"pkg":326.6134033203125,"pp0":0,"dram":76.9453125},"cycles":57805989539}
{"runtime":7726,"energy":{"pkg":337.50823974609375,"pp0":0,"dram":82.24456787109375},"cycles":58110681549}
{"runtime":6562,"energy":{"pkg":316.42578125,"pp0":0,"dram":71.46112060546875},"cycles":55644904187}
{"runtime":6778,"energy":{"pkg":321.229736328125,"pp0":0,"dram":70.79498291015625},"cycles":57746799788}
{"runtime":7236,"energy":{"pkg":350.21435546875,"pp0":0,"dram":76.84161376953125},"cycles":60041566623}
{"runtime":6716,"energy":{"pkg":327.90826416015625,"pp0":0,"dram":71.38128662109375},"cycles":59116086485}
{"runtime":6370,"energy":{"pkg":316.60736083984375,"pp0":0,"dram":69.94482421875},"cycles":55870261377}
{"runtime":6662,"energy":{"pkg":326.17169189453125,"pp0":0,"dram":72.46051025390625},"cycles":58931462924}
{"runtime":6687,"energy":{"pkg":315.5472412109375,"pp0":0,"dram":71.6795654296875},"cycles":55511371850}
{"runtime":7725,"energy":{"pkg":345.91778564453125,"pp0":0,"dram":82.04022216796875},"cycles":55960086422}
{"runtime":6366,"energy":{"pkg":318.666748046875,"pp0":0,"dram":70.171630859375},"cycles":55821095547}
{"runtime":6312,"energy":{"pkg":314.55108642578125,"pp0":0,"dram":67.077880859375},"cycles":55965358681}
{"runtime":6933,"energy":{"pkg":338.198974609375,"pp0":0,"dram":75.36474609375},"cycles":57924635853}
{"runtime":6468,"energy":{"pkg":324.960693359375,"pp0":0,"dram":68.72430419921875},"cycles":59857669820}
{"runtime":6511,"energy":{"pkg":315.15020751953125,"pp0":0,"dram":70.0843505859375},"cycles":56320440816}
{"runtime":6608,"energy":{"pkg":328.70526123046875,"pp0":0,"dram":70.68206787109375},"cycles":60596933586}
{"runtime":6294,"energy":{"pkg":311.300048828125,"pp0":0,"dram":66.455078125},"cycles":55595753579}
{"runtime":6773,"energy":{"pkg":323.412841796875,"pp0":0,"dram":72.7156982421875},"cycles":57666224747}
{"runtime":6469,"energy":{"pkg":313.67608642578125,"pp0":0,"dram":68.3343505859375},"cycles":56476489668}
{"runtime":6547,"energy":{"pkg":309.216796875,"pp0":0,"dram":70.3660888671875},"cycles":53746010237}
{"runtime":6088,"energy":{"pkg":306.2742919921875,"pp0":0,"dram":65.1357421875},"cycles":55903383482}
{"runtime":6675,"energy":{"pkg":318.9305419921875,"pp0":0,"dram":70.811279296875},"cycles":56684353172}
{"runtime":6500,"energy":{"pkg":317.88323974609375,"pp0":0,"dram":68.38909912109375},"cycles":55810267211}
{"runtime":7228,"energy":{"pkg":328.5740966796875,"pp0":0,"dram":77.540771484375},"cycles":55057370225}
{"runtime":6663,"energy":{"pkg":320.36212158203125,"pp0":0,"dram":70.2657470703125},"cycles":58007879692}
{"runtime":6705,"energy":{"pkg":323.234375,"pp0":0,"dram":71.3597412109375},"cycles":57661421842}
{"runtime":6269,"energy":{"pkg":317.44488525390625,"pp0":0,"dram":66.451171875},"cycles":56402968649}
{"runtime":6540,"energy":{"pkg":313.4259033203125,"pp0":0,"dram":70.5352783203125},"cycles":55939765056}
{"runtime":6866,"energy":{"pkg":327.5662841796875,"pp0":0,"dram":75.2611083984375},"cycles":59126399355}
{"runtime":6397,"energy":{"pkg":319.806884765625,"pp0":0,"dram":69.46771240234375},"cycles":56664412216}
{"runtime":6702,"energy":{"pkg":323.91534423828125,"pp0":0,"dram":70.7540283203125},"cycles":56689706162}
{"runtime":6714,"energy":{"pkg":324.81982421875,"pp0":0,"dram":72.3663330078125},"cycles":56268987634}
{"runtime":7347,"energy":{"pkg":336.4146728515625,"pp0":0,"dram":77.60723876953125},"cycles":57908418914}
{"runtime":6884,"energy":{"pkg":321.377685546875,"pp0":0,"dram":74.390869140625},"cycles":56156227667}
{"runtime":6139,"energy":{"pkg":306.02947998046875,"pp0":0,"dram":66.54583740234375},"cycles":55443328135}
{"runtime":6516,"energy":{"pkg":317.8472900390625,"pp0":0,"dram":70.8988037109375},"cycles":55748908117}
{"runtime":6520,"energy":{"pkg":311.17767333984375,"pp0":0,"dram":71.6502685546875},"cycles":54917538833}
{"runtime":7352,"energy":{"pkg":331.65875244140625,"pp0":0,"dram":79.3056640625},"cycles":57853004620}
{"runtime":6901,"energy":{"pkg":324.1563720703125,"pp0":0,"dram":74.54681396484375},"cycles":56838152286}
{"runtime":6000,"energy":{"pkg":300.075927734375,"pp0":0,"dram":62.82208251953125},"cycles":54709376553}
{"runtime":7015,"energy":{"pkg":339.8155517578125,"pp0":0,"dram":76.290283203125},"cycles":57264520683}
{"runtime":6549,"energy":{"pkg":313.31378173828125,"pp0":0,"dram":68.9393310546875},"cycles":56505477205}
{"runtime":6964,"energy":{"pkg":334.6220703125,"pp0":0,"dram":74.7430419921875},"cycles":58432498184}
{"runtime":6963,"energy":{"pkg":344.778076171875,"pp0":0,"dram":74.786865234375},"cycles":56462320296}
{"runtime":6560,"energy":{"pkg":330.7449951171875,"pp0":0,"dram":71.22906494140625},"cycles":60949592739}
{"runtime":7434,"energy":{"pkg":345.095458984375,"pp0":0,"dram":79.20794677734375},"cycles":57454854488}
{"runtime":6759,"energy":{"pkg":322.2154541015625,"pp0":0,"dram":73.4097900390625},"cycles":57258111858}
{"runtime":6348,"energy":{"pkg":309.3203125,"pp0":0,"dram":69.8046875},"cycles":55983475459}
{"runtime":6790,"energy":{"pkg":334.87799072265625,"pp0":0,"dram":74.08258056640625},"cycles":58781138646}
{"runtime":6164,"energy":{"pkg":306.94940185546875,"pp0":0,"dram":67.77557373046875},"cycles":53108158371}
{"runtime":6838,"energy":{"pkg":342.9559326171875,"pp0":0,"dram":74.95037841796875},"cycles":57265858828}
{"runtime":6665,"energy":{"pkg":321.32989501953125,"pp0":0,"dram":71.37457275390625},"cycles":57124954923}
{"runtime":6546,"energy":{"pkg":318.9161376953125,"pp0":0,"dram":71.97003173828125},"cycles":54244694680}
{"runtime":6945,"energy":{"pkg":330.18914794921875,"pp0":0,"dram":74.74462890625},"cycles":57567351564}
{"runtime":6936,"energy":{"pkg":336.94390869140625,"pp0":0,"dram":74.89776611328125},"cycles":62701777786}
{"runtime":6474,"energy":{"pkg":314.55657958984375,"pp0":0,"dram":69.97296142578125},"cycles":55609558465}
{"runtime":7130,"energy":{"pkg":326.85662841796875,"pp0":0,"dram":75.436279296875},"cycles":54738453201}
{"runtime":6325,"energy":{"pkg":316.67401123046875,"pp0":0,"dram":69.960693359375},"cycles":56384451416}
{"runtime":6098,"energy":{"pkg":306.8992919921875,"pp0":0,"dram":65.882568359375},"cycles":54645386023}
{"runtime":6984,"energy":{"pkg":325.58648681640625,"pp0":0,"dram":71.5797119140625},"cycles":56902448852}
{"runtime":6313,"energy":{"pkg":312.7603759765625,"pp0":0,"dram":69.77960205078125},"cycles":54952575539}
{"runtime":7119,"energy":{"pkg":327.98675537109375,"pp0":0,"dram":75.93096923828125},"cycles":53271013804}
{"runtime":5935,"energy":{"pkg":302.2071533203125,"pp0":0,"dram":63.5535888671875},"cycles":55557577756}
{"runtime":6290,"energy":{"pkg":321.59893798828125,"pp0":0,"dram":68.261474609375},"cycles":54856591790}
{"runtime":7042,"energy":{"pkg":344.4293212890625,"pp0":0,"dram":77.28643798828125},"cycles":58161473219}
{"runtime":5972,"energy":{"pkg":302.18231201171875,"pp0":0,"dram":66.21435546875},"cycles":53867670459}
{"runtime":6566,"energy":{"pkg":329.08624267578125,"pp0":0,"dram":71.56170654296875},"cycles":56906105920}
{"runtime":6753,"energy":{"pkg":321.31121826171875,"pp0":0,"dram":73.20196533203125},"cycles":52719347059}
{"runtime":6009,"energy":{"pkg":304.9757080078125,"pp0":0,"dram":65.56817626953125},"cycles":55769540589}
{"runtime":6936,"energy":{"pkg":328.677978515625,"pp0":0,"dram":72.0067138671875},"cycles":57514785111}
{"runtime":6720,"energy":{"pkg":318.8994140625,"pp0":0,"dram":71.46063232421875},"cycles":56386802516}
{"runtime":6547,"energy":{"pkg":322.8160400390625,"pp0":0,"dram":70.67230224609375},"cycles":55603927727}
{"runtime":6698,