{"runtime":8760,"energy":{"pkg":743.7852783203125,"pp0":0,"dram":92.72576904296875},"cycles":76398703694}
{"runtime":7988,"energy":{"pkg":682.3076171875,"pp0":0,"dram":87.2540283203125},"cycles":71879946865}
{"runtime":7909,"energy":{"pkg":676.4950561523438,"pp0":0,"dram":85.72784423828125},"cycles":72020099821}
{"runtime":8342,"energy":{"pkg":712.8638916015625,"pp0":0,"dram":90.781494140625},"cycles":74466490501}
{"runtime":8483,"energy":{"pkg":722.2734375,"pp0":0,"dram":91.6092529296875},"cycles":75538373718}
{"runtime":8019,"energy":{"pkg":684.9434204101562,"pp0":0,"dram":86.80975341796875},"cycles":74669222033}
{"runtime":8156,"energy":{"pkg":696.7575073242188,"pp0":0,"dram":88.90972900390625},"cycles":74397936415}
{"runtime":8156,"energy":{"pkg":697.240966796875,"pp0":0,"dram":88.08746337890625},"cycles":77894741101}
{"runtime":7782,"energy":{"pkg":666.8502197265625,"pp0":0,"dram":84.93817138671875},"cycles":72902527884}
{"runtime":7204,"energy":{"pkg":620.5743408203125,"pp0":0,"dram":79.1392822265625},"cycles":74428090393}
{"runtime":8009,"energy":{"pkg":686.9584350585938,"pp0":0,"dram":90.81298828125},"cycles":78947685641}
{"runtime":8359,"energy":{"pkg":713.9617309570312,"pp0":0,"dram":89.8753662109375},"cycles":74094073155}
{"runtime":7339,"energy":{"pkg":630.1222534179688,"pp0":0,"dram":104.161865234375},"cycles":71847279198}
{"runtime":8306,"energy":{"pkg":708.1931762695312,"pp0":0,"dram":90.50177001953125},"cycles":74942861724}
{"runtime":8229,"energy":{"pkg":701.9583740234375,"pp0":0,"dram":87.5391845703125},"cycles":71504408793}
{"runtime":7979,"energy":{"pkg":683.3905639648438,"pp0":0,"dram":87.46820068359375},"cycles":78961195461}
{"runtime":8093,"energy":{"pkg":691.9434204101562,"pp0":0,"dram":87.7630615234375},"cycles":71352201619}
{"runtime":7792,"energy":{"pkg":666.8809204101562,"pp0":0,"dram":97.87969970703125},"cycles":71171174904}
{"runtime":8411,"energy":{"pkg":715.8353881835938,"pp0":0,"dram":113.65545654296875},"cycles":74061897448}
{"runtime":8456,"energy":{"pkg":722.05322265625,"pp0":0,"dram":95.9049072265625},"cycles":74024026985}
{"runtime":8054,"energy":{"pkg":689.7242431640625,"pp0":0,"dram":86.4869384765625},"cycles":72651732955}
{"runtime":7015,"energy":{"pkg":603.8546752929688,"pp0":0,"dram":76.62945556640625},"cycles":72975964946}
{"runtime":7346,"energy":{"pkg":631.748291015625,"pp0":0,"dram":83.7255859375},"cycles":75596465020}
{"runtime":7697,"energy":{"pkg":659.3964233398438,"pp0":0,"dram":84.099853515625},"cycles":75587107981}
{"runtime":7529,"energy":{"pkg":645.1398315429688,"pp0":0,"dram":81.71795654296875},"cycles":71135373707}
{"runtime":8139,"energy":{"pkg":696.253662109375,"pp0":0,"dram":88.38580322265625},"cycles":75843280293}
{"runtime":7860,"energy":{"pkg":674.94580078125,"pp0":0,"dram":85.1075439453125},"cycles":76111684619}
{"runtime":8032,"energy":{"pkg":688.1580810546875,"pp0":0,"dram":86.47308349609375},"cycles":76835878560}
{"runtime":8314,"energy":{"pkg":709.7886962890625,"pp0":0,"dram":89.24163818359375},"cycles":75695643614}
{"runtime":7782,"energy":{"pkg":668.6366577148438,"pp0":0,"dram":83.96484375},"cycles":75647413310}
{"runtime":7426,"energy":{"pkg":637.0436401367188,"pp0":0,"dram":79.72808837890625},"cycles":71701831487}
{"runtime":8390,"energy":{"pkg":716.3355102539062,"pp0":0,"dram":116.09686279296875},"cycles":77667549621}
{"runtime":7650,"energy":{"pkg":657.1277465820312,"pp0":0,"dram":83.97479248046875},"cycles":70845332106}
{"runtime":7898,"energy":{"pkg":675.966064453125,"pp0":0,"dram":98.529052734375},"cycles":69819001016}
{"runtime":7485,"energy":{"pkg":642.368896484375,"pp0":0,"dram":82.26959228515625},"cycles":73632394815}
{"runtime":8302,"energy":{"pkg":709.3006591796875,"pp0":0,"dram":91.255859375},"cycles":77506118672}
{"runtime":7615,"energy":{"pkg":653.8364868164062,"pp0":0,"dram":85.47705078125},"cycles":74841169436}
{"runtime":8214,"energy":{"pkg":699.6647338867188,"pp0":0,"dram":88.41192626953125},"cycles":76061319658}
{"runtime":8102,"energy":{"pkg":692.6491088867188,"pp0":0,"dram":87.44305419921875},"cycles":71639448682}
{"runtime":8105,"energy":{"pkg":692.7534790039062,"pp0":0,"dram":87.8162841796875},"cycles":73748843629}
{"runtime":8114,"energy":{"pkg":695.177734375,"pp0":0,"dram":87.3905029296875},"cycles":72019926959}
{"runtime":7798,"energy":{"pkg":666.5778198242188,"pp0":0,"dram":84.14501953125},"cycles":71831934292}
{"runtime":7522,"energy":{"pkg":644.363037109375,"pp0":0,"dram":107.6893310546875},"cycles":71253764780}
{"runtime":7908,"energy":{"pkg":676.3528442382812,"pp0":0,"dram":85.26123046875},"cycles":73503627686}
{"runtime":7880,"energy":{"pkg":676.3439331054688,"pp0":0,"dram":86.26593017578125},"cycles":76721257521}
{"runtime":8316,"energy":{"pkg":711.8109130859375,"pp0":0,"dram":89.1075439453125},"cycles":79089249529}
{"runtime":8235,"energy":{"pkg":703.0281982421875,"pp0":0,"dram":101.81060791015625},"cycles":74637954767}
{"runtime":7959,"energy":{"pkg":681.8335571289062,"pp0":0,"dram":87.55877685546875},"cycles":76903995604}
{"runtime":7779,"energy":{"pkg":663.5216064453125,"pp0":0,"dram":105.7430419921875},"cycles":72013786860}
{"runtime":8357,"energy":{"pkg":713.5447998046875,"pp0":0,"dram":92.83758544921875},"cycles":71320726146}
{"runtime":7499,"energy":{"pkg":644.6763305664062,"pp0":0,"dram":83.273193359375},"cycles":70935907388}
{"runtime":7256,"energy":{"pkg":622.1168823242188,"pp0":0,"dram":79.83892822265625},"cycles":69015776756}
{"runtime":7917,"energy":{"pkg":678.46435546875,"pp0":0,"dram":85.845458984375},"cycles":71277311080}
{"runtime":8029,"energy":{"pkg":686.3128662109375,"pp0":0,"dram":86.8751220703125},"cycles":73082482823}
{"runtime":8868,"energy":{"pkg":756.0743408203125,"pp0":0,"dram":94.8875732421875},"cycles":73935721602}
{"runtime":8886,"energy":{"pkg":756.8515014648438,"pp0":0,"dram":111.5633544921875},"cycles":77067728534}
{"runtime":8007,"energy":{"pkg":687.1192016601562,"pp0":0,"dram":86.84222412109375},"cycles":77829866199}
{"runtime":8154,"energy":{"pkg":695.7760620117188,"pp0":0,"dram":98.18511962890625},"cycles":76817946980}
{"runtime":8050,"energy":{"pkg":689.79296875,"pp0":0,"dram":87.103759765625},"cycles":75265628470}
{"runtime":8126,"energy":{"pkg":695.3287963867188,"pp0":0,"dram":88.80084228515625},"cycles":73966932830}
{"runtime":8073,"energy":{"pkg":689.2750244140625,"pp0":0,"dram":86.91241455078125},"cycles":72933861721}
{"runtime":7798,"energy":{"pkg":668.105712890625,"pp0":0,"dram":84.97967529296875},"cycles":71382674523}
{"runtime":7860,"energy":{"pkg":673.6211547851562,"pp0":0,"dram":85.52197265625},"cycles":74052543089}
{"runtime":7921,"energy":{"pkg":678.7136840820312,"pp0":0,"dram":85.76666259765625},"cycles":72701118932}
{"runtime":8263,"energy":{"pkg":706.5805053710938,"pp0":0,"dram":88.947021484375},"cycles":73615327896}
{"runtime":7507,"energy":{"pkg":643.3378295898438,"pp0":0,"dram":104.51287841796875},"cycles":70905809855}
{"runtime":8490,"energy":{"pkg":725.3516845703125,"pp0":0,"dram":101.06658935546875},"cycles":73670140852}
{"runtime":8171,"energy":{"pkg":698.9475708007812,"pp0":0,"dram":88.0927734375},"cycles":75684168702}
{"runtime":7801,"energy":{"pkg":669.6627807617188,"pp0":0,"dram":84.81927490234375},"cycles":71385651230}
{"runtime":7960,"energy":{"pkg":682.19775390625,"pp0":0,"dram":87.712158203125},"cycles":80018196104}
{"runtime":8240,"energy":{"pkg":705.9649047851562,"pp0":0,"dram":88.8499755859375},"cycles":77717462041}
{"runtime":7952,"energy":{"pkg":677.8816528320312,"pp0":0,"dram":84.93365478515625},"cycles":74460757527}
{"runtime":8617,"energy":{"pkg":730.9794921875,"pp0":0,"dram":90.89630126953125},"cycles":73425568930}
{"runtime":8000,"energy":{"pkg":684.4912109375,"pp0":0,"dram":113.41937255859375},"cycles":73039723993}
{"runtime":7467,"energy":{"pkg":640.7083129882812,"pp0":0,"dram":80.78948974609375},"cycles":74224996363}
{"runtime":7633,"energy":{"pkg":651.1314697265625,"pp0":0,"dram":108.43341064453125},"cycles":71296925749}
{"runtime":8039,