{"runtime":883,"energy":{"pkg":32.63165283203125,"pp0":0,"dram":11.81396484375},"cycles":4230306670}
{"runtime":912,"energy":{"pkg":33.6546630859375,"pp0":0,"dram":11.51544189453125},"cycles":4236022686}
{"runtime":1126,"energy":{"pkg":38.3629150390625,"pp0":0,"dram":12.9500732421875},"cycles":4301162575}
{"runtime":847,"energy":{"pkg":33.34552001953125,"pp0":0,"dram":11.40289306640625},"cycles":4379536386}
{"runtime":915,"energy":{"pkg":34.00250244140625,"pp0":0,"dram":11.93731689453125},"cycles":4312455969}
{"runtime":853,"energy":{"pkg":32.63330078125,"pp0":0,"dram":11.02740478515625},"cycles":4451737798}
{"runtime":864,"energy":{"pkg":34.09814453125,"pp0":0,"dram":11.64813232421875},"cycles":4497418025}
{"runtime":1008,"energy":{"pkg":37.23468017578125,"pp0":0,"dram":12.28173828125},"cycles":4061562018}
{"runtime":807,"energy":{"pkg":33.25738525390625,"pp0":0,"dram":10.94561767578125},"cycles":4245971856}
{"runtime":843,"energy":{"pkg":33.90911865234375,"pp0":0,"dram":11.04742431640625},"cycles":4272383517}
{"runtime":1138,"energy":{"pkg":39.7186279296875,"pp0":0,"dram":13.3463134765625},"cycles":4184846532}
{"runtime":814,"energy":{"pkg":33.08868408203125,"pp0":0,"dram":10.576171875},"cycles":4271076782}
{"runtime":823,"energy":{"pkg":34.53546142578125,"pp0":0,"dram":11.22735595703125},"cycles":4360296048}
{"runtime":858,"energy":{"pkg":33.8857421875,"pp0":0,"dram":11.27093505859375},"cycles":4096731355}
{"runtime":991,"energy":{"pkg":35.2525634765625,"pp0":0,"dram":12.9344482421875},"cycles":3936643518}
{"runtime":860,"energy":{"pkg":34.08868408203125,"pp0":0,"dram":11.03985595703125},"cycles":4287329779}
{"runtime":1211,"energy":{"pkg":51.32135009765625,"pp0":0,"dram":14.7088623046875},"cycles":4162044874}
{"runtime":1165,"energy":{"pkg":39.66119384765625,"pp0":0,"dram":14.49676513671875},"cycles":4107510553}
{"runtime":1086,"energy":{"pkg":39.36883544921875,"pp0":0,"dram":13.05902099609375},"cycles":4373409803}
{"runtime":886,"energy":{"pkg":34.750244140625,"pp0":0,"dram":11.72125244140625},"cycles":4219493367}
{"runtime":1042,"energy":{"pkg":37.99273681640625,"pp0":0,"dram":12.8062744140625},"cycles":4254568660}
{"runtime":868,"energy":{"pkg":35.06048583984375,"pp0":0,"dram":11.19952392578125},"cycles":4213344735}
{"runtime":818,"energy":{"pkg":33.05999755859375,"pp0":0,"dram":10.84820556640625},"cycles":4207642337}
{"runtime":1215,"energy":{"pkg":41.41058349609375,"pp0":0,"dram":14.90496826171875},"cycles":4058645407}
{"runtime":869,"energy":{"pkg":35.13525390625,"pp0":0,"dram":11.517822265625},"cycles":4361204311}
{"runtime":815,"energy":{"pkg":33.40179443359375,"pp0":0,"dram":10.85223388671875},"cycles":4255333317}
{"runtime":1037,"energy":{"pkg":36.7244873046875,"pp0":0,"dram":12.717041015625},"cycles":3811903954}
{"runtime":977,"energy":{"pkg":35.76171875,"pp0":0,"dram":12.22015380859375},"cycles":4568973624}
{"runtime":829,"energy":{"pkg":33.80126953125,"pp0":0,"dram":11.1949462890625},"cycles":4236874248}
{"runtime":830,"energy":{"pkg":32.5906982421875,"pp0":0,"dram":10.6614990234375},"cycles":4252489724}
{"runtime":1143,"energy":{"pkg":40.24420166015625,"pp0":0,"dram":13.37451171875},"cycles":4447330898}
{"runtime":1113,"energy":{"pkg":38.21099853515625,"pp0":0,"dram":13.12451171875},"cycles":4174081063}
{"runtime":900,"energy":{"pkg":32.88482666015625,"pp0":0,"dram":11.5791015625},"cycles":3994074160}
{"runtime":1004,"energy":{"pkg":36.3658447265625,"pp0":0,"dram":12.39801025390625},"cycles":4119283618}
{"runtime":1097,"energy":{"pkg":37.66943359375,"pp0":0,"dram":12.66595458984375},"cycles":4196339154}
{"runtime":1004,"energy":{"pkg":35.51849365234375,"pp0":0,"dram":12.43865966796875},"cycles":4664957025}
{"runtime":856,"energy":{"pkg":33.911376953125,"pp0":0,"dram":10.84161376953125},"cycles":4198465549}
{"runtime":1081,"energy":{"pkg":38.58245849609375,"pp0":0,"dram":13.16278076171875},"cycles":3980542746}
{"runtime":1045,"energy":{"pkg":36.4039306640625,"pp0":0,"dram":12.64166259765625},"cycles":4204401578}
{"runtime":826,"energy":{"pkg":30.74835205078125,"pp0":0,"dram":10.70245361328125},"cycles":4135083938}
{"runtime":1204,"energy":{"pkg":40.96490478515625,"pp0":0,"dram":15.3414306640625},"cycles":4123017621}
{"runtime":1151,"energy":{"pkg":37.55096435546875,"pp0":0,"dram":13.46087646484375},"cycles":3877761247}
{"runtime":1205,"energy":{"pkg":40.35308837890625,"pp0":0,"dram":14.8797607421875},"cycles":3935009790}
{"runtime":1110,"energy":{"pkg":37.98419189453125,"pp0":0,"dram":13.06915283203125},"cycles":4291410072}
{"runtime":1150,"energy":{"pkg":40.07568359375,"pp0":0,"dram":14.15411376953125},"cycles":4032796687}
{"runtime":858,"energy":{"pkg":33.6048583984375,"pp0":0,"dram":11.56298828125},"cycles":4302236379}
{"runtime":992,"energy":{"pkg":35.4407958984375,"pp0":0,"dram":12.04180908203125},"cycles":4156305678}
{"runtime":883,"energy":{"pkg":35.20361328125,"pp0":0,"dram":11.72113037109375},"cycles":4323110553}
{"runtime":1162,"energy":{"pkg":40.01654052734375,"pp0":0,"dram":14.977783203125},"cycles":3923971075}
{"runtime":871,"energy":{"pkg":34.095703125,"pp0":0,"dram":11.64764404296875},"cycles":4823799591}
{"runtime":950,"energy":{"pkg":35.7677001953125,"pp0":0,"dram":11.89752197265625},"cycles":4229871847}
{"runtime":1073,"energy":{"pkg":37.94256591796875,"pp0":0,"dram":12.79205322265625},"cycles":4283205321}
{"runtime":1116,"energy":{"pkg":38.440185546875,"pp0":0,"dram":13.518310546875},"cycles":3859393524}
{"runtime":887,"energy":{"pkg":33.68310546875,"pp0":0,"dram":11.92034912109375},"cycles":4330457062}
{"runtime":1010,"energy":{"pkg":36.2471923828125,"pp0":0,"dram":12.41802978515625},"cycles":4233195329}
{"runtime":914,"energy":{"pkg":35.08477783203125,"pp0":0,"dram":11.9189453125},"cycles":4396122175}
{"runtime":1121,"energy":{"pkg":38.69610595703125,"pp0":0,"dram":13.07861328125},"cycles":4333677786}
{"runtime":1178,"energy":{"pkg":39.290283203125,"pp0":0,"dram":14.09820556640625},"cycles":3874839733}
{"runtime":963,"energy":{"pkg":36.33624267578125,"pp0":0,"dram":12.1104736328125},"cycles":3973383890}
{"runtime":1146,"energy":{"pkg":40.00775146484375,"pp0":0,"dram":14.16278076171875},"cycles":4334317518}
{"runtime":1193,"energy":{"pkg":39.8563232421875,"pp0":0,"dram":14.84564208984375},"cycles":4108254068}
{"runtime":1187,"energy":{"pkg":38.48828125,"pp0":0,"dram":13.7801513671875},"cycles":3890463050}
{"runtime":816,"energy":{"pkg":32.45404052734375,"pp0":0,"dram":10.62506103515625},"cycles":4073763813}
{"runtime":909,"energy":{"pkg":33.3541259765625,"pp0":0,"dram":11.24664306640625},"cycles":4226435980}
{"runtime":927,"energy":{"pkg":34.70135498046875,"pp0":0,"dram":11.45745849609375},"cycles":4182529106}
{"runtime":1113,"energy":{"pkg":38.672607421875,"pp0":0,"dram":13.2247314453125},"cycles":4279789563}
{"runtime":1080,"energy":{"pkg":36.935791015625,"pp0":0,"dram":12.87481689453125},"cycles":3843934643}
{"runtime":1157,"energy":{"pkg":40.47198486328125,"pp0":0,"dram":14.02532958984375},"cycles":4128992947}
{"runtime":898,"energy":{"pkg":33.843017578125,"pp0":0,"dram":11.1968994140625},"cycles":4197890174}
{"runtime":1217,"energy":{"pkg":41.432373046875,"pp0":0,"dram":14.95965576171875},"cycles":4307592372}
{"runtime":964,"energy":{"pkg":36.634521484375,"pp0":0,"dram":12.28326416015625},"cycles":4179998256}
{"runtime":856,"energy":{"pkg":33.9769287109375,"pp0":0,"dram":11.30694580078125},"cycles":4276587299}
{"runtime":1145,"energy":{"pkg":38.59661865234375,"pp0":0,"dram":13.53936767578125},"cycles":4323422068}
{"runtime":840,"energy":{"pkg":33.18426513671875,"pp0":0,"dram":11.19805908203125},"cycles":4169644478}
{"runtime":923,"energy":{"pkg":35.39080810546875,"pp0":0,"dram":12.1573486328125},"cycles":4274140672}
{"runtime":853,"energy":{"pkg":33.07794189453125,"pp0":0,"dram":10.8602294921875},"cycles":4245038985}
{"runtime":801,"energy":{"pkg":31.95428466796875,"pp0":0,"dram":10.88623046875},"cycles":4076405830}
{"runtime":935,"energy":{"pkg":34.62457275390625,"pp0":0,"dram":12.261962890625},