{"runtime":1177,"energy":{"pkg":99.444580078125,"pp0":0,"dram":16.5777587890625},"cycles":33717110808}
{"runtime":1170,"energy":{"pkg":99.39801025390625,"pp0":0,"dram":13.07659912109375},"cycles":33641021622}
{"runtime":1181,"energy":{"pkg":100.90655517578125,"pp0":0,"dram":13.2730712890625},"cycles":35874828089}
{"runtime":1223,"energy":{"pkg":103.659423828125,"pp0":0,"dram":13.8895263671875},"cycles":35594464314}
{"runtime":1158,"energy":{"pkg":99.00811767578125,"pp0":0,"dram":13.0308837890625},"cycles":33182023360}
{"runtime":1128,"energy":{"pkg":96.0472412109375,"pp0":0,"dram":19.30322265625},"cycles":34336259711}
{"runtime":1177,"energy":{"pkg":100.03753662109375,"pp0":0,"dram":13.16912841796875},"cycles":34178336788}
{"runtime":1253,"energy":{"pkg":106.9476318359375,"pp0":0,"dram":14.3951416015625},"cycles":36660179383}
{"runtime":1248,"energy":{"pkg":106.47650146484375,"pp0":0,"dram":14.39276123046875},"cycles":39337326244}
{"runtime":1198,"energy":{"pkg":101.6893310546875,"pp0":0,"dram":13.5506591796875},"cycles":35681307658}
{"runtime":1158,"energy":{"pkg":98.35675048828125,"pp0":0,"dram":12.8868408203125},"cycles":35024505935}
{"runtime":1216,"energy":{"pkg":103.61181640625,"pp0":0,"dram":13.722412109375},"cycles":36331541077}
{"runtime":1265,"energy":{"pkg":106.9024658203125,"pp0":0,"dram":15.2730712890625},"cycles":37901639849}
{"runtime":1173,"energy":{"pkg":99.9166259765625,"pp0":0,"dram":13.1014404296875},"cycles":33651272037}
{"runtime":1265,"energy":{"pkg":107.4237060546875,"pp0":0,"dram":14.3431396484375},"cycles":38148251027}
{"runtime":1246,"energy":{"pkg":105.83355712890625,"pp0":0,"dram":13.96807861328125},"cycles":35131325664}
{"runtime":1255,"energy":{"pkg":106.16265869140625,"pp0":0,"dram":14.17236328125},"cycles":36264867761}
{"runtime":1155,"energy":{"pkg":98.660400390625,"pp0":0,"dram":15.84112548828125},"cycles":33821812689}
{"runtime":1170,"energy":{"pkg":99.51055908203125,"pp0":0,"dram":13.14935302734375},"cycles":34044095439}
{"runtime":1167,"energy":{"pkg":99.6611328125,"pp0":0,"dram":13.08056640625},"cycles":34383579689}
{"runtime":1237,"energy":{"pkg":105.32830810546875,"pp0":0,"dram":13.96221923828125},"cycles":37247976949}
{"runtime":1155,"energy":{"pkg":98.47479248046875,"pp0":0,"dram":12.88604736328125},"cycles":34525128401}
{"runtime":1218,"energy":{"pkg":103.92633056640625,"pp0":0,"dram":13.67376708984375},"cycles":35541658629}
{"runtime":1204,"energy":{"pkg":103.05621337890625,"pp0":0,"dram":13.6168212890625},"cycles":34534912839}
{"runtime":1151,"energy":{"pkg":97.58984375,"pp0":0,"dram":12.79693603515625},"cycles":33641822551}
{"runtime":1252,"energy":{"pkg":106.59503173828125,"pp0":0,"dram":13.98480224609375},"cycles":35944811509}
{"runtime":1166,"energy":{"pkg":99.65283203125,"pp0":0,"dram":12.9969482421875},"cycles":34292919514}
{"runtime":1176,"energy":{"pkg":99.233154296875,"pp0":0,"dram":13.13311767578125},"cycles":34108314548}
{"runtime":1196,"energy":{"pkg":101.5872802734375,"pp0":0,"dram":13.38623046875},"cycles":36268544141}
{"runtime":1147,"energy":{"pkg":98.5438232421875,"pp0":0,"dram":12.79833984375},"cycles":34111208702}
{"runtime":1225,"energy":{"pkg":104.54241943359375,"pp0":0,"dram":14.07427978515625},"cycles":37695659475}
{"runtime":1198,"energy":{"pkg":101.87139892578125,"pp0":0,"dram":16.8358154296875},"cycles":35665852846}
{"runtime":1159,"energy":{"pkg":99.1484375,"pp0":0,"dram":13.16973876953125},"cycles":34026818896}
{"runtime":1140,"energy":{"pkg":96.75689697265625,"pp0":0,"dram":16.06048583984375},"cycles":36783947782}
{"runtime":1157,"energy":{"pkg":98.8092041015625,"pp0":0,"dram":12.93743896484375},"cycles":34111163326}
{"runtime":1185,"energy":{"pkg":100.78826904296875,"pp0":0,"dram":13.57562255859375},"cycles":36153134725}
{"runtime":1181,"energy":{"pkg":101.13909912109375,"pp0":0,"dram":13.11358642578125},"cycles":34731931983}
{"runtime":1126,"energy":{"pkg":96.2996826171875,"pp0":0,"dram":12.72540283203125},"cycles":33238878396}
{"runtime":1240,"energy":{"pkg":106.086181640625,"pp0":0,"dram":14.21429443359375},"cycles":37728027580}
{"runtime":1232,"energy":{"pkg":104.34271240234375,"pp0":0,"dram":13.70269775390625},"cycles":35503560632}
{"runtime":1086,"energy":{"pkg":92.7755126953125,"pp0":0,"dram":12.11181640625},"cycles":32138727980}
{"runtime":1240,"energy":{"pkg":106.0677490234375,"pp0":0,"dram":13.97662353515625},"cycles":36668114393}
{"runtime":1222,"energy":{"pkg":103.30157470703125,"pp0":0,"dram":17.376708984375},"cycles":34924652838}
{"runtime":1246,"energy":{"pkg":106.3143310546875,"pp0":0,"dram":14.202880859375},"cycles":37576912759}
{"runtime":1255,"energy":{"pkg":105.89276123046875,"pp0":0,"dram":14.11834716796875},"cycles":37302776313}
{"runtime":1237,"energy":{"pkg":106.142578125,"pp0":0,"dram":14.00311279296875},"cycles":37654554550}
{"runtime":1211,"energy":{"pkg":102.8343505859375,"pp0":0,"dram":13.8170166015625},"cycles":36157386657}
{"runtime":1198,"energy":{"pkg":102.18310546875,"pp0":0,"dram":13.48260498046875},"cycles":35228914796}
{"runtime":1184,"energy":{"pkg":101.09747314453125,"pp0":0,"dram":16.75146484375},"cycles":35047338573}
{"runtime":1179,"energy":{"pkg":101.165771484375,"pp0":0,"dram":13.41229248046875},"cycles":35319508468}
{"runtime":1167,"energy":{"pkg":99.58343505859375,"pp0":0,"dram":13.0670166015625},"cycles":33342676992}
{"runtime":1272,"energy":{"pkg":107.745849609375,"pp0":0,"dram":14.43280029296875},"cycles":37172967897}
{"runtime":1194,"energy":{"pkg":101.9678955078125,"pp0":0,"dram":13.2711181640625},"cycles":33514352190}
{"runtime":1241,"energy":{"pkg":105.7022705078125,"pp0":0,"dram":14.0301513671875},"cycles":36400483858}
{"runtime":1159,"energy":{"pkg":98.66162109375,"pp0":0,"dram":13.00128173828125},"cycles":33282625591}
{"runtime":1154,"energy":{"pkg":98.46649169921875,"pp0":0,"dram":13.00848388671875},"cycles":33757701731}
{"runtime":1184,"energy":{"pkg":100.87811279296875,"pp0":0,"dram":13.39434814453125},"cycles":33983811137}
{"runtime":1213,"energy":{"pkg":102.88275146484375,"pp0":0,"dram":13.83642578125},"cycles":35535086613}
{"runtime":1232,"energy":{"pkg":104.57342529296875,"pp0":0,"dram":13.8948974609375},"cycles":36374384955}
{"runtime":1190,"energy":{"pkg":100.802001953125,"pp0":0,"dram":13.20452880859375},"cycles":32992808933}
{"runtime":1199,"energy":{"pkg":102.0352783203125,"pp0":0,"dram":13.42840576171875},"cycles":35155525574}
{"runtime":1216,"energy":{"pkg":103.865478515625,"pp0":0,"dram":13.6429443359375},"cycles":34384470470}
{"runtime":1210,"energy":{"pkg":102.09442138671875,"pp0":0,"dram":13.666015625},"cycles":36527424873}
{"runtime":1141,"energy":{"pkg":97.48114013671875,"pp0":0,"dram":12.49951171875},"cycles":32360042526}
{"runtime":1164,"energy":{"pkg":98.990234375,"pp0":0,"dram":13.1751708984375},"cycles":34650623114}
{"runtime":1114,"energy":{"pkg":95.4632568359375,"pp0":0,"dram":13.02642822265625},"cycles":33825545256}
{"runtime":1254,"energy":{"pkg":105.734375,"pp0":0,"dram":14.3609619140625},"cycles":38278305366}
{"runtime":1188,"energy":{"pkg":101.11749267578125,"pp0":0,"dram":13.32562255859375},"cycles":34453716126}
{"runtime":1244,"energy":{"pkg":105.97698974609375,"pp0":0,"dram":14.1397705078125},"cycles":37822714674}
{"runtime":1218,"energy":{"pkg":103.56158447265625,"pp0":0,"dram":13.64337158203125},"cycles":35813222285}
{"runtime":1186,"energy":{"pkg":100.33868408203125,"pp0":0,"dram":13.05328369140625},"cycles":33890470353}
{"runtime":1137,"energy":{"pkg":96.7196044921875,"pp0":0,"dram":12.6953125},"cycles":34299943162}
{"runtime":1138,"energy":{"pkg":96.70452880859375,"pp0":0,"dram":12.85650634765625},"cycles":32725397738}
{"runtime":1210,"energy":{"pkg":102.45391845703125,"pp0":0,"dram":13.4827880859375},"cycles":35042088293}
{"runtime":1151,"energy":{"pkg":98.30767822265625,"pp0":0,"dram":12.7874755859375},"cycles":33671844834}
{"runtime":1133,"energy":{"pkg":96.75592041015625,"pp0":0,"dram":13.73956298828125},"cycles":33792611924}
{"runtime":1144,"energy":{"pkg":97.56011962890625,