{"runtime":855,"energy":{"pkg":56.117431640625,"pp0":0,"dram":11.3743896484375},"cycles":40009131298}
{"runtime":891,"energy":{"pkg":59.06231689453125,"pp0":0,"dram":11.59271240234375},"cycles":41150629567}
{"runtime":792,"energy":{"pkg":52.3365478515625,"pp0":0,"dram":10.2667236328125},"cycles":39178483344}
{"runtime":839,"energy":{"pkg":55.18731689453125,"pp0":0,"dram":11.43310546875},"cycles":36392657369}
{"runtime":911,"energy":{"pkg":59.871337890625,"pp0":0,"dram":12.573974609375},"cycles":40682798462}
{"runtime":906,"energy":{"pkg":60.48876953125,"pp0":0,"dram":11.78765869140625},"cycles":42898984560}
{"runtime":818,"energy":{"pkg":55.1544189453125,"pp0":0,"dram":10.64105224609375},"cycles":37347935868}
{"runtime":910,"energy":{"pkg":57.8624267578125,"pp0":0,"dram":12.52935791015625},"cycles":41540324707}
{"runtime":965,"energy":{"pkg":69.150390625,"pp0":0,"dram":12.76019287109375},"cycles":52197657495}
{"runtime":843,"energy":{"pkg":57.57891845703125,"pp0":0,"dram":11.44879150390625},"cycles":40306043978}
{"runtime":849,"energy":{"pkg":58.00921630859375,"pp0":0,"dram":11.55303955078125},"cycles":41165151975}
{"runtime":998,"energy":{"pkg":70.33746337890625,"pp0":0,"dram":13.71319580078125},"cycles":49709093404}
{"runtime":936,"energy":{"pkg":65.79254150390625,"pp0":0,"dram":12.6207275390625},"cycles":46913456503}
{"runtime":815,"energy":{"pkg":57.08514404296875,"pp0":0,"dram":10.92578125},"cycles":40431680886}
{"runtime":824,"energy":{"pkg":55.94256591796875,"pp0":0,"dram":10.70916748046875},"cycles":38658920521}
{"runtime":885,"energy":{"pkg":61.322265625,"pp0":0,"dram":11.77703857421875},"cycles":42090554003}
{"runtime":863,"energy":{"pkg":61.75732421875,"pp0":0,"dram":11.367919921875},"cycles":40403939395}
{"runtime":793,"energy":{"pkg":53.3892822265625,"pp0":0,"dram":10.37823486328125},"cycles":38300166341}
{"runtime":829,"energy":{"pkg":55.8687744140625,"pp0":0,"dram":10.93817138671875},"cycles":37922380611}
{"runtime":913,"energy":{"pkg":63.43585205078125,"pp0":0,"dram":12.91326904296875},"cycles":47074411200}
{"runtime":975,"energy":{"pkg":69.7003173828125,"pp0":0,"dram":13.740478515625},"cycles":54526120296}
{"runtime":930,"energy":{"pkg":67.6982421875,"pp0":0,"dram":12.61993408203125},"cycles":52971188683}
{"runtime":895,"energy":{"pkg":63.111328125,"pp0":0,"dram":12.121826171875},"cycles":44972053266}
{"runtime":887,"energy":{"pkg":59.82562255859375,"pp0":0,"dram":11.83978271484375},"cycles":39795417219}
{"runtime":897,"energy":{"pkg":62.76300048828125,"pp0":0,"dram":12.7919921875},"cycles":44133836961}
{"runtime":965,"energy":{"pkg":68.92724609375,"pp0":0,"dram":13.23480224609375},"cycles":50747157029}
{"runtime":885,"energy":{"pkg":60.400146484375,"pp0":0,"dram":12.2611083984375},"cycles":43463680597}
{"runtime":873,"energy":{"pkg":58.15069580078125,"pp0":0,"dram":11.51788330078125},"cycles":41771467796}
{"runtime":784,"energy":{"pkg":53.53216552734375,"pp0":0,"dram":10.67498779296875},"cycles":37957339372}
{"runtime":839,"energy":{"pkg":57.57159423828125,"pp0":0,"dram":10.98736572265625},"cycles":42045823294}
{"runtime":927,"energy":{"pkg":64.19317626953125,"pp0":0,"dram":13.1060791015625},"cycles":44603168262}
{"runtime":970,"energy":{"pkg":66.864990234375,"pp0":0,"dram":13.17742919921875},"cycles":45623725295}
{"runtime":797,"energy":{"pkg":53.34808349609375,"pp0":0,"dram":10.18975830078125},"cycles":37284303261}
{"runtime":1062,"energy":{"pkg":68.2147216796875,"pp0":0,"dram":14.9222412109375},"cycles":50456388143}
{"runtime":970,"energy":{"pkg":67.72833251953125,"pp0":0,"dram":12.82244873046875},"cycles":47547525074}
{"runtime":928,"energy":{"pkg":58.56707763671875,"pp0":0,"dram":12.47576904296875},"cycles":42772827705}
{"runtime":954,"energy":{"pkg":60.970458984375,"pp0":0,"dram":12.8045654296875},"cycles":41796078801}
{"runtime":951,"energy":{"pkg":65.822998046875,"pp0":0,"dram":12.873046875},"cycles":49075693027}
{"runtime":850,"energy":{"pkg":57.864501953125,"pp0":0,"dram":11.615478515625},"cycles":42811777769}
{"runtime":813,"energy":{"pkg":55.9630126953125,"pp0":0,"dram":10.90643310546875},"cycles":40277111794}
{"runtime":963,"energy":{"pkg":65.36572265625,"pp0":0,"dram":12.8341064453125},"cycles":45457908889}
{"runtime":924,"energy":{"pkg":64.36492919921875,"pp0":0,"dram":12.57098388671875},"cycles":47870076542}
{"runtime":877,"energy":{"pkg":57.7344970703125,"pp0":0,"dram":12.02630615234375},"cycles":39820239065}
{"runtime":870,"energy":{"pkg":59.2183837890625,"pp0":0,"dram":11.4342041015625},"cycles":41790893305}
{"runtime":990,"energy":{"pkg":66.9190673828125,"pp0":0,"dram":13.55865478515625},"cycles":50014162314}
{"runtime":922,"energy":{"pkg":64.7667236328125,"pp0":0,"dram":12.99444580078125},"cycles":50446786443}
{"runtime":831,"energy":{"pkg":52.168212890625,"pp0":0,"dram":10.74676513671875},"cycles":39372524521}
{"runtime":853,"energy":{"pkg":57.3995361328125,"pp0":0,"dram":11.30645751953125},"cycles":40376692141}
{"runtime":828,"energy":{"pkg":54.46124267578125,"pp0":0,"dram":10.88043212890625},"cycles":36068302739}
{"runtime":1029,"energy":{"pkg":72.24017333984375,"pp0":0,"dram":13.82666015625},"cycles":54042338224}
{"runtime":793,"energy":{"pkg":53.55682373046875,"pp0":0,"dram":10.03558349609375},"cycles":37879269560}
{"runtime":937,"energy":{"pkg":64.22021484375,"pp0":0,"dram":12.4327392578125},"cycles":45564321232}
{"runtime":815,"energy":{"pkg":53.91119384765625,"pp0":0,"dram":11.0006103515625},"cycles":36476209084}
{"runtime":797,"energy":{"pkg":54.471923828125,"pp0":0,"dram":10.8731689453125},"cycles":38931742390}
{"runtime":905,"energy":{"pkg":60.90045166015625,"pp0":0,"dram":12.0760498046875},"cycles":40913164372}
{"runtime":909,"energy":{"pkg":61.5699462890625,"pp0":0,"dram":12.4510498046875},"cycles":39443844682}
{"runtime":952,"energy":{"pkg":66.33270263671875,"pp0":0,"dram":13.49761962890625},"cycles":49281972453}
{"runtime":974,"energy":{"pkg":65.868896484375,"pp0":0,"dram":13.1292724609375},"cycles":46777075091}
{"runtime":839,"energy":{"pkg":55.97735595703125,"pp0":0,"dram":10.80926513671875},"cycles":41728017300}
{"runtime":921,"energy":{"pkg":63.65411376953125,"pp0":0,"dram":12.2432861328125},"cycles":47003821511}
{"runtime":843,"energy":{"pkg":57.545654296875,"pp0":0,"dram":11.2796630859375},"cycles":41866892302}
{"runtime":862,"energy":{"pkg":58.553466796875,"pp0":0,"dram":11.9298095703125},"cycles":41948109720}
{"runtime":960,"energy":{"pkg":67.9642333984375,"pp0":0,"dram":13.77838134765625},"cycles":46605340870}
{"runtime":964,"energy":{"pkg":65.20159912109375,"pp0":0,"dram":13.5347900390625},"cycles":45545227993}
{"runtime":869,"energy":{"pkg":57.70025634765625,"pp0":0,"dram":11.79290771484375},"cycles":39248453321}
{"runtime":916,"energy":{"pkg":64.86083984375,"pp0":0,"dram":13.03985595703125},"cycles":46356211010}
{"runtime":822,"energy":{"pkg":56.80889892578125,"pp0":0,"dram":10.71014404296875},"cycles":42346429506}
{"runtime":841,"energy":{"pkg":57.43328857421875,"pp0":0,"dram":11.02105712890625},"cycles":44378849756}
{"runtime":876,"energy":{"pkg":61.2684326171875,"pp0":0,"dram":11.87615966796875},"cycles":44894901286}
{"runtime":873,"energy":{"pkg":56.692138671875,"pp0":0,"dram":12.00238037109375},"cycles":39574159118}
{"runtime":849,"energy":{"pkg":57.24627685546875,"pp0":0,"dram":11.224609375},"cycles":40016983883}
{"runtime":882,"energy":{"pkg":61.3831787109375,"pp0":0,"dram":12.2867431640625},"cycles":44000681767}
{"runtime":939,"energy":{"pkg":64.67132568359375,"pp0":0,"dram":13.23004150390625},"cycles":43477823745}
{"runtime":946,"energy":{"pkg":64.43756103515625,"pp0":0,"dram":13.093505859375},"cycles":48294628114}
{"runtime":801,"energy":{"pkg":55.060302734375,"pp0":0,"dram":10.32000732421875},"cycles":39683718078}
{"runtime":1034,"energy":{"pkg":72.70831298828125,"pp0":0,"dram":14.8172607421875},"cycles":50182971239}
{"runtime":838,"energy":{"pkg":57.4984130859375,"pp0":0,"dram":10.849853515625},"cycles":41374578332}
{"runtime":813,"energy":{"pkg":55.44219970703125,