{"runtime":14079,"energy":{"pkg":950.1865844726562,"pp0":0,"dram":269.5186767578125},"cycles":577884542655}
{"runtime":14111,"energy":{"pkg":947.88623046875,"pp0":0,"dram":271.106201171875},"cycles":575199533979}
{"runtime":14061,"energy":{"pkg":958.2806396484375,"pp0":0,"dram":270.87554931640625},"cycles":590559172392}
{"runtime":13654,"energy":{"pkg":944.76318359375,"pp0":0,"dram":267.13494873046875},"cycles":569241264627}
{"runtime":13741,"energy":{"pkg":946.6822509765625,"pp0":0,"dram":265.35882568359375},"cycles":571028937738}
{"runtime":14000,"energy":{"pkg":954.5504760742188,"pp0":0,"dram":269.5745849609375},"cycles":575416030665}
{"runtime":13761,"energy":{"pkg":944.0911254882812,"pp0":0,"dram":266.71112060546875},"cycles":565934075994}
{"runtime":14060,"energy":{"pkg":958.2977294921875,"pp0":0,"dram":271.31195068359375},"cycles":581805978642}
{"runtime":13886,"energy":{"pkg":941.6382446289062,"pp0":0,"dram":268.5350341796875},"cycles":573717286107}
{"runtime":14860,"energy":{"pkg":995.072509765625,"pp0":0,"dram":284.861328125},"cycles":593225814489}
{"runtime":13900,"energy":{"pkg":947.6294555664062,"pp0":0,"dram":267.22711181640625},"cycles":579622082781}
{"runtime":13612,"energy":{"pkg":953.6732177734375,"pp0":0,"dram":263.020751953125},"cycles":575296887942}
{"runtime":13863,"energy":{"pkg":946.7640380859375,"pp0":0,"dram":264.66497802734375},"cycles":569008196379}
{"runtime":14122,"energy":{"pkg":962.2249145507812,"pp0":0,"dram":269.62396240234375},"cycles":583283279649}
{"runtime":14051,"energy":{"pkg":952.7540283203125,"pp0":0,"dram":269.38067626953125},"cycles":582117009474}
{"runtime":14100,"energy":{"pkg":950.50244140625,"pp0":0,"dram":270.67462158203125},"cycles":570076277064}
{"runtime":13945,"energy":{"pkg":953.9816284179688,"pp0":0,"dram":271.13739013671875},"cycles":588617386560}
{"runtime":13601,"energy":{"pkg":927.5527954101562,"pp0":0,"dram":265.11688232421875},"cycles":564796950123}
{"runtime":13932,"energy":{"pkg":948.8790893554688,"pp0":0,"dram":270.30877685546875},"cycles":572409038418}
{"runtime":13832,"energy":{"pkg":951.6058959960938,"pp0":0,"dram":263.421630859375},"cycles":573835238235}
{"runtime":13680,"energy":{"pkg":941.0636596679688,"pp0":0,"dram":267.3892822265625},"cycles":565285012509}
