{"runtime":13987,"energy":{"pkg":958.636474609375,"pp0":0,"dram":267.4427490234375},"cycles":548441922863}
{"runtime":13993,"energy":{"pkg":957.453857421875,"pp0":0,"dram":264.287353515625},"cycles":543313147414}
{"runtime":14009,"energy":{"pkg":954.6858520507812,"pp0":0,"dram":264.20855712890625},"cycles":541876576992}
{"runtime":14125,"energy":{"pkg":950.9044799804688,"pp0":0,"dram":267.91851806640625},"cycles":537547459336}
{"runtime":13947,"energy":{"pkg":949.0247802734375,"pp0":0,"dram":264.47320556640625},"cycles":530136312427}
{"runtime":14240,"energy":{"pkg":960.7633666992188,"pp0":0,"dram":267.0377197265625},"cycles":536676044051}
{"runtime":14167,"energy":{"pkg":954.4285888671875,"pp0":0,"dram":270.4317626953125},"cycles":543926161421}
{"runtime":14091,"energy":{"pkg":958.5626831054688,"pp0":0,"dram":267.104248046875},"cycles":540049402089}
{"runtime":13977,"energy":{"pkg":951.4800415039062,"pp0":0,"dram":267.6810302734375},"cycles":537255543173}
{"runtime":13775,"energy":{"pkg":955.982666015625,"pp0":0,"dram":265.83819580078125},"cycles":554732493902}
