{"runtime":15839,"energy":{"pkg":847.9140014648438,"pp0":0,"dram":145.4893798828125},"cycles":132786524766}
{"runtime":15779,"energy":{"pkg":723.0396728515625,"pp0":0,"dram":119.2293701171875},"cycles":132179949888}
{"runtime":15965,"energy":{"pkg":847.5164184570312,"pp0":0,"dram":145.7579345703125},"cycles":133715454096}
{"runtime":15826,"energy":{"pkg":723.213134765625,"pp0":0,"dram":118.51104736328125},"cycles":132507602661}
{"runtime":16038,"energy":{"pkg":844.7233276367188,"pp0":0,"dram":146.05120849609375},"cycles":134328808593}
{"runtime":15757,"energy":{"pkg":851.7700805664062,"pp0":0,"dram":143.09014892578125},"cycles":132005678406}
{"runtime":15709,"energy":{"pkg":848.6567993164062,"pp0":0,"dram":143.69970703125},"cycles":131624176992}
{"runtime":15788,"energy":{"pkg":719.69287109375,"pp0":0,"dram":118.45172119140625},"cycles":132272389389}
{"runtime":15822,"energy":{"pkg":842.3792724609375,"pp0":0,"dram":143.21148681640625},"cycles":132442247028}
{"runtime":15759,"energy":{"pkg":848.3287353515625,"pp0":0,"dram":142.08148193359375},"cycles":132078244389}
{"runtime":15771,"energy":{"pkg":845.7853393554688,"pp0":0,"dram":142.646484375},"cycles":132117381165}
{"runtime":15638,"energy":{"pkg":713.7044677734375,"pp0":0,"dram":116.93023681640625},"cycles":131026172172}
{"runtime":15930,"energy":{"pkg":725.9296875,"pp0":0,"dram":119.11785888671875},"cycles":133379904483}
{"runtime":15875,"energy":{"pkg":717.4365234375,"pp0":0,"dram":118.68780517578125},"cycles":132981145248}
{"runtime":15794,"energy":{"pkg":714.428955078125,"pp0":0,"dram":118.17230224609375},"cycles":132347129733}
{"runtime":15842,"energy":{"pkg":831.3305053710938,"pp0":0,"dram":142.944091796875},"cycles":132679238895}
{"runtime":15797,"energy":{"pkg":714.6065063476562,"pp0":0,"dram":119.58251953125},"cycles":132349849422}
{"runtime":15994,"energy":{"pkg":832.623291015625,"pp0":0,"dram":144.9532470703125},"cycles":134019052419}
{"runtime":15755,"energy":{"pkg":837.0635375976562,"pp0":0,"dram":142.44427490234375},"cycles":132012579510}
{"runtime":15789,"energy":{"pkg":716.7978515625,"pp0":0,"dram":118.432373046875},"cycles":132272121450}
{"runtime":15741,"energy":{"pkg":713.3629760742188,"pp0":0,"dram":118.59014892578125},"cycles":131739631317}
