{"runtime":2433,"energy":{"pkg":79.45257568359375,"pp0":0,"dram":23.58819580078125},"cycles":17668875336}
{"runtime":2626,"energy":{"pkg":89.93695068359375,"pp0":0,"dram":29.13580322265625},"cycles":16128981645}
{"runtime":2513,"energy":{"pkg":85.0087890625,"pp0":0,"dram":26.53485107421875},"cycles":16893250521}
{"runtime":2451,"energy":{"pkg":83.282958984375,"pp0":0,"dram":26.6416015625},"cycles":17518005729}
{"runtime":2454,"energy":{"pkg":82.5010986328125,"pp0":0,"dram":26.8492431640625},"cycles":17177488860}
{"runtime":2461,"energy":{"pkg":82.02020263671875,"pp0":0,"dram":28.4371337890625},"cycles":17447049585}
{"runtime":2551,"energy":{"pkg":84.066162109375,"pp0":0,"dram":27.18212890625},"cycles":17730629049}
{"runtime":2362,"energy":{"pkg":94.75982666015625,"pp0":0,"dram":26.3870849609375},"cycles":16293115797}
{"runtime":2531,"energy":{"pkg":85.63067626953125,"pp0":0,"dram":25.1141357421875},"cycles":17173949709}
{"runtime":2333,"energy":{"pkg":80.3125,"pp0":0,"dram":24.68890380859375},"cycles":16525032846}
{"runtime":2664,"energy":{"pkg":86.69097900390625,"pp0":0,"dram":27.866455078125},"cycles":17207057217}
{"runtime":2456,"energy":{"pkg":81.6595458984375,"pp0":0,"dram":23.55181884765625},"cycles":16832906622}
{"runtime":2472,"energy":{"pkg":88.64862060546875,"pp0":0,"dram":27.0111083984375},"cycles":17118026436}
{"runtime":2481,"energy":{"pkg":86.66937255859375,"pp0":0,"dram":27.7119140625},"cycles":16623425637}
{"runtime":2599,"energy":{"pkg":95.65753173828125,"pp0":0,"dram":28.507080078125},"cycles":16142558271}
{"runtime":2845,"energy":{"pkg":91.57843017578125,"pp0":0,"dram":29.1829833984375},"cycles":16979391933}
{"runtime":2825,"energy":{"pkg":90.08404541015625,"pp0":0,"dram":29.2940673828125},"cycles":17943277338}
{"runtime":2596,"energy":{"pkg":84.69525146484375,"pp0":0,"dram":28.57745361328125},"cycles":17787780948}
{"runtime":2661,"energy":{"pkg":86.6400146484375,"pp0":0,"dram":27.66229248046875},"cycles":16901995803}
{"runtime":2532,"energy":{"pkg":83.38372802734375,"pp0":0,"dram":29.684326171875},"cycles":17727214554}
{"runtime":2902,"energy":{"pkg":93.48809814453125,"pp0":0,"dram":29.79840087890625},"cycles":17913054138}
