{"runtime":2548,"energy":{"pkg":85.73907470703125,"pp0":0,"dram":29.86248779296875},"cycles":12175030837}
{"runtime":2470,"energy":{"pkg":84.2508544921875,"pp0":0,"dram":27.00946044921875},"cycles":12215679091}
{"runtime":2792,"energy":{"pkg":88.0823974609375,"pp0":0,"dram":26.2894287109375},"cycles":12117974801}
{"runtime":2854,"energy":{"pkg":90.1644287109375,"pp0":0,"dram":29.92108154296875},"cycles":12219275134}
{"runtime":2454,"energy":{"pkg":81.19732666015625,"pp0":0,"dram":26.341796875},"cycles":12218306490}
{"runtime":2608,"energy":{"pkg":87.54534912109375,"pp0":0,"dram":28.98052978515625},"cycles":12197670234}
{"runtime":2567,"energy":{"pkg":85.1912841796875,"pp0":0,"dram":25.1240234375},"cycles":12141279321}
{"runtime":2890,"energy":{"pkg":89.598388671875,"pp0":0,"dram":28.4505615234375},"cycles":12121299855}
{"runtime":2635,"energy":{"pkg":85.270751953125,"pp0":0,"dram":27.9849853515625},"cycles":12158812437}
{"runtime":2750,"energy":{"pkg":87.22052001953125,"pp0":0,"dram":26.86541748046875},"cycles":12182748178}
