{"runtime":6785,"energy":{"pkg":359.937255859375,"pp0":0,"dram":65.04656982421875},"cycles":69688826445}
{"runtime":6907,"energy":{"pkg":369.23919677734375,"pp0":0,"dram":66.63861083984375},"cycles":68596208244}
{"runtime":7040,"energy":{"pkg":372.76055908203125,"pp0":0,"dram":69.64178466796875},"cycles":68204464969}
{"runtime":6795,"energy":{"pkg":362.7347412109375,"pp0":0,"dram":66.47357177734375},"cycles":68825186126}
{"runtime":6759,"energy":{"pkg":363.552734375,"pp0":0,"dram":66.94091796875},"cycles":68621924936}
{"runtime":6790,"energy":{"pkg":371.80047607421875,"pp0":0,"dram":65.21649169921875},"cycles":68503576517}
{"runtime":7356,"energy":{"pkg":375.77099609375,"pp0":0,"dram":73.5928955078125},"cycles":69524481343}
{"runtime":6674,"energy":{"pkg":370.57293701171875,"pp0":0,"dram":66.11810302734375},"cycles":69353282683}
{"runtime":6896,"energy":{"pkg":356.06787109375,"pp0":0,"dram":67.85455322265625},"cycles":68261621246}
{"runtime":7111,"energy":{"pkg":366.5498046875,"pp0":0,"dram":76.28515625},"cycles":69319054817}
