{"runtime":1161,"energy":{"pkg":92.75701904296875,"pp0":0,"dram":10.803466796875},"cycles":75686856070}
{"runtime":1160,"energy":{"pkg":95.80810546875,"pp0":0,"dram":10.87506103515625},"cycles":75611232780}
{"runtime":1181,"energy":{"pkg":96.88763427734375,"pp0":0,"dram":11.09857177734375},"cycles":75613744911}
{"runtime":1167,"energy":{"pkg":96.31488037109375,"pp0":0,"dram":10.927734375},"cycles":75177412644}
{"runtime":1161,"energy":{"pkg":96.121337890625,"pp0":0,"dram":10.8131103515625},"cycles":75453258299}
{"runtime":1161,"energy":{"pkg":96.15716552734375,"pp0":0,"dram":10.746337890625},"cycles":75671068901}
{"runtime":1160,"energy":{"pkg":96.21783447265625,"pp0":0,"dram":10.76416015625},"cycles":75508720869}
{"runtime":1183,"energy":{"pkg":97.1500244140625,"pp0":0,"dram":10.99639892578125},"cycles":75528215737}
{"runtime":1170,"energy":{"pkg":96.6798095703125,"pp0":0,"dram":10.8656005859375},"cycles":75251229186}
{"runtime":1166,"energy":{"pkg":96.51092529296875,"pp0":0,"dram":10.88409423828125},"cycles":75701101973}
