{"runtime":1162,"energy":{"pkg":95.41937255859375,"pp0":0,"dram":10.859619140625},"cycles":75319096020}
{"runtime":1160,"energy":{"pkg":95.35308837890625,"pp0":0,"dram":10.93072509765625},"cycles":75617136063}
{"runtime":1194,"energy":{"pkg":97.2001953125,"pp0":0,"dram":11.37750244140625},"cycles":75051149082}
{"runtime":1159,"energy":{"pkg":95.69525146484375,"pp0":0,"dram":10.89520263671875},"cycles":75532857834}
{"runtime":1160,"energy":{"pkg":95.7354736328125,"pp0":0,"dram":10.90936279296875},"cycles":75518298723}
{"runtime":1187,"energy":{"pkg":97.07562255859375,"pp0":0,"dram":11.22430419921875},"cycles":75408171300}
{"runtime":1192,"energy":{"pkg":97.5008544921875,"pp0":0,"dram":11.34405517578125},"cycles":75185155773}
{"runtime":1161,"energy":{"pkg":95.64886474609375,"pp0":0,"dram":11.00830078125},"cycles":75634404279}
{"runtime":1204,"energy":{"pkg":97.9814453125,"pp0":0,"dram":11.349609375},"cycles":74853283071}
{"runtime":1160,"energy":{"pkg":95.63140869140625,"pp0":0,"dram":10.95904541015625},"cycles":75479864943}
{"runtime":1160,"energy":{"pkg":95.8800048828125,"pp0":0,"dram":11.031005859375},"cycles":75527964141}
{"runtime":1181,"energy":{"pkg":96.6365966796875,"pp0":0,"dram":11.1107177734375},"cycles":75097956759}
{"runtime":1159,"energy":{"pkg":95.55084228515625,"pp0":0,"dram":10.91845703125},"cycles":75664062558}
{"runtime":1161,"energy":{"pkg":95.7567138671875,"pp0":0,"dram":10.90716552734375},"cycles":75546649626}
{"runtime":1160,"energy":{"pkg":95.6700439453125,"pp0":0,"dram":10.97735595703125},"cycles":75617315991}
{"runtime":1159,"energy":{"pkg":95.654296875,"pp0":0,"dram":10.9818115234375},"cycles":75355338240}
{"runtime":1181,"energy":{"pkg":96.59600830078125,"pp0":0,"dram":11.20703125},"cycles":75715514217}
{"runtime":1192,"energy":{"pkg":97.086181640625,"pp0":0,"dram":11.2330322265625},"cycles":75350806713}
{"runtime":1180,"energy":{"pkg":96.59405517578125,"pp0":0,"dram":11.193359375},"cycles":75670591941}
{"runtime":1181,"energy":{"pkg":96.6468505859375,"pp0":0,"dram":11.2232666015625},"cycles":75329299017}
{"runtime":1178,"energy":{"pkg":96.5467529296875,"pp0":0,"dram":11.2144775390625},"cycles":75561365691}
