{"runtime":8634,"energy":{"pkg":296.662841796875,"pp0":0,"dram":64.5455322265625},"cycles":17196535675}
{"runtime":8198,"energy":{"pkg":297.0322265625,"pp0":0,"dram":61.47698974609375},"cycles":17188392074}
{"runtime":8200,"energy":{"pkg":296.5655517578125,"pp0":0,"dram":61.57073974609375},"cycles":17193271349}
{"runtime":8199,"energy":{"pkg":296.17230224609375,"pp0":0,"dram":61.35333251953125},"cycles":17190142935}
{"runtime":8197,"energy":{"pkg":296.11669921875,"pp0":0,"dram":61.9290771484375},"cycles":17186759170}
{"runtime":8200,"energy":{"pkg":295.89990234375,"pp0":0,"dram":61.67755126953125},"cycles":17191051692}
{"runtime":8197,"energy":{"pkg":295.6434326171875,"pp0":0,"dram":61.816650390625},"cycles":17185070624}
{"runtime":8530,"energy":{"pkg":293.64752197265625,"pp0":0,"dram":63.171630859375},"cycles":17195155129}
{"runtime":8198,"energy":{"pkg":295.4056396484375,"pp0":0,"dram":59.44769287109375},"cycles":17188339294}
{"runtime":8032,"energy":{"pkg":276.5208740234375,"pp0":0,"dram":58.1922607421875},"cycles":16070149158}
