{"runtime":8534,"energy":{"pkg":295.51416015625,"pp0":0,"dram":63.025634765625},"cycles":17903345439}
{"runtime":8564,"energy":{"pkg":299.50494384765625,"pp0":0,"dram":62.99383544921875},"cycles":17964473877}
{"runtime":8516,"energy":{"pkg":298.17352294921875,"pp0":0,"dram":62.67547607421875},"cycles":17866095744}
{"runtime":8486,"energy":{"pkg":297.96343994140625,"pp0":0,"dram":62.30694580078125},"cycles":17804140263}
{"runtime":8465,"energy":{"pkg":294.4752197265625,"pp0":0,"dram":62.48223876953125},"cycles":17758505583}
{"runtime":8521,"energy":{"pkg":292.83038330078125,"pp0":0,"dram":62.6287841796875},"cycles":17875576467}
{"runtime":8598,"energy":{"pkg":295.02313232421875,"pp0":0,"dram":63.41265869140625},"cycles":18037583508}
{"runtime":7900,"energy":{"pkg":272.67413330078125,"pp0":0,"dram":58.0594482421875},"cycles":16573547193}
{"runtime":8196,"energy":{"pkg":297.22625732421875,"pp0":0,"dram":60.39788818359375},"cycles":17194966257}
{"runtime":8540,"energy":{"pkg":291.8045654296875,"pp0":0,"dram":62.86029052734375},"cycles":17916528336}
{"runtime":8629,"energy":{"pkg":297.61468505859375,"pp0":0,"dram":63.282958984375},"cycles":18103263864}
{"runtime":8489,"energy":{"pkg":292.8143310546875,"pp0":0,"dram":62.44342041015625},"cycles":17809570149}
{"runtime":8460,"energy":{"pkg":291.4183349609375,"pp0":0,"dram":62.10113525390625},"cycles":17749320708}
{"runtime":8449,"energy":{"pkg":291.88763427734375,"pp0":0,"dram":62.23895263671875},"cycles":17724816816}
{"runtime":8193,"energy":{"pkg":294.97100830078125,"pp0":0,"dram":60.402587890625},"cycles":17190825729}
{"runtime":8542,"energy":{"pkg":292.9371337890625,"pp0":0,"dram":62.40155029296875},"cycles":17920803873}
{"runtime":8488,"energy":{"pkg":292.45849609375,"pp0":0,"dram":62.12335205078125},"cycles":17806825365}
{"runtime":8481,"energy":{"pkg":295.00762939453125,"pp0":0,"dram":62.50225830078125},"cycles":17791725042}
{"runtime":8501,"energy":{"pkg":292.863037109375,"pp0":0,"dram":62.5052490234375},"cycles":17832714186}
{"runtime":8193,"energy":{"pkg":294.9801025390625,"pp0":0,"dram":60.004150390625},"cycles":17190033903}
{"runtime":7962,"energy":{"pkg":273.56646728515625,"pp0":0,"dram":58.3289794921875},"cycles":16701910974}
