{"runtime":2503,"energy":{"pkg":66.46722412109375,"pp0":0,"dram":18.46185302734375},"cycles":3037612365}
{"runtime":2512,"energy":{"pkg":66.59197998046875,"pp0":0,"dram":18.58709716796875},"cycles":3048151700}
{"runtime":2491,"energy":{"pkg":66.23248291015625,"pp0":0,"dram":18.42657470703125},"cycles":3047477413}
{"runtime":2486,"energy":{"pkg":65.99615478515625,"pp0":0,"dram":18.36236572265625},"cycles":3015665164}
{"runtime":2499,"energy":{"pkg":66.45977783203125,"pp0":0,"dram":20.69287109375},"cycles":3035538433}
{"runtime":2523,"energy":{"pkg":67.2044677734375,"pp0":0,"dram":18.78125},"cycles":3062249119}
{"runtime":2507,"energy":{"pkg":66.414794921875,"pp0":0,"dram":18.50714111328125},"cycles":3045027148}
{"runtime":2514,"energy":{"pkg":66.50054931640625,"pp0":0,"dram":18.618408203125},"cycles":3051988951}
{"runtime":2483,"energy":{"pkg":65.29132080078125,"pp0":0,"dram":18.4415283203125},"cycles":3014409267}
{"runtime":2522,"energy":{"pkg":67.04766845703125,"pp0":0,"dram":18.736328125},"cycles":3062845621}
