{"runtime":534,"energy":{"pkg":16.5543212890625,"pp0":0,"dram":7.10235595703125},"cycles":1899052270}
{"runtime":535,"energy":{"pkg":16.8651123046875,"pp0":0,"dram":7.10711669921875},"cycles":1920901486}
{"runtime":523,"energy":{"pkg":16.14617919921875,"pp0":0,"dram":6.93243408203125},"cycles":1841623531}
{"runtime":534,"energy":{"pkg":16.7388916015625,"pp0":0,"dram":7.070556640625},"cycles":2011665284}
{"runtime":524,"energy":{"pkg":16.61187744140625,"pp0":0,"dram":7.06414794921875},"cycles":1835623151}
{"runtime":528,"energy":{"pkg":16.44580078125,"pp0":0,"dram":7.1956787109375},"cycles":1869487406}
{"runtime":531,"energy":{"pkg":16.44989013671875,"pp0":0,"dram":7.08013916015625},"cycles":1893542445}
{"runtime":531,"energy":{"pkg":16.32000732421875,"pp0":0,"dram":6.89459228515625},"cycles":1901961934}
{"runtime":523,"energy":{"pkg":16.32513427734375,"pp0":0,"dram":6.9044189453125},"cycles":1881493028}
{"runtime":527,"energy":{"pkg":16.25982666015625,"pp0":0,"dram":6.82470703125},"cycles":1980540988}
