{"runtime":527,"energy":{"pkg":16.27789306640625,"pp0":0,"dram":6.77593994140625},"cycles":3463616268}
{"runtime":529,"energy":{"pkg":16.25030517578125,"pp0":0,"dram":6.97381591796875},"cycles":3355956135}
{"runtime":527,"energy":{"pkg":16.1524658203125,"pp0":0,"dram":6.7783203125},"cycles":3441422208}
{"runtime":533,"energy":{"pkg":16.36224365234375,"pp0":0,"dram":6.8770751953125},"cycles":3657315354}
{"runtime":528,"energy":{"pkg":16.2996826171875,"pp0":0,"dram":7.06561279296875},"cycles":3430240044}
{"runtime":529,"energy":{"pkg":16.0484619140625,"pp0":0,"dram":7.09112548828125},"cycles":3419361876}
{"runtime":525,"energy":{"pkg":16.28704833984375,"pp0":0,"dram":6.84808349609375},"cycles":3467211909}
{"runtime":529,"energy":{"pkg":16.17633056640625,"pp0":0,"dram":7.146240234375},"cycles":3401715408}
{"runtime":528,"energy":{"pkg":16.18572998046875,"pp0":0,"dram":7.05633544921875},"cycles":3440010105}
{"runtime":530,"energy":{"pkg":16.0582275390625,"pp0":0,"dram":7.14251708984375},"cycles":3476076072}
{"runtime":525,"energy":{"pkg":16.24334716796875,"pp0":0,"dram":6.88226318359375},"cycles":3392619216}
{"runtime":529,"energy":{"pkg":16.12884521484375,"pp0":0,"dram":7.05059814453125},"cycles":3351281409}
{"runtime":528,"energy":{"pkg":16.200927734375,"pp0":0,"dram":7.03857421875},"cycles":3465845922}
{"runtime":528,"energy":{"pkg":16.1514892578125,"pp0":0,"dram":7.0303955078125},"cycles":3478433007}
{"runtime":529,"energy":{"pkg":16.2476806640625,"pp0":0,"dram":7.17022705078125},"cycles":3169562991}
{"runtime":523,"energy":{"pkg":16.1427001953125,"pp0":0,"dram":6.87786865234375},"cycles":3350451195}
{"runtime":534,"energy":{"pkg":16.50177001953125,"pp0":0,"dram":7.0904541015625},"cycles":3526679310}
{"runtime":531,"energy":{"pkg":16.1866455078125,"pp0":0,"dram":7.14703369140625},"cycles":3382578507}
{"runtime":533,"energy":{"pkg":16.20489501953125,"pp0":0,"dram":7.216552734375},"cycles":3314506419}
{"runtime":526,"energy":{"pkg":16.03424072265625,"pp0":0,"dram":7.08831787109375},"cycles":3296685189}
{"runtime":532,"energy":{"pkg":16.06195068359375,"pp0":0,"dram":7.14105224609375},"cycles":3497356065}
