{"runtime":1045,"energy":{"pkg":38.296142578125,"pp0":0,"dram":7.9227294921875},"cycles":7070476413}
{"runtime":921,"energy":{"pkg":34.58404541015625,"pp0":0,"dram":6.90521240234375},"cycles":6714447726}
{"runtime":989,"energy":{"pkg":32.65948486328125,"pp0":0,"dram":7.40447998046875},"cycles":7745776269}
{"runtime":1169,"energy":{"pkg":40.0714111328125,"pp0":0,"dram":8.79327392578125},"cycles":7525598304}
{"runtime":950,"energy":{"pkg":33.1064453125,"pp0":0,"dram":7.16143798828125},"cycles":7127154615}
{"runtime":919,"energy":{"pkg":32.541015625,"pp0":0,"dram":6.92669677734375},"cycles":6687812040}
{"runtime":948,"energy":{"pkg":35.185791015625,"pp0":0,"dram":7.0574951171875},"cycles":6337276512}
{"runtime":948,"energy":{"pkg":33.57415771484375,"pp0":0,"dram":7.101318359375},"cycles":6919210431}
{"runtime":952,"energy":{"pkg":33.669921875,"pp0":0,"dram":7.13690185546875},"cycles":6656344233}
{"runtime":1013,"energy":{"pkg":37.178955078125,"pp0":0,"dram":7.57733154296875},"cycles":6617030322}
{"runtime":992,"energy":{"pkg":36.16668701171875,"pp0":0,"dram":8.8807373046875},"cycles":7178544618}
{"runtime":1047,"energy":{"pkg":35.09698486328125,"pp0":0,"dram":9.42608642578125},"cycles":8555168433}
{"runtime":1000,"energy":{"pkg":35.7774658203125,"pp0":0,"dram":7.5155029296875},"cycles":7216520682}
{"runtime":952,"energy":{"pkg":34.13568115234375,"pp0":0,"dram":7.1817626953125},"cycles":6840584877}
{"runtime":967,"energy":{"pkg":35.23583984375,"pp0":0,"dram":8.69329833984375},"cycles":6914915658}
{"runtime":905,"energy":{"pkg":32.18121337890625,"pp0":0,"dram":6.850830078125},"cycles":6659802513}
{"runtime":902,"energy":{"pkg":33.8876953125,"pp0":0,"dram":6.7587890625},"cycles":6649835934}
{"runtime":957,"energy":{"pkg":36.51641845703125,"pp0":0,"dram":8.6922607421875},"cycles":6793712142}
{"runtime":923,"energy":{"pkg":34.70654296875,"pp0":0,"dram":8.43707275390625},"cycles":7266435246}
{"runtime":951,"energy":{"pkg":32.8695068359375,"pp0":0,"dram":7.20355224609375},"cycles":7031773770}
{"runtime":958,"energy":{"pkg":33.49169921875,"pp0":0,"dram":7.197265625},"cycles":6693136023}
