{"runtime":1094,"energy":{"pkg":34.84918212890625,"pp0":0,"dram":8.2447509765625},"cycles":5630253940}
{"runtime":1107,"energy":{"pkg":36.94891357421875,"pp0":0,"dram":8.15496826171875},"cycles":5621423589}
{"runtime":978,"energy":{"pkg":33.8543701171875,"pp0":0,"dram":7.3175048828125},"cycles":5636447936}
{"runtime":947,"energy":{"pkg":34.42401123046875,"pp0":0,"dram":7.10064697265625},"cycles":5623434662}
{"runtime":1083,"energy":{"pkg":40.216552734375,"pp0":0,"dram":8.4407958984375},"cycles":5644561152}
{"runtime":1002,"energy":{"pkg":34.66259765625,"pp0":0,"dram":7.56317138671875},"cycles":5641000367}
{"runtime":1030,"energy":{"pkg":36.17462158203125,"pp0":0,"dram":7.5635986328125},"cycles":5616682632}
{"runtime":986,"energy":{"pkg":39.42498779296875,"pp0":0,"dram":7.1781005859375},"cycles":5603894243}
{"runtime":969,"energy":{"pkg":36.09747314453125,"pp0":0,"dram":8.37677001953125},"cycles":5637589819}
{"runtime":949,"energy":{"pkg":33.9840087890625,"pp0":0,"dram":6.998046875},"cycles":5623191158}
