{"runtime":1608,"energy":{"pkg":66.428466796875,"pp0":0,"dram":19.98736572265625},"cycles":16397360007}
{"runtime":1305,"energy":{"pkg":57.26043701171875,"pp0":0,"dram":16.701171875},"cycles":15189658008}
{"runtime":1279,"energy":{"pkg":57.6787109375,"pp0":0,"dram":16.39727783203125},"cycles":14721527961}
{"runtime":1496,"energy":{"pkg":59.238525390625,"pp0":0,"dram":18.2257080078125},"cycles":15297806370}
{"runtime":1126,"energy":{"pkg":56.0965576171875,"pp0":0,"dram":15.197998046875},"cycles":13435406733}
{"runtime":959,"energy":{"pkg":53.548828125,"pp0":0,"dram":13.11956787109375},"cycles":10145767464}
{"runtime":1087,"energy":{"pkg":58.48858642578125,"pp0":0,"dram":13.845947265625},"cycles":11609049291}
{"runtime":1419,"energy":{"pkg":60.053466796875,"pp0":0,"dram":17.58197021484375},"cycles":14292295962}
{"runtime":1112,"energy":{"pkg":53.97186279296875,"pp0":0,"dram":14.47467041015625},"cycles":11811700320}
{"runtime":1313,"energy":{"pkg":58.12158203125,"pp0":0,"dram":16.74090576171875},"cycles":14784353682}
{"runtime":1052,"energy":{"pkg":55.090087890625,"pp0":0,"dram":13.77496337890625},"cycles":10947180279}
{"runtime":1230,"energy":{"pkg":56.89373779296875,"pp0":0,"dram":15.82818603515625},"cycles":14433446916}
{"runtime":1476,"energy":{"pkg":58.69317626953125,"pp0":0,"dram":18.08966064453125},"cycles":15681902124}
{"runtime":1188,"energy":{"pkg":56.0126953125,"pp0":0,"dram":15.25970458984375},"cycles":13630010415}
{"runtime":942,"energy":{"pkg":52.88861083984375,"pp0":0,"dram":12.70440673828125},"cycles":10810590924}
{"runtime":1003,"energy":{"pkg":56.35504150390625,"pp0":0,"dram":13.14727783203125},"cycles":9790556643}
{"runtime":1041,"energy":{"pkg":57.33343505859375,"pp0":0,"dram":13.5426025390625},"cycles":10217239095}
{"runtime":1169,"energy":{"pkg":58.16375732421875,"pp0":0,"dram":14.35821533203125},"cycles":10016775783}
{"runtime":1037,"energy":{"pkg":56.5322265625,"pp0":0,"dram":13.3746337890625},"cycles":9716981001}
{"runtime":1361,"energy":{"pkg":59.59716796875,"pp0":0,"dram":16.7945556640625},"cycles":12758621547}
{"runtime":1096,"energy":{"pkg":56.93243408203125,"pp0":0,"dram":14.04180908203125},"cycles":10928602209}
