{"runtime":4410,"energy":{"pkg":225.231201171875,"pp0":0,"dram":56.1802978515625},"cycles":28886133801}
{"runtime":4430,"energy":{"pkg":224.71649169921875,"pp0":0,"dram":61.15594482421875},"cycles":30689270157}
{"runtime":4197,"energy":{"pkg":213.07421875,"pp0":0,"dram":57.34228515625},"cycles":29566820766}
{"runtime":3381,"energy":{"pkg":171.45013427734375,"pp0":0,"dram":47.05535888671875},"cycles":23452677822}
{"runtime":4481,"energy":{"pkg":229.09124755859375,"pp0":0,"dram":58.139892578125},"cycles":29612768703}
{"runtime":3698,"energy":{"pkg":188.989990234375,"pp0":0,"dram":48.86724853515625},"cycles":25535789370}
{"runtime":5128,"energy":{"pkg":262.969970703125,"pp0":0,"dram":65.981689453125},"cycles":34659233805}
{"runtime":4060,"energy":{"pkg":206.77020263671875,"pp0":0,"dram":52.75787353515625},"cycles":28776470940}
{"runtime":3901,"energy":{"pkg":200.50537109375,"pp0":0,"dram":53.575439453125},"cycles":28087315536}
{"runtime":4313,"energy":{"pkg":218.3961181640625,"pp0":0,"dram":53.2845458984375},"cycles":27741756126}
{"runtime":4017,"energy":{"pkg":208.04351806640625,"pp0":0,"dram":53.0528564453125},"cycles":30852995040}
{"runtime":4456,"energy":{"pkg":225.171630859375,"pp0":0,"dram":58.26654052734375},"cycles":31658022627}
{"runtime":3210,"energy":{"pkg":162.5892333984375,"pp0":0,"dram":43.10528564453125},"cycles":24930128937}
{"runtime":3522,"energy":{"pkg":178.16436767578125,"pp0":0,"dram":47.76580810546875},"cycles":24205841373}
{"runtime":3528,"energy":{"pkg":178.474365234375,"pp0":0,"dram":45.57403564453125},"cycles":24499729338}
{"runtime":3203,"energy":{"pkg":161.41326904296875,"pp0":0,"dram":46.2281494140625},"cycles":24161137119}
{"runtime":3545,"energy":{"pkg":183.39111328125,"pp0":0,"dram":49.74786376953125},"cycles":29220711009}
{"runtime":3151,"energy":{"pkg":161.38494873046875,"pp0":0,"dram":43.20159912109375},"cycles":24062259186}
{"runtime":4193,"energy":{"pkg":214.28875732421875,"pp0":0,"dram":53.675537109375},"cycles":28032134193}
{"runtime":3788,"energy":{"pkg":190.31280517578125,"pp0":0,"dram":50.611083984375},"cycles":25619585523}
{"runtime":3417,"energy":{"pkg":173.01202392578125,"pp0":0,"dram":45.08148193359375},"cycles":23881855767}
