{"runtime":2451,"energy":{"pkg":203.63818359375,"pp0":0,"dram":22.2501220703125},"cycles":103808770758}
{"runtime":2487,"energy":{"pkg":207.95758056640625,"pp0":0,"dram":22.80975341796875},"cycles":101969460726}
{"runtime":2333,"energy":{"pkg":200.49395751953125,"pp0":0,"dram":21.44378662109375},"cycles":99274144725}
{"runtime":2347,"energy":{"pkg":201.96087646484375,"pp0":0,"dram":21.49945068359375},"cycles":101229540195}
{"runtime":2446,"energy":{"pkg":204.7275390625,"pp0":0,"dram":22.4085693359375},"cycles":105524358219}
{"runtime":2340,"energy":{"pkg":200.33148193359375,"pp0":0,"dram":21.3067626953125},"cycles":99914389302}
{"runtime":2378,"energy":{"pkg":202.8076171875,"pp0":0,"dram":21.6705322265625},"cycles":102780757107}
{"runtime":2455,"energy":{"pkg":205.50177001953125,"pp0":0,"dram":22.33782958984375},"cycles":104281164099}
{"runtime":2370,"energy":{"pkg":202.2020263671875,"pp0":0,"dram":21.70452880859375},"cycles":102787005090}
{"runtime":2373,"energy":{"pkg":202.7056884765625,"pp0":0,"dram":21.57025146484375},"cycles":101783484201}
{"runtime":2380,"energy":{"pkg":204.12469482421875,"pp0":0,"dram":21.66925048828125},"cycles":102629872443}
{"runtime":2374,"energy":{"pkg":202.98834228515625,"pp0":0,"dram":21.44293212890625},"cycles":101519764542}
{"runtime":2339,"energy":{"pkg":202.11676025390625,"pp0":0,"dram":21.32733154296875},"cycles":100627789899}
{"runtime":2380,"energy":{"pkg":204.54608154296875,"pp0":0,"dram":21.8914794921875},"cycles":102326593026}
{"runtime":2450,"energy":{"pkg":206.95147705078125,"pp0":0,"dram":22.15142822265625},"cycles":103069339233}
{"runtime":2320,"energy":{"pkg":201.03948974609375,"pp0":0,"dram":21.2159423828125},"cycles":100549005522}
{"runtime":2384,"energy":{"pkg":204.72515869140625,"pp0":0,"dram":21.7611083984375},"cycles":102293747472}
{"runtime":2395,"energy":{"pkg":203.65008544921875,"pp0":0,"dram":21.78717041015625},"cycles":102799816455}
{"runtime":2277,"energy":{"pkg":199.8001708984375,"pp0":0,"dram":20.7530517578125},"cycles":100726304994}
{"runtime":2449,"energy":{"pkg":207.9234619140625,"pp0":0,"dram":22.3905029296875},"cycles":102527269866}
{"runtime":2383,"energy":{"pkg":204.232666015625,"pp0":0,"dram":21.7261962890625},"cycles":101867847480}
