{"runtime":1482,"energy":{"pkg":95.54132080078125,"pp0":0,"dram":17.2237548828125},"cycles":42021624498}
{"runtime":1631,"energy":{"pkg":99.71746826171875,"pp0":0,"dram":18.56182861328125},"cycles":41819773065}
{"runtime":1615,"energy":{"pkg":99.8455810546875,"pp0":0,"dram":18.49774169921875},"cycles":42279552126}
{"runtime":1482,"energy":{"pkg":95.2274169921875,"pp0":0,"dram":17.21771240234375},"cycles":42034306020}
{"runtime":1485,"energy":{"pkg":95.41522216796875,"pp0":0,"dram":17.21624755859375},"cycles":41922894363}
{"runtime":1620,"energy":{"pkg":98.552978515625,"pp0":0,"dram":18.87451171875},"cycles":42048881049}
{"runtime":1649,"energy":{"pkg":99.99322509765625,"pp0":0,"dram":18.79498291015625},"cycles":42216793437}
{"runtime":1641,"energy":{"pkg":100.0953369140625,"pp0":0,"dram":18.558837890625},"cycles":42064221171}
{"runtime":1604,"energy":{"pkg":98.33660888671875,"pp0":0,"dram":18.0782470703125},"cycles":41922153441}
{"runtime":1484,"energy":{"pkg":95.0709228515625,"pp0":0,"dram":17.1466064453125},"cycles":41720922201}
{"runtime":1481,"energy":{"pkg":94.90216064453125,"pp0":0,"dram":17.5965576171875},"cycles":41669130069}
{"runtime":1665,"energy":{"pkg":101.919921875,"pp0":0,"dram":19.23907470703125},"cycles":43402011975}
{"runtime":1630,"energy":{"pkg":99.12579345703125,"pp0":0,"dram":18.60601806640625},"cycles":41994547959}
{"runtime":1489,"energy":{"pkg":95.5228271484375,"pp0":0,"dram":17.4952392578125},"cycles":42197106378}
{"runtime":1697,"energy":{"pkg":102.95208740234375,"pp0":0,"dram":19.83111572265625},"cycles":44098133037}
{"runtime":1637,"energy":{"pkg":98.95635986328125,"pp0":0,"dram":18.35943603515625},"cycles":41932805775}
{"runtime":1640,"energy":{"pkg":99.47186279296875,"pp0":0,"dram":18.43255615234375},"cycles":41978612235}
{"runtime":1650,"energy":{"pkg":100.00408935546875,"pp0":0,"dram":18.94122314453125},"cycles":42158266689}
{"runtime":1479,"energy":{"pkg":94.4398193359375,"pp0":0,"dram":17.21893310546875},"cycles":41799377067}
{"runtime":1641,"energy":{"pkg":99.70172119140625,"pp0":0,"dram":18.61767578125},"cycles":42465547572}
{"runtime":1645,"energy":{"pkg":100.69903564453125,"pp0":0,"dram":18.96246337890625},"cycles":43323982380}
