{"runtime":213,"energy":{"pkg":18.85418701171875,"pp0":0,"dram":2.0262451171875},"cycles":13967405235}
{"runtime":211,"energy":{"pkg":18.86541748046875,"pp0":0,"dram":2.03509521484375},"cycles":13889010324}
{"runtime":213,"energy":{"pkg":18.91009521484375,"pp0":0,"dram":2.0640869140625},"cycles":13919636703}
{"runtime":211,"energy":{"pkg":19.06414794921875,"pp0":0,"dram":2.05615234375},"cycles":13813892148}
{"runtime":217,"energy":{"pkg":19.12664794921875,"pp0":0,"dram":2.087158203125},"cycles":14120940561}
{"runtime":215,"energy":{"pkg":18.9591064453125,"pp0":0,"dram":2.084716796875},"cycles":14026706967}
{"runtime":228,"energy":{"pkg":19.46673583984375,"pp0":0,"dram":2.18304443359375},"cycles":14882550333}
{"runtime":214,"energy":{"pkg":18.84222412109375,"pp0":0,"dram":2.07232666015625},"cycles":13985028183}
{"runtime":211,"energy":{"pkg":19.0576171875,"pp0":0,"dram":2.008056640625},"cycles":13881985551}
{"runtime":215,"energy":{"pkg":19.0906982421875,"pp0":0,"dram":2.0626220703125},"cycles":14033290950}
{"runtime":214,"energy":{"pkg":18.964599609375,"pp0":0,"dram":2.087890625},"cycles":14027303178}
{"runtime":228,"energy":{"pkg":19.58648681640625,"pp0":0,"dram":2.18328857421875},"cycles":14867064576}
{"runtime":213,"energy":{"pkg":18.82958984375,"pp0":0,"dram":2.0596923828125},"cycles":13938415785}
{"runtime":213,"energy":{"pkg":18.98089599609375,"pp0":0,"dram":2.06317138671875},"cycles":13894220529}
{"runtime":213,"energy":{"pkg":18.88531494140625,"pp0":0,"dram":2.0072021484375},"cycles":13902080598}
{"runtime":209,"energy":{"pkg":18.96875,"pp0":0,"dram":2.030029296875},"cycles":13753304796}
{"runtime":213,"energy":{"pkg":18.97149658203125,"pp0":0,"dram":2.03131103515625},"cycles":13955662644}
{"runtime":216,"energy":{"pkg":19.3321533203125,"pp0":0,"dram":2.109375},"cycles":14045807013}
{"runtime":222,"energy":{"pkg":19.20880126953125,"pp0":0,"dram":2.1177978515625},"cycles":14453822775}
{"runtime":214,"energy":{"pkg":18.8104248046875,"pp0":0,"dram":2.03753662109375},"cycles":14001037659}
{"runtime":211,"energy":{"pkg":18.6630859375,"pp0":0,"dram":2.0528564453125},"cycles":13814153178}
