{"runtime":539,"energy":{"pkg":18.7586669921875,"pp0":0,"dram":6.1500244140625},"cycles":2776378290}
{"runtime":556,"energy":{"pkg":20.396484375,"pp0":0,"dram":6.44390869140625},"cycles":2913236592}
{"runtime":546,"energy":{"pkg":18.85223388671875,"pp0":0,"dram":6.768798828125},"cycles":2936463852}
{"runtime":581,"energy":{"pkg":19.32305908203125,"pp0":0,"dram":6.7576904296875},"cycles":3041990091}
{"runtime":576,"energy":{"pkg":19.41033935546875,"pp0":0,"dram":6.71185302734375},"cycles":2988277530}
{"runtime":534,"energy":{"pkg":18.800537109375,"pp0":0,"dram":6.25421142578125},"cycles":2845441830}
{"runtime":546,"energy":{"pkg":18.96856689453125,"pp0":0,"dram":6.4017333984375},"cycles":2931828417}
{"runtime":649,"energy":{"pkg":20.92962646484375,"pp0":0,"dram":7.43115234375},"cycles":3196035150}
{"runtime":499,"energy":{"pkg":18.0721435546875,"pp0":0,"dram":5.98681640625},"cycles":2776641462}
{"runtime":527,"energy":{"pkg":19.25244140625,"pp0":0,"dram":6.24542236328125},"cycles":2857178520}
{"runtime":444,"energy":{"pkg":18.0123291015625,"pp0":0,"dram":5.51422119140625},"cycles":2658603990}
{"runtime":452,"energy":{"pkg":17.872802734375,"pp0":0,"dram":5.57806396484375},"cycles":2715175575}
{"runtime":461,"energy":{"pkg":18.30303955078125,"pp0":0,"dram":5.71337890625},"cycles":2710192023}
{"runtime":550,"energy":{"pkg":18.96728515625,"pp0":0,"dram":6.417236328125},"cycles":2900992647}
{"runtime":521,"energy":{"pkg":19.04193115234375,"pp0":0,"dram":6.22222900390625},"cycles":2858627772}
{"runtime":508,"energy":{"pkg":19.039306640625,"pp0":0,"dram":6.18121337890625},"cycles":2793950502}
{"runtime":533,"energy":{"pkg":19.02606201171875,"pp0":0,"dram":6.31658935546875},"cycles":2881026771}
{"runtime":482,"energy":{"pkg":18.2464599609375,"pp0":0,"dram":5.94873046875},"cycles":2808152865}
{"runtime":713,"energy":{"pkg":21.9674072265625,"pp0":0,"dram":7.97271728515625},"cycles":3413602794}
{"runtime":613,"energy":{"pkg":19.8101806640625,"pp0":0,"dram":7.006103515625},"cycles":3084465321}
{"runtime":597,"energy":{"pkg":19.65948486328125,"pp0":0,"dram":6.87994384765625},"cycles":3083451462}
