{"runtime":166,"energy":{"pkg":12.8526611328125,"pp0":0,"dram":2.012939453125},"cycles":10884118833}
{"runtime":163,"energy":{"pkg":12.860107421875,"pp0":0,"dram":2.04351806640625},"cycles":10716942747}
{"runtime":167,"energy":{"pkg":12.7967529296875,"pp0":0,"dram":1.75189208984375},"cycles":10958836917}
{"runtime":162,"energy":{"pkg":12.99176025390625,"pp0":0,"dram":2.0537109375},"cycles":10668460614}
{"runtime":167,"energy":{"pkg":13.0823974609375,"pp0":0,"dram":1.9246826171875},"cycles":10956548484}
{"runtime":160,"energy":{"pkg":13.0399169921875,"pp0":0,"dram":1.92486572265625},"cycles":10579360722}
{"runtime":168,"energy":{"pkg":13.503662109375,"pp0":0,"dram":1.93975830078125},"cycles":11062291443}
{"runtime":162,"energy":{"pkg":13.12408447265625,"pp0":0,"dram":1.98291015625},"cycles":10695367998}
{"runtime":162,"energy":{"pkg":13.083984375,"pp0":0,"dram":1.93792724609375},"cycles":10650252459}
{"runtime":165,"energy":{"pkg":13.73370361328125,"pp0":0,"dram":2.15478515625},"cycles":10909048626}
{"runtime":167,"energy":{"pkg":13.77069091796875,"pp0":0,"dram":2.2359619140625},"cycles":10999009770}
{"runtime":171,"energy":{"pkg":13.3154296875,"pp0":0,"dram":1.83843994140625},"cycles":11233013526}
{"runtime":166,"energy":{"pkg":13.46807861328125,"pp0":0,"dram":1.86328125},"cycles":10921564395}
{"runtime":167,"energy":{"pkg":13.3302001953125,"pp0":0,"dram":1.950927734375},"cycles":10954451466}
{"runtime":162,"energy":{"pkg":13.14642333984375,"pp0":0,"dram":1.9869384765625},"cycles":10693533291}
{"runtime":168,"energy":{"pkg":13.66485595703125,"pp0":0,"dram":2.1046142578125},"cycles":11082235752}
{"runtime":161,"energy":{"pkg":13.2093505859375,"pp0":0,"dram":1.9658203125},"cycles":10671128328}
{"runtime":166,"energy":{"pkg":13.42718505859375,"pp0":0,"dram":2.0491943359375},"cycles":10942557717}
{"runtime":167,"energy":{"pkg":13.8739013671875,"pp0":0,"dram":2.05316162109375},"cycles":11055313647}
{"runtime":167,"energy":{"pkg":13.50872802734375,"pp0":0,"dram":2.07965087890625},"cycles":10994861640}
{"runtime":165,"energy":{"pkg":13.58892822265625,"pp0":0,"dram":1.89337158203125},"cycles":10912362216}
