{"runtime":4591,"energy":{"pkg":371.96478271484375,"pp0":0,"dram":41.5128173828125},"cycles":237390952155}
{"runtime":4476,"energy":{"pkg":372.11798095703125,"pp0":0,"dram":41.36541748046875},"cycles":238283027115}
{"runtime":4608,"energy":{"pkg":369.88507080078125,"pp0":0,"dram":41.3448486328125},"cycles":232755142893}
{"runtime":4653,"energy":{"pkg":382.0823974609375,"pp0":0,"dram":42.609130859375},"cycles":241674892620}
{"runtime":4480,"energy":{"pkg":369.0517578125,"pp0":0,"dram":40.5826416015625},"cycles":237917203503}
{"runtime":4706,"energy":{"pkg":382.6614990234375,"pp0":0,"dram":43.04095458984375},"cycles":239389987788}
{"runtime":4410,"energy":{"pkg":362.352294921875,"pp0":0,"dram":40.10577392578125},"cycles":234266611656}
{"runtime":4488,"energy":{"pkg":377.06494140625,"pp0":0,"dram":41.2578125},"cycles":237758567949}
{"runtime":4736,"energy":{"pkg":375.50543212890625,"pp0":0,"dram":42.19464111328125},"cycles":238394667882}
{"runtime":4645,"energy":{"pkg":378.2091064453125,"pp0":0,"dram":42.62359619140625},"cycles":238534093644}
{"runtime":4769,"energy":{"pkg":384.4619140625,"pp0":0,"dram":43.1170654296875},"cycles":240751676655}
{"runtime":4582,"energy":{"pkg":374.225830078125,"pp0":0,"dram":41.86700439453125},"cycles":234125486679}
{"runtime":4461,"energy":{"pkg":366.0496826171875,"pp0":0,"dram":40.5679931640625},"cycles":232380787968}
{"runtime":4604,"energy":{"pkg":375.5152587890625,"pp0":0,"dram":42.3602294921875},"cycles":238227096513}
{"runtime":4663,"energy":{"pkg":376.2330322265625,"pp0":0,"dram":42.0584716796875},"cycles":232609311795}
{"runtime":4609,"energy":{"pkg":380.21502685546875,"pp0":0,"dram":42.11541748046875},"cycles":235631555229}
{"runtime":4476,"energy":{"pkg":369.7376708984375,"pp0":0,"dram":40.69366455078125},"cycles":235061152767}
{"runtime":4717,"energy":{"pkg":385.146240234375,"pp0":0,"dram":43.17205810546875},"cycles":238778883840}
{"runtime":4573,"energy":{"pkg":377.50640869140625,"pp0":0,"dram":41.5260009765625},"cycles":239864947476}
{"runtime":4846,"energy":{"pkg":395.72589111328125,"pp0":0,"dram":44.432373046875},"cycles":243977769987}
{"runtime":4628,"energy":{"pkg":375.05718994140625,"pp0":0,"dram":41.88616943359375},"cycles":234847890669}
