{"runtime":2228,"energy":{"pkg":112.6986083984375,"pp0":0,"dram":20.9420166015625},"cycles":24471574890}
{"runtime":2170,"energy":{"pkg":109.9166259765625,"pp0":0,"dram":20.42596435546875},"cycles":19878295626}
{"runtime":2220,"energy":{"pkg":114.03570556640625,"pp0":0,"dram":20.78228759765625},"cycles":23779885626}
{"runtime":2193,"energy":{"pkg":103.24139404296875,"pp0":0,"dram":18.45745849609375},"cycles":20220414984}
{"runtime":2143,"energy":{"pkg":121.0205078125,"pp0":0,"dram":24.3233642578125},"cycles":23715788271}
{"runtime":2182,"energy":{"pkg":111.190673828125,"pp0":0,"dram":20.89288330078125},"cycles":20125881951}
{"runtime":2468,"energy":{"pkg":125.8485107421875,"pp0":0,"dram":22.99853515625},"cycles":25261743633}
{"runtime":2112,"energy":{"pkg":104.9102783203125,"pp0":0,"dram":20.89862060546875},"cycles":19935687786}
{"runtime":2236,"energy":{"pkg":113.64263916015625,"pp0":0,"dram":20.95654296875},"cycles":25377793707}
{"runtime":2260,"energy":{"pkg":105.98712158203125,"pp0":0,"dram":19.0540771484375},"cycles":19860843093}
{"runtime":2198,"energy":{"pkg":112.20770263671875,"pp0":0,"dram":20.01226806640625},"cycles":24292328991}
{"runtime":2242,"energy":{"pkg":112.12353515625,"pp0":0,"dram":21.41455078125},"cycles":20828178672}
{"runtime":2172,"energy":{"pkg":114.331787109375,"pp0":0,"dram":19.58563232421875},"cycles":23871885723}
{"runtime":2146,"energy":{"pkg":102.56500244140625,"pp0":0,"dram":18.26995849609375},"cycles":20102115432}
{"runtime":2170,"energy":{"pkg":111.8394775390625,"pp0":0,"dram":19.5946044921875},"cycles":24039496614}
{"runtime":2150,"energy":{"pkg":103.418701171875,"pp0":0,"dram":19.10931396484375},"cycles":20374846275}
{"runtime":2332,"energy":{"pkg":128.00885009765625,"pp0":0,"dram":23.759765625},"cycles":23538983076}
{"runtime":2480,"energy":{"pkg":116.09991455078125,"pp0":0,"dram":23.9678955078125},"cycles":20943979035}
{"runtime":2412,"energy":{"pkg":127.7999267578125,"pp0":0,"dram":24.6854248046875},"cycles":25723446840}
{"runtime":2283,"energy":{"pkg":108.15313720703125,"pp0":0,"dram":20.96044921875},"cycles":21396731160}
{"runtime":2250,"energy":{"pkg":127.17657470703125,"pp0":0,"dram":25.20721435546875},"cycles":23825972667}
