{"runtime":5138,"energy":{"pkg":263.5892333984375,"pp0":0,"dram":51.19342041015625},"cycles":36123244983}
{"runtime":5268,"energy":{"pkg":258.8587646484375,"pp0":0,"dram":55.1009521484375},"cycles":41583354729}
{"runtime":5348,"energy":{"pkg":255.60760498046875,"pp0":0,"dram":53.1385498046875},"cycles":40640296704}
{"runtime":5288,"energy":{"pkg":258.79705810546875,"pp0":0,"dram":54.69061279296875},"cycles":41939692326}
{"runtime":5363,"energy":{"pkg":266.2576904296875,"pp0":0,"dram":53.76025390625},"cycles":38550662409}
{"runtime":4818,"energy":{"pkg":238.65264892578125,"pp0":0,"dram":47.8365478515625},"cycles":40227871761}
{"runtime":5168,"energy":{"pkg":240.17498779296875,"pp0":0,"dram":48.0567626953125},"cycles":37276956990}
{"runtime":5117,"energy":{"pkg":258.63763427734375,"pp0":0,"dram":52.16302490234375},"cycles":42038373804}
{"runtime":5200,"energy":{"pkg":251.5909423828125,"pp0":0,"dram":52.0272216796875},"cycles":38865017373}
{"runtime":4997,"energy":{"pkg":267.60302734375,"pp0":0,"dram":51.4754638671875},"cycles":39822624261}
{"runtime":5249,"energy":{"pkg":252.34222412109375,"pp0":0,"dram":55.06103515625},"cycles":38399903913}
{"runtime":6268,"energy":{"pkg":304.9664306640625,"pp0":0,"dram":63.51904296875},"cycles":48085891182}
{"runtime":4828,"energy":{"pkg":237.6097412109375,"pp0":0,"dram":47.8408203125},"cycles":34679967987}
{"runtime":5417,"energy":{"pkg":255.29974365234375,"pp0":0,"dram":52.6827392578125},"cycles":43825148472}
{"runtime":4718,"energy":{"pkg":234.28326416015625,"pp0":0,"dram":47.6361083984375},"cycles":34824140841}
{"runtime":4882,"energy":{"pkg":267.83319091796875,"pp0":0,"dram":49.9669189453125},"cycles":38884352976}
{"runtime":5062,"energy":{"pkg":257.09881591796875,"pp0":0,"dram":49.85906982421875},"cycles":35701019151}
{"runtime":4998,"energy":{"pkg":261.60125732421875,"pp0":0,"dram":51.6876220703125},"cycles":41656875813}
{"runtime":4918,"energy":{"pkg":255.871337890625,"pp0":0,"dram":49.52874755859375},"cycles":39719678859}
{"runtime":5617,"energy":{"pkg":270.09539794921875,"pp0":0,"dram":55.69342041015625},"cycles":47428210578}
{"runtime":5612,"energy":{"pkg":274.4853515625,"pp0":0,"dram":55.5289306640625},"cycles":42194142606}
