{"runtime":2156,"energy":{"pkg":133.59259033203125,"pp0":0,"dram":20.22381591796875},"cycles":74728351131}
{"runtime":1751,"energy":{"pkg":114.13751220703125,"pp0":0,"dram":16.12164306640625},"cycles":71915068785}
{"runtime":1913,"energy":{"pkg":125.06805419921875,"pp0":0,"dram":18.1624755859375},"cycles":72733136973}
{"runtime":1817,"energy":{"pkg":115.21240234375,"pp0":0,"dram":16.36285400390625},"cycles":69486743760}
{"runtime":1839,"energy":{"pkg":122.96136474609375,"pp0":0,"dram":17.50018310546875},"cycles":74256258468}
{"runtime":1764,"energy":{"pkg":113.66851806640625,"pp0":0,"dram":16.22125244140625},"cycles":70812471870}
{"runtime":1846,"energy":{"pkg":121.5574951171875,"pp0":0,"dram":17.56549072265625},"cycles":71656761729}
{"runtime":1715,"energy":{"pkg":111.486083984375,"pp0":0,"dram":15.49139404296875},"cycles":68976704118}
{"runtime":1789,"energy":{"pkg":120.59783935546875,"pp0":0,"dram":16.96002197265625},"cycles":73065457584}
{"runtime":1740,"energy":{"pkg":113.31536865234375,"pp0":0,"dram":15.83013916015625},"cycles":68672897307}
{"runtime":1875,"energy":{"pkg":122.7705078125,"pp0":0,"dram":17.64892578125},"cycles":72770522790}
{"runtime":1769,"energy":{"pkg":114.0450439453125,"pp0":0,"dram":16.34381103515625},"cycles":69051857154}
{"runtime":1831,"energy":{"pkg":121.27386474609375,"pp0":0,"dram":17.382568359375},"cycles":74379239592}
{"runtime":1795,"energy":{"pkg":114.95281982421875,"pp0":0,"dram":16.3970947265625},"cycles":70961127111}
{"runtime":1905,"energy":{"pkg":123.71173095703125,"pp0":0,"dram":17.80364990234375},"cycles":73804721571}
{"runtime":1768,"energy":{"pkg":113.161865234375,"pp0":0,"dram":16.1492919921875},"cycles":69560812965}
{"runtime":1807,"energy":{"pkg":123.19000244140625,"pp0":0,"dram":17.24224853515625},"cycles":71716852158}
{"runtime":1733,"energy":{"pkg":112.8350830078125,"pp0":0,"dram":16.007568359375},"cycles":69476203230}
{"runtime":1787,"energy":{"pkg":122.4417724609375,"pp0":0,"dram":17.04833984375},"cycles":72323583990}
{"runtime":1781,"energy":{"pkg":114.16064453125,"pp0":0,"dram":16.6094970703125},"cycles":69304113963}
{"runtime":1819,"energy":{"pkg":122.68353271484375,"pp0":0,"dram":17.3082275390625},"cycles":73265413284}
