{"runtime":2803,"energy":{"pkg":85.62744140625,"pp0":0,"dram":22.13287353515625},"cycles":5932839906}
{"runtime":2333,"energy":{"pkg":91.56964111328125,"pp0":0,"dram":20.25482177734375},"cycles":8161846077}
{"runtime":2570,"energy":{"pkg":82.86431884765625,"pp0":0,"dram":20.584716796875},"cycles":5412505455}
{"runtime":2099,"energy":{"pkg":81.303955078125,"pp0":0,"dram":18.18115234375},"cycles":8197197624}
{"runtime":2212,"energy":{"pkg":80.08868408203125,"pp0":0,"dram":17.50860595703125},"cycles":4638781959}
{"runtime":2308,"energy":{"pkg":88.0203857421875,"pp0":0,"dram":19.62933349609375},"cycles":8141303079}
{"runtime":2431,"energy":{"pkg":83.38067626953125,"pp0":0,"dram":19.440673828125},"cycles":5158746831}
{"runtime":2344,"energy":{"pkg":88.61273193359375,"pp0":0,"dram":19.84393310546875},"cycles":8071502250}
{"runtime":2067,"energy":{"pkg":74.6519775390625,"pp0":0,"dram":16.50177001953125},"cycles":4368833826}
{"runtime":2642,"energy":{"pkg":91.171630859375,"pp0":0,"dram":22.27838134765625},"cycles":9510010587}
{"runtime":1921,"energy":{"pkg":73.55059814453125,"pp0":0,"dram":15.50531005859375},"cycles":4061321103}
{"runtime":2222,"energy":{"pkg":85.29510498046875,"pp0":0,"dram":18.84381103515625},"cycles":7984730628}
{"runtime":2397,"energy":{"pkg":78.66815185546875,"pp0":0,"dram":19.27117919921875},"cycles":5058531072}
{"runtime":2041,"energy":{"pkg":80.6871337890625,"pp0":0,"dram":17.46795654296875},"cycles":7611406404}
{"runtime":2921,"energy":{"pkg":87.80804443359375,"pp0":0,"dram":23.25006103515625},"cycles":6187479690}
{"runtime":2598,"energy":{"pkg":92.69244384765625,"pp0":0,"dram":21.94891357421875},"cycles":9312449643}
{"runtime":2120,"energy":{"pkg":73.98760986328125,"pp0":0,"dram":17.1094970703125},"cycles":4508008764}
{"runtime":2217,"energy":{"pkg":85.5264892578125,"pp0":0,"dram":18.82568359375},"cycles":8467442697}
{"runtime":2017,"energy":{"pkg":72.56195068359375,"pp0":0,"dram":16.30389404296875},"cycles":4247633376}
{"runtime":2284,"energy":{"pkg":87.19049072265625,"pp0":0,"dram":19.2435302734375},"cycles":7814590098}
{"runtime":2237,"energy":{"pkg":79.991943359375,"pp0":0,"dram":17.89404296875},"cycles":4724729268}
