{"runtime":1637,"energy":{"pkg":58.512939453125,"pp0":0,"dram":17.51873779296875},"cycles":4589631753}
{"runtime":1761,"energy":{"pkg":71.84515380859375,"pp0":0,"dram":19.868896484375},"cycles":8251545561}
{"runtime":1900,"energy":{"pkg":63.5142822265625,"pp0":0,"dram":19.70428466796875},"cycles":5104746465}
{"runtime":2022,"energy":{"pkg":74.91033935546875,"pp0":0,"dram":21.90142822265625},"cycles":8712562488}
{"runtime":1864,"energy":{"pkg":60.86090087890625,"pp0":0,"dram":19.3447265625},"cycles":5130061818}
{"runtime":2008,"energy":{"pkg":74.373291015625,"pp0":0,"dram":21.6148681640625},"cycles":9176923938}
{"runtime":1638,"energy":{"pkg":59.64227294921875,"pp0":0,"dram":17.39697265625},"cycles":4651374147}
{"runtime":1691,"energy":{"pkg":66.745361328125,"pp0":0,"dram":18.81683349609375},"cycles":7737047241}
{"runtime":1543,"energy":{"pkg":57.14715576171875,"pp0":0,"dram":16.63262939453125},"cycles":4388810580}
{"runtime":1685,"energy":{"pkg":66.6556396484375,"pp0":0,"dram":18.64300537109375},"cycles":7852386444}
{"runtime":2028,"energy":{"pkg":63.83258056640625,"pp0":0,"dram":20.69171142578125},"cycles":5350768605}
{"runtime":1734,"energy":{"pkg":67.39495849609375,"pp0":0,"dram":19.16998291015625},"cycles":7952401359}
{"runtime":1787,"energy":{"pkg":63.13848876953125,"pp0":0,"dram":18.8974609375},"cycles":4947719007}
{"runtime":1859,"energy":{"pkg":69.59722900390625,"pp0":0,"dram":20.364013671875},"cycles":8823228015}
{"runtime":1655,"energy":{"pkg":58.9918212890625,"pp0":0,"dram":17.35516357421875},"cycles":4506229119}
{"runtime":2026,"energy":{"pkg":78.1021728515625,"pp0":0,"dram":21.612548828125},"cycles":8370444894}
{"runtime":1811,"energy":{"pkg":64.82720947265625,"pp0":0,"dram":18.81292724609375},"cycles":5026778463}
{"runtime":1714,"energy":{"pkg":68.4022216796875,"pp0":0,"dram":18.931884765625},"cycles":7805979825}
{"runtime":1606,"energy":{"pkg":59.9869384765625,"pp0":0,"dram":17.1658935546875},"cycles":4503516843}
{"runtime":1856,"energy":{"pkg":72.38543701171875,"pp0":0,"dram":20.31097412109375},"cycles":8667816612}
{"runtime":1721,"energy":{"pkg":60.42926025390625,"pp0":0,"dram":17.94537353515625},"cycles":4663660659}
