{"runtime":1241,"energy":{"pkg":51.39129638671875,"pp0":0,"dram":11.23388671875},"cycles":15448176429}
{"runtime":1072,"energy":{"pkg":45.5386962890625,"pp0":0,"dram":9.660888671875},"cycles":13631135637}
{"runtime":1222,"energy":{"pkg":53.24481201171875,"pp0":0,"dram":11.3460693359375},"cycles":16047759693}
{"runtime":945,"energy":{"pkg":43.6536865234375,"pp0":0,"dram":8.539794921875},"cycles":14098081074}
{"runtime":1101,"energy":{"pkg":51.8291015625,"pp0":0,"dram":10.460693359375},"cycles":15726986331}
{"runtime":1417,"energy":{"pkg":63.3236083984375,"pp0":0,"dram":13.25244140625},"cycles":17078977629}
{"runtime":1268,"energy":{"pkg":48.152099609375,"pp0":0,"dram":11.23907470703125},"cycles":14312452287}
{"runtime":1211,"energy":{"pkg":53.41387939453125,"pp0":0,"dram":11.5357666015625},"cycles":16553214846}
{"runtime":1124,"energy":{"pkg":54.572509765625,"pp0":0,"dram":10.73052978515625},"cycles":16430611239}
{"runtime":1033,"energy":{"pkg":44.76287841796875,"pp0":0,"dram":9.278076171875},"cycles":13749997905}
{"runtime":1271,"energy":{"pkg":59.171142578125,"pp0":0,"dram":11.91357421875},"cycles":16173131877}
{"runtime":1090,"energy":{"pkg":46.27142333984375,"pp0":0,"dram":9.8505859375},"cycles":13714377894}
{"runtime":1250,"energy":{"pkg":59.48333740234375,"pp0":0,"dram":11.90936279296875},"cycles":16690468284}
{"runtime":1097,"energy":{"pkg":46.42755126953125,"pp0":0,"dram":9.83349609375},"cycles":14089529832}
{"runtime":1213,"energy":{"pkg":56.78375244140625,"pp0":0,"dram":11.690185546875},"cycles":16506308826}
{"runtime":1078,"energy":{"pkg":45.11907958984375,"pp0":0,"dram":9.5968017578125},"cycles":14148460452}
{"runtime":1095,"energy":{"pkg":53.96429443359375,"pp0":0,"dram":10.31298828125},"cycles":15100342404}
{"runtime":1066,"energy":{"pkg":54.37030029296875,"pp0":0,"dram":10.22113037109375},"cycles":15749312586}
{"runtime":1013,"energy":{"pkg":44.99176025390625,"pp0":0,"dram":9.2554931640625},"cycles":13853866257}
{"runtime":1041,"energy":{"pkg":53.37103271484375,"pp0":0,"dram":9.8018798828125},"cycles":15152929386}
{"runtime":1078,"energy":{"pkg":51.16351318359375,"pp0":0,"dram":10.06561279296875},"cycles":15147791484}
