{"runtime":794,"energy":{"pkg":21.48101806640625,"pp0":17.309814453125,"pp1":0.293701171875,"dram":0},"perf_counters":{"PERF_COUNT_HW_REF_CPU_CYCLES":12416622998,"PERF_COUNT_HW_BRANCH_INSTRUCTIONS":4645293698,"PERF_COUNT_HW_CACHE_MISSES":34505461,"PERF_COUNT_HW_INSTRUCTIONS":27878812058,"PERF_COUNT_HW_BRANCH_MISSES":2433659,"PERF_COUNT_HW_CACHE_REFERENCES":111568723,"PERF_COUNT_HW_CPU_CYCLES":14435598946}}
{"runtime":854,"energy":{"pkg":21.72998046875,"pp0":17.33355712890625,"pp1":0.244873046875,"dram":0},"perf_counters":{"PERF_COUNT_HW_REF_CPU_CYCLES":12701184371,"PERF_COUNT_HW_BRANCH_INSTRUCTIONS":4646189677,"PERF_COUNT_HW_CACHE_MISSES":33840804,"PERF_COUNT_HW_INSTRUCTIONS":27882677124,"PERF_COUNT_HW_BRANCH_MISSES":1906916,"PERF_COUNT_HW_CACHE_REFERENCES":113632695,"PERF_COUNT_HW_CPU_CYCLES":14394711710}}
{"runtime":839,"energy":{"pkg":21.47406005859375,"pp0":17.1265869140625,"pp1":0.2608642578125,"dram":0},"perf_counters":{"PERF_COUNT_HW_REF_CPU_CYCLES":12835492399,"PERF_COUNT_HW_BRANCH_INSTRUCTIONS":4646638481,"PERF_COUNT_HW_CACHE_MISSES":35388123,"PERF_COUNT_HW_INSTRUCTIONS":27884076054,"PERF_COUNT_HW_BRANCH_MISSES":1888322,"PERF_COUNT_HW_CACHE_REFERENCES":112935091,"PERF_COUNT_HW_CPU_CYCLES":14472135842}}
{"runtime":845,"energy":{"pkg":21.29876708984375,"pp0":16.88751220703125,"pp1":0.275390625,"dram":0},"perf_counters":{"PERF_COUNT_HW_REF_CPU_CYCLES":12892900986,"PERF_COUNT_HW_BRANCH_INSTRUCTIONS":4646996550,"PERF_COUNT_HW_CACHE_MISSES":34316416,"PERF_COUNT_HW_INSTRUCTIONS":27885931198,"PERF_COUNT_HW_BRANCH_MISSES":1895555,"PERF_COUNT_HW_CACHE_REFERENCES":111919004,"PERF_COUNT_HW_CPU_CYCLES":14381381506}}
{"runtime":1280,"energy":{"pkg":20.66778564453125,"pp0":14.2132568359375,"pp1":0.35498046875,"dram":0},"perf_counters":{"PERF_COUNT_HW_REF_CPU_CYCLES":17516611851,"PERF_COUNT_HW_BRANCH_INSTRUCTIONS":4645386467,"PERF_COUNT_HW_CACHE_MISSES":31580000,"PERF_COUNT_HW_INSTRUCTIONS":27878810548,"PERF_COUNT_HW_BRANCH_MISSES":1893795,"PERF_COUNT_HW_CACHE_REFERENCES":111823637,"PERF_COUNT_HW_CPU_CYCLES":14157615518}}
{"runtime":2841,"energy":{"pkg":25.1036376953125,"pp0":11.57220458984375,"pp1":0.5963134765625,"dram":0},"perf_counters":{"PERF_COUNT_HW_REF_CPU_CYCLES":39235760629,"PERF_COUNT_HW_BRANCH_INSTRUCTIONS":4647382285,"PERF_COUNT_HW_CACHE_MISSES":31991475,"PERF_COUNT_HW_INSTRUCTIONS":27888881195,"PERF_COUNT_HW_BRANCH_MISSES":2053338,"PERF_COUNT_HW_CACHE_REFERENCES":114120550,"PERF_COUNT_HW_CPU_CYCLES":14533160514}}
{"runtime":2344,"energy":{"pkg":22.1390380859375,"pp0":10.88189697265625,"pp1":0.5137939453125,"dram":0},"perf_counters":{"PERF_COUNT_HW_REF_CPU_CYCLES":34820921890,"PERF_COUNT_HW_BRANCH_INSTRUCTIONS":4647290308,"PERF_COUNT_HW_CACHE_MISSES":32006635,"PERF_COUNT_HW_INSTRUCTIONS":27888220177,"PERF_COUNT_HW_BRANCH_MISSES":2076240,"PERF_COUNT_HW_CACHE_REFERENCES":111221478,"PERF_COUNT_HW_CPU_CYCLES":13985797298}}
{"runtime":2477,"energy":{"pkg":22.85906982421875,"pp0":10.9215087890625,"pp1":0.626953125,"dram":0},"perf_counters":{"PERF_COUNT_HW_REF_CPU_CYCLES":34932914767,"PERF_COUNT_HW_BRANCH_INSTRUCTIONS":4646450775,"PERF_COUNT_HW_CACHE_MISSES":32168657,"PERF_COUNT_HW_INSTRUCTIONS":27886380575,"PERF_COUNT_HW_BRANCH_MISSES":2032917,"PERF_COUNT_HW_CACHE_REFERENCES":115347818,"PERF_COUNT_HW_CPU_CYCLES":14291440869}}
{"runtime":2237,"energy":{"pkg":21.486083984375,"pp0":10.745361328125,"pp1":0.4881591796875,"dram":0},"perf_counters":{"PERF_COUNT_HW_REF_CPU_CYCLES":32899306901,"PERF_COUNT_HW_BRANCH_INSTRUCTIONS":4646394053,"PERF_COUNT_HW_CACHE_MISSES":31971410,"PERF_COUNT_HW_INSTRUCTIONS":27885173130,"PERF_COUNT_HW_BRANCH_MISSES":2168725,"PERF_COUNT_HW_CACHE_REFERENCES":110850710,"PERF_COUNT_HW_CPU_CYCLES":14302380388}}
{"runtime":2121,"energy":{"pkg":20.866455078125,"pp0":10.67108154296875,"pp1":0.4468994140625,"dram":0},"perf_counters":{"PERF_COUNT_HW_REF_CPU_CYCLES":32444248334,"PERF_COUNT_HW_BRANCH_INSTRUCTIONS":4648883845,"PERF_COUNT_HW_CACHE_MISSES":33760367,"PERF_COUNT_HW_INSTRUCTIONS":27897036681,"PERF_COUNT_HW_BRANCH_MISSES":2054986,"PERF_COUNT_HW_CACHE_REFERENCES":110682184,"PERF_COUNT_HW_CPU_CYCLES":14239938620}}
{"runtime":2207,"energy":{"pkg":21.2236328125,"pp0":10.66571044921875,"pp1":0.4373779296875,"dram":0},"perf_counters":{"PERF_COUNT_HW_REF_CPU_CYCLES":32612838476,"PERF_COUNT_HW_BRANCH_INSTRUCTIONS":4647679184,"PERF_COUNT_HW_CACHE_MISSES":32577010,"PERF_COUNT_HW_INSTRUCTIONS":27890786574,"PERF_COUNT_HW_BRANCH_MISSES":2022615,"PERF_COUNT_HW_CACHE_REFERENCES":110899930,"PERF_COUNT_HW_CPU_CYCLES":14120067550}}
