{"runtime":1244,"energy":{"pkg":12.54241943359375,"pp0":6.8359375,"pp1":0.2431640625,"dram":0},"perf_counters":{"PERF_COUNT_HW_REF_CPU_CYCLES":13916828259,"PERF_COUNT_HW_BRANCH_INSTRUCTIONS":2298993864,"PERF_COUNT_HW_CACHE_MISSES":134121,"PERF_COUNT_HW_INSTRUCTIONS":13567388921,"PERF_COUNT_HW_BRANCH_MISSES":2779020,"PERF_COUNT_HW_CACHE_REFERENCES":1356079,"PERF_COUNT_HW_CPU_CYCLES":9680096225}}
{"runtime":1246,"energy":{"pkg":12.48236083984375,"pp0":6.82720947265625,"pp1":0.1865234375,"dram":0},"perf_counters":{"PERF_COUNT_HW_REF_CPU_CYCLES":13946792204,"PERF_COUNT_HW_BRANCH_INSTRUCTIONS":2299114601,"PERF_COUNT_HW_CACHE_MISSES":117328,"PERF_COUNT_HW_INSTRUCTIONS":13567715289,"PERF_COUNT_HW_BRANCH_MISSES":2870157,"PERF_COUNT_HW_CACHE_REFERENCES":1364664,"PERF_COUNT_HW_CPU_CYCLES":9681134220}}
{"runtime":1246,"energy":{"pkg":12.5142822265625,"pp0":6.86260986328125,"pp1":0.181884765625,"dram":0},"perf_counters":{"PERF_COUNT_HW_REF_CPU_CYCLES":13940566618,"PERF_COUNT_HW_BRANCH_INSTRUCTIONS":2299190843,"PERF_COUNT_HW_CACHE_MISSES":120134,"PERF_COUNT_HW_INSTRUCTIONS":13568118460,"PERF_COUNT_HW_BRANCH_MISSES":2815937,"PERF_COUNT_HW_CACHE_REFERENCES":1384043,"PERF_COUNT_HW_CPU_CYCLES":9686594172}}
{"runtime":1248,"energy":{"pkg":12.50634765625,"pp0":6.85101318359375,"pp1":0.1724853515625,"dram":0},"perf_counters":{"PERF_COUNT_HW_REF_CPU_CYCLES":13966915311,"PERF_COUNT_HW_BRANCH_INSTRUCTIONS":2299180886,"PERF_COUNT_HW_CACHE_MISSES":135440,"PERF_COUNT_HW_INSTRUCTIONS":13568025166,"PERF_COUNT_HW_BRANCH_MISSES":2825809,"PERF_COUNT_HW_CACHE_REFERENCES":1344689,"PERF_COUNT_HW_CPU_CYCLES":9678678310}}
{"runtime":1254,"energy":{"pkg":12.584228515625,"pp0":6.87518310546875,"pp1":0.189208984375,"dram":0},"perf_counters":{"PERF_COUNT_HW_REF_CPU_CYCLES":14026665884,"PERF_COUNT_HW_BRANCH_INSTRUCTIONS":2298632227,"PERF_COUNT_HW_CACHE_MISSES":111838,"PERF_COUNT_HW_INSTRUCTIONS":13566176167,"PERF_COUNT_HW_BRANCH_MISSES":2849309,"PERF_COUNT_HW_CACHE_REFERENCES":1598480,"PERF_COUNT_HW_CPU_CYCLES":9680983357}}
{"runtime":1257,"energy":{"pkg":12.57989501953125,"pp0":6.86944580078125,"pp1":0.177734375,"dram":0},"perf_counters":{"PERF_COUNT_HW_REF_CPU_CYCLES":14070379379,"PERF_COUNT_HW_BRANCH_INSTRUCTIONS":2299160018,"PERF_COUNT_HW_CACHE_MISSES":114145,"PERF_COUNT_HW_INSTRUCTIONS":13567889062,"PERF_COUNT_HW_BRANCH_MISSES":2717533,"PERF_COUNT_HW_CACHE_REFERENCES":1279769,"PERF_COUNT_HW_CPU_CYCLES":9682495700}}
{"runtime":1255,"energy":{"pkg":12.54864501953125,"pp0":6.84765625,"pp1":0.1878662109375,"dram":0},"perf_counters":{"PERF_COUNT_HW_REF_CPU_CYCLES":14039600973,"PERF_COUNT_HW_BRANCH_INSTRUCTIONS":2299185952,"PERF_COUNT_HW_CACHE_MISSES":135789,"PERF_COUNT_HW_INSTRUCTIONS":13568221723,"PERF_COUNT_HW_BRANCH_MISSES":2763945,"PERF_COUNT_HW_CACHE_REFERENCES":1324370,"PERF_COUNT_HW_CPU_CYCLES":9683269229}}
{"runtime":1254,"energy":{"pkg":12.5489501953125,"pp0":6.8602294921875,"pp1":0.1751708984375,"dram":0},"perf_counters":{"PERF_COUNT_HW_REF_CPU_CYCLES":14038380559,"PERF_COUNT_HW_BRANCH_INSTRUCTIONS":2298860574,"PERF_COUNT_HW_CACHE_MISSES":114808,"PERF_COUNT_HW_INSTRUCTIONS":13566958380,"PERF_COUNT_HW_BRANCH_MISSES":2845930,"PERF_COUNT_HW_CACHE_REFERENCES":1414905,"PERF_COUNT_HW_CPU_CYCLES":9678078742}}
{"runtime":1259,"energy":{"pkg":12.58197021484375,"pp0":6.85516357421875,"pp1":0.1873779296875,"dram":0},"perf_counters":{"PERF_COUNT_HW_REF_CPU_CYCLES":14086309585,"PERF_COUNT_HW_BRANCH_INSTRUCTIONS":2298921637,"PERF_COUNT_HW_CACHE_MISSES":121959,"PERF_COUNT_HW_INSTRUCTIONS":13567086497,"PERF_COUNT_HW_BRANCH_MISSES":2833094,"PERF_COUNT_HW_CACHE_REFERENCES":1555131,"PERF_COUNT_HW_CPU_CYCLES":9687900550}}
{"runtime":1258,"energy":{"pkg":12.5662841796875,"pp0":6.84991455078125,"pp1":0.1920166015625,"dram":0},"perf_counters":{"PERF_COUNT_HW_REF_CPU_CYCLES":14074553519,"PERF_COUNT_HW_BRANCH_INSTRUCTIONS":2298904150,"PERF_COUNT_HW_CACHE_MISSES":110701,"PERF_COUNT_HW_INSTRUCTIONS":13567076272,"PERF_COUNT_HW_BRANCH_MISSES":2777767,"PERF_COUNT_HW_CACHE_REFERENCES":1357178,"PERF_COUNT_HW_CPU_CYCLES":9676233079}}
{"runtime":1255,"energy":{"pkg":12.53594970703125,"pp0":6.8253173828125,"pp1":0.2059326171875,"dram":0},"perf_counters":{"PERF_COUNT_HW_REF_CPU_CYCLES":14045958835,"PERF_COUNT_HW_BRANCH_INSTRUCTIONS":2299137519,"PERF_COUNT_HW_CACHE_MISSES":124126,"PERF_COUNT_HW_INSTRUCTIONS":13567996046,"PERF_COUNT_HW_BRANCH_MISSES":2763879,"PERF_COUNT_HW_CACHE_REFERENCES":1352376,"PERF_COUNT_HW_CPU_CYCLES":9682541263}}
