{"runtime":1834,"energy":{"pkg":18.3790283203125,"pp0":9.9501953125,"pp1":0.3758544921875,"dram":0},"perf_counters":{"PERF_COUNT_HW_REF_CPU_CYCLES":39747871689,"PERF_COUNT_HW_BRANCH_INSTRUCTIONS":405294869,"PERF_COUNT_HW_CACHE_MISSES":744061,"PERF_COUNT_HW_INSTRUCTIONS":23267165769,"PERF_COUNT_HW_BRANCH_MISSES":2639854,"PERF_COUNT_HW_CACHE_REFERENCES":2228132,"PERF_COUNT_HW_CPU_CYCLES":21040868177}}
{"runtime":1849,"energy":{"pkg":18.39031982421875,"pp0":9.9298095703125,"pp1":0.3558349609375,"dram":0},"perf_counters":{"PERF_COUNT_HW_REF_CPU_CYCLES":40052737428,"PERF_COUNT_HW_BRANCH_INSTRUCTIONS":406056909,"PERF_COUNT_HW_CACHE_MISSES":736910,"PERF_COUNT_HW_INSTRUCTIONS":23269979056,"PERF_COUNT_HW_BRANCH_MISSES":2639150,"PERF_COUNT_HW_CACHE_REFERENCES":2279448,"PERF_COUNT_HW_CPU_CYCLES":21063148209}}
{"runtime":1873,"energy":{"pkg":18.58599853515625,"pp0":10.0157470703125,"pp1":0.3642578125,"dram":0},"perf_counters":{"PERF_COUNT_HW_REF_CPU_CYCLES":40364180759,"PERF_COUNT_HW_BRANCH_INSTRUCTIONS":408476484,"PERF_COUNT_HW_CACHE_MISSES":741449,"PERF_COUNT_HW_INSTRUCTIONS":23278515801,"PERF_COUNT_HW_BRANCH_MISSES":2646635,"PERF_COUNT_HW_CACHE_REFERENCES":2297880,"PERF_COUNT_HW_CPU_CYCLES":21200087263}}
{"runtime":1836,"energy":{"pkg":18.37628173828125,"pp0":9.84710693359375,"pp1":0.49951171875,"dram":0},"perf_counters":{"PERF_COUNT_HW_REF_CPU_CYCLES":39659876467,"PERF_COUNT_HW_BRANCH_INSTRUCTIONS":404686849,"PERF_COUNT_HW_CACHE_MISSES":736575,"PERF_COUNT_HW_INSTRUCTIONS":23265177317,"PERF_COUNT_HW_BRANCH_MISSES":2637971,"PERF_COUNT_HW_CACHE_REFERENCES":2351507,"PERF_COUNT_HW_CPU_CYCLES":20936122028}}
{"runtime":1841,"energy":{"pkg":18.386962890625,"pp0":9.85711669921875,"pp1":0.4700927734375,"dram":0},"perf_counters":{"PERF_COUNT_HW_REF_CPU_CYCLES":39861228498,"PERF_COUNT_HW_BRANCH_INSTRUCTIONS":404255936,"PERF_COUNT_HW_CACHE_MISSES":735766,"PERF_COUNT_HW_INSTRUCTIONS":23263505924,"PERF_COUNT_HW_BRANCH_MISSES":2639813,"PERF_COUNT_HW_CACHE_REFERENCES":2371837,"PERF_COUNT_HW_CPU_CYCLES":20949475561}}
{"runtime":1841,"energy":{"pkg":18.35638427734375,"pp0":9.830810546875,"pp1":0.4703369140625,"dram":0},"perf_counters":{"PERF_COUNT_HW_REF_CPU_CYCLES":39858834974,"PERF_COUNT_HW_BRANCH_INSTRUCTIONS":404288286,"PERF_COUNT_HW_CACHE_MISSES":733950,"PERF_COUNT_HW_INSTRUCTIONS":23263609444,"PERF_COUNT_HW_BRANCH_MISSES":2635841,"PERF_COUNT_HW_CACHE_REFERENCES":2302269,"PERF_COUNT_HW_CPU_CYCLES":20951281422}}
{"runtime":1844,"energy":{"pkg":18.40869140625,"pp0":9.85638427734375,"pp1":0.4853515625,"dram":0},"perf_counters":{"PERF_COUNT_HW_REF_CPU_CYCLES":39950135198,"PERF_COUNT_HW_BRANCH_INSTRUCTIONS":405092471,"PERF_COUNT_HW_CACHE_MISSES":734644,"PERF_COUNT_HW_INSTRUCTIONS":23266649679,"PERF_COUNT_HW_BRANCH_MISSES":2647917,"PERF_COUNT_HW_CACHE_REFERENCES":2316720,"PERF_COUNT_HW_CPU_CYCLES":21010595336}}
{"runtime":1846,"energy":{"pkg":18.43072509765625,"pp0":9.86700439453125,"pp1":0.48193359375,"dram":0},"perf_counters":{"PERF_COUNT_HW_REF_CPU_CYCLES":39977341568,"PERF_COUNT_HW_BRANCH_INSTRUCTIONS":405233480,"PERF_COUNT_HW_CACHE_MISSES":729143,"PERF_COUNT_HW_INSTRUCTIONS":23266992690,"PERF_COUNT_HW_BRANCH_MISSES":2640319,"PERF_COUNT_HW_CACHE_REFERENCES":2472813,"PERF_COUNT_HW_CPU_CYCLES":21021605488}}
{"runtime":1844,"energy":{"pkg":18.42120361328125,"pp0":9.84759521484375,"pp1":0.4952392578125,"dram":0},"perf_counters":{"PERF_COUNT_HW_REF_CPU_CYCLES":39954693099,"PERF_COUNT_HW_BRANCH_INSTRUCTIONS":404253276,"PERF_COUNT_HW_CACHE_MISSES":732615,"PERF_COUNT_HW_INSTRUCTIONS":23263535195,"PERF_COUNT_HW_BRANCH_MISSES":2635293,"PERF_COUNT_HW_CACHE_REFERENCES":2290001,"PERF_COUNT_HW_CPU_CYCLES":20945628321}}
{"runtime":1846,"energy":{"pkg":18.43060302734375,"pp0":9.84368896484375,"pp1":0.5023193359375,"dram":0},"perf_counters":{"PERF_COUNT_HW_REF_CPU_CYCLES":39993100078,"PERF_COUNT_HW_BRANCH_INSTRUCTIONS":405012417,"PERF_COUNT_HW_CACHE_MISSES":737573,"PERF_COUNT_HW_INSTRUCTIONS":23266711621,"PERF_COUNT_HW_BRANCH_MISSES":2645454,"PERF_COUNT_HW_CACHE_REFERENCES":2332042,"PERF_COUNT_HW_CPU_CYCLES":20989726134}}
{"runtime":1852,"energy":{"pkg":18.47723388671875,"pp0":9.8841552734375,"pp1":0.483642578125,"dram":0},"perf_counters":{"PERF_COUNT_HW_REF_CPU_CYCLES":40125227815,"PERF_COUNT_HW_BRANCH_INSTRUCTIONS":405703619,"PERF_COUNT_HW_CACHE_MISSES":739510,"PERF_COUNT_HW_INSTRUCTIONS":23268576516,"PERF_COUNT_HW_BRANCH_MISSES":2635106,"PERF_COUNT_HW_CACHE_REFERENCES":2372096,"PERF_COUNT_HW_CPU_CYCLES":21052438670}}
