{"runtime":3328,"energy":{"pkg":33.40240478515625,"pp0":17.95855712890625,"pp1":0.7042236328125,"dram":0},"perf_counters":{"PERF_COUNT_HW_REF_CPU_CYCLES":9328622258,"PERF_COUNT_HW_BRANCH_INSTRUCTIONS":551288071,"PERF_COUNT_HW_CACHE_MISSES":43393,"PERF_COUNT_HW_INSTRUCTIONS":25907545002,"PERF_COUNT_HW_BRANCH_MISSES":25533,"PERF_COUNT_HW_CACHE_REFERENCES":190470,"PERF_COUNT_HW_CPU_CYCLES":9742290185}}
{"runtime":3330,"energy":{"pkg":33.471435546875,"pp0":17.95166015625,"pp1":0.7578125,"dram":0},"perf_counters":{"PERF_COUNT_HW_REF_CPU_CYCLES":9335891087,"PERF_COUNT_HW_BRANCH_INSTRUCTIONS":551249141,"PERF_COUNT_HW_CACHE_MISSES":41368,"PERF_COUNT_HW_INSTRUCTIONS":25907325715,"PERF_COUNT_HW_BRANCH_MISSES":24260,"PERF_COUNT_HW_CACHE_REFERENCES":191707,"PERF_COUNT_HW_CPU_CYCLES":9693506237}}
{"runtime":3334,"energy":{"pkg":33.30645751953125,"pp0":17.816162109375,"pp1":0.741943359375,"dram":0},"perf_counters":{"PERF_COUNT_HW_REF_CPU_CYCLES":9345293341,"PERF_COUNT_HW_BRANCH_INSTRUCTIONS":551278232,"PERF_COUNT_HW_CACHE_MISSES":40559,"PERF_COUNT_HW_INSTRUCTIONS":25907474576,"PERF_COUNT_HW_BRANCH_MISSES":23224,"PERF_COUNT_HW_CACHE_REFERENCES":181106,"PERF_COUNT_HW_CPU_CYCLES":9725392642}}
{"runtime":3335,"energy":{"pkg":33.24371337890625,"pp0":17.87042236328125,"pp1":0.6546630859375,"dram":0},"perf_counters":{"PERF_COUNT_HW_REF_CPU_CYCLES":9348400513,"PERF_COUNT_HW_BRANCH_INSTRUCTIONS":551240806,"PERF_COUNT_HW_CACHE_MISSES":49885,"PERF_COUNT_HW_INSTRUCTIONS":25907298201,"PERF_COUNT_HW_BRANCH_MISSES":23979,"PERF_COUNT_HW_CACHE_REFERENCES":228283,"PERF_COUNT_HW_CPU_CYCLES":9716624166}}
{"runtime":3315,"energy":{"pkg":33.0430908203125,"pp0":17.69219970703125,"pp1":0.763427734375,"dram":0},"perf_counters":{"PERF_COUNT_HW_REF_CPU_CYCLES":9293013588,"PERF_COUNT_HW_BRANCH_INSTRUCTIONS":551255358,"PERF_COUNT_HW_CACHE_MISSES":55808,"PERF_COUNT_HW_INSTRUCTIONS":25907388686,"PERF_COUNT_HW_BRANCH_MISSES":28967,"PERF_COUNT_HW_CACHE_REFERENCES":254075,"PERF_COUNT_HW_CPU_CYCLES":9681751780}}
{"runtime":3329,"energy":{"pkg":33.15850830078125,"pp0":17.696044921875,"pp1":0.73291015625,"dram":0},"perf_counters":{"PERF_COUNT_HW_REF_CPU_CYCLES":9333091391,"PERF_COUNT_HW_BRANCH_INSTRUCTIONS":551246151,"PERF_COUNT_HW_CACHE_MISSES":38685,"PERF_COUNT_HW_INSTRUCTIONS":25907325221,"PERF_COUNT_HW_BRANCH_MISSES":23240,"PERF_COUNT_HW_CACHE_REFERENCES":183197,"PERF_COUNT_HW_CPU_CYCLES":9672335639}}
{"runtime":3329,"energy":{"pkg":33.13360595703125,"pp0":17.75347900390625,"pp1":0.644287109375,"dram":0},"perf_counters":{"PERF_COUNT_HW_REF_CPU_CYCLES":9331388082,"PERF_COUNT_HW_BRANCH_INSTRUCTIONS":551250710,"PERF_COUNT_HW_CACHE_MISSES":35357,"PERF_COUNT_HW_INSTRUCTIONS":25907339006,"PERF_COUNT_HW_BRANCH_MISSES":22053,"PERF_COUNT_HW_CACHE_REFERENCES":170481,"PERF_COUNT_HW_CPU_CYCLES":9666690906}}
{"runtime":3334,"energy":{"pkg":33.18096923828125,"pp0":17.71368408203125,"pp1":0.751953125,"dram":0},"perf_counters":{"PERF_COUNT_HW_REF_CPU_CYCLES":9346103349,"PERF_COUNT_HW_BRANCH_INSTRUCTIONS":551264331,"PERF_COUNT_HW_CACHE_MISSES":55447,"PERF_COUNT_HW_INSTRUCTIONS":25907423711,"PERF_COUNT_HW_BRANCH_MISSES":25282,"PERF_COUNT_HW_CACHE_REFERENCES":239233,"PERF_COUNT_HW_CPU_CYCLES":9702836967}}
{"runtime":3347,"energy":{"pkg":33.31805419921875,"pp0":17.84161376953125,"pp1":0.681640625,"dram":0},"perf_counters":{"PERF_COUNT_HW_REF_CPU_CYCLES":9381892256,"PERF_COUNT_HW_BRANCH_INSTRUCTIONS":551259833,"PERF_COUNT_HW_CACHE_MISSES":49587,"PERF_COUNT_HW_INSTRUCTIONS":25907385881,"PERF_COUNT_HW_BRANCH_MISSES":28561,"PERF_COUNT_HW_CACHE_REFERENCES":229484,"PERF_COUNT_HW_CPU_CYCLES":9769708410}}
{"runtime":3324,"energy":{"pkg":33.0692138671875,"pp0":17.74285888671875,"pp1":0.6357421875,"dram":0},"perf_counters":{"PERF_COUNT_HW_REF_CPU_CYCLES":9320342306,"PERF_COUNT_HW_BRANCH_INSTRUCTIONS":551235541,"PERF_COUNT_HW_CACHE_MISSES":53224,"PERF_COUNT_HW_INSTRUCTIONS":25907254369,"PERF_COUNT_HW_BRANCH_MISSES":24803,"PERF_COUNT_HW_CACHE_REFERENCES":227434,"PERF_COUNT_HW_CPU_CYCLES":9695168575}}
{"runtime":3343,"energy":{"pkg":33.27630615234375,"pp0":17.7420654296875,"pp1":0.760498046875,"dram":0},"perf_counters":{"PERF_COUNT_HW_REF_CPU_CYCLES":9372471752,"PERF_COUNT_HW_BRANCH_INSTRUCTIONS":551243908,"PERF_COUNT_HW_CACHE_MISSES":36734,"PERF_COUNT_HW_INSTRUCTIONS":25907299493,"PERF_COUNT_HW_BRANCH_MISSES":25052,"PERF_COUNT_HW_CACHE_REFERENCES":201550,"PERF_COUNT_HW_CPU_CYCLES":9673818233}}
