{"runtime":772,"energy":{"pkg":7.668701171875,"pp0":4.04217529296875,"pp1":0.193115234375,"dram":0},"perf_counters":{"PERF_COUNT_HW_REF_CPU_CYCLES":2165718448,"PERF_COUNT_HW_BRANCH_INSTRUCTIONS":254086175,"PERF_COUNT_HW_CACHE_MISSES":52801,"PERF_COUNT_HW_INSTRUCTIONS":5809223896,"PERF_COUNT_HW_BRANCH_MISSES":430084,"PERF_COUNT_HW_CACHE_REFERENCES":154667,"PERF_COUNT_HW_CPU_CYCLES":2321839506}}
{"runtime":766,"energy":{"pkg":7.67291259765625,"pp0":4.10894775390625,"pp1":0.1656494140625,"dram":0},"perf_counters":{"PERF_COUNT_HW_REF_CPU_CYCLES":2148768943,"PERF_COUNT_HW_BRANCH_INSTRUCTIONS":254065737,"PERF_COUNT_HW_CACHE_MISSES":48850,"PERF_COUNT_HW_INSTRUCTIONS":5809103206,"PERF_COUNT_HW_BRANCH_MISSES":423244,"PERF_COUNT_HW_CACHE_REFERENCES":141761,"PERF_COUNT_HW_CPU_CYCLES":2312706054}}
{"runtime":767,"energy":{"pkg":7.58538818359375,"pp0":4.0491943359375,"pp1":0.13232421875,"dram":0},"perf_counters":{"PERF_COUNT_HW_REF_CPU_CYCLES":2151512502,"PERF_COUNT_HW_BRANCH_INSTRUCTIONS":254087639,"PERF_COUNT_HW_CACHE_MISSES":44096,"PERF_COUNT_HW_INSTRUCTIONS":5809234432,"PERF_COUNT_HW_BRANCH_MISSES":423537,"PERF_COUNT_HW_CACHE_REFERENCES":145758,"PERF_COUNT_HW_CPU_CYCLES":2310522936}}
{"runtime":767,"energy":{"pkg":7.5908203125,"pp0":4.07318115234375,"pp1":0.1226806640625,"dram":0},"perf_counters":{"PERF_COUNT_HW_REF_CPU_CYCLES":2150501087,"PERF_COUNT_HW_BRANCH_INSTRUCTIONS":254068869,"PERF_COUNT_HW_CACHE_MISSES":68224,"PERF_COUNT_HW_INSTRUCTIONS":5809129990,"PERF_COUNT_HW_BRANCH_MISSES":427553,"PERF_COUNT_HW_CACHE_REFERENCES":252291,"PERF_COUNT_HW_CPU_CYCLES":2320183331}}
{"runtime":768,"energy":{"pkg":7.64764404296875,"pp0":4.10577392578125,"pp1":0.137939453125,"dram":0},"perf_counters":{"PERF_COUNT_HW_REF_CPU_CYCLES":2151831512,"PERF_COUNT_HW_BRANCH_INSTRUCTIONS":254079546,"PERF_COUNT_HW_CACHE_MISSES":43341,"PERF_COUNT_HW_INSTRUCTIONS":5809194942,"PERF_COUNT_HW_BRANCH_MISSES":422267,"PERF_COUNT_HW_CACHE_REFERENCES":141547,"PERF_COUNT_HW_CPU_CYCLES":2310976758}}
{"runtime":769,"energy":{"pkg":7.6693115234375,"pp0":4.1175537109375,"pp1":0.13623046875,"dram":0},"perf_counters":{"PERF_COUNT_HW_REF_CPU_CYCLES":2157252200,"PERF_COUNT_HW_BRANCH_INSTRUCTIONS":254066955,"PERF_COUNT_HW_CACHE_MISSES":45901,"PERF_COUNT_HW_INSTRUCTIONS":5809122809,"PERF_COUNT_HW_BRANCH_MISSES":422521,"PERF_COUNT_HW_CACHE_REFERENCES":166923,"PERF_COUNT_HW_CPU_CYCLES":2312258781}}
{"runtime":766,"energy":{"pkg":7.6104736328125,"pp0":4.0927734375,"pp1":0.1292724609375,"dram":0},"perf_counters":{"PERF_COUNT_HW_REF_CPU_CYCLES":2146589893,"PERF_COUNT_HW_BRANCH_INSTRUCTIONS":254068851,"PERF_COUNT_HW_CACHE_MISSES":42074,"PERF_COUNT_HW_INSTRUCTIONS":5809132869,"PERF_COUNT_HW_BRANCH_MISSES":420226,"PERF_COUNT_HW_CACHE_REFERENCES":123937,"PERF_COUNT_HW_CPU_CYCLES":2309749471}}
{"runtime":770,"energy":{"pkg":7.62359619140625,"pp0":4.08074951171875,"pp1":0.136962890625,"dram":0},"perf_counters":{"PERF_COUNT_HW_REF_CPU_CYCLES":2158252884,"PERF_COUNT_HW_BRANCH_INSTRUCTIONS":254077339,"PERF_COUNT_HW_CACHE_MISSES":42128,"PERF_COUNT_HW_INSTRUCTIONS":5809176705,"PERF_COUNT_HW_BRANCH_MISSES":421684,"PERF_COUNT_HW_CACHE_REFERENCES":129994,"PERF_COUNT_HW_CPU_CYCLES":2309582528}}
{"runtime":767,"energy":{"pkg":7.6458740234375,"pp0":4.10528564453125,"pp1":0.14990234375,"dram":0},"perf_counters":{"PERF_COUNT_HW_REF_CPU_CYCLES":2149344037,"PERF_COUNT_HW_BRANCH_INSTRUCTIONS":254081793,"PERF_COUNT_HW_CACHE_MISSES":43694,"PERF_COUNT_HW_INSTRUCTIONS":5809199509,"PERF_COUNT_HW_BRANCH_MISSES":424229,"PERF_COUNT_HW_CACHE_REFERENCES":141188,"PERF_COUNT_HW_CPU_CYCLES":2310342557}}
{"runtime":764,"energy":{"pkg":7.6019287109375,"pp0":4.066162109375,"pp1":0.1522216796875,"dram":0},"perf_counters":{"PERF_COUNT_HW_REF_CPU_CYCLES":2141424559,"PERF_COUNT_HW_BRANCH_INSTRUCTIONS":254077299,"PERF_COUNT_HW_CACHE_MISSES":49829,"PERF_COUNT_HW_INSTRUCTIONS":5809171757,"PERF_COUNT_HW_BRANCH_MISSES":429981,"PERF_COUNT_HW_CACHE_REFERENCES":164380,"PERF_COUNT_HW_CPU_CYCLES":2313879800}}
{"runtime":763,"energy":{"pkg":7.54510498046875,"pp0":4.02520751953125,"pp1":0.14404296875,"dram":0},"perf_counters":{"PERF_COUNT_HW_REF_CPU_CYCLES":2138063128,"PERF_COUNT_HW_BRANCH_INSTRUCTIONS":254080283,"PERF_COUNT_HW_CACHE_MISSES":65954,"PERF_COUNT_HW_INSTRUCTIONS":5809190493,"PERF_COUNT_HW_BRANCH_MISSES":434367,"PERF_COUNT_HW_CACHE_REFERENCES":247747,"PERF_COUNT_HW_CPU_CYCLES":2319291881}}
