{"runtime":1591,"energy":{"pkg":15.55413818359375,"pp0":8.0859375,"pp1":0.345458984375,"dram":0},"perf_counters":{"PERF_COUNT_HW_REF_CPU_CYCLES":18434067602,"PERF_COUNT_HW_BRANCH_INSTRUCTIONS":2137244367,"PERF_COUNT_HW_CACHE_MISSES":8351927,"PERF_COUNT_HW_INSTRUCTIONS":10265274785,"PERF_COUNT_HW_BRANCH_MISSES":192673537,"PERF_COUNT_HW_CACHE_REFERENCES":20069044,"PERF_COUNT_HW_CPU_CYCLES":11282935090}}
{"runtime":1588,"energy":{"pkg":15.607666015625,"pp0":8.19989013671875,"pp1":0.3115234375,"dram":0},"perf_counters":{"PERF_COUNT_HW_REF_CPU_CYCLES":18099832722,"PERF_COUNT_HW_BRANCH_INSTRUCTIONS":2137458639,"PERF_COUNT_HW_CACHE_MISSES":8480982,"PERF_COUNT_HW_INSTRUCTIONS":10265935928,"PERF_COUNT_HW_BRANCH_MISSES":192471918,"PERF_COUNT_HW_CACHE_REFERENCES":20293842,"PERF_COUNT_HW_CPU_CYCLES":11291505426}}
{"runtime":1549,"energy":{"pkg":15.3377685546875,"pp0":8.07781982421875,"pp1":0.3233642578125,"dram":0},"perf_counters":{"PERF_COUNT_HW_REF_CPU_CYCLES":17987123496,"PERF_COUNT_HW_BRANCH_INSTRUCTIONS":2138454207,"PERF_COUNT_HW_CACHE_MISSES":8238839,"PERF_COUNT_HW_INSTRUCTIONS":10269658511,"PERF_COUNT_HW_BRANCH_MISSES":190197506,"PERF_COUNT_HW_CACHE_REFERENCES":20004320,"PERF_COUNT_HW_CPU_CYCLES":11304304631}}
{"runtime":1555,"energy":{"pkg":15.38885498046875,"pp0":8.1044921875,"pp1":0.3314208984375,"dram":0},"perf_counters":{"PERF_COUNT_HW_REF_CPU_CYCLES":18226484583,"PERF_COUNT_HW_BRANCH_INSTRUCTIONS":2137891290,"PERF_COUNT_HW_CACHE_MISSES":8397540,"PERF_COUNT_HW_INSTRUCTIONS":10267801775,"PERF_COUNT_HW_BRANCH_MISSES":194693658,"PERF_COUNT_HW_CACHE_REFERENCES":20061279,"PERF_COUNT_HW_CPU_CYCLES":11393140672}}
{"runtime":1572,"energy":{"pkg":15.31890869140625,"pp0":8.00860595703125,"pp1":0.2777099609375,"dram":0},"perf_counters":{"PERF_COUNT_HW_REF_CPU_CYCLES":18058115412,"PERF_COUNT_HW_BRANCH_INSTRUCTIONS":2138002018,"PERF_COUNT_HW_CACHE_MISSES":8575299,"PERF_COUNT_HW_INSTRUCTIONS":10267941889,"PERF_COUNT_HW_BRANCH_MISSES":192542193,"PERF_COUNT_HW_CACHE_REFERENCES":20095762,"PERF_COUNT_HW_CPU_CYCLES":11552615729}}
{"runtime":1509,"energy":{"pkg":15.179931640625,"pp0":8.15692138671875,"pp1":0.270263671875,"dram":0},"perf_counters":{"PERF_COUNT_HW_REF_CPU_CYCLES":17467279911,"PERF_COUNT_HW_BRANCH_INSTRUCTIONS":2137633598,"PERF_COUNT_HW_CACHE_MISSES":8342495,"PERF_COUNT_HW_INSTRUCTIONS":10266509427,"PERF_COUNT_HW_BRANCH_MISSES":194284969,"PERF_COUNT_HW_CACHE_REFERENCES":20056340,"PERF_COUNT_HW_CPU_CYCLES":11365011771}}
{"runtime":1548,"energy":{"pkg":15.29071044921875,"pp0":8.06671142578125,"pp1":0.3017578125,"dram":0},"perf_counters":{"PERF_COUNT_HW_REF_CPU_CYCLES":17922709245,"PERF_COUNT_HW_BRANCH_INSTRUCTIONS":2137776206,"PERF_COUNT_HW_CACHE_MISSES":8451767,"PERF_COUNT_HW_INSTRUCTIONS":10267251711,"PERF_COUNT_HW_BRANCH_MISSES":192104340,"PERF_COUNT_HW_CACHE_REFERENCES":20184086,"PERF_COUNT_HW_CPU_CYCLES":11328560472}}
{"runtime":1589,"energy":{"pkg":15.67242431640625,"pp0":8.1944580078125,"pp1":0.3701171875,"dram":0},"perf_counters":{"PERF_COUNT_HW_REF_CPU_CYCLES":17846949772,"PERF_COUNT_HW_BRANCH_INSTRUCTIONS":2138015675,"PERF_COUNT_HW_CACHE_MISSES":8565003,"PERF_COUNT_HW_INSTRUCTIONS":10268008094,"PERF_COUNT_HW_BRANCH_MISSES":193213733,"PERF_COUNT_HW_CACHE_REFERENCES":20195927,"PERF_COUNT_HW_CPU_CYCLES":11448159725}}
{"runtime":1512,"energy":{"pkg":15.18505859375,"pp0":8.077392578125,"pp1":0.3505859375,"dram":0},"perf_counters":{"PERF_COUNT_HW_REF_CPU_CYCLES":17397421758,"PERF_COUNT_HW_BRANCH_INSTRUCTIONS":2138387217,"PERF_COUNT_HW_CACHE_MISSES":8313445,"PERF_COUNT_HW_INSTRUCTIONS":10269267632,"PERF_COUNT_HW_BRANCH_MISSES":191351406,"PERF_COUNT_HW_CACHE_REFERENCES":19281763,"PERF_COUNT_HW_CPU_CYCLES":11352522004}}
{"runtime":1510,"energy":{"pkg":15.1988525390625,"pp0":8.10406494140625,"pp1":0.345703125,"dram":0},"perf_counters":{"PERF_COUNT_HW_REF_CPU_CYCLES":17620252871,"PERF_COUNT_HW_BRANCH_INSTRUCTIONS":2138246411,"PERF_COUNT_HW_CACHE_MISSES":8166893,"PERF_COUNT_HW_INSTRUCTIONS":10268535910,"PERF_COUNT_HW_BRANCH_MISSES":192752172,"PERF_COUNT_HW_CACHE_REFERENCES":19967602,"PERF_COUNT_HW_CPU_CYCLES":11310315874}}
{"runtime":1577,"energy":{"pkg":15.51177978515625,"pp0":8.1533203125,"pp1":0.31640625,"dram":0},"perf_counters":{"PERF_COUNT_HW_REF_CPU_CYCLES":18381119753,"PERF_COUNT_HW_BRANCH_INSTRUCTIONS":2139684809,"PERF_COUNT_HW_CACHE_MISSES":8449805,"PERF_COUNT_HW_INSTRUCTIONS":10273910260,"PERF_COUNT_HW_BRANCH_MISSES":192406884,"PERF_COUNT_HW_CACHE_REFERENCES":20239170,"PERF_COUNT_HW_CPU_CYCLES":11518638806}}
