{"runtime":1817,"energy":{"pkg":167.00933837890625,"pp0":0,"dram":17.81597900390625},"cycles":59428740728}
{"runtime":2005,"energy":{"pkg":183.10296630859375,"pp0":0,"dram":22.22412109375},"cycles":60781285505}
{"runtime":1616,"energy":{"pkg":149.0087890625,"pp0":0,"dram":15.61151123046875},"cycles":58734250800}
{"runtime":1949,"energy":{"pkg":178.52996826171875,"pp0":0,"dram":21.3779296875},"cycles":60331189618}
{"runtime":2056,"energy":{"pkg":187.2147216796875,"pp0":0,"dram":21.06024169921875},"cycles":61710290961}
{"runtime":1582,"energy":{"pkg":146.025146484375,"pp0":0,"dram":18.78753662109375},"cycles":59031643145}
{"runtime":1890,"energy":{"pkg":173.3428955078125,"pp0":0,"dram":20.22259521484375},"cycles":61025337936}
