{"runtime":1900,"energy":{"pkg":173.89459228515625,"pp0":0,"dram":18.45703125},"cycles":60502816569}
{"runtime":1600,"energy":{"pkg":147.23980712890625,"pp0":0,"dram":18.22088623046875},"cycles":60135500735}
{"runtime":1641,"energy":{"pkg":151.45794677734375,"pp0":0,"dram":18.67486572265625},"cycles":59241014831}
{"runtime":1944,"energy":{"pkg":178.606201171875,"pp0":0,"dram":20.031982421875},"cycles":59509186752}
{"runtime":1872,"energy":{"pkg":171.677490234375,"pp0":0,"dram":20.18304443359375},"cycles":60875376060}
{"runtime":1950,"energy":{"pkg":178.0338134765625,"pp0":0,"dram":21.91900634765625},"cycles":61952984996}
{"runtime":1617,"energy":{"pkg":148.09393310546875,"pp0":0,"dram":17.003662109375},"cycles":60378960541}
