{"runtime":16912,"energy":{"pkg":1559.3656616210938,"pp0":0,"dram":170.764404296875},"cycles":584173277698}
{"runtime":17582,"energy":{"pkg":1614.654052734375,"pp0":0,"dram":184.24993896484375},"cycles":609994645561}
{"runtime":17522,"energy":{"pkg":1610.6533203125,"pp0":0,"dram":187.41619873046875},"cycles":602324654418}
{"runtime":17437,"energy":{"pkg":1606.031982421875,"pp0":0,"dram":175.22747802734375},"cycles":605230365589}
{"runtime":18438,"energy":{"pkg":1687.3544311523438,"pp0":0,"dram":185.27099609375},"cycles":614971958395}
{"runtime":18932,"energy":{"pkg":1735.2368774414062,"pp0":0,"dram":189.5145263671875},"cycles":617902725634}
{"runtime":17720,"energy":{"pkg":1625.9661254882812,"pp0":0,"dram":184.63970947265625},"cycles":603070743859}
