{"runtime":17483,"energy":{"pkg":1609.4157104492188,"pp0":0,"dram":174.638671875},"cycles":615971406814}
{"runtime":18046,"energy":{"pkg":1652.659912109375,"pp0":0,"dram":175.25579833984375},"cycles":615452241668}
{"runtime":18055,"energy":{"pkg":1651.8621826171875,"pp0":0,"dram":179.21429443359375},"cycles":610800383047}
{"runtime":17954,"energy":{"pkg":1641.2725830078125,"pp0":0,"dram":190.52557373046875},"cycles":615590064786}
{"runtime":18203,"energy":{"pkg":1665.4259033203125,"pp0":0,"dram":190.339111328125},"cycles":621475550569}
{"runtime":16760,"energy":{"pkg":1542.178466796875,"pp0":0,"dram":168.57958984375},"cycles":601673071241}
{"runtime":17741,"energy":{"pkg":1628.4299926757812,"pp0":0,"dram":187.74383544921875},"cycles":609170416302}
