{"runtime":19346,"energy":{"pkg":1774.6895141601562,"pp0":0,"dram":202.1417236328125},"cycles":659967899293}
{"runtime":18674,"energy":{"pkg":1714.6543579101562,"pp0":0,"dram":191.0413818359375},"cycles":655243352161}
{"runtime":20076,"energy":{"pkg":1835.7802734375,"pp0":0,"dram":200.462646484375},"cycles":674055279640}
{"runtime":19606,"energy":{"pkg":1806.1516723632812,"pp0":0,"dram":209.0050048828125},"cycles":665228219410}
{"runtime":19478,"energy":{"pkg":1785.0773315429688,"pp0":0,"dram":202.60791015625},"cycles":681066612979}
{"runtime":19004,"energy":{"pkg":1746.7896118164062,"pp0":0,"dram":189.24090576171875},"cycles":657748246765}
{"runtime":18569,"energy":{"pkg":1709.5676879882812,"pp0":0,"dram":208.79718017578125},"cycles":655763264378}
