{"runtime":20367,"energy":{"pkg":1872.4924926757812,"pp0":0,"dram":202.8419189453125},"cycles":714825680981}
{"runtime":19785,"energy":{"pkg":1821.1433715820312,"pp0":0,"dram":203.89190673828125},"cycles":711240579001}
{"runtime":20347,"energy":{"pkg":1873.8779907226562,"pp0":0,"dram":213.62841796875},"cycles":724289298279}
{"runtime":22378,"energy":{"pkg":2038.5472412109375,"pp0":0,"dram":229.94671630859375},"cycles":752930163807}
{"runtime":20533,"energy":{"pkg":1884.4515380859375,"pp0":0,"dram":205.793212890625},"cycles":717516090727}
{"runtime":21257,"energy":{"pkg":1955.8370971679688,"pp0":0,"dram":227.4669189453125},"cycles":737106258465}
{"runtime":20736,"energy":{"pkg":1903.9976806640625,"pp0":0,"dram":218.774658203125},"cycles":726532229947}
