{"runtime":24197,"energy":{"pkg":2219.4560546875,"pp0":0,"dram":256.9813232421875},"cycles":850085397307}
{"runtime":24725,"energy":{"pkg":2269.0357666015625,"pp0":0,"dram":242.76239013671875},"cycles":840396943887}
{"runtime":24806,"energy":{"pkg":2271.2391357421875,"pp0":0,"dram":260.8861083984375},"cycles":856595217331}
{"runtime":26112,"energy":{"pkg":2385.4183959960938,"pp0":0,"dram":260.01934814453125},"cycles":878613162798}
{"runtime":24406,"energy":{"pkg":2240.0438232421875,"pp0":0,"dram":254.29071044921875},"cycles":850762516860}
{"runtime":24881,"energy":{"pkg":2284.8696899414062,"pp0":0,"dram":252.38543701171875},"cycles":858776016277}
{"runtime":24571,"energy":{"pkg":2254.7039794921875,"pp0":0,"dram":241.4857177734375},"cycles":843608436586}
