{"runtime":23924,"energy":{"pkg":2200.829345703125,"pp0":0,"dram":233.31170654296875},"cycles":839228242551}
{"runtime":25736,"energy":{"pkg":2359.2135009765625,"pp0":0,"dram":260.6512451171875},"cycles":860145354997}
{"runtime":24772,"energy":{"pkg":2273.0263671875,"pp0":0,"dram":243.81842041015625},"cycles":864011490133}
{"runtime":24966,"energy":{"pkg":2293.2293090820312,"pp0":0,"dram":265.8736572265625},"cycles":854424688396}
{"runtime":24483,"energy":{"pkg":2248.740966796875,"pp0":0,"dram":246.756103515625},"cycles":857474686982}
{"runtime":26229,"energy":{"pkg":2406.6328735351562,"pp0":0,"dram":266.7562255859375},"cycles":874396861355}
{"runtime":25395,"energy":{"pkg":2329.4806518554688,"pp0":0,"dram":249.97186279296875},"cycles":866746557398}
