{"runtime":27445,"energy":{"pkg":2507.5188598632812,"pp0":0,"dram":284.25970458984375},"cycles":927839632796}
{"runtime":27554,"energy":{"pkg":2522.2763061523438,"pp0":0,"dram":279.31170654296875},"cycles":928062127684}
{"runtime":26559,"energy":{"pkg":2435.101806640625,"pp0":0,"dram":273.24658203125},"cycles":917891841966}
{"runtime":26931,"energy":{"pkg":2468.3372192382812,"pp0":0,"dram":289.0997314453125},"cycles":918665496799}
{"runtime":25637,"energy":{"pkg":2357.744873046875,"pp0":0,"dram":288.28509521484375},"cycles":909052578445}
{"runtime":26731,"energy":{"pkg":2450.5028686523438,"pp0":0,"dram":270.72808837890625},"cycles":917991178899}
{"runtime":25890,"energy":{"pkg":2382.5855102539062,"pp0":0,"dram":258.26666259765625},"cycles":890464649508}
