{"runtime":25513,"energy":{"pkg":2343.2792358398438,"pp0":0,"dram":254.55108642578125},"cycles":892539915851}
{"runtime":26353,"energy":{"pkg":2413.9077758789062,"pp0":0,"dram":272.99298095703125},"cycles":918651471075}
{"runtime":25158,"energy":{"pkg":2314.9990844726562,"pp0":0,"dram":254.02838134765625},"cycles":902824157839}
{"runtime":27469,"energy":{"pkg":2516.3733520507812,"pp0":0,"dram":285.48883056640625},"cycles":920989918658}
{"runtime":25745,"energy":{"pkg":2367.0074462890625,"pp0":0,"dram":256.4627685546875},"cycles":892558718128}
{"runtime":27521,"energy":{"pkg":2531.01318359375,"pp0":0,"dram":272.59033203125},"cycles":925585337789}
{"runtime":27063,"energy":{"pkg":2484.91259765625,"pp0":0,"dram":268.99908447265625},"cycles":940149621138}
