{"runtime":32576,"energy":{"pkg":2999.0308227539062,"pp0":0,"dram":351.22265625},"cycles":1150653719423}
{"runtime":31971,"energy":{"pkg":2941.3479614257812,"pp0":0,"dram":345.24505615234375},"cycles":1130288102212}
{"runtime":33141,"energy":{"pkg":3041.7604370117188,"pp0":0,"dram":333.90765380859375},"cycles":1148270767595}
{"runtime":33249,"energy":{"pkg":3058.414306640625,"pp0":0,"dram":332.54595947265625},"cycles":1150738919896}
{"runtime":35133,"energy":{"pkg":3209.15478515625,"pp0":0,"dram":350.08758544921875},"cycles":1179149205884}
{"runtime":33858,"energy":{"pkg":3109.4202270507812,"pp0":0,"dram":348.3499755859375},"cycles":1151528868626}
{"runtime":36091,"energy":{"pkg":3300.9669189453125,"pp0":0,"dram":372.949462890625},"cycles":1184330803404}
