{"runtime":3878,"energy":{"pkg":-261788.50897216797,"pp0":0,"dram":37.5916748046875},"cycles":122722980262}
{"runtime":3313,"energy":{"pkg":306.288330078125,"pp0":0,"dram":36.8062744140625},"cycles":116533145005}
{"runtime":3439,"energy":{"pkg":316.5799560546875,"pp0":0,"dram":33.92523193359375},"cycles":120705497539}
{"runtime":3479,"energy":{"pkg":320.1063232421875,"pp0":0,"dram":37.8597412109375},"cycles":119855335500}
{"runtime":3508,"energy":{"pkg":322.87689208984375,"pp0":0,"dram":33.9908447265625},"cycles":118016910455}
{"runtime":3503,"energy":{"pkg":319.47308349609375,"pp0":0,"dram":37.7476806640625},"cycles":123551704777}
{"runtime":3519,"energy":{"pkg":323.0113525390625,"pp0":0,"dram":37.928466796875},"cycles":120874564442}
