{"runtime":35706,"energy":{"pkg":3275.0349731445312,"pp0":0,"dram":387.362548828125},"cycles":1218344491609}
{"runtime":33961,"energy":{"pkg":3125.0997924804688,"pp0":0,"dram":364.03900146484375},"cycles":1203443943179}
{"runtime":34394,"energy":{"pkg":3166.5999755859375,"pp0":0,"dram":346.13189697265625},"cycles":1210803778631}
{"runtime":36289,"energy":{"pkg":3325.4418334960938,"pp0":0,"dram":367.5166015625},"cycles":1236864316670}
{"runtime":35626,"energy":{"pkg":3267.4637451171875,"pp0":0,"dram":364.68695068359375},"cycles":1222407623070}
{"runtime":35479,"energy":{"pkg":3252.0330200195312,"pp0":0,"dram":367.69769287109375},"cycles":1220239097111}
{"runtime":35568,"energy":{"pkg":3265.4425659179688,"pp0":0,"dram":371.33868408203125},"cycles":1223763984951}
