{"runtime":37299,"energy":{"pkg":3422.6661987304688,"pp0":0,"dram":369.17047119140625},"cycles":1281326119109}
{"runtime":35738,"energy":{"pkg":3287.0789184570312,"pp0":0,"dram":372.25079345703125},"cycles":1276859891281}
{"runtime":35668,"energy":{"pkg":3286.7325439453125,"pp0":0,"dram":354.15081787109375},"cycles":1247566737331}
{"runtime":35266,"energy":{"pkg":3251.05517578125,"pp0":0,"dram":366.12811279296875},"cycles":1259311889043}
{"runtime":35761,"energy":{"pkg":3269.0292358398438,"pp0":0,"dram":368.92596435546875},"cycles":1276867633726}
{"runtime":38461,"energy":{"pkg":3523.1437377929688,"pp0":0,"dram":391.9364013671875},"cycles":1305647217333}
{"runtime":38732,"energy":{"pkg":3552.0023803710938,"pp0":0,"dram":405.74456787109375},"cycles":1280104655399}
