{"runtime":38383,"energy":{"pkg":3539.0916137695312,"pp0":0,"dram":388.61944580078125},"cycles":1372012316426}
{"runtime":42517,"energy":{"pkg":3893.0912475585938,"pp0":0,"dram":443.2041015625},"cycles":1420569082153}
{"runtime":40570,"energy":{"pkg":3718.176513671875,"pp0":0,"dram":429.4334716796875},"cycles":1414922137538}
{"runtime":41832,"energy":{"pkg":3832.5226440429688,"pp0":0,"dram":430.98101806640625},"cycles":1429935771701}
{"runtime":42192,"energy":{"pkg":3846.2426147460938,"pp0":0,"dram":429.52203369140625},"cycles":1440522733633}
{"runtime":41239,"energy":{"pkg":3783.4484252929688,"pp0":0,"dram":405.744873046875},"cycles":1396101710485}
{"runtime":40740,"energy":{"pkg":3731.9058227539062,"pp0":0,"dram":419.814208984375},"cycles":1400757373327}
