{"runtime":45532,"energy":{"pkg":4161.498474121094,"pp0":0,"dram":460.29248046875},"cycles":1549631383264}
{"runtime":45120,"energy":{"pkg":4136.8818359375,"pp0":0,"dram":469.3197021484375},"cycles":1547246321514}
{"runtime":46644,"energy":{"pkg":4258.1722412109375,"pp0":0,"dram":483.56549072265625},"cycles":1555768466886}
{"runtime":44371,"energy":{"pkg":4069.3216552734375,"pp0":0,"dram":462.77093505859375},"cycles":1540306740745}
{"runtime":43571,"energy":{"pkg":3996.581787109375,"pp0":0,"dram":454.41888427734375},"cycles":1511028407958}
{"runtime":42881,"energy":{"pkg":3941.9566040039062,"pp0":0,"dram":424.17547607421875},"cycles":1513762466732}
{"runtime":44107,"energy":{"pkg":4038.0787963867188,"pp0":0,"dram":439.4736328125},"cycles":1509400144626}
