{"runtime":43765,"energy":{"pkg":4022.274658203125,"pp0":0,"dram":444.52203369140625},"cycles":1563650914015}
{"runtime":47218,"energy":{"pkg":4303.972595214844,"pp0":0,"dram":470.3857421875},"cycles":1625909893591}
{"runtime":46666,"energy":{"pkg":4268.956359863281,"pp0":0,"dram":515.5738525390625},"cycles":1581866909344}
{"runtime":43256,"energy":{"pkg":3989.7195434570312,"pp0":0,"dram":442.30548095703125},"cycles":1548014991679}
{"runtime":42840,"energy":{"pkg":3951.1603393554688,"pp0":0,"dram":428.8927001953125},"cycles":1525894947011}
{"runtime":46162,"energy":{"pkg":4222.318603515625,"pp0":0,"dram":470.95086669921875},"cycles":1613476183180}
{"runtime":45734,"energy":{"pkg":4194.642517089844,"pp0":0,"dram":448.13665771484375},"cycles":1569006124192}
