{"runtime":47346,"energy":{"pkg":4345.2769775390625,"pp0":0,"dram":481.12017822265625},"cycles":1653682425302}
{"runtime":49780,"energy":{"pkg":4535.5311279296875,"pp0":0,"dram":520.6633911132812},"cycles":1690085069599}
{"runtime":44207,"energy":{"pkg":4083.5073852539062,"pp0":0,"dram":467.0347900390625},"cycles":1596064462700}
{"runtime":47595,"energy":{"pkg":4392.09033203125,"pp0":0,"dram":481.55499267578125},"cycles":1668336520775}
{"runtime":45709,"energy":{"pkg":4214.485412597656,"pp0":0,"dram":478.28009033203125},"cycles":1598488047923}
{"runtime":49073,"energy":{"pkg":4492.496032714844,"pp0":0,"dram":504.1943359375},"cycles":1681454296123}
{"runtime":45961,"energy":{"pkg":4219.0411376953125,"pp0":0,"dram":471.01123046875},"cycles":1602864164684}
