{"runtime":51079,"energy":{"pkg":4658.7242431640625,"pp0":0,"dram":535.6217651367188},"cycles":1715384106555}
{"runtime":50081,"energy":{"pkg":4591.458068847656,"pp0":0,"dram":533.9742431640625},"cycles":1730488269338}
{"runtime":49950,"energy":{"pkg":4574.841552734375,"pp0":0,"dram":503.28289794921875},"cycles":1705385486310}
{"runtime":49499,"energy":{"pkg":4533.7481689453125,"pp0":0,"dram":505.53955078125},"cycles":1696997635619}
{"runtime":49981,"energy":{"pkg":4556.030517578125,"pp0":0,"dram":509.11370849609375},"cycles":1732496184804}
{"runtime":51076,"energy":{"pkg":4677.894226074219,"pp0":0,"dram":535.609375},"cycles":1728291313546}
{"runtime":49039,"energy":{"pkg":4496.643737792969,"pp0":0,"dram":483.83355712890625},"cycles":1697946310812}
