{"runtime":52529,"energy":{"pkg":4799.2242431640625,"pp0":0,"dram":540.4948120117188},"cycles":1823566534817}
{"runtime":52376,"energy":{"pkg":4796.130065917969,"pp0":0,"dram":539.05419921875},"cycles":1800652411768}
{"runtime":51570,"energy":{"pkg":4725.591125488281,"pp0":0,"dram":514.1432495117188},"cycles":1779675784946}
{"runtime":49709,"energy":{"pkg":4562.570068359375,"pp0":0,"dram":514.8059692382812},"cycles":1740011281492}
{"runtime":49831,"energy":{"pkg":4584.216979980469,"pp0":0,"dram":510.55511474609375},"cycles":1739032714368}
{"runtime":52981,"energy":{"pkg":4861.123046875,"pp0":0,"dram":531.5195922851562},"cycles":1797232191940}
{"runtime":50889,"energy":{"pkg":4655.471435546875,"pp0":0,"dram":507.24542236328125},"cycles":1763916183202}
