{"runtime":5333,"energy":{"pkg":489.09576416015625,"pp0":0,"dram":53.3253173828125},"cycles":180336319996}
{"runtime":5668,"energy":{"pkg":519.140869140625,"pp0":0,"dram":60.4442138671875},"cycles":184574861324}
{"runtime":5850,"energy":{"pkg":535.7277221679688,"pp0":0,"dram":56.21343994140625},"cycles":182816453397}
{"runtime":5533,"energy":{"pkg":510.03338623046875,"pp0":0,"dram":58.5966796875},"cycles":186889427446}
{"runtime":5012,"energy":{"pkg":461.58929443359375,"pp0":0,"dram":48.92266845703125},"cycles":179990612275}
{"runtime":5166,"energy":{"pkg":474.79119873046875,"pp0":0,"dram":60.63079833984375},"cycles":179541612463}
{"runtime":5029,"energy":{"pkg":466.0552978515625,"pp0":0,"dram":56.4166259765625},"cycles":175501336922}
