{"runtime":5556,"energy":{"pkg":509.2464599609375,"pp0":0,"dram":56.34033203125},"cycles":179483174553}
{"runtime":5119,"energy":{"pkg":472.50311279296875,"pp0":0,"dram":52.69586181640625},"cycles":180172694594}
{"runtime":5436,"energy":{"pkg":497.4599609375,"pp0":0,"dram":61.51080322265625},"cycles":182795504052}
{"runtime":5499,"energy":{"pkg":510.65020751953125,"pp0":0,"dram":62.3660888671875},"cycles":182317842409}
{"runtime":5987,"energy":{"pkg":549.0241088867188,"pp0":0,"dram":58.12677001953125},"cycles":195167620409}
{"runtime":5484,"energy":{"pkg":503.5155029296875,"pp0":0,"dram":54.79644775390625},"cycles":181296185317}
{"runtime":5431,"energy":{"pkg":498.44586181640625,"pp0":0,"dram":53.9969482421875},"cycles":179776493638}
