{"runtime":51433,"energy":{"pkg":4717.962158203125,"pp0":0,"dram":542.15087890625},"cycles":1817886125764}
{"runtime":52335,"energy":{"pkg":4800.876892089844,"pp0":0,"dram":569.259765625},"cycles":1817441755120}
{"runtime":54283,"energy":{"pkg":4963.039855957031,"pp0":0,"dram":532.17333984375},"cycles":1841755224717}
{"runtime":52632,"energy":{"pkg":4837.975158691406,"pp0":0,"dram":565.095947265625},"cycles":1823417885835}
{"runtime":52466,"energy":{"pkg":4818.572448730469,"pp0":0,"dram":541.5968627929688},"cycles":1835179187307}
{"runtime":51483,"energy":{"pkg":4735.388122558594,"pp0":0,"dram":524.276611328125},"cycles":1824114178084}
{"runtime":54311,"energy":{"pkg":4965.990966796875,"pp0":0,"dram":568.1237182617188},"cycles":1842237523925}
