{"runtime":8629,"energy":{"pkg":793.1275634765625,"pp0":0,"dram":83.89471435546875},"cycles":290120930593}
{"runtime":9108,"energy":{"pkg":835.0895385742188,"pp0":0,"dram":96.29888916015625},"cycles":303428881044}
{"runtime":8191,"energy":{"pkg":755.80615234375,"pp0":0,"dram":88.3526611328125},"cycles":293222984400}
{"runtime":8569,"energy":{"pkg":787.600341796875,"pp0":0,"dram":88.9498291015625},"cycles":301245220457}
{"runtime":9264,"energy":{"pkg":846.36279296875,"pp0":0,"dram":98.23175048828125},"cycles":305812209398}
{"runtime":8989,"energy":{"pkg":824.6904907226562,"pp0":0,"dram":98.65765380859375},"cycles":307654329929}
{"runtime":8780,"energy":{"pkg":812.4371948242188,"pp0":0,"dram":90.3309326171875},"cycles":315287362590}
