{"runtime":8526,"energy":{"pkg":784.28515625,"pp0":0,"dram":83.69964599609375},"cycles":296329420725}
{"runtime":9881,"energy":{"pkg":901.4442138671875,"pp0":0,"dram":99.58953857421875},"cycles":309842705030}
{"runtime":8420,"energy":{"pkg":775.2974243164062,"pp0":0,"dram":89.68951416015625},"cycles":296521911297}
{"runtime":8412,"energy":{"pkg":773.4805908203125,"pp0":0,"dram":92.1041259765625},"cycles":295445686930}
{"runtime":8725,"energy":{"pkg":809.5277099609375,"pp0":0,"dram":94.802734375},"cycles":303828911017}
{"runtime":8608,"energy":{"pkg":790.8290405273438,"pp0":0,"dram":97.63629150390625},"cycles":299188184477}
{"runtime":9148,"energy":{"pkg":836.954833984375,"pp0":0,"dram":94.99664306640625},"cycles":303286623601}
