{"runtime":10366,"energy":{"pkg":949.6062622070312,"pp0":0,"dram":101.7164306640625},"cycles":357886536596}
{"runtime":10512,"energy":{"pkg":966.7828369140625,"pp0":0,"dram":110.10455322265625},"cycles":363703860850}
{"runtime":10055,"energy":{"pkg":932.00244140625,"pp0":0,"dram":107.98834228515625},"cycles":366149073073}
{"runtime":10984,"energy":{"pkg":1014.2144165039062,"pp0":0,"dram":113.61163330078125},"cycles":378980090580}
{"runtime":11451,"energy":{"pkg":1045.6182861328125,"pp0":0,"dram":119.8985595703125},"cycles":373705633539}
{"runtime":10073,"energy":{"pkg":928.6619262695312,"pp0":0,"dram":108.88824462890625},"cycles":355180067838}
{"runtime":11343,"energy":{"pkg":1037.4547729492188,"pp0":0,"dram":118.74267578125},"cycles":373678551658}
