{"runtime":10899,"energy":{"pkg":998.8241577148438,"pp0":0,"dram":104.2279052734375},"cycles":359259040677}
{"runtime":10249,"energy":{"pkg":941.6543579101562,"pp0":0,"dram":101.2451171875},"cycles":357690005130}
{"runtime":10343,"energy":{"pkg":951.85888671875,"pp0":0,"dram":117.69580078125},"cycles":357171244565}
{"runtime":9704,"energy":{"pkg":896.36083984375,"pp0":0,"dram":102.9185791015625},"cycles":352779827936}
{"runtime":10975,"energy":{"pkg":1003.2132568359375,"pp0":0,"dram":112.65252685546875},"cycles":364994785984}
{"runtime":10557,"energy":{"pkg":970.8102416992188,"pp0":0,"dram":117.4259033203125},"cycles":364905137950}
{"runtime":10330,"energy":{"pkg":949.6312255859375,"pp0":0,"dram":108.1895751953125},"cycles":354866868189}
