{"runtime":12346,"energy":{"pkg":1137.0647583007812,"pp0":0,"dram":119.53778076171875},"cycles":420146753183}
{"runtime":12997,"energy":{"pkg":1191.67724609375,"pp0":0,"dram":137.64410400390625},"cycles":425071053359}
{"runtime":13124,"energy":{"pkg":1200.5999145507812,"pp0":0,"dram":133.13604736328125},"cycles":430883972831}
{"runtime":12739,"energy":{"pkg":1169.0308227539062,"pp0":0,"dram":132.82696533203125},"cycles":424826947459}
{"runtime":11863,"energy":{"pkg":1089.2869262695312,"pp0":0,"dram":130.4813232421875},"cycles":420624175480}
{"runtime":12410,"energy":{"pkg":1142.4925537109375,"pp0":0,"dram":126.34027099609375},"cycles":411818385107}
{"runtime":13401,"energy":{"pkg":1220.3795166015625,"pp0":0,"dram":148.09613037109375},"cycles":435216942182}
