{"runtime":14021,"energy":{"pkg":1291.1415405273438,"pp0":0,"dram":137.34503173828125},"cycles":482858841464}
{"runtime":13261,"energy":{"pkg":1224.889404296875,"pp0":0,"dram":139.991943359375},"cycles":476266185256}
{"runtime":14263,"energy":{"pkg":1315.1571044921875,"pp0":0,"dram":148.80230712890625},"cycles":482898526291}
{"runtime":13984,"energy":{"pkg":1287.477783203125,"pp0":0,"dram":146.75616455078125},"cycles":483009210031}
{"runtime":14470,"energy":{"pkg":1328.7518920898438,"pp0":0,"dram":150.36553955078125},"cycles":482396377394}
{"runtime":14097,"energy":{"pkg":1296.698974609375,"pp0":0,"dram":136.24310302734375},"cycles":477627181962}
{"runtime":14461,"energy":{"pkg":1326.8253784179688,"pp0":0,"dram":164.1917724609375},"cycles":486669579175}
