{"runtime":14215,"energy":{"pkg":1306.4199829101562,"pp0":0,"dram":140.35430908203125},"cycles":474673515727}
{"runtime":14106,"energy":{"pkg":1292.6638793945312,"pp0":0,"dram":149.099609375},"cycles":481547776211}
{"runtime":13791,"energy":{"pkg":1267.0726928710938,"pp0":0,"dram":136.5673828125},"cycles":478528306253}
{"runtime":15079,"energy":{"pkg":1377.7914428710938,"pp0":0,"dram":156.6722412109375},"cycles":496009780306}
{"runtime":13380,"energy":{"pkg":1233.4591064453125,"pp0":0,"dram":143.540771484375},"cycles":474989374597}
{"runtime":14696,"energy":{"pkg":1347.196044921875,"pp0":0,"dram":158.6640625},"cycles":504022874825}
{"runtime":13991,"energy":{"pkg":1282.9502563476562,"pp0":0,"dram":146.94573974609375},"cycles":480070111759}
