{"runtime":15617,"energy":{"pkg":1433.8195190429688,"pp0":0,"dram":152.081298828125},"cycles":535446348480}
{"runtime":15385,"energy":{"pkg":1413.6268310546875,"pp0":0,"dram":167.73095703125},"cycles":545749326187}
{"runtime":15613,"energy":{"pkg":1433.5297241210938,"pp0":0,"dram":161.7301025390625},"cycles":542320864892}
{"runtime":15855,"energy":{"pkg":1462.9384765625,"pp0":0,"dram":160.76727294921875},"cycles":551045689137}
{"runtime":17565,"energy":{"pkg":1600.9776611328125,"pp0":0,"dram":171.01068115234375},"cycles":567349891488}
{"runtime":16428,"energy":{"pkg":1501.5534057617188,"pp0":0,"dram":173.58392333984375},"cycles":565161328179}
{"runtime":15971,"energy":{"pkg":1463.43408203125,"pp0":0,"dram":170.90478515625},"cycles":542564685422}
