{"runtime":10665,"energy":{"pkg":880.7340698242188,"pp0":0,"dram":104.1053466796875},"cycles":688897237035}
{"runtime":10649,"energy":{"pkg":913.880126953125,"pp0":0,"dram":103.8505859375},"cycles":687326270694}
{"runtime":10651,"energy":{"pkg":920.5708618164062,"pp0":0,"dram":104.12298583984375},"cycles":687349794957}
{"runtime":10700,"energy":{"pkg":913.0379028320312,"pp0":0,"dram":105.79803466796875},"cycles":688368003099}
{"runtime":10690,"energy":{"pkg":914.5596313476562,"pp0":0,"dram":105.1920166015625},"cycles":688634151723}
{"runtime":10649,"energy":{"pkg":912.3490600585938,"pp0":0,"dram":105.0584716796875},"cycles":688484619396}
{"runtime":10639,"energy":{"pkg":910.9268188476562,"pp0":0,"dram":104.71893310546875},"cycles":687770345430}
