{"runtime":11642,"energy":{"pkg":974.2706298828125,"pp0":0,"dram":113.41094970703125},"cycles":752858712816}
{"runtime":11675,"energy":{"pkg":1012.0332641601562,"pp0":0,"dram":114.59759521484375},"cycles":755238233946}
{"runtime":11653,"energy":{"pkg":1009.5486450195312,"pp0":0,"dram":113.75274658203125},"cycles":754108026861}
{"runtime":11633,"energy":{"pkg":997.4761352539062,"pp0":0,"dram":114.342529296875},"cycles":752472819063}
{"runtime":11632,"energy":{"pkg":1006.7662963867188,"pp0":0,"dram":113.784912109375},"cycles":752642451225}
{"runtime":11657,"energy":{"pkg":1001.56298828125,"pp0":0,"dram":114.12322998046875},"cycles":755209355733}
{"runtime":11650,"energy":{"pkg":999.18603515625,"pp0":0,"dram":114.75799560546875},"cycles":753483361638}
