{"runtime":13728,"energy":{"pkg":1156.74560546875,"pp0":0,"dram":133.96539306640625},"cycles":887915992803}
{"runtime":13765,"energy":{"pkg":1183.3548583984375,"pp0":0,"dram":134.17242431640625},"cycles":890602631520}
{"runtime":13845,"energy":{"pkg":1183.5526123046875,"pp0":0,"dram":134.32525634765625},"cycles":891504239682}
{"runtime":13765,"energy":{"pkg":1179.4347534179688,"pp0":0,"dram":133.94671630859375},"cycles":889253949864}
{"runtime":13732,"energy":{"pkg":1178.0401611328125,"pp0":0,"dram":133.09002685546875},"cycles":888985995555}
{"runtime":13730,"energy":{"pkg":1177.0022583007812,"pp0":0,"dram":133.927490234375},"cycles":889242673410}
{"runtime":13704,"energy":{"pkg":1183.1671752929688,"pp0":0,"dram":133.8209228515625},"cycles":887515513605}
