{"runtime":14791,"energy":{"pkg":1262.2401733398438,"pp0":0,"dram":143.71160888671875},"cycles":955746708483}
{"runtime":14848,"energy":{"pkg":1281.8113403320312,"pp0":0,"dram":144.4488525390625},"cycles":956520411462}
{"runtime":14837,"energy":{"pkg":1280.2562255859375,"pp0":0,"dram":144.3348388671875},"cycles":959200366551}
{"runtime":14852,"energy":{"pkg":1283.1105346679688,"pp0":0,"dram":144.93121337890625},"cycles":959043401652}
{"runtime":14867,"energy":{"pkg":1271.727294921875,"pp0":0,"dram":144.619384765625},"cycles":960285498459}
{"runtime":14752,"energy":{"pkg":1275.5393676757812,"pp0":0,"dram":143.7274169921875},"cycles":955620854244}
{"runtime":14739,"energy":{"pkg":1274.3522338867188,"pp0":0,"dram":144.04620361328125},"cycles":953223001836}
