{"runtime":15855,"energy":{"pkg":1356.01904296875,"pp0":0,"dram":154.05084228515625},"cycles":1024397189025}
{"runtime":15835,"energy":{"pkg":1361.8259887695312,"pp0":0,"dram":154.28411865234375},"cycles":1024732510956}
{"runtime":15885,"energy":{"pkg":1367.0006713867188,"pp0":0,"dram":153.92791748046875},"cycles":1027630254294}
{"runtime":15894,"energy":{"pkg":1368.7072143554688,"pp0":0,"dram":154.96453857421875},"cycles":1024372007505}
{"runtime":15742,"energy":{"pkg":1360.9837646484375,"pp0":0,"dram":152.50335693359375},"cycles":1019849554059}
{"runtime":15835,"energy":{"pkg":1357.1898193359375,"pp0":0,"dram":154.5125732421875},"cycles":1024635300570}
{"runtime":15834,"energy":{"pkg":1368.7918090820312,"pp0":0,"dram":155.2607421875},"cycles":1025810120748}
