{"runtime":16939,"energy":{"pkg":1452.5571899414062,"pp0":0,"dram":164.75311279296875},"cycles":1094555793030}
{"runtime":16835,"energy":{"pkg":1458.4639282226562,"pp0":0,"dram":163.87103271484375},"cycles":1091546625960}
{"runtime":16941,"energy":{"pkg":1448.24951171875,"pp0":0,"dram":164.43084716796875},"cycles":1089591776805}
{"runtime":16835,"energy":{"pkg":1444.3450317382812,"pp0":0,"dram":163.37890625},"cycles":1091561629641}
{"runtime":16826,"energy":{"pkg":1443.8860473632812,"pp0":0,"dram":163.4393310546875},"cycles":1090982960382}
{"runtime":16751,"energy":{"pkg":1440.1941528320312,"pp0":0,"dram":161.25054931640625},"cycles":1086549366693}
{"runtime":16798,"energy":{"pkg":1442.1561279296875,"pp0":0,"dram":163.6278076171875},"cycles":1089086660403}
