{"runtime":17888,"energy":{"pkg":1540.0462036132812,"pp0":0,"dram":173.1932373046875},"cycles":1159724192928}
{"runtime":17868,"energy":{"pkg":1534.18798828125,"pp0":0,"dram":173.52252197265625},"cycles":1157098636743}
{"runtime":17847,"energy":{"pkg":1542.27734375,"pp0":0,"dram":173.0142822265625},"cycles":1157027329941}
{"runtime":17822,"energy":{"pkg":1531.2110595703125,"pp0":0,"dram":172.7310791015625},"cycles":1156322694954}
{"runtime":17796,"energy":{"pkg":1536.7408447265625,"pp0":0,"dram":171.34405517578125},"cycles":1153628966511}
{"runtime":17934,"energy":{"pkg":1547.0169067382812,"pp0":0,"dram":174.1689453125},"cycles":1158265418793}
{"runtime":17831,"energy":{"pkg":1531.0617065429688,"pp0":0,"dram":173.50982666015625},"cycles":1157304386637}
