{"runtime":2412,"energy":{"pkg":188.7437744140625,"pp0":0,"dram":23.9801025390625},"cycles":150105493440}
{"runtime":2375,"energy":{"pkg":198.181884765625,"pp0":0,"dram":23.9464111328125},"cycles":147656752803}
{"runtime":2408,"energy":{"pkg":199.79205322265625,"pp0":0,"dram":23.96490478515625},"cycles":148715451402}
{"runtime":2337,"energy":{"pkg":194.379638671875,"pp0":0,"dram":23.44970703125},"cycles":145471469409}
{"runtime":2338,"energy":{"pkg":193.44403076171875,"pp0":0,"dram":23.1109619140625},"cycles":145077529758}
{"runtime":2364,"energy":{"pkg":198.60491943359375,"pp0":0,"dram":23.53466796875},"cycles":147128255631}
{"runtime":2401,"energy":{"pkg":197.47900390625,"pp0":0,"dram":24.2880859375},"cycles":148162332927}
