{"runtime":20913,"energy":{"pkg":1809.5473022460938,"pp0":0,"dram":201.26043701171875},"cycles":1356537774102}
{"runtime":20973,"energy":{"pkg":1812.69873046875,"pp0":0,"dram":203.16522216796875},"cycles":1360887397380}
{"runtime":20935,"energy":{"pkg":1799.5626220703125,"pp0":0,"dram":202.595947265625},"cycles":1357610557212}
{"runtime":20973,"energy":{"pkg":1810.7305297851562,"pp0":0,"dram":203.2720947265625},"cycles":1360222328682}
{"runtime":20975,"energy":{"pkg":1811.4989013671875,"pp0":0,"dram":201.71258544921875},"cycles":1361632534983}
{"runtime":20918,"energy":{"pkg":1797.719482421875,"pp0":0,"dram":202.22308349609375},"cycles":1355867834412}
{"runtime":20947,"energy":{"pkg":1811.627197265625,"pp0":0,"dram":203.04034423828125},"cycles":1358619122070}
