{"runtime":23096,"energy":{"pkg":1985.2675170898438,"pp0":0,"dram":221.48907470703125},"cycles":1494834860190}
{"runtime":22971,"energy":{"pkg":1982.8963623046875,"pp0":0,"dram":221.5159912109375},"cycles":1489824464289}
{"runtime":23143,"energy":{"pkg":1993.8758544921875,"pp0":0,"dram":223.94140625},"cycles":1498627809294}
{"runtime":23074,"energy":{"pkg":2022.2417602539062,"pp0":0,"dram":224.72705078125},"cycles":1493610140526}
{"runtime":22999,"energy":{"pkg":1984.3372802734375,"pp0":0,"dram":221.6627197265625},"cycles":1490443284351}
{"runtime":22984,"energy":{"pkg":1984.6416625976562,"pp0":0,"dram":221.5052490234375},"cycles":1489488572124}
{"runtime":23171,"energy":{"pkg":1994.4894409179688,"pp0":0,"dram":224.38201904296875},"cycles":1500646319970}
