{"runtime":24067,"energy":{"pkg":2078.9500122070312,"pp0":0,"dram":232.11865234375},"cycles":1560644868909}
{"runtime":24038,"energy":{"pkg":2064.2855834960938,"pp0":0,"dram":231.506103515625},"cycles":1556409642039}
{"runtime":24072,"energy":{"pkg":2077.3428955078125,"pp0":0,"dram":232.22515869140625},"cycles":1559195908242}
{"runtime":24029,"energy":{"pkg":2064.3303833007812,"pp0":0,"dram":232.755859375},"cycles":1558323313323}
{"runtime":24033,"energy":{"pkg":2065.4771118164062,"pp0":0,"dram":232.31475830078125},"cycles":1559287296903}
{"runtime":24048,"energy":{"pkg":2078.2677001953125,"pp0":0,"dram":231.43115234375},"cycles":1560592043115}
{"runtime":23994,"energy":{"pkg":2071.4437866210938,"pp0":0,"dram":231.959228515625},"cycles":1557269156856}
