{"runtime":27196,"energy":{"pkg":2350.8024291992188,"pp0":0,"dram":261.4359130859375},"cycles":1762444209834}
{"runtime":27188,"energy":{"pkg":2344.5304565429688,"pp0":0,"dram":261.10235595703125},"cycles":1764697909590}
{"runtime":27300,"energy":{"pkg":2339.6577758789062,"pp0":0,"dram":263.1781005859375},"cycles":1761064232487}
{"runtime":27095,"energy":{"pkg":2336.8204345703125,"pp0":0,"dram":261.0810546875},"cycles":1758852424875}
{"runtime":27327,"energy":{"pkg":2350.6482543945312,"pp0":0,"dram":263.05157470703125},"cycles":1767219111021}
{"runtime":27129,"energy":{"pkg":2331.70458984375,"pp0":0,"dram":261.00408935546875},"cycles":1759573258107}
{"runtime":27222,"energy":{"pkg":2339.3018798828125,"pp0":0,"dram":260.9942626953125},"cycles":1765408461054}
