{"runtime":3445,"energy":{"pkg":269.03485107421875,"pp0":0,"dram":34.1353759765625},"cycles":215275076688}
{"runtime":3415,"energy":{"pkg":294.79693603515625,"pp0":0,"dram":34.17724609375},"cycles":215520573555}
{"runtime":3367,"energy":{"pkg":289.2567138671875,"pp0":0,"dram":33.59893798828125},"cycles":212913780975}
{"runtime":3397,"energy":{"pkg":291.95196533203125,"pp0":0,"dram":33.821044921875},"cycles":214101034665}
{"runtime":3433,"energy":{"pkg":293.49822998046875,"pp0":0,"dram":34.3909912109375},"cycles":217182770385}
{"runtime":3395,"energy":{"pkg":290.002197265625,"pp0":0,"dram":33.56109619140625},"cycles":214357840704}
{"runtime":3402,"energy":{"pkg":287.53533935546875,"pp0":0,"dram":34.67181396484375},"cycles":215245771293}
