{"runtime":31239,"energy":{"pkg":2692.427490234375,"pp0":0,"dram":298.325439453125},"cycles":2026685252802}
{"runtime":31300,"energy":{"pkg":2688.423095703125,"pp0":0,"dram":301.357666015625},"cycles":2029138525491}
{"runtime":31516,"energy":{"pkg":2705.4525756835938,"pp0":0,"dram":305.08135986328125},"cycles":2028766340727}
{"runtime":31199,"energy":{"pkg":2692.0551147460938,"pp0":0,"dram":298.8310546875},"cycles":2026070780454}
{"runtime":31345,"energy":{"pkg":2704.7449340820312,"pp0":0,"dram":301.188232421875},"cycles":2034848520159}
{"runtime":31331,"energy":{"pkg":2701.2529907226562,"pp0":0,"dram":300.99688720703125},"cycles":2031604418256}
{"runtime":31234,"energy":{"pkg":2686.636474609375,"pp0":0,"dram":299.21234130859375},"cycles":2027497333617}
