{"runtime":4427,"energy":{"pkg":360.0020751953125,"pp0":0,"dram":44.1947021484375},"cycles":281685202197}
{"runtime":4450,"energy":{"pkg":385.06951904296875,"pp0":0,"dram":44.38671875},"cycles":281723816766}
{"runtime":4410,"energy":{"pkg":380.69830322265625,"pp0":0,"dram":44.2239990234375},"cycles":279529769148}
{"runtime":4455,"energy":{"pkg":385.68798828125,"pp0":0,"dram":44.6756591796875},"cycles":283690734096}
{"runtime":4410,"energy":{"pkg":383.66522216796875,"pp0":0,"dram":44.302490234375},"cycles":280507655547}
{"runtime":4605,"energy":{"pkg":390.6290283203125,"pp0":0,"dram":46.0115966796875},"cycles":291081269955}
{"runtime":4414,"energy":{"pkg":381.2637939453125,"pp0":0,"dram":44.01385498046875},"cycles":281161247157}
