{"runtime":6527,"energy":{"pkg":535.6654052734375,"pp0":0,"dram":64.9842529296875},"cycles":419686356432}
{"runtime":6530,"energy":{"pkg":556.7605590820312,"pp0":0,"dram":64.4364013671875},"cycles":418957323456}
{"runtime":6507,"energy":{"pkg":563.3939819335938,"pp0":0,"dram":64.71337890625},"cycles":416600574201}
{"runtime":6569,"energy":{"pkg":569.7741088867188,"pp0":0,"dram":66.25152587890625},"cycles":422325973293}
{"runtime":6479,"energy":{"pkg":558.9176635742188,"pp0":0,"dram":63.76812744140625},"cycles":415426608030}
{"runtime":6453,"energy":{"pkg":562.7197875976562,"pp0":0,"dram":63.80841064453125},"cycles":414160531302}
{"runtime":6440,"energy":{"pkg":550.4710083007812,"pp0":0,"dram":64.05242919921875},"cycles":414084814101}
