{"runtime":3,"energy":{"pkg":0.11669921875,"pp0":0,"dram":0.0418701171875},"cycles":4286647}
{"runtime":2,"energy":{"pkg":0.098388671875,"pp0":0,"dram":0.028564453125},"cycles":4370488}
{"runtime":3,"energy":{"pkg":0.0975341796875,"pp0":0,"dram":0.02069091796875},"cycles":4260421}
{"runtime":3,"energy":{"pkg":0.14300537109375,"pp0":0,"dram":0.03759765625},"cycles":4374636}
{"runtime":3,"energy":{"pkg":0.1220703125,"pp0":0,"dram":0.02978515625},"cycles":4413505}
{"runtime":3,"energy":{"pkg":0.12261962890625,"pp0":0,"dram":0.03765869140625},"cycles":4569901}
{"runtime":3,"energy":{"pkg":0.101318359375,"pp0":0,"dram":0.029052734375},"cycles":4320243}
{"runtime":3,"energy":{"pkg":0.13739013671875,"pp0":0,"dram":0.03521728515625},"cycles":4334206}
{"runtime":3,"energy":{"pkg":0.111572265625,"pp0":0,"dram":0.03558349609375},"cycles":4434746}
{"runtime":3,"energy":{"pkg":0.1363525390625,"pp0":0,"dram":0.03912353515625},"cycles":4319481}
{"runtime":3,"energy":{"pkg":0.1456298828125,"pp0":0,"dram":0.04010009765625},"cycles":4484593}
{"runtime":3,"energy":{"pkg":0.15325927734375,"pp0":0,"dram":0.039306640625},"cycles":4273413}
{"runtime":3,"energy":{"pkg":0.10076904296875,"pp0":0,"dram":0.02703857421875},"cycles":4317612}
{"runtime":3,"energy":{"pkg":0.11590576171875,"pp0":0,"dram":0.02734375},"cycles":4234518}
{"runtime":3,"energy":{"pkg":0.15155029296875,"pp0":0,"dram":0.037109375},"cycles":4463838}
{"runtime":3,"energy":{"pkg":0.13720703125,"pp0":0,"dram":0.035400390625},"cycles":4648922}
{"runtime":3,"energy":{"pkg":0.1331787109375,"pp0":0,"dram":0.0377197265625},"cycles":4368765}
{"runtime":3,"energy":{"pkg":0.14447021484375,"pp0":0,"dram":0.0411376953125},"cycles":4402664}
{"runtime":3,"energy":{"pkg":0.1494140625,"pp0":0,"dram":0.0390625},"cycles":4383713}
{"runtime":3,"energy":{"pkg":0.1392822265625,"pp0":0,"dram":0.035400390625},"cycles":4308223}
{"runtime":3,"energy":{"pkg":0.10394287109375,"pp0":0,"dram":0.0263671875},"cycles":4372574}
{"runtime":3,"energy":{"pkg":0.1524658203125,"pp0":0,"dram":0.0391845703125},"cycles":4171580}
{"runtime":3,"energy":{"pkg":0.14727783203125,"pp0":0,"dram":0.0382080078125},"cycles":4261262}
{"runtime":3,"energy":{"pkg":0.1419677734375,"pp0":0,"dram":0.0364990234375},"cycles":4434670}
{"runtime":3,"energy":{"pkg":0.12969970703125,"pp0":0,"dram":0.04083251953125},"cycles":4481084}
{"runtime":3,"energy":{"pkg":0.1337890625,"pp0":0,"dram":0.0372314453125},"cycles":4385734}
{"runtime":3,"energy":{"pkg":0.13104248046875,"pp0":0,"dram":0.03424072265625},"cycles":4349758}
{"runtime":3,"energy":{"pkg":0.11065673828125,"pp0":0,"dram":0.0328369140625},"cycles":4501714}
{"runtime":3,"energy":{"pkg":0.110107421875,"pp0":0,"dram":0.02581787109375},"cycles":4221197}
{"runtime":3,"energy":{"pkg":0.11077880859375,"pp0":0,"dram":0.02874755859375},"cycles":4467945}
{"runtime":3,"energy":{"pkg":0.1087646484375,"pp0":0,"dram":0.02789306640625},"cycles":4200774}
{"runtime":3,"energy":{"pkg":0.12506103515625,"pp0":0,"dram":0.03131103515625},"cycles":4508010}
{"runtime":3,"energy":{"pkg":0.1336669921875,"pp0":0,"dram":0.038818359375},"cycles":4277809}
{"runtime":3,"energy":{"pkg":0.142333984375,"pp0":0,"dram":0.03814697265625},"cycles":4254499}
{"runtime":2,"energy":{"pkg":0.09161376953125,"pp0":0,"dram":0.025146484375},"cycles":4328378}
{"runtime":3,"energy":{"pkg":0.15972900390625,"pp0":0,"dram":0.03759765625},"cycles":4235407}
{"runtime":3,"energy":{"pkg":0.105712890625,"pp0":0,"dram":0.02734375},"cycles":4442764}
{"runtime":3,"energy":{"pkg":0.09912109375,"pp0":0,"dram":0.03680419921875},"cycles":4212594}
{"runtime":3,"energy":{"pkg":0.12530517578125,"pp0":0,"dram":0.039794921875},"cycles":4383665}
{"runtime":3,"energy":{"pkg":0.10797119140625,"pp0":0,"dram":0.02679443359375},"cycles":4592100}
{"runtime":3,"energy":{"pkg":0.127197265625,"pp0":0,"dram":0.03472900390625},"cycles":4220779}
{"runtime":3,"energy":{"pkg":0.1243896484375,"pp0":0,"dram":0.0350341796875},"cycles":4388730}
{"runtime":4,"energy":{"pkg":0.20465087890625,"pp0":0,"dram":0.0445556640625},"cycles":5156787}
{"runtime":3,"energy":{"pkg":0.154296875,"pp0":0,"dram":0.0335693359375},"cycles":4363851}
{"runtime":3,"energy":{"pkg":0.14483642578125,"pp0":0,"dram":0.03192138671875},"cycles":4314345}
{"runtime":3,"energy":{"pkg":0.11920166015625,"pp0":0,"dram":0.03839111328125},"cycles":4380831}
{"runtime":3,"energy":{"pkg":0.13299560546875,"pp0":0,"dram":0.03033447265625},"cycles":4262458}
{"runtime":3,"energy":{"pkg":0.13958740234375,"pp0":0,"dram":0.04034423828125},"cycles":4290140}
{"runtime":3,"energy":{"pkg":0.134033203125,"pp0":0,"dram":0.033447265625},"cycles":4364257}
{"runtime":3,"energy":{"pkg":0.1458740234375,"pp0":0,"dram":0.03497314453125},"cycles":4316121}
{"runtime":3,"energy":{"pkg":0.136474609375,"pp0":0,"dram":0.0396728515625},"cycles":4376150}
{"runtime":3,"energy":{"pkg":0.10455322265625,"pp0":0,"dram":0.02838134765625},"cycles":4659853}
{"runtime":3,"energy":{"pkg":0.1414794921875,"pp0":0,"dram":0.03765869140625},"cycles":4351032}
{"runtime":3,"energy":{"pkg":0.115478515625,"pp0":0,"dram":0.0289306640625},"cycles":4309168}
{"runtime":3,"energy":{"pkg":0.13702392578125,"pp0":0,"dram":0.03619384765625},"cycles":4483393}
{"runtime":3,"energy":{"pkg":0.13232421875,"pp0":0,"dram":0.0377197265625},"cycles":4367809}
{"runtime":3,"energy":{"pkg":0.10430908203125,"pp0":0,"dram":0.0284423828125},"cycles":4339557}
{"runtime":3,"energy":{"pkg":0.13134765625,"pp0":0,"dram":0.0364990234375},"cycles":4484285}
{"runtime":2,"energy":{"pkg":0.108642578125,"pp0":0,"dram":0.0279541015625},"cycles":4414153}
{"runtime":3,"energy":{"pkg":0.10137939453125,"pp0":0,"dram":0.0301513671875},"cycles":4383947}
{"runtime":3,"energy":{"pkg":0.12994384765625,"pp0":0,"dram":0.0386962890625},"cycles":4361015}
{"runtime":3,"energy":{"pkg":0.139892578125,"pp0":0,"dram":0.0413818359375},"cycles":4459637}
{"runtime":3,"energy":{"pkg":0.113037109375,"pp0":0,"dram":0.029052734375},"cycles":4391696}
{"runtime":3,"energy":{"pkg":0.09454345703125,"pp0":0,"dram":0.0279541015625},"cycles":4454161}
{"runtime":3,"energy":{"pkg":0.1312255859375,"pp0":0,"dram":0.03546142578125},"cycles":4425682}
{"runtime":3,"energy":{"pkg":0.1380615234375,"pp0":0,"dram":0.0345458984375},"cycles":4342748}
{"runtime":3,"energy":{"pkg":0.131103515625,"pp0":0,"dram":0.03765869140625},"cycles":4318324}
{"runtime":3,"energy":{"pkg":0.1234130859375,"pp0":0,"dram":0.0380859375},"cycles":4800260}
{"runtime":3,"energy":{"pkg":0.12994384765625,"pp0":0,"dram":0.02984619140625},"cycles":4389750}
{"runtime":3,"energy":{"pkg":0.11407470703125,"pp0":0,"dram":0.0296630859375},"cycles":4352423}
{"runtime":3,"energy":{"pkg":0.122802734375,"pp0":0,"dram":0.0313720703125},"cycles":4341137}
{"runtime":3,"energy":{"pkg":0.13958740234375,"pp0":0,"dram":0.0380859375},"cycles":4400137}
{"runtime":3,"energy":{"pkg":0.1473388671875,"pp0":0,"dram":0.0396728515625},"cycles":4188028}
{"runtime":3,"energy":{"pkg":0.130859375,"pp0":0,"dram":0.0350341796875},"cycles":4262791}
{"runtime":3,"energy":{"pkg":0.10113525390625,"pp0":0,"dram":0.02789306640625},"cycles":4313905}
{"runtime":3,"energy":{"pkg":0.14569091796875,"pp0":0,"dram":0.03497314453125},"cycles":4453228}
{"runtime":3,"energy":{"pkg":0.12310791015625,"pp0":0,"dram":0.02850341796875},"cycles":4309865}
{"runtime":3,"energy":{"pkg":0.12994384765625,"pp0":0,"dram":0.03875732421875},"cycles":4489760}
{"runtime":3,"energy":{"pkg":0.15240478515625,"pp0":0,"dram":0.0380859375},"cycles":4244068}
{"runtime":3,"energy":{"pkg":0.1158447265625,"pp0":0,"dram":0.03570556640625},"cycles":4457093}
{"runtime":3,"energy":{"pkg":0.114501953125,"pp0":0,"dram":0.02996826171875},"cycles":4309096}
{"runtime":3,"energy":{"pkg":0.14898681640625,"pp0":0,"dram":0.040283203125},"cycles":4313306}
{"runtime":3,"energy":{"pkg":0.138427734375,"pp0":0,"dram":0.0372314453125},"cycles":4294959}
{"runtime":3,"energy":{"pkg":0.13153076171875,"pp0":0,"dram":0.03106689453125},"cycles":4364099}
{"runtime":3,