{"runtime":1,"energy":{"pkg":0.12158203125,"pp0":0,"dram":0.01513671875},"cycles":3181159}
{"runtime":1,"energy":{"pkg":0.11907958984375,"pp0":0,"dram":0.025146484375},"cycles":3145598}
{"runtime":1,"energy":{"pkg":0.077392578125,"pp0":0,"dram":0.01458740234375},"cycles":3270714}
{"runtime":1,"energy":{"pkg":0.0810546875,"pp0":0,"dram":0.0133056640625},"cycles":3186527}
{"runtime":1,"energy":{"pkg":0.0782470703125,"pp0":0,"dram":0.0133056640625},"cycles":3195926}
{"runtime":1,"energy":{"pkg":0.16290283203125,"pp0":0,"dram":0.0234375},"cycles":3292052}
{"runtime":2,"energy":{"pkg":0.20635986328125,"pp0":0,"dram":0.028076171875},"cycles":5435099}
{"runtime":1,"energy":{"pkg":0.083740234375,"pp0":0,"dram":0.0091552734375},"cycles":3177220}
{"runtime":1,"energy":{"pkg":0.08392333984375,"pp0":0,"dram":0.0096435546875},"cycles":3155698}
{"runtime":2,"energy":{"pkg":0.20367431640625,"pp0":0,"dram":0.02130126953125},"cycles":4728550}
{"runtime":1,"energy":{"pkg":0.1279296875,"pp0":0,"dram":0.016357421875},"cycles":3129005}
{"runtime":2,"energy":{"pkg":0.21917724609375,"pp0":0,"dram":0.0206298828125},"cycles":4764260}
{"runtime":1,"energy":{"pkg":0.17340087890625,"pp0":0,"dram":0.01776123046875},"cycles":4246212}
{"runtime":2,"energy":{"pkg":0.21539306640625,"pp0":0,"dram":0.03765869140625},"cycles":5013328}
{"runtime":1,"energy":{"pkg":0.17462158203125,"pp0":0,"dram":0.019775390625},"cycles":3251323}
{"runtime":1,"energy":{"pkg":0.0858154296875,"pp0":0,"dram":0.0101318359375},"cycles":3159272}
{"runtime":2,"energy":{"pkg":0.21405029296875,"pp0":0,"dram":0.03546142578125},"cycles":4386044}
{"runtime":2,"energy":{"pkg":0.2147216796875,"pp0":0,"dram":0.0350341796875},"cycles":5284397}
{"runtime":2,"energy":{"pkg":0.21514892578125,"pp0":0,"dram":0.0277099609375},"cycles":4299352}
{"runtime":2,"energy":{"pkg":0.1689453125,"pp0":0,"dram":0.026123046875},"cycles":5108805}
{"runtime":2,"energy":{"pkg":0.17889404296875,"pp0":0,"dram":0.01690673828125},"cycles":4654144}
{"runtime":1,"energy":{"pkg":0.1767578125,"pp0":0,"dram":0.020263671875},"cycles":3138618}
{"runtime":2,"energy":{"pkg":0.2642822265625,"pp0":0,"dram":0.02789306640625},"cycles":5070042}
{"runtime":1,"energy":{"pkg":0.12786865234375,"pp0":0,"dram":0.0120849609375},"cycles":3226984}
{"runtime":2,"energy":{"pkg":0.17279052734375,"pp0":0,"dram":0.01776123046875},"cycles":4671215}
{"runtime":2,"energy":{"pkg":0.26171875,"pp0":0,"dram":0.02679443359375},"cycles":4677162}
{"runtime":2,"energy":{"pkg":0.16986083984375,"pp0":0,"dram":0.02520751953125},"cycles":4713847}
{"runtime":2,"energy":{"pkg":0.17218017578125,"pp0":0,"dram":0.02679443359375},"cycles":4738169}
{"runtime":2,"energy":{"pkg":0.1837158203125,"pp0":0,"dram":0.03314208984375},"cycles":4741912}
{"runtime":2,"energy":{"pkg":0.22650146484375,"pp0":0,"dram":0.02337646484375},"cycles":4756211}
{"runtime":2,"energy":{"pkg":0.22100830078125,"pp0":0,"dram":0.0228271484375},"cycles":4683316}
{"runtime":1,"energy":{"pkg":0.22650146484375,"pp0":0,"dram":0.020263671875},"cycles":4506603}
{"runtime":2,"energy":{"pkg":0.267333984375,"pp0":0,"dram":0.0284423828125},"cycles":5210399}
{"runtime":2,"energy":{"pkg":0.17694091796875,"pp0":0,"dram":0.01983642578125},"cycles":4710510}
{"runtime":1,"energy":{"pkg":0.1763916015625,"pp0":0,"dram":0.02239990234375},"cycles":4276144}
{"runtime":2,"energy":{"pkg":0.17724609375,"pp0":0,"dram":0.018310546875},"cycles":4629380}
{"runtime":2,"energy":{"pkg":0.26397705078125,"pp0":0,"dram":0.038330078125},"cycles":5127226}
{"runtime":2,"energy":{"pkg":0.22222900390625,"pp0":0,"dram":0.0250244140625},"cycles":5078458}
{"runtime":2,"energy":{"pkg":0.18408203125,"pp0":0,"dram":0.02593994140625},"cycles":4659885}
{"runtime":2,"energy":{"pkg":0.1790771484375,"pp0":0,"dram":0.02447509765625},"cycles":5325569}
{"runtime":2,"energy":{"pkg":0.22119140625,"pp0":0,"dram":0.02886962890625},"cycles":4772683}
{"runtime":2,"energy":{"pkg":0.22528076171875,"pp0":0,"dram":0.02001953125},"cycles":4702710}
{"runtime":2,"energy":{"pkg":0.17840576171875,"pp0":0,"dram":0.01873779296875},"cycles":4779036}
{"runtime":1,"energy":{"pkg":0.18072509765625,"pp0":0,"dram":0.0244140625},"cycles":4265198}
{"runtime":2,"energy":{"pkg":0.22393798828125,"pp0":0,"dram":0.03118896484375},"cycles":4594706}
{"runtime":2,"energy":{"pkg":0.17596435546875,"pp0":0,"dram":0.017822265625},"cycles":4755670}
{"runtime":2,"energy":{"pkg":0.178955078125,"pp0":0,"dram":0.0245361328125},"cycles":4605445}
{"runtime":2,"energy":{"pkg":0.17974853515625,"pp0":0,"dram":0.02490234375},"cycles":5064868}
{"runtime":2,"energy":{"pkg":0.1824951171875,"pp0":0,"dram":0.02764892578125},"cycles":4740283}
{"runtime":2,"energy":{"pkg":0.18023681640625,"pp0":0,"dram":0.01922607421875},"cycles":4669023}
{"runtime":2,"energy":{"pkg":0.22515869140625,"pp0":0,"dram":0.022216796875},"cycles":5283911}
{"runtime":2,"energy":{"pkg":0.18035888671875,"pp0":0,"dram":0.018798828125},"cycles":4745521}
{"runtime":1,"energy":{"pkg":0.177734375,"pp0":0,"dram":0.02337646484375},"cycles":4425144}
{"runtime":2,"energy":{"pkg":0.26654052734375,"pp0":0,"dram":0.03155517578125},"cycles":5211153}
{"runtime":2,"energy":{"pkg":0.17767333984375,"pp0":0,"dram":0.01934814453125},"cycles":4740237}
{"runtime":2,"energy":{"pkg":0.18353271484375,"pp0":0,"dram":0.019287109375},"cycles":4717111}
{"runtime":1,"energy":{"pkg":0.134033203125,"pp0":0,"dram":0.01947021484375},"cycles":3218025}
{"runtime":2,"energy":{"pkg":0.18194580078125,"pp0":0,"dram":0.019775390625},"cycles":4575357}
{"runtime":2,"energy":{"pkg":0.18585205078125,"pp0":0,"dram":0.01910400390625},"cycles":4649869}
{"runtime":2,"energy":{"pkg":0.17572021484375,"pp0":0,"dram":0.02557373046875},"cycles":5051067}
{"runtime":2,"energy":{"pkg":0.17999267578125,"pp0":0,"dram":0.026611328125},"cycles":4926175}
{"runtime":2,"energy":{"pkg":0.1787109375,"pp0":0,"dram":0.018798828125},"cycles":4678056}
{"runtime":1,"energy":{"pkg":0.178955078125,"pp0":0,"dram":0.02032470703125},"cycles":4426036}
{"runtime":1,"energy":{"pkg":0.2232666015625,"pp0":0,"dram":0.021240234375},"cycles":4571778}
{"runtime":2,"energy":{"pkg":0.17852783203125,"pp0":0,"dram":0.01983642578125},"cycles":4760292}
{"runtime":2,"energy":{"pkg":0.18505859375,"pp0":0,"dram":0.02581787109375},"cycles":4677959}
{"runtime":1,"energy":{"pkg":0.18243408203125,"pp0":0,"dram":0.02606201171875},"cycles":4531463}
{"runtime":1,"energy":{"pkg":0.08978271484375,"pp0":0,"dram":0.0078125},"cycles":3248763}
{"runtime":2,"energy":{"pkg":0.22076416015625,"pp0":0,"dram":0.021240234375},"cycles":4748889}
{"runtime":2,"energy":{"pkg":0.179443359375,"pp0":0,"dram":0.01873779296875},"cycles":4623369}
{"runtime":2,"energy":{"pkg":0.1790771484375,"pp0":0,"dram":0.02337646484375},"cycles":4709002}
{"runtime":2,"energy":{"pkg":0.22625732421875,"pp0":0,"dram":0.03851318359375},"cycles":5313574}
{"runtime":2,"energy":{"pkg":0.22283935546875,"pp0":0,"dram":0.02685546875},"cycles":4866576}
{"runtime":2,"energy":{"pkg":0.177490234375,"pp0":0,"dram":0.0281982421875},"cycles":4760050}
{"runtime":1,"energy":{"pkg":0.18438720703125,"pp0":0,"dram":0.0242919921875},"cycles":4504713}
{"runtime":2,"energy":{"pkg":0.2230224609375,"pp0":0,"dram":0.0338134765625},"cycles":5244909}
{"runtime":2,"energy":{"pkg":0.2257080078125,"pp0":0,"dram":0.0283203125},"cycles":4629005}
{"runtime":2,"energy":{"pkg":0.18011474609375,"pp0":0,"dram":0.01934814453125},"cycles":4569119}
{"runtime":2,"energy":{"pkg":0.17926025390625,"pp0":0,"dram":0.017822265625},"cycles":4595272}
{"runtime":1,"energy":{"pkg":0.17877197265625,"pp0":0,"dram":0.02557373046875},"cycles":4520840}
{"runtime":2,"energy":{"pkg":0.2198486328125,"pp0":0,"dram":0.02557373046875},"cycles":4696457}
{"runtime":1,"energy":{"pkg":0.182373046875,"pp0":0,"dram":0.03369140625},"cycles":4544754}
{"runtime":2,"energy":{"pkg":0.180419921875,"pp0":0,"dram":0.02447509765625},"cycles":4664518}
{"runtime":2,"energy":{"pkg":0.17987060546875,"pp0":0,"dram":0.0255126953125},"cycles":5206869}
{"runtime":2,