{"runtime":1409,"energy":{"pkg":66.7947998046875,"pp0":0,"dram":17.39508056640625},"cycles":12712133463}
{"runtime":1330,"energy":{"pkg":68.32257080078125,"pp0":0,"dram":16.44134521484375},"cycles":12941324173}
{"runtime":1582,"energy":{"pkg":72.58087158203125,"pp0":0,"dram":19.6839599609375},"cycles":12982418979}
{"runtime":1100,"energy":{"pkg":63.29339599609375,"pp0":0,"dram":15.13995361328125},"cycles":13316029028}
{"runtime":1174,"energy":{"pkg":62.2401123046875,"pp0":0,"dram":15.89715576171875},"cycles":12713746178}
{"runtime":1560,"energy":{"pkg":67.18853759765625,"pp0":0,"dram":19.65972900390625},"cycles":12687814600}
{"runtime":1240,"energy":{"pkg":65.39007568359375,"pp0":0,"dram":16.0328369140625},"cycles":12718370323}
{"runtime":1127,"energy":{"pkg":63.9403076171875,"pp0":0,"dram":15.80621337890625},"cycles":12968444333}
{"runtime":1241,"energy":{"pkg":63.6221923828125,"pp0":0,"dram":15.90545654296875},"cycles":13108724360}
{"runtime":1313,"energy":{"pkg":67.07684326171875,"pp0":0,"dram":17.2877197265625},"cycles":12754309634}
{"runtime":1208,"energy":{"pkg":67.18096923828125,"pp0":0,"dram":15.96685791015625},"cycles":12799297917}
{"runtime":1124,"energy":{"pkg":63.84417724609375,"pp0":0,"dram":14.7662353515625},"cycles":12676520100}
{"runtime":1348,"energy":{"pkg":68.27392578125,"pp0":0,"dram":16.814208984375},"cycles":12966338032}
{"runtime":1125,"energy":{"pkg":61.84429931640625,"pp0":0,"dram":15.34088134765625},"cycles":12955894823}
{"runtime":1100,"energy":{"pkg":63.96502685546875,"pp0":0,"dram":13.929931640625},"cycles":12716153863}
{"runtime":1476,"energy":{"pkg":71.22601318359375,"pp0":0,"dram":18.78692626953125},"cycles":12983831079}
{"runtime":1321,"energy":{"pkg":67.6787109375,"pp0":0,"dram":17.2044677734375},"cycles":13137218155}
{"runtime":1181,"energy":{"pkg":62.38836669921875,"pp0":0,"dram":16.33038330078125},"cycles":12851535129}
{"runtime":1343,"energy":{"pkg":70.84552001953125,"pp0":0,"dram":17.59320068359375},"cycles":12729017696}
{"runtime":1287,"energy":{"pkg":68.0533447265625,"pp0":0,"dram":16.42840576171875},"cycles":13130901788}
{"runtime":1244,"energy":{"pkg":61.88763427734375,"pp0":0,"dram":16.2578125},"cycles":13028559378}
{"runtime":1131,"energy":{"pkg":62.3988037109375,"pp0":0,"dram":14.57977294921875},"cycles":13000345436}
{"runtime":1173,"energy":{"pkg":65.38140869140625,"pp0":0,"dram":15.58111572265625},"cycles":12959656875}
{"runtime":1275,"energy":{"pkg":65.36212158203125,"pp0":0,"dram":16.9410400390625},"cycles":13173997696}
{"runtime":1299,"energy":{"pkg":66.747314453125,"pp0":0,"dram":17.8216552734375},"cycles":12820160424}
{"runtime":1452,"energy":{"pkg":73.46893310546875,"pp0":0,"dram":19.04583740234375},"cycles":12846091822}
{"runtime":1045,"energy":{"pkg":62.060546875,"pp0":0,"dram":14.3487548828125},"cycles":12808753781}
{"runtime":1058,"energy":{"pkg":62.59423828125,"pp0":0,"dram":13.8148193359375},"cycles":12982726174}
{"runtime":989,"energy":{"pkg":60.34686279296875,"pp0":0,"dram":13.35455322265625},"cycles":12807151680}
{"runtime":1119,"energy":{"pkg":64.16583251953125,"pp0":0,"dram":15.5047607421875},"cycles":12911533461}
{"runtime":1136,"energy":{"pkg":59.90374755859375,"pp0":0,"dram":15.2608642578125},"cycles":13195254662}
{"runtime":1393,"energy":{"pkg":67.3865966796875,"pp0":0,"dram":18.2108154296875},"cycles":13150655147}
{"runtime":1260,"energy":{"pkg":68.27288818359375,"pp0":0,"dram":16.70440673828125},"cycles":12935003620}
{"runtime":1161,"energy":{"pkg":60.7728271484375,"pp0":0,"dram":15.0198974609375},"cycles":12832311925}
{"runtime":1024,"energy":{"pkg":61.38262939453125,"pp0":0,"dram":13.73870849609375},"cycles":12876609729}
{"runtime":918,"energy":{"pkg":58.31915283203125,"pp0":0,"dram":12.14532470703125},"cycles":12753633354}
{"runtime":1347,"energy":{"pkg":69.95660400390625,"pp0":0,"dram":17.70819091796875},"cycles":12734151106}
{"runtime":1158,"energy":{"pkg":65.4310302734375,"pp0":0,"dram":15.56842041015625},"cycles":12821869231}
{"runtime":1462,"energy":{"pkg":67.5543212890625,"pp0":0,"dram":18.74945068359375},"cycles":13282930266}
{"runtime":1299,"energy":{"pkg":64.3692626953125,"pp0":0,"dram":17.2913818359375},"cycles":13330074249}
{"runtime":1058,"energy":{"pkg":59.4000244140625,"pp0":0,"dram":14.47705078125},"cycles":13400674104}
{"runtime":1283,"energy":{"pkg":64.22515869140625,"pp0":0,"dram":16.088134765625},"cycles":12781414054}
{"runtime":1163,"energy":{"pkg":65.3212890625,"pp0":0,"dram":16.146484375},"cycles":13038588826}
{"runtime":1151,"energy":{"pkg":61.0980224609375,"pp0":0,"dram":15.357421875},"cycles":13442076302}
{"runtime":1243,"energy":{"pkg":65.97979736328125,"pp0":0,"dram":16.05865478515625},"cycles":12824194902}
{"runtime":1192,"energy":{"pkg":63.81414794921875,"pp0":0,"dram":15.93603515625},"cycles":12866583401}
{"runtime":1083,"energy":{"pkg":62.42669677734375,"pp0":0,"dram":14.0645751953125},"cycles":12589804692}
{"runtime":1123,"energy":{"pkg":64.67803955078125,"pp0":0,"dram":15.2154541015625},"cycles":12685252739}
{"runtime":960,"energy":{"pkg":60.09814453125,"pp0":0,"dram":13.58343505859375},"cycles":12841560848}
{"runtime":996,"energy":{"pkg":59.99639892578125,"pp0":0,"dram":13.70428466796875},"cycles":12831377200}
{"runtime":1265,"energy":{"pkg":66.15179443359375,"pp0":0,"dram":15.9976806640625},"cycles":13264660235}
{"runtime":1204,"energy":{"pkg":63.9447021484375,"pp0":0,"dram":16.04730224609375},"cycles":12945377796}
{"runtime":1226,"energy":{"pkg":62.97711181640625,"pp0":0,"dram":16.45318603515625},"cycles":12895762395}
{"runtime":1537,"energy":{"pkg":73.40777587890625,"pp0":0,"dram":19.47515869140625},"cycles":13180695812}
{"runtime":1060,"energy":{"pkg":62.55023193359375,"pp0":0,"dram":13.84259033203125},"cycles":12557247774}
{"runtime":1349,"energy":{"pkg":66.51165771484375,"pp0":0,"dram":16.95355224609375},"cycles":13040004004}
{"runtime":1294,"energy":{"pkg":65.75384521484375,"pp0":0,"dram":16.9884033203125},"cycles":13308048733}
{"runtime":1450,"energy":{"pkg":72.91748046875,"pp0":0,"dram":18.954345703125},"cycles":12722969928}
{"runtime":1208,"energy":{"pkg":65.30364990234375,"pp0":0,"dram":15.68341064453125},"cycles":12918073558}
{"runtime":1213,"energy":{"pkg":60.72705078125,"pp0":0,"dram":16.1231689453125},"cycles":12852031373}
{"runtime":1276,"energy":{"pkg":64.86767578125,"pp0":0,"dram":16.93719482421875},"cycles":13059189802}
{"runtime":1349,"energy":{"pkg":67.11566162109375,"pp0":0,"dram":17.71441650390625},"cycles":13222388401}
{"runtime":1163,"energy":{"pkg":63.7142333984375,"pp0":0,"dram":15.0443115234375},"cycles":12773898571}
{"runtime":1371,"energy":{"pkg":64.37103271484375,"pp0":0,"dram":17.14154052734375},"cycles":13002712121}
{"runtime":1394,"energy":{"pkg":67.80938720703125,"pp0":0,"dram":17.66387939453125},"cycles":12621726581}
{"runtime":1230,"energy":{"pkg":65.1097412109375,"pp0":0,"dram":15.73333740234375},"cycles":12691743249}
{"runtime":1369,"energy":{"pkg":66.9493408203125,"pp0":0,"dram":16.967041015625},"cycles":12482016501}
{"runtime":1342,"energy":{"pkg":65.5087890625,"pp0":0,"dram":16.49188232421875},"cycles":12821458641}
{"runtime":1221,"energy":{"pkg":65.27252197265625,"pp0":0,"dram":15.77923583984375},"cycles":12714914517}
{"runtime":1285,"energy":{"pkg":65.8363037109375,"pp0":0,"dram":16.89508056640625},"cycles":13017255828}
{"runtime":1433,"energy":{"pkg":68.14434814453125,"pp0":0,"dram":18.31903076171875},"cycles":12946840345}
{"runtime":1478,"energy":{"pkg":72.86590576171875,"pp0":0,"dram":19.11224365234375},"cycles":12989038912}
{"runtime":1186,"energy":{"pkg":62.14105224609375,"pp0":0,"dram":15.62799072265625},"cycles":12880979571}
{"runtime":1531,"energy":{"pkg":79.08697509765625,"pp0":0,"dram":18.60699462890625},"cycles":16738046825}
{"runtime":1512,"energy":{"pkg":74.67730712890625,"pp0":0,"dram":19.37713623046875},"cycles":12777073237}
{"runtime":1048,"energy":{"pkg":61.66156005859375,"pp0":0,"dram":14.03173828125},"cycles":12775880864}
{"runtime":1510,"energy":{"pkg":72.21051025390625,"pp0":0,