{"runtime":3814,"energy":{"pkg":196.444091796875,"pp0":0,"dram":47.464111328125},"cycles":28487575958}
{"runtime":5495,"energy":{"pkg":317.16552734375,"pp0":0,"dram":84.69903564453125},"cycles":37398953334}
{"runtime":4098,"energy":{"pkg":238.59161376953125,"pp0":0,"dram":66.33349609375},"cycles":33998169819}
{"runtime":3466,"energy":{"pkg":215.6568603515625,"pp0":0,"dram":67.20703125},"cycles":33334330357}
{"runtime":4230,"energy":{"pkg":264.19879150390625,"pp0":0,"dram":77.69952392578125},"cycles":33365363264}
{"runtime":3003,"energy":{"pkg":192.22137451171875,"pp0":0,"dram":50.361328125},"cycles":23222910048}
{"runtime":4196,"energy":{"pkg":273.4420166015625,"pp0":0,"dram":64.589111328125},"cycles":32013893424}
{"runtime":2878,"energy":{"pkg":193.017578125,"pp0":0,"dram":43.25701904296875},"cycles":25702466484}
{"runtime":3666,"energy":{"pkg":244.994873046875,"pp0":0,"dram":59.32354736328125},"cycles":25399034529}
{"runtime":3038,"energy":{"pkg":211.82073974609375,"pp0":0,"dram":51.26068115234375},"cycles":24017252501}
{"runtime":2837,"energy":{"pkg":214.41357421875,"pp0":0,"dram":51.427734375},"cycles":24055427936}
{"runtime":2745,"energy":{"pkg":209.0079345703125,"pp0":0,"dram":49.1849365234375},"cycles":24369986202}
{"runtime":3023,"energy":{"pkg":227.80328369140625,"pp0":0,"dram":56.48516845703125},"cycles":27285783911}
{"runtime":3216,"energy":{"pkg":241.39434814453125,"pp0":0,"dram":56.03924560546875},"cycles":26768351487}
{"runtime":2829,"energy":{"pkg":230.03289794921875,"pp0":0,"dram":55.0225830078125},"cycles":22913254253}
{"runtime":3174,"energy":{"pkg":255.95831298828125,"pp0":0,"dram":58.98651123046875},"cycles":26892174488}
{"runtime":4664,"energy":{"pkg":373.6002197265625,"pp0":0,"dram":86.70458984375},"cycles":33902906694}
{"runtime":2601,"energy":{"pkg":212.908203125,"pp0":0,"dram":43.1832275390625},"cycles":21639599073}
{"runtime":2667,"energy":{"pkg":215.48150634765625,"pp0":0,"dram":43.3707275390625},"cycles":20972537003}
{"runtime":2895,"energy":{"pkg":237.7320556640625,"pp0":0,"dram":49.34796142578125},"cycles":24855831952}
{"runtime":2985,"energy":{"pkg":244.27874755859375,"pp0":0,"dram":46.0870361328125},"cycles":24944046300}
{"runtime":2988,"energy":{"pkg":240.302001953125,"pp0":0,"dram":49.885986328125},"cycles":24682841246}
{"runtime":3276,"energy":{"pkg":263.8778076171875,"pp0":0,"dram":57.5181884765625},"cycles":28595010851}
{"runtime":2852,"energy":{"pkg":229.62493896484375,"pp0":0,"dram":45.23095703125},"cycles":24408158283}
{"runtime":3182,"energy":{"pkg":259.48016357421875,"pp0":0,"dram":57.62823486328125},"cycles":24153941759}
{"runtime":3369,"energy":{"pkg":272.68902587890625,"pp0":0,"dram":50.482421875},"cycles":28540011835}
{"runtime":2936,"energy":{"pkg":238.50439453125,"pp0":0,"dram":48.89862060546875},"cycles":23737877448}
{"runtime":3376,"energy":{"pkg":273.54803466796875,"pp0":0,"dram":57.9185791015625},"cycles":29103703771}
{"runtime":2901,"energy":{"pkg":234.197265625,"pp0":0,"dram":45.19232177734375},"cycles":25113834014}
{"runtime":2752,"energy":{"pkg":221.93499755859375,"pp0":0,"dram":46.38232421875},"cycles":23882644993}
{"runtime":2833,"energy":{"pkg":229.463134765625,"pp0":0,"dram":47.01226806640625},"cycles":24461633295}
{"runtime":3830,"energy":{"pkg":307.4698486328125,"pp0":0,"dram":71.31890869140625},"cycles":31710928401}
{"runtime":2943,"energy":{"pkg":237.054443359375,"pp0":0,"dram":52.76385498046875},"cycles":23957890073}
{"runtime":3066,"energy":{"pkg":249.90618896484375,"pp0":0,"dram":49.0748291015625},"cycles":24140262774}
{"runtime":3506,"energy":{"pkg":282.56689453125,"pp0":0,"dram":60.06060791015625},"cycles":27998170526}
{"runtime":3060,"energy":{"pkg":245.607177734375,"pp0":0,"dram":53.83758544921875},"cycles":25176123171}
{"runtime":3727,"energy":{"pkg":303.26129150390625,"pp0":0,"dram":66.9171142578125},"cycles":30215867913}
{"runtime":3294,"energy":{"pkg":265.76220703125,"pp0":0,"dram":55.4400634765625},"cycles":27052550095}
{"runtime":2639,"energy":{"pkg":213.32489013671875,"pp0":0,"dram":45.996826171875},"cycles":23187529976}
{"runtime":3117,"energy":{"pkg":247.2950439453125,"pp0":0,"dram":54.268798828125},"cycles":25738858433}
{"runtime":2633,"energy":{"pkg":212.1695556640625,"pp0":0,"dram":45.76824951171875},"cycles":23120078387}
{"runtime":2723,"energy":{"pkg":222.14459228515625,"pp0":0,"dram":41.29888916015625},"cycles":22996506583}
{"runtime":2967,"energy":{"pkg":240.464599609375,"pp0":0,"dram":47.24285888671875},"cycles":23558736991}
{"runtime":2795,"energy":{"pkg":226.177001953125,"pp0":0,"dram":48.25927734375},"cycles":23877750553}
{"runtime":3910,"energy":{"pkg":311.21533203125,"pp0":0,"dram":73.06689453125},"cycles":31898493535}
{"runtime":3483,"energy":{"pkg":283.35791015625,"pp0":0,"dram":53.286376953125},"cycles":28557744517}
{"runtime":2925,"energy":{"pkg":238.9422607421875,"pp0":0,"dram":50.9273681640625},"cycles":24312189545}
{"runtime":2763,"energy":{"pkg":222.2880859375,"pp0":0,"dram":45.60919189453125},"cycles":22641543199}
{"runtime":3259,"energy":{"pkg":264.931640625,"pp0":0,"dram":51.27178955078125},"cycles":24905121671}
{"runtime":2720,"energy":{"pkg":225.20623779296875,"pp0":0,"dram":45.4990234375},"cycles":23616441483}
{"runtime":3344,"energy":{"pkg":273.62957763671875,"pp0":0,"dram":57.89483642578125},"cycles":26188324655}
{"runtime":3998,"energy":{"pkg":322.8685302734375,"pp0":0,"dram":63.3355712890625},"cycles":33779167912}
{"runtime":2704,"energy":{"pkg":222.01434326171875,"pp0":0,"dram":44.789794921875},"cycles":24960657614}
{"runtime":3140,"energy":{"pkg":257.1934814453125,"pp0":0,"dram":55.6898193359375},"cycles":25650138158}
{"runtime":3196,"energy":{"pkg":262.7501220703125,"pp0":0,"dram":50.30230712890625},"cycles":25609818674}
{"runtime":2960,"energy":{"pkg":243.35791015625,"pp0":0,"dram":48.166015625},"cycles":24974347151}
{"runtime":3576,"energy":{"pkg":292.29339599609375,"pp0":0,"dram":62.694091796875},"cycles":27256705188}
{"runtime":3320,"energy":{"pkg":273.997802734375,"pp0":0,"dram":61.0169677734375},"cycles":27402114434}
{"runtime":3822,"energy":{"pkg":313.40545654296875,"pp0":0,"dram":59.19439697265625},"cycles":31937088277}
{"runtime":3178,"energy":{"pkg":260.6259765625,"pp0":0,"dram":55.520263671875},"cycles":24866733786}
{"runtime":2946,"energy":{"pkg":241.6475830078125,"pp0":0,"dram":49.54803466796875},"cycles":22740459764}
{"runtime":3267,"energy":{"pkg":267.5115966796875,"pp0":0,"dram":51.3712158203125},"cycles":26986138061}
{"runtime":3263,"energy":{"pkg":270.06597900390625,"pp0":0,"dram":51.08990478515625},"cycles":25190569906}
{"runtime":2827,"energy":{"pkg":233.85400390625,"pp0":0,"dram":52.89306640625},"cycles":23908359872}
{"runtime":3234,"energy":{"pkg":267.724609375,"pp0":0,"dram":53.330322265625},"cycles":25458923736}
{"runtime":3095,"energy":{"pkg":256.61676025390625,"pp0":0,"dram":47.864990234375},"cycles":27942207516}
{"runtime":2762,"energy":{"pkg":229.5911865234375,"pp0":0,"dram":47.447509765625},"cycles":23857413476}
{"runtime":3036,"energy":{"pkg":252.59967041015625,"pp0":0,"dram":51.07049560546875},"cycles":25019690525}
{"runtime":3258,"energy":{"pkg":271.89129638671875,"pp0":0,"dram":53.7701416015625},"cycles":27217508843}
{"runtime":2794,"energy":{"pkg":232.2755126953125,"pp0":0,"dram":42.21392822265625},"cycles":25321972752}
{"runtime":3005,"energy":{"pkg":251.5225830078125,"pp0":0,"dram":51.2357177734375},"cycles":25920143332}
{"runtime":2688,"energy":{"pkg":223.9400634765625,"pp0":0,"dram":42.478759765625},"cycles":23939835695}
{"runtime":2910,"energy":{"pkg":242.6707763671875,"pp0":0,"dram":45.786376953125},"cycles":25019201891}
{"runtime":3180,"energy":{"pkg":267.8521728515625,"pp0":0,"dram":51.7623291015625},"cycles":27615514731}
{"runtime":2793,"energy":{"pkg":234.444580078125,"pp0":0,"dram":53.1966552734375},"cycles":23884929935}
{"runtime":2869,"energy":{"pkg":239.091796875,"pp0":0,"dram":44.43597412109375},"cycles":24695982032}
{"runtime":2903,"energy":{"pkg":242.284912109375,"pp0":0,