{"runtime":3257,"energy":{"pkg":267.72314453125,"pp0":0,"dram":55.34063720703125},"cycles":30350379328}
{"runtime":3954,"energy":{"pkg":322.48052978515625,"pp0":0,"dram":76.03271484375},"cycles":32982749356}
{"runtime":2873,"energy":{"pkg":233.24139404296875,"pp0":0,"dram":51.85205078125},"cycles":24267084554}
{"runtime":3999,"energy":{"pkg":330.77117919921875,"pp0":0,"dram":67.9267578125},"cycles":31037080389}
{"runtime":2840,"energy":{"pkg":235.6715087890625,"pp0":0,"dram":48.59942626953125},"cycles":24449840707}
{"runtime":2968,"energy":{"pkg":245.488525390625,"pp0":0,"dram":46.98748779296875},"cycles":26530257509}
{"runtime":2951,"energy":{"pkg":249.1181640625,"pp0":0,"dram":50.47772216796875},"cycles":25333744222}
{"runtime":3363,"energy":{"pkg":284.34710693359375,"pp0":0,"dram":48.34307861328125},"cycles":28074314427}
{"runtime":2685,"energy":{"pkg":225.5185546875,"pp0":0,"dram":37.99761962890625},"cycles":23286969728}
{"runtime":2783,"energy":{"pkg":234.57244873046875,"pp0":0,"dram":39.1187744140625},"cycles":23762252333}
{"runtime":2652,"energy":{"pkg":225.82867431640625,"pp0":0,"dram":37.1673583984375},"cycles":23115037023}
{"runtime":3042,"energy":{"pkg":263.51080322265625,"pp0":0,"dram":43.111083984375},"cycles":26081993509}
{"runtime":2533,"energy":{"pkg":218.30010986328125,"pp0":0,"dram":35.75555419921875},"cycles":20768060417}
{"runtime":2990,"energy":{"pkg":257.9527587890625,"pp0":0,"dram":46.66717529296875},"cycles":26212061761}
{"runtime":2683,"energy":{"pkg":232.56488037109375,"pp0":0,"dram":37.78643798828125},"cycles":24075597834}
{"runtime":3194,"energy":{"pkg":273.96392822265625,"pp0":0,"dram":49.3994140625},"cycles":27032872610}
{"runtime":3435,"energy":{"pkg":296.987060546875,"pp0":0,"dram":58.760009765625},"cycles":29008625756}
{"runtime":3115,"energy":{"pkg":268.93389892578125,"pp0":0,"dram":47.6531982421875},"cycles":26955557035}
{"runtime":2814,"energy":{"pkg":242.2261962890625,"pp0":0,"dram":39.99151611328125},"cycles":23503829541}
{"runtime":2825,"energy":{"pkg":245.26318359375,"pp0":0,"dram":47.4224853515625},"cycles":24533019596}
{"runtime":2605,"energy":{"pkg":226.954345703125,"pp0":0,"dram":37.64813232421875},"cycles":23038106733}
{"runtime":2688,"energy":{"pkg":235.80474853515625,"pp0":0,"dram":38.0264892578125},"cycles":23846394568}
{"runtime":3131,"energy":{"pkg":273.5283203125,"pp0":0,"dram":43.71484375},"cycles":26558456911}
{"runtime":5614,"energy":{"pkg":486.99871826171875,"pp0":0,"dram":73.439208984375},"cycles":30543315347}
{"runtime":3544,"energy":{"pkg":309.91729736328125,"pp0":0,"dram":49.96185302734375},"cycles":29357778711}
{"runtime":3048,"energy":{"pkg":266.1719970703125,"pp0":0,"dram":49.8045654296875},"cycles":26997723865}
{"runtime":2917,"energy":{"pkg":257.27691650390625,"pp0":0,"dram":45.15643310546875},"cycles":26508892114}
{"runtime":4003,"energy":{"pkg":358.4964599609375,"pp0":0,"dram":69.671630859375},"cycles":36195641594}
{"runtime":3288,"energy":{"pkg":296.14483642578125,"pp0":0,"dram":60.85101318359375},"cycles":29886770020}
{"runtime":2947,"energy":{"pkg":264.39910888671875,"pp0":0,"dram":41.15863037109375},"cycles":24164249372}
{"runtime":3322,"energy":{"pkg":297.57257080078125,"pp0":0,"dram":50.37261962890625},"cycles":28447389364}
{"runtime":5911,"energy":{"pkg":526.462890625,"pp0":0,"dram":73.65087890625},"cycles":32406507484}
{"runtime":3395,"energy":{"pkg":306.02215576171875,"pp0":0,"dram":50.58551025390625},"cycles":29870286754}
{"runtime":3650,"energy":{"pkg":329.32501220703125,"pp0":0,"dram":56.42486572265625},"cycles":32625064455}
{"runtime":3067,"energy":{"pkg":275.384521484375,"pp0":0,"dram":53.0714111328125},"cycles":25431554938}
{"runtime":2808,"energy":{"pkg":252.64971923828125,"pp0":0,"dram":42.05810546875},"cycles":24130577466}
{"runtime":3281,"energy":{"pkg":294.3489990234375,"pp0":0,"dram":56.23773193359375},"cycles":28780470496}
{"runtime":2946,"energy":{"pkg":266.4090576171875,"pp0":0,"dram":42.1400146484375},"cycles":25607486596}
{"runtime":2714,"energy":{"pkg":243.1025390625,"pp0":0,"dram":45.99261474609375},"cycles":24638577512}
{"runtime":3694,"energy":{"pkg":328.92742919921875,"pp0":0,"dram":64.7298583984375},"cycles":29223541874}
{"runtime":3526,"energy":{"pkg":316.453125,"pp0":0,"dram":49.312255859375},"cycles":32010573734}
{"runtime":3184,"energy":{"pkg":285.00799560546875,"pp0":0,"dram":43.9105224609375},"cycles":28116220998}
{"runtime":3236,"energy":{"pkg":293.0714111328125,"pp0":0,"dram":47.5709228515625},"cycles":28364523316}
{"runtime":3119,"energy":{"pkg":279.9193115234375,"pp0":0,"dram":49.30303955078125},"cycles":27349023469}
{"runtime":3105,"energy":{"pkg":278.51776123046875,"pp0":0,"dram":50.743896484375},"cycles":27461841520}
{"runtime":3046,"energy":{"pkg":274.90679931640625,"pp0":0,"dram":41.810302734375},"cycles":23955947603}
{"runtime":3282,"energy":{"pkg":294.493896484375,"pp0":0,"dram":53.404296875},"cycles":27942204875}
{"runtime":3124,"energy":{"pkg":279.56890869140625,"pp0":0,"dram":47.69488525390625},"cycles":24766457525}
{"runtime":2992,"energy":{"pkg":267.915771484375,"pp0":0,"dram":51.21990966796875},"cycles":25677351551}
{"runtime":2587,"energy":{"pkg":231.74884033203125,"pp0":0,"dram":36.942626953125},"cycles":23438270544}
{"runtime":3060,"energy":{"pkg":273.86834716796875,"pp0":0,"dram":41.9320068359375},"cycles":26643946024}
{"runtime":3287,"energy":{"pkg":296.975830078125,"pp0":0,"dram":46.893798828125},"cycles":27449172175}
{"runtime":3485,"energy":{"pkg":311.86370849609375,"pp0":0,"dram":61.45086669921875},"cycles":29466710375}
{"runtime":3484,"energy":{"pkg":313.90386962890625,"pp0":0,"dram":57.93084716796875},"cycles":29116190985}
{"runtime":2903,"energy":{"pkg":263.0712890625,"pp0":0,"dram":42.17694091796875},"cycles":25310572328}
{"runtime":3268,"energy":{"pkg":294.60308837890625,"pp0":0,"dram":45.03985595703125},"cycles":28078415689}
{"runtime":2842,"energy":{"pkg":255.854248046875,"pp0":0,"dram":46.53314208984375},"cycles":24579138815}
{"runtime":2626,"energy":{"pkg":237.51922607421875,"pp0":0,"dram":36.50262451171875},"cycles":23952568589}
{"runtime":3035,"energy":{"pkg":273.0277099609375,"pp0":0,"dram":41.942626953125},"cycles":25617028991}
{"runtime":3374,"energy":{"pkg":302.4315185546875,"pp0":0,"dram":55.828857421875},"cycles":28029121661}
{"runtime":3368,"energy":{"pkg":302.59075927734375,"pp0":0,"dram":52.48974609375},"cycles":29423130043}
{"runtime":2618,"energy":{"pkg":236.15203857421875,"pp0":0,"dram":36.81591796875},"cycles":22711961842}
{"runtime":3154,"energy":{"pkg":283.8946533203125,"pp0":0,"dram":44.102783203125},"cycles":25952247592}
{"runtime":3181,"energy":{"pkg":286.83355712890625,"pp0":0,"dram":46.9208984375},"cycles":28811590214}
{"runtime":2918,"energy":{"pkg":261.8924560546875,"pp0":0,"dram":41.878173828125},"cycles":25053663486}
{"runtime":3010,"energy":{"pkg":271.98236083984375,"pp0":0,"dram":52.0859375},"cycles":24802941394}
{"runtime":3474,"energy":{"pkg":314.0294189453125,"pp0":0,"dram":62.8114013671875},"cycles":29678353663}
{"runtime":3170,"energy":{"pkg":283.83587646484375,"pp0":0,"dram":45.202880859375},"cycles":28099444406}
{"runtime":3045,"energy":{"pkg":272.54742431640625,"pp0":0,"dram":42.01470947265625},"cycles":25563385281}
{"runtime":2789,"energy":{"pkg":249.810791015625,"pp0":0,"dram":38.73779296875},"cycles":24004408773}
{"runtime":3279,"energy":{"pkg":294.79315185546875,"pp0":0,"dram":52.6480712890625},"cycles":29845447877}
{"runtime":3054,"energy":{"pkg":273.52960205078125,"pp0":0,"dram":47.5133056640625},"cycles":27263011053}
{"runtime":2883,"energy":{"pkg":259.1156005859375,"pp0":0,"dram":45.77099609375},"cycles":25987411139}
{"runtime":2858,"energy":{"pkg":258.29388427734375,"pp0":0,"dram":45.84271240234375},"cycles":24581852885}
{"runtime":3494,"energy":{"pkg":315.4801025390625,"pp0":0,"dram":53.3450927734375},"cycles":28964525246}
{"runtime":3207,"energy":{"pkg":291.26220703125,"pp0":0,"dram":51.7164306640625},"cycles":27557045591}
{"runtime":3161,