{"runtime":5834,"energy":{"pkg":268.81683349609375,"pp0":0,"dram":73.08013916015625},"cycles":31716085485}
{"runtime":5418,"energy":{"pkg":249.2615966796875,"pp0":0,"dram":68.38433837890625},"cycles":29970864327}
{"runtime":5222,"energy":{"pkg":243.6221923828125,"pp0":0,"dram":64.92315673828125},"cycles":29230028431}
{"runtime":5975,"energy":{"pkg":263.86322021484375,"pp0":0,"dram":75.4205322265625},"cycles":30631211252}
{"runtime":5406,"energy":{"pkg":257.17333984375,"pp0":0,"dram":69.89593505859375},"cycles":30702628285}
{"runtime":5449,"energy":{"pkg":248.431396484375,"pp0":0,"dram":69.6092529296875},"cycles":28710387357}
{"runtime":5739,"energy":{"pkg":253.33966064453125,"pp0":0,"dram":73.01202392578125},"cycles":29604439573}
{"runtime":5466,"energy":{"pkg":260.0367431640625,"pp0":0,"dram":68.1446533203125},"cycles":30366956772}
{"runtime":5353,"energy":{"pkg":219.36700439453125,"pp0":0,"dram":66.11199951171875},"cycles":26093441819}
{"runtime":5244,"energy":{"pkg":260.13006591796875,"pp0":0,"dram":67.443359375},"cycles":30499443465}
{"runtime":5035,"energy":{"pkg":239.2991943359375,"pp0":0,"dram":63.44580078125},"cycles":28092527143}
{"runtime":5413,"energy":{"pkg":253.85455322265625,"pp0":0,"dram":69.3046875},"cycles":27843315191}
{"runtime":5082,"energy":{"pkg":236.65087890625,"pp0":0,"dram":63.60003662109375},"cycles":27994952282}
{"runtime":5298,"energy":{"pkg":261.82940673828125,"pp0":0,"dram":65.75341796875},"cycles":30267299353}
{"runtime":5349,"energy":{"pkg":243.8408203125,"pp0":0,"dram":67.32672119140625},"cycles":27542025064}
{"runtime":5467,"energy":{"pkg":233.4693603515625,"pp0":0,"dram":69.61572265625},"cycles":26845783578}
{"runtime":5435,"energy":{"pkg":260.8538818359375,"pp0":0,"dram":67.618896484375},"cycles":28428596208}
{"runtime":5618,"energy":{"pkg":250.2127685546875,"pp0":0,"dram":69.50811767578125},"cycles":29812347402}
{"runtime":5580,"energy":{"pkg":255.7830810546875,"pp0":0,"dram":71.16925048828125},"cycles":29285225309}
{"runtime":5623,"energy":{"pkg":261.95794677734375,"pp0":0,"dram":70.26202392578125},"cycles":29995770832}
{"runtime":5819,"energy":{"pkg":277.2396240234375,"pp0":0,"dram":76.0087890625},"cycles":31766871527}
{"runtime":5673,"energy":{"pkg":270.8662109375,"pp0":0,"dram":71.7918701171875},"cycles":31332778381}
{"runtime":5429,"energy":{"pkg":260.1990966796875,"pp0":0,"dram":67.486328125},"cycles":30698743760}
{"runtime":5550,"energy":{"pkg":243.094970703125,"pp0":0,"dram":69.05914306640625},"cycles":27474149766}
{"runtime":5507,"energy":{"pkg":242.550048828125,"pp0":0,"dram":67.91552734375},"cycles":28707757392}
{"runtime":5556,"energy":{"pkg":243.15234375,"pp0":0,"dram":69.244384765625},"cycles":28971075194}
{"runtime":5796,"energy":{"pkg":254.71636962890625,"pp0":0,"dram":73.73291015625},"cycles":29160548750}
{"runtime":5148,"energy":{"pkg":243.47528076171875,"pp0":0,"dram":65.27740478515625},"cycles":29234209824}
{"runtime":5647,"energy":{"pkg":262.57672119140625,"pp0":0,"dram":71.05548095703125},"cycles":30606151023}
{"runtime":5715,"energy":{"pkg":254.1904296875,"pp0":0,"dram":72.5023193359375},"cycles":28482439122}
{"runtime":5143,"energy":{"pkg":246.034912109375,"pp0":0,"dram":63.39739990234375},"cycles":29539965878}
{"runtime":6157,"energy":{"pkg":266.44842529296875,"pp0":0,"dram":75.71649169921875},"cycles":30209643671}
{"runtime":5278,"energy":{"pkg":246.80389404296875,"pp0":0,"dram":65.3260498046875},"cycles":28697801878}
{"runtime":5307,"energy":{"pkg":229.27496337890625,"pp0":0,"dram":66.151123046875},"cycles":26669765109}
{"runtime":5445,"energy":{"pkg":262.13848876953125,"pp0":0,"dram":67.938720703125},"cycles":29106903192}
{"runtime":5925,"energy":{"pkg":268.5567626953125,"pp0":0,"dram":73.9066162109375},"cycles":31746223990}
{"runtime":5776,"energy":{"pkg":257.38555908203125,"pp0":0,"dram":72.52239990234375},"cycles":29596917820}
{"runtime":6020,"energy":{"pkg":275.8668212890625,"pp0":0,"dram":77.5732421875},"cycles":31302477039}
{"runtime":5595,"energy":{"pkg":260.246337890625,"pp0":0,"dram":71.7435302734375},"cycles":29529495550}
{"runtime":6026,"energy":{"pkg":261.45782470703125,"pp0":0,"dram":76.27886962890625},"cycles":29850069904}
{"runtime":5866,"energy":{"pkg":265.24188232421875,"pp0":0,"dram":77.9625244140625},"cycles":29373261959}
{"runtime":5281,"energy":{"pkg":245.05902099609375,"pp0":0,"dram":65.33416748046875},"cycles":29565451710}
{"runtime":5242,"energy":{"pkg":247.01129150390625,"pp0":0,"dram":65.755859375},"cycles":29432118945}
{"runtime":5566,"energy":{"pkg":263.26556396484375,"pp0":0,"dram":70.12261962890625},"cycles":29243433727}
{"runtime":5637,"energy":{"pkg":257.2257080078125,"pp0":0,"dram":72.42254638671875},"cycles":29628914562}
{"runtime":5684,"energy":{"pkg":273.51470947265625,"pp0":0,"dram":71.59521484375},"cycles":30866132911}
{"runtime":4697,"energy":{"pkg":234.3489990234375,"pp0":0,"dram":58.98919677734375},"cycles":28317961288}
{"runtime":5225,"energy":{"pkg":245.48382568359375,"pp0":0,"dram":65.92840576171875},"cycles":29284007890}
{"runtime":5786,"energy":{"pkg":253.4185791015625,"pp0":0,"dram":74.8004150390625},"cycles":29557424473}
{"runtime":5535,"energy":{"pkg":248.0992431640625,"pp0":0,"dram":68.20465087890625},"cycles":28314206411}
{"runtime":5196,"energy":{"pkg":255.7547607421875,"pp0":0,"dram":64.87347412109375},"cycles":30119383738}
{"runtime":5026,"energy":{"pkg":233.26055908203125,"pp0":0,"dram":65.22369384765625},"cycles":27135571806}
{"runtime":5762,"energy":{"pkg":253.342041015625,"pp0":0,"dram":73.55352783203125},"cycles":28312802361}
{"runtime":4800,"energy":{"pkg":236.302978515625,"pp0":0,"dram":61.77044677734375},"cycles":27263376882}
{"runtime":5968,"energy":{"pkg":283.90728759765625,"pp0":0,"dram":77.6356201171875},"cycles":33046430350}
{"runtime":6232,"energy":{"pkg":276.29156494140625,"pp0":0,"dram":81.43963623046875},"cycles":31985751083}
{"runtime":5258,"energy":{"pkg":243.4705810546875,"pp0":0,"dram":65.83599853515625},"cycles":28344937236}
{"runtime":5227,"energy":{"pkg":232.3834228515625,"pp0":0,"dram":67.02593994140625},"cycles":28268885325}
{"runtime":5484,"energy":{"pkg":257.8831787109375,"pp0":0,"dram":68.3502197265625},"cycles":30200942023}
{"runtime":4975,"energy":{"pkg":241.4674072265625,"pp0":0,"dram":64.0599365234375},"cycles":26361091112}
{"runtime":5312,"energy":{"pkg":248.67974853515625,"pp0":0,"dram":68.6990966796875},"cycles":29615224502}
{"runtime":5280,"energy":{"pkg":259.073486328125,"pp0":0,"dram":65.39276123046875},"cycles":29469092542}
{"runtime":5589,"energy":{"pkg":263.66973876953125,"pp0":0,"dram":70.323486328125},"cycles":31067089766}
{"runtime":5544,"energy":{"pkg":248.06640625,"pp0":0,"dram":69.29901123046875},"cycles":28864623718}
{"runtime":5942,"energy":{"pkg":260.77081298828125,"pp0":0,"dram":74.42041015625},"cycles":29149593388}
{"runtime":5602,"energy":{"pkg":260.5968017578125,"pp0":0,"dram":71.1605224609375},"cycles":30960841594}
{"runtime":5362,"energy":{"pkg":247.98870849609375,"pp0":0,"dram":68.85870361328125},"cycles":28732363261}
{"runtime":3178,"energy":{"pkg":159.36248779296875,"pp0":0,"dram":44.23626708984375},"cycles":24623986333}
{"runtime":5599,"energy":{"pkg":265.42999267578125,"pp0":0,"dram":69.1876220703125},"cycles":31636015136}
{"runtime":5486,"energy":{"pkg":255.63897705078125,"pp0":0,"dram":68.60382080078125},"cycles":29078506256}
{"runtime":6114,"energy":{"pkg":281.6572265625,"pp0":0,"dram":79.63238525390625},"cycles":32744344105}
{"runtime":5764,"energy":{"pkg":257.9759521484375,"pp0":0,"dram":72.3607177734375},"cycles":28780184712}
{"runtime":5716,"energy":{"pkg":270.58599853515625,"pp0":0,"dram":73.02520751953125},"cycles":31608250043}
{"runtime":5415,"energy":{"pkg":254.08721923828125,"pp0":0,"dram":69.5604248046875},"cycles":29781909737}
{"runtime":5095,"energy":{"pkg":245.59100341796875,"pp0":0,"dram":65.89324951171875},"cycles":29187872367}
{"runtime":5507,"energy":{"pkg":256.892822265625,"pp0":0,"dram":70.8985595703125},"cycles":29207597738}
{"runtime":5627,