{"runtime":3165,"energy":{"pkg":292.023681640625,"pp0":0,"dram":37.990966796875},"cycles":120213709484}
{"runtime":3162,"energy":{"pkg":291.13226318359375,"pp0":0,"dram":40.71929931640625},"cycles":120419842807}
{"runtime":3286,"energy":{"pkg":300.8953857421875,"pp0":0,"dram":46.12939453125},"cycles":120958366388}
{"runtime":3212,"energy":{"pkg":296.32073974609375,"pp0":0,"dram":42.25115966796875},"cycles":118301486517}
{"runtime":3157,"energy":{"pkg":292.72625732421875,"pp0":0,"dram":42.96533203125},"cycles":116765624142}
{"runtime":3313,"energy":{"pkg":302.6109619140625,"pp0":0,"dram":39.89019775390625},"cycles":119390282781}
{"runtime":3261,"energy":{"pkg":301.19415283203125,"pp0":0,"dram":37.30322265625},"cycles":120493654618}
{"runtime":3527,"energy":{"pkg":324.57647705078125,"pp0":0,"dram":32.8306884765625},"cycles":119378404703}
{"runtime":3360,"energy":{"pkg":309.51995849609375,"pp0":0,"dram":30.7718505859375},"cycles":121458752050}
{"runtime":3315,"energy":{"pkg":307.427978515625,"pp0":0,"dram":30.065673828125},"cycles":120552061422}
{"runtime":3797,"energy":{"pkg":349.36614990234375,"pp0":0,"dram":34.59552001953125},"cycles":122156821645}
{"runtime":3900,"energy":{"pkg":359.7777099609375,"pp0":0,"dram":37.34600830078125},"cycles":123927673864}
{"runtime":3824,"energy":{"pkg":353.5330810546875,"pp0":0,"dram":35.10791015625},"cycles":122594256913}
{"runtime":4080,"energy":{"pkg":375.9443359375,"pp0":0,"dram":46.9202880859375},"cycles":123377613997}
{"runtime":3599,"energy":{"pkg":334.7979736328125,"pp0":0,"dram":34.8681640625},"cycles":122645674576}
{"runtime":3511,"energy":{"pkg":327.2037353515625,"pp0":0,"dram":32.1171875},"cycles":122941815512}
{"runtime":3769,"energy":{"pkg":350.26513671875,"pp0":0,"dram":45.2891845703125},"cycles":122354173563}
{"runtime":3579,"energy":{"pkg":334.1158447265625,"pp0":0,"dram":32.59954833984375},"cycles":119786391744}
{"runtime":3828,"energy":{"pkg":354.8428955078125,"pp0":0,"dram":34.73748779296875},"cycles":123628251764}
{"runtime":3754,"energy":{"pkg":349.13677978515625,"pp0":0,"dram":39.152587890625},"cycles":121348904801}
{"runtime":3946,"energy":{"pkg":366.58380126953125,"pp0":0,"dram":36.5584716796875},"cycles":125544574600}
{"runtime":4167,"energy":{"pkg":386.85736083984375,"pp0":0,"dram":39.92401123046875},"cycles":119499112600}
{"runtime":3500,"energy":{"pkg":327.2322998046875,"pp0":0,"dram":32.08056640625},"cycles":120077394196}
{"runtime":3856,"energy":{"pkg":358.7686767578125,"pp0":0,"dram":36.8642578125},"cycles":122773897098}
{"runtime":3855,"energy":{"pkg":358.23858642578125,"pp0":0,"dram":36.63323974609375},"cycles":124734786435}
{"runtime":4209,"energy":{"pkg":389.66943359375,"pp0":0,"dram":51.7249755859375},"cycles":120136517620}
{"runtime":3918,"energy":{"pkg":364.48126220703125,"pp0":0,"dram":43.142333984375},"cycles":121918823327}
{"runtime":4665,"energy":{"pkg":431.27825927734375,"pp0":0,"dram":52.41864013671875},"cycles":120943294278}
{"runtime":4783,"energy":{"pkg":441.6710205078125,"pp0":0,"dram":48.147216796875},"cycles":122918934011}
{"runtime":4551,"energy":{"pkg":424.512451171875,"pp0":0,"dram":42.669921875},"cycles":118974064794}
{"runtime":4607,"energy":{"pkg":427.1982421875,"pp0":0,"dram":42.08233642578125},"cycles":122750266261}
{"runtime":4821,"energy":{"pkg":446.96905517578125,"pp0":0,"dram":47.9490966796875},"cycles":122982126735}
{"runtime":4757,"energy":{"pkg":439.81634521484375,"pp0":0,"dram":43.1536865234375},"cycles":122885899539}
{"runtime":4361,"energy":{"pkg":405.22186279296875,"pp0":0,"dram":39.78436279296875},"cycles":121809870231}
{"runtime":4448,"energy":{"pkg":414.0816650390625,"pp0":0,"dram":46.6053466796875},"cycles":121285325001}
{"runtime":4647,"energy":{"pkg":433.1693115234375,"pp0":0,"dram":41.889404296875},"cycles":121028254099}
{"runtime":4586,"energy":{"pkg":425.01611328125,"pp0":0,"dram":46.39324951171875},"cycles":122640948146}
{"runtime":4697,"energy":{"pkg":436.0618896484375,"pp0":0,"dram":42.3763427734375},"cycles":121892095162}
{"runtime":4691,"energy":{"pkg":433.1552734375,"pp0":0,"dram":42.46282958984375},"cycles":122152446310}
{"runtime":4607,"energy":{"pkg":427.6982421875,"pp0":0,"dram":50.01593017578125},"cycles":122776272920}
{"runtime":4609,"energy":{"pkg":427.79510498046875,"pp0":0,"dram":42.0162353515625},"cycles":120700215793}
{"runtime":4394,"energy":{"pkg":410.117431640625,"pp0":0,"dram":46.51544189453125},"cycles":119241578293}
{"runtime":4680,"energy":{"pkg":433.66119384765625,"pp0":0,"dram":44.61248779296875},"cycles":122332116713}
{"runtime":4446,"energy":{"pkg":413.314697265625,"pp0":0,"dram":50.23236083984375},"cycles":121882882950}
{"runtime":4279,"energy":{"pkg":399.33441162109375,"pp0":0,"dram":46.79620361328125},"cycles":119643037186}
{"runtime":4575,"energy":{"pkg":425.22821044921875,"pp0":0,"dram":46.28741455078125},"cycles":121054882888}
{"runtime":4499,"energy":{"pkg":417.8544921875,"pp0":0,"dram":52.77105712890625},"cycles":121790081984}
{"runtime":4666,"energy":{"pkg":433.17535400390625,"pp0":0,"dram":57.19696044921875},"cycles":121559729235}
{"runtime":4755,"energy":{"pkg":441.215087890625,"pp0":0,"dram":64.0792236328125},"cycles":120310626104}
{"runtime":4459,"energy":{"pkg":413.39495849609375,"pp0":0,"dram":42.0880126953125},"cycles":123588304804}
{"runtime":4358,"energy":{"pkg":405.47308349609375,"pp0":0,"dram":39.3297119140625},"cycles":122063918847}
{"runtime":4506,"energy":{"pkg":419.56085205078125,"pp0":0,"dram":43.419921875},"cycles":123019257823}
{"runtime":5118,"energy":{"pkg":473.29437255859375,"pp0":0,"dram":53.92987060546875},"cycles":120359372713}
{"runtime":4535,"energy":{"pkg":420.7103271484375,"pp0":0,"dram":52.14910888671875},"cycles":123352067894}
{"runtime":4776,"energy":{"pkg":444.68988037109375,"pp0":0,"dram":53.07647705078125},"cycles":122012604336}
{"runtime":4731,"energy":{"pkg":438.38458251953125,"pp0":0,"dram":44.8553466796875},"cycles":123734440503}
{"runtime":4375,"energy":{"pkg":408.0867919921875,"pp0":0,"dram":47.94390869140625},"cycles":121970650914}
{"runtime":4100,"energy":{"pkg":384.6304931640625,"pp0":0,"dram":37.19140625},"cycles":119212411472}
{"runtime":4616,"energy":{"pkg":428.28961181640625,"pp0":0,"dram":43.07977294921875},"cycles":122260400173}
{"runtime":4405,"energy":{"pkg":409.448486328125,"pp0":0,"dram":40.56671142578125},"cycles":122093113830}
{"runtime":4541,"energy":{"pkg":422.20208740234375,"pp0":0,"dram":41.19354248046875},"cycles":121809840096}
{"runtime":4375,"energy":{"pkg":407.65057373046875,"pp0":0,"dram":39.6231689453125},"cycles":119807549726}
{"runtime":4326,"energy":{"pkg":403.5980224609375,"pp0":0,"dram":41.41461181640625},"cycles":119632526735}
{"runtime":4578,"energy":{"pkg":425.6663818359375,"pp0":0,"dram":41.515625},"cycles":121819703611}
{"runtime":4436,"energy":{"pkg":413.09820556640625,"pp0":0,"dram":51.0401611328125},"cycles":120351076830}
{"runtime":4464,"energy":{"pkg":415.4439697265625,"pp0":0,"dram":49.48992919921875},"cycles":121656512941}
{"runtime":4594,"energy":{"pkg":425.61773681640625,"pp0":0,"dram":43.052978515625},"cycles":121984540474}
{"runtime":4458,"energy":{"pkg":412.97039794921875,"pp0":0,"dram":40.689208984375},"cycles":122181104541}
{"runtime":4558,"energy":{"pkg":423.98468017578125,"pp0":0,"dram":42.0340576171875},"cycles":121842732893}
{"runtime":4491,"energy":{"pkg":416.5047607421875,"pp0":0,"dram":40.34832763671875},"cycles":123561207179}
{"runtime":4227,"energy":{"pkg":395.40325927734375,"pp0":0,"dram":41.24658203125},"cycles":120437514332}
{"runtime":4421,"energy":{"pkg":412.71929931640625,"pp0":0,"dram":46.00885009765625},"cycles":121902578221}
{"runtime":4448,"energy":{"pkg":415.49786376953125,"pp0":0,"dram":52.4046630859375},"cycles":120792917387}
{"runtime":4521,"energy":{"pkg":420.7425537109375,"pp0":0,"dram":48.674560546875},"cycles":124501887792}
{"runtime":4458,"energy":{"pkg":415.00048828125,"pp0":0,"dram":51.76007080078125},"cycles":120990729517}
{"runtime":4411,"energy":{"pkg":413.88677978515625,"pp0":0,