{"runtime":2256,"energy":{"pkg":196.14459228515625,"pp0":0,"dram":20.06549072265625},"cycles":109314122083}
{"runtime":2311,"energy":{"pkg":198.7921142578125,"pp0":0,"dram":20.51397705078125},"cycles":108895610989}
{"runtime":2450,"energy":{"pkg":204.37860107421875,"pp0":0,"dram":21.9996337890625},"cycles":110543033687}
{"runtime":2531,"energy":{"pkg":207.23443603515625,"pp0":0,"dram":22.65716552734375},"cycles":109898371446}
{"runtime":2588,"energy":{"pkg":210.398681640625,"pp0":0,"dram":23.06207275390625},"cycles":112416972193}
{"runtime":2359,"energy":{"pkg":201.850341796875,"pp0":0,"dram":21.2493896484375},"cycles":110634449342}
{"runtime":2355,"energy":{"pkg":201.31134033203125,"pp0":0,"dram":21.32318115234375},"cycles":112994274934}
{"runtime":2434,"energy":{"pkg":203.6278076171875,"pp0":0,"dram":21.68328857421875},"cycles":110388234997}
{"runtime":2407,"energy":{"pkg":203.7640380859375,"pp0":0,"dram":21.69171142578125},"cycles":112465422025}
{"runtime":2410,"energy":{"pkg":203.65606689453125,"pp0":0,"dram":21.5150146484375},"cycles":109933046597}
{"runtime":2367,"energy":{"pkg":202.4093017578125,"pp0":0,"dram":21.00323486328125},"cycles":110468484189}
{"runtime":2489,"energy":{"pkg":207.31573486328125,"pp0":0,"dram":22.35992431640625},"cycles":110362901910}
{"runtime":2470,"energy":{"pkg":206.35052490234375,"pp0":0,"dram":22.12298583984375},"cycles":111148546567}
{"runtime":2433,"energy":{"pkg":205.4154052734375,"pp0":0,"dram":21.84112548828125},"cycles":109740583887}
{"runtime":2465,"energy":{"pkg":206.0843505859375,"pp0":0,"dram":22.297607421875},"cycles":110309630294}
{"runtime":2502,"energy":{"pkg":206.38092041015625,"pp0":0,"dram":22.34625244140625},"cycles":109599302458}
{"runtime":2443,"energy":{"pkg":206.09661865234375,"pp0":0,"dram":21.82720947265625},"cycles":108958713390}
{"runtime":2332,"energy":{"pkg":200.647216796875,"pp0":0,"dram":20.919189453125},"cycles":110431443796}
{"runtime":2450,"energy":{"pkg":204.29095458984375,"pp0":0,"dram":22.10125732421875},"cycles":113711580811}
{"runtime":2446,"energy":{"pkg":205.69122314453125,"pp0":0,"dram":21.9627685546875},"cycles":111404345806}
{"runtime":2346,"energy":{"pkg":201.27386474609375,"pp0":0,"dram":21.2772216796875},"cycles":110932919704}
{"runtime":2366,"energy":{"pkg":202.29498291015625,"pp0":0,"dram":21.52447509765625},"cycles":111150446626}
{"runtime":2214,"energy":{"pkg":196.35955810546875,"pp0":0,"dram":20.14739990234375},"cycles":108328125063}
{"runtime":2266,"energy":{"pkg":198.723876953125,"pp0":0,"dram":20.4910888671875},"cycles":109443137742}
{"runtime":2335,"energy":{"pkg":201.4727783203125,"pp0":0,"dram":20.98016357421875},"cycles":111277808304}
{"runtime":2461,"energy":{"pkg":206.3212890625,"pp0":0,"dram":22.12835693359375},"cycles":110579193937}
{"runtime":2305,"energy":{"pkg":199.566162109375,"pp0":0,"dram":20.70269775390625},"cycles":109724300958}
{"runtime":2306,"energy":{"pkg":200.38153076171875,"pp0":0,"dram":20.7041015625},"cycles":110338741007}
{"runtime":2349,"energy":{"pkg":201.52947998046875,"pp0":0,"dram":21.1710205078125},"cycles":110739447417}
{"runtime":2351,"energy":{"pkg":201.775146484375,"pp0":0,"dram":21.2354736328125},"cycles":109906776834}
{"runtime":2330,"energy":{"pkg":200.9295654296875,"pp0":0,"dram":21.0867919921875},"cycles":110957291085}
{"runtime":2306,"energy":{"pkg":200.3646240234375,"pp0":0,"dram":20.82879638671875},"cycles":108941044684}
{"runtime":2463,"energy":{"pkg":206.75885009765625,"pp0":0,"dram":22.18505859375},"cycles":110413759663}
{"runtime":2443,"energy":{"pkg":204.44873046875,"pp0":0,"dram":21.61529541015625},"cycles":110880521289}
{"runtime":2462,"energy":{"pkg":207.323974609375,"pp0":0,"dram":22.18450927734375},"cycles":110275585717}
{"runtime":2472,"energy":{"pkg":205.68084716796875,"pp0":0,"dram":22.18145751953125},"cycles":112103031936}
{"runtime":2369,"energy":{"pkg":202.5479736328125,"pp0":0,"dram":21.27056884765625},"cycles":108704846038}
{"runtime":2413,"energy":{"pkg":204.2354736328125,"pp0":0,"dram":21.99884033203125},"cycles":110949572275}
{"runtime":2446,"energy":{"pkg":205.4332275390625,"pp0":0,"dram":21.90283203125},"cycles":111335028921}
{"runtime":2484,"energy":{"pkg":207.4705810546875,"pp0":0,"dram":22.32421875},"cycles":110208412143}
{"runtime":2353,"energy":{"pkg":202.665771484375,"pp0":0,"dram":21.4393310546875},"cycles":110089238618}
{"runtime":2411,"energy":{"pkg":204.34027099609375,"pp0":0,"dram":21.87078857421875},"cycles":111672172470}
{"runtime":2394,"energy":{"pkg":203.5909423828125,"pp0":0,"dram":21.7349853515625},"cycles":111383925877}
{"runtime":2491,"energy":{"pkg":206.85516357421875,"pp0":0,"dram":22.3798828125},"cycles":110973468287}
{"runtime":2543,"energy":{"pkg":208.9361572265625,"pp0":0,"dram":23.029541015625},"cycles":111079177476}
{"runtime":2456,"energy":{"pkg":205.9537353515625,"pp0":0,"dram":22.439453125},"cycles":109467711061}
{"runtime":2453,"energy":{"pkg":205.29412841796875,"pp0":0,"dram":22.10943603515625},"cycles":110432286759}
{"runtime":2560,"energy":{"pkg":210.38330078125,"pp0":0,"dram":23.05712890625},"cycles":111111290688}
{"runtime":2321,"energy":{"pkg":200.6275634765625,"pp0":0,"dram":21.0806884765625},"cycles":110173983985}
{"runtime":2426,"energy":{"pkg":205.45172119140625,"pp0":0,"dram":22.01678466796875},"cycles":110152384548}
{"runtime":2431,"energy":{"pkg":204.9085693359375,"pp0":0,"dram":22.0164794921875},"cycles":109437244432}
{"runtime":2454,"energy":{"pkg":206.50128173828125,"pp0":0,"dram":22.31182861328125},"cycles":110345680811}
{"runtime":2435,"energy":{"pkg":204.88409423828125,"pp0":0,"dram":21.92987060546875},"cycles":110879410509}
{"runtime":2441,"energy":{"pkg":205.9241943359375,"pp0":0,"dram":22.17950439453125},"cycles":110043632767}
{"runtime":2343,"energy":{"pkg":202.05755615234375,"pp0":0,"dram":21.51898193359375},"cycles":109203308753}
{"runtime":2292,"energy":{"pkg":199.7884521484375,"pp0":0,"dram":20.95306396484375},"cycles":108625704746}
{"runtime":2343,"energy":{"pkg":201.260986328125,"pp0":0,"dram":21.18829345703125},"cycles":109510417368}
{"runtime":2367,"energy":{"pkg":201.90386962890625,"pp0":0,"dram":21.36407470703125},"cycles":111301234656}
{"runtime":2376,"energy":{"pkg":202.767333984375,"pp0":0,"dram":21.60064697265625},"cycles":111356486736}
{"runtime":2281,"energy":{"pkg":199.47589111328125,"pp0":0,"dram":20.6163330078125},"cycles":109063061021}
{"runtime":2431,"energy":{"pkg":204.98138427734375,"pp0":0,"dram":22.1387939453125},"cycles":110583603146}
{"runtime":2484,"energy":{"pkg":207.77197265625,"pp0":0,"dram":22.48077392578125},"cycles":110688493950}
{"runtime":2339,"energy":{"pkg":201.4923095703125,"pp0":0,"dram":21.326904296875},"cycles":109952628992}
{"runtime":2383,"energy":{"pkg":202.31781005859375,"pp0":0,"dram":21.3519287109375},"cycles":109831712081}
{"runtime":2467,"energy":{"pkg":206.39019775390625,"pp0":0,"dram":22.09320068359375},"cycles":110010783463}
{"runtime":2513,"energy":{"pkg":208.04888916015625,"pp0":0,"dram":22.58837890625},"cycles":111878887282}
{"runtime":2544,"energy":{"pkg":210.046142578125,"pp0":0,"dram":22.85552978515625},"cycles":108255059216}
{"runtime":2499,"energy":{"pkg":207.73284912109375,"pp0":0,"dram":22.35516357421875},"cycles":111581593324}
{"runtime":2371,"energy":{"pkg":202.45318603515625,"pp0":0,"dram":21.3719482421875},"cycles":110712670346}
{"runtime":2438,"energy":{"pkg":205.2071533203125,"pp0":0,"dram":21.91925048828125},"cycles":111547262127}
{"runtime":2383,"energy":{"pkg":203.330322265625,"pp0":0,"dram":21.80078125},"cycles":110477594607}
{"runtime":2485,"energy":{"pkg":205.9735107421875,"pp0":0,"dram":22.098388671875},"cycles":110917519323}
{"runtime":2343,"energy":{"pkg":201.8153076171875,"pp0":0,"dram":21.384033203125},"cycles":110607652090}
{"runtime":2322,"energy":{"pkg":200.74139404296875,"pp0":0,"dram":21.0828857421875},"cycles":109233220506}
{"runtime":2325,"energy":{"pkg":201.3172607421875,"pp0":0,"dram":21.23370361328125},"cycles":110699663839}
{"runtime":2473,