{"runtime":1251,"energy":{"pkg":79.37945556640625,"pp0":0,"dram":15.73590087890625},"cycles":10520055933}
{"runtime":1439,"energy":{"pkg":95.51666259765625,"pp0":0,"dram":21.78643798828125},"cycles":10623891432}
{"runtime":1534,"energy":{"pkg":101.3751220703125,"pp0":0,"dram":24.55218505859375},"cycles":10931465532}
{"runtime":1240,"energy":{"pkg":84.7076416015625,"pp0":0,"dram":15.83868408203125},"cycles":10501606613}
{"runtime":1302,"energy":{"pkg":92.89410400390625,"pp0":0,"dram":16.91314697265625},"cycles":10500967700}
{"runtime":1314,"energy":{"pkg":103.25738525390625,"pp0":0,"dram":20.1795654296875},"cycles":10505892936}
{"runtime":1349,"energy":{"pkg":106.0423583984375,"pp0":0,"dram":20.70947265625},"cycles":10517184893}
{"runtime":1344,"energy":{"pkg":105.663330078125,"pp0":0,"dram":20.67327880859375},"cycles":10513268101}
{"runtime":1568,"energy":{"pkg":128.217529296875,"pp0":0,"dram":23.396240234375},"cycles":11507155627}
{"runtime":1462,"energy":{"pkg":120.2850341796875,"pp0":0,"dram":18.79986572265625},"cycles":11430683991}
{"runtime":1455,"energy":{"pkg":119.6922607421875,"pp0":0,"dram":22.3251953125},"cycles":11427906749}
{"runtime":1458,"energy":{"pkg":119.4183349609375,"pp0":0,"dram":23.56060791015625},"cycles":11258853005}
{"runtime":1469,"energy":{"pkg":120.92034912109375,"pp0":0,"dram":19.01763916015625},"cycles":11458330332}
{"runtime":1429,"energy":{"pkg":118.13824462890625,"pp0":0,"dram":18.34747314453125},"cycles":11380425473}
{"runtime":1460,"energy":{"pkg":120.11566162109375,"pp0":0,"dram":18.9664306640625},"cycles":11476393017}
{"runtime":1438,"energy":{"pkg":118.707275390625,"pp0":0,"dram":18.61883544921875},"cycles":11457571780}
{"runtime":1431,"energy":{"pkg":118.47283935546875,"pp0":0,"dram":21.34820556640625},"cycles":11250015847}
{"runtime":1421,"energy":{"pkg":117.41021728515625,"pp0":0,"dram":18.38079833984375},"cycles":11015291578}
{"runtime":1595,"energy":{"pkg":130.80596923828125,"pp0":0,"dram":20.654052734375},"cycles":11558760970}
{"runtime":1467,"energy":{"pkg":120.5780029296875,"pp0":0,"dram":18.9493408203125},"cycles":11366662974}
{"runtime":1399,"energy":{"pkg":115.90350341796875,"pp0":0,"dram":18.3448486328125},"cycles":11196082936}
{"runtime":1481,"energy":{"pkg":122.05181884765625,"pp0":0,"dram":23.7188720703125},"cycles":11424658856}
{"runtime":1426,"energy":{"pkg":117.65667724609375,"pp0":0,"dram":18.4906005859375},"cycles":11219473268}
{"runtime":1410,"energy":{"pkg":116.7650146484375,"pp0":0,"dram":17.69525146484375},"cycles":10770927627}
{"runtime":1450,"energy":{"pkg":119.13507080078125,"pp0":0,"dram":23.4364013671875},"cycles":11223094854}
{"runtime":1457,"energy":{"pkg":120.1505126953125,"pp0":0,"dram":18.76898193359375},"cycles":11408633014}
{"runtime":1437,"energy":{"pkg":118.90509033203125,"pp0":0,"dram":18.38983154296875},"cycles":10888320702}
{"runtime":1475,"energy":{"pkg":121.84307861328125,"pp0":0,"dram":18.95965576171875},"cycles":11482613359}
{"runtime":1481,"energy":{"pkg":121.7174072265625,"pp0":0,"dram":18.922607421875},"cycles":11473318142}
{"runtime":1474,"energy":{"pkg":121.0474853515625,"pp0":0,"dram":19.10089111328125},"cycles":11468654562}
{"runtime":1476,"energy":{"pkg":121.29888916015625,"pp0":0,"dram":19.01861572265625},"cycles":11455887734}
{"runtime":1505,"energy":{"pkg":123.959228515625,"pp0":0,"dram":22.26275634765625},"cycles":11369823327}
{"runtime":1448,"energy":{"pkg":119.42462158203125,"pp0":0,"dram":18.74432373046875},"cycles":11141839277}
{"runtime":1615,"energy":{"pkg":132.439453125,"pp0":0,"dram":20.885009765625},"cycles":11099585781}
{"runtime":1438,"energy":{"pkg":118.6334228515625,"pp0":0,"dram":18.90093994140625},"cycles":11467500313}
{"runtime":1485,"energy":{"pkg":121.959716796875,"pp0":0,"dram":19.19732666015625},"cycles":11430574036}
{"runtime":1501,"energy":{"pkg":123.17779541015625,"pp0":0,"dram":19.6898193359375},"cycles":11501212338}
{"runtime":1454,"energy":{"pkg":119.9798583984375,"pp0":0,"dram":18.5791015625},"cycles":11132907515}
{"runtime":1678,"energy":{"pkg":136.94189453125,"pp0":0,"dram":22.23822021484375},"cycles":11613895503}
{"runtime":1456,"energy":{"pkg":119.93890380859375,"pp0":0,"dram":18.59686279296875},"cycles":11485169925}
{"runtime":1449,"energy":{"pkg":119.33013916015625,"pp0":0,"dram":18.65850830078125},"cycles":11517981684}
{"runtime":1460,"energy":{"pkg":122.07391357421875,"pp0":0,"dram":19.1934814453125},"cycles":11994110316}
{"runtime":1567,"energy":{"pkg":130.58355712890625,"pp0":0,"dram":20.27581787109375},"cycles":12112880233}
{"runtime":1591,"energy":{"pkg":132.31573486328125,"pp0":0,"dram":20.4468994140625},"cycles":12134491776}
{"runtime":1434,"energy":{"pkg":120.29949951171875,"pp0":0,"dram":19.00750732421875},"cycles":12348948443}
{"runtime":1596,"energy":{"pkg":133.23980712890625,"pp0":0,"dram":20.95794677734375},"cycles":12132446590}
{"runtime":1587,"energy":{"pkg":132.09375,"pp0":0,"dram":20.51104736328125},"cycles":12079288726}
{"runtime":1441,"energy":{"pkg":120.347412109375,"pp0":0,"dram":23.43548583984375},"cycles":11876059938}
{"runtime":1445,"energy":{"pkg":120.40350341796875,"pp0":0,"dram":18.71893310546875},"cycles":11893880731}
{"runtime":1465,"energy":{"pkg":122.00311279296875,"pp0":0,"dram":18.99798583984375},"cycles":11881692740}
{"runtime":1616,"energy":{"pkg":133.99029541015625,"pp0":0,"dram":20.9119873046875},"cycles":11964372017}
{"runtime":1529,"energy":{"pkg":127.07635498046875,"pp0":0,"dram":19.9100341796875},"cycles":12092488562}
{"runtime":1447,"energy":{"pkg":120.8194580078125,"pp0":0,"dram":18.8983154296875},"cycles":11438013021}
{"runtime":1646,"energy":{"pkg":136.76995849609375,"pp0":0,"dram":21.5587158203125},"cycles":12473482212}
{"runtime":1641,"energy":{"pkg":137.72235107421875,"pp0":0,"dram":20.93011474609375},"cycles":12752341968}
{"runtime":1543,"energy":{"pkg":129.56646728515625,"pp0":0,"dram":24.9676513671875},"cycles":12371717404}
{"runtime":1723,"energy":{"pkg":144.35601806640625,"pp0":0,"dram":22.34033203125},"cycles":13255027979}
{"runtime":1496,"energy":{"pkg":125.6611328125,"pp0":0,"dram":23.8895263671875},"cycles":12452115512}
{"runtime":1519,"energy":{"pkg":128.490966796875,"pp0":0,"dram":20.24151611328125},"cycles":12025702109}
{"runtime":1637,"energy":{"pkg":138.12030029296875,"pp0":0,"dram":21.5355224609375},"cycles":12700711847}
{"runtime":1529,"energy":{"pkg":128.312744140625,"pp0":0,"dram":19.700927734375},"cycles":12365599835}
{"runtime":1629,"energy":{"pkg":137.66558837890625,"pp0":0,"dram":21.4244384765625},"cycles":12864766837}
{"runtime":1657,"energy":{"pkg":139.125732421875,"pp0":0,"dram":21.44384765625},"cycles":12753380433}
{"runtime":1609,"energy":{"pkg":135.6187744140625,"pp0":0,"dram":25.961181640625},"cycles":13164155626}
{"runtime":1547,"energy":{"pkg":129.9188232421875,"pp0":0,"dram":24.35113525390625},"cycles":12237686916}
{"runtime":1605,"energy":{"pkg":135.8236083984375,"pp0":0,"dram":26.01275634765625},"cycles":12481972516}
{"runtime":1580,"energy":{"pkg":133.176025390625,"pp0":0,"dram":25.54010009765625},"cycles":12613767742}
{"runtime":1611,"energy":{"pkg":135.09832763671875,"pp0":0,"dram":21.7598876953125},"cycles":11936783337}
{"runtime":1594,"energy":{"pkg":134.50567626953125,"pp0":0,"dram":21.02752685546875},"cycles":12573966239}
{"runtime":1646,"energy":{"pkg":138.450439453125,"pp0":0,"dram":21.22344970703125},"cycles":13313645757}
{"runtime":1460,"energy":{"pkg":122.95404052734375,"pp0":0,"dram":18.7672119140625},"cycles":11681276446}
{"runtime":1573,"energy":{"pkg":132.326171875,"pp0":0,"dram":25.45526123046875},"cycles":12929640273}
{"runtime":1601,"energy":{"pkg":134.563720703125,"pp0":0,"dram":20.70245361328125},"cycles":12624895744}
{"runtime":1602,"energy":{"pkg":134.3436279296875,"pp0":0,"dram":20.69329833984375},"cycles":12790342459}
{"runtime":1512,"energy":{"pkg":127.60565185546875,"pp0":0,"dram":19.73291015625},"cycles":12467218539}
{"runtime":1559,"energy":{"pkg":131.04150390625,"pp0":0,"dram":14.322021484375},