{"runtime":1799,"energy":{"pkg":150.72076416015625,"pp0":0,"dram":23.01861572265625},"cycles":14641964587}
{"runtime":1587,"energy":{"pkg":133.22869873046875,"pp0":0,"dram":14.67828369140625},"cycles":12693596144}
{"runtime":1442,"energy":{"pkg":120.13330078125,"pp0":0,"dram":21.279296875},"cycles":11317874563}
{"runtime":1532,"energy":{"pkg":128.5845947265625,"pp0":0,"dram":22.52886962890625},"cycles":12263146527}
{"runtime":1626,"energy":{"pkg":135.86907958984375,"pp0":0,"dram":21.80963134765625},"cycles":12874831107}
{"runtime":1528,"energy":{"pkg":130.62115478515625,"pp0":0,"dram":18.27215576171875},"cycles":12825582630}
{"runtime":1555,"energy":{"pkg":132.8109130859375,"pp0":0,"dram":18.13427734375},"cycles":12711671886}
{"runtime":1886,"energy":{"pkg":160.10333251953125,"pp0":0,"dram":18.2481689453125},"cycles":15037175926}
{"runtime":1637,"energy":{"pkg":143.139892578125,"pp0":0,"dram":15.12188720703125},"cycles":13265608560}
{"runtime":1932,"energy":{"pkg":168.33837890625,"pp0":0,"dram":18.34625244140625},"cycles":14654564220}
{"runtime":1437,"energy":{"pkg":126.34375,"pp0":0,"dram":13.23077392578125},"cycles":12276066258}
{"runtime":1543,"energy":{"pkg":135.35888671875,"pp0":0,"dram":22.656005859375},"cycles":12617010724}
{"runtime":1508,"energy":{"pkg":132.7857666015625,"pp0":0,"dram":13.7115478515625},"cycles":12474924833}
{"runtime":1562,"energy":{"pkg":135.839599609375,"pp0":0,"dram":19.7955322265625},"cycles":12302069309}
{"runtime":1869,"energy":{"pkg":162.66748046875,"pp0":0,"dram":18.032470703125},"cycles":14966227147}
{"runtime":1552,"energy":{"pkg":136.5272216796875,"pp0":0,"dram":19.6871337890625},"cycles":12572998363}
{"runtime":1475,"energy":{"pkg":130.52191162109375,"pp0":0,"dram":19.16900634765625},"cycles":12296038326}
{"runtime":1607,"energy":{"pkg":141.6500244140625,"pp0":0,"dram":19.76593017578125},"cycles":12838535510}
{"runtime":1745,"energy":{"pkg":153.25909423828125,"pp0":0,"dram":21.32574462890625},"cycles":13771023354}
{"runtime":1883,"energy":{"pkg":166.19744873046875,"pp0":0,"dram":17.1488037109375},"cycles":14003437323}
{"runtime":1983,"energy":{"pkg":174.12396240234375,"pp0":0,"dram":24.636474609375},"cycles":15451327380}
{"runtime":4824,"energy":{"pkg":433.00543212890625,"pp0":0,"dram":44.251953125},"cycles":34270745156}
{"runtime":3694,"energy":{"pkg":332.23358154296875,"pp0":0,"dram":44.328125},"cycles":23426635644}
{"runtime":5304,"energy":{"pkg":475.46307373046875,"pp0":0,"dram":56.32574462890625},"cycles":34736114825}
{"runtime":4687,"energy":{"pkg":419.817626953125,"pp0":0,"dram":59.0308837890625},"cycles":30990086124}
{"runtime":1857,"energy":{"pkg":168.53924560546875,"pp0":0,"dram":16.90069580078125},"cycles":14266180779}
{"runtime":3581,"energy":{"pkg":322.46258544921875,"pp0":0,"dram":36.69818115234375},"cycles":22730081433}
{"runtime":2904,"energy":{"pkg":261.8740234375,"pp0":0,"dram":38.8819580078125},"cycles":20037063073}
{"runtime":3689,"energy":{"pkg":331.1810302734375,"pp0":0,"dram":37.614990234375},"cycles":24067559094}
{"runtime":3521,"energy":{"pkg":316.8424072265625,"pp0":0,"dram":31.56982421875},"cycles":24039289388}
{"runtime":7443,"energy":{"pkg":666.6425170898438,"pp0":0,"dram":67.18670654296875},"cycles":51501183157}
{"runtime":3567,"energy":{"pkg":320.32696533203125,"pp0":0,"dram":32.22796630859375},"cycles":24281021343}
{"runtime":4436,"energy":{"pkg":398.3751220703125,"pp0":0,"dram":58.8692626953125},"cycles":28264759591}
{"runtime":3225,"energy":{"pkg":289.2236328125,"pp0":0,"dram":33.7183837890625},"cycles":22061544574}
{"runtime":3812,"energy":{"pkg":342.6025390625,"pp0":0,"dram":45.96343994140625},"cycles":23879297350}
{"runtime":3115,"energy":{"pkg":280.8876953125,"pp0":0,"dram":38.23272705078125},"cycles":19826760063}
{"runtime":3604,"energy":{"pkg":322.65447998046875,"pp0":0,"dram":46.199951171875},"cycles":21927400196}
{"runtime":4602,"energy":{"pkg":413.27203369140625,"pp0":0,"dram":46.30682373046875},"cycles":26208654754}
{"runtime":3383,"energy":{"pkg":304.33905029296875,"pp0":0,"dram":56.93634033203125},"cycles":21150101555}
{"runtime":3618,"energy":{"pkg":325.22027587890625,"pp0":0,"dram":46.7188720703125},"cycles":21872250726}
{"runtime":2905,"energy":{"pkg":261.171630859375,"pp0":0,"dram":43.05609130859375},"cycles":19537145579}
{"runtime":3479,"energy":{"pkg":313.3336181640625,"pp0":0,"dram":49.31103515625},"cycles":22923876975}
{"runtime":1433,"energy":{"pkg":130.65283203125,"pp0":0,"dram":17.5758056640625},"cycles":12480049412}
{"runtime":3172,"energy":{"pkg":285.58197021484375,"pp0":0,"dram":32.810546875},"cycles":22045148549}
{"runtime":6531,"energy":{"pkg":586.244140625,"pp0":0,"dram":59.14630126953125},"cycles":43317704106}
{"runtime":3642,"energy":{"pkg":327.04010009765625,"pp0":0,"dram":36.5660400390625},"cycles":23155271355}
{"runtime":3448,"energy":{"pkg":310.56591796875,"pp0":0,"dram":36.074951171875},"cycles":22334555486}
{"runtime":3987,"energy":{"pkg":357.12139892578125,"pp0":0,"dram":47.387451171875},"cycles":24807589797}
{"runtime":4191,"energy":{"pkg":376.31072998046875,"pp0":0,"dram":60.98614501953125},"cycles":26251682082}
{"runtime":3211,"energy":{"pkg":288.32611083984375,"pp0":0,"dram":42.03961181640625},"cycles":20230417510}
{"runtime":4340,"energy":{"pkg":388.25335693359375,"pp0":0,"dram":39.55224609375},"cycles":30856024542}
{"runtime":7516,"energy":{"pkg":674.1637573242188,"pp0":0,"dram":68.4678955078125},"cycles":49801368070}
{"runtime":3832,"energy":{"pkg":344.2425537109375,"pp0":0,"dram":47.6422119140625},"cycles":25846973746}
{"runtime":1861,"energy":{"pkg":167.33685302734375,"pp0":0,"dram":16.92022705078125},"cycles":14436043183}
{"runtime":3386,"energy":{"pkg":304.21148681640625,"pp0":0,"dram":37.435791015625},"cycles":21947605140}
{"runtime":3128,"energy":{"pkg":280.94610595703125,"pp0":0,"dram":32.18280029296875},"cycles":21018612025}
{"runtime":5783,"energy":{"pkg":519.51513671875,"pp0":0,"dram":52.29901123046875},"cycles":38307819979}
{"runtime":4154,"energy":{"pkg":374.24530029296875,"pp0":0,"dram":37.4478759765625},"cycles":25799999461}
{"runtime":3175,"energy":{"pkg":284.96038818359375,"pp0":0,"dram":40.52398681640625},"cycles":21527388491}
{"runtime":3107,"energy":{"pkg":279.29791259765625,"pp0":0,"dram":37.93505859375},"cycles":21194248657}
{"runtime":3986,"energy":{"pkg":357.2242431640625,"pp0":0,"dram":47.2613525390625},"cycles":24571744218}
{"runtime":3467,"energy":{"pkg":312.06854248046875,"pp0":0,"dram":46.16424560546875},"cycles":22562326742}
{"runtime":4230,"energy":{"pkg":379.2247314453125,"pp0":0,"dram":38.32421875},"cycles":29099518307}
{"runtime":3433,"energy":{"pkg":307.523193359375,"pp0":0,"dram":45.53021240234375},"cycles":21439538383}
{"runtime":3597,"energy":{"pkg":324.4569091796875,"pp0":0,"dram":45.5843505859375},"cycles":23641718905}
{"runtime":4269,"energy":{"pkg":383.79986572265625,"pp0":0,"dram":47.50323486328125},"cycles":27774913317}
{"runtime":3684,"energy":{"pkg":331.6220703125,"pp0":0,"dram":49.34100341796875},"cycles":23099139727}
{"runtime":3749,"energy":{"pkg":337.62969970703125,"pp0":0,"dram":40.53717041015625},"cycles":23369427916}
{"runtime":3354,"energy":{"pkg":304.11029052734375,"pp0":0,"dram":43.79119873046875},"cycles":21532574912}
{"runtime":3271,"energy":{"pkg":294.2818603515625,"pp0":0,"dram":40.92083740234375},"cycles":21599067200}
{"runtime":3267,"energy":{"pkg":295.4937744140625,"pp0":0,"dram":46.16229248046875},"cycles":20113436653}
{"runtime":4626,"energy":{"pkg":415.05621337890625,"pp0":0,"dram":57.7579345703125},"cycles":29891471918}
{"runtime":3465,"energy":{"pkg":313.1376953125,"pp0":0,"dram":44.47515869140625},"cycles":22481539083}
{"runtime":3297,"energy":{"pkg":296.4405517578125,"pp0":0,"dram":43.23455810546875},"cycles":21878235251}
{"runtime":2706,"energy":{"pkg":244.07623291015625,"pp0":0,"dram":38.87860107421875},"cycles":19225058320}
{"runtime":1624,"energy":{"pkg":147.0677490234375,"pp0":0,"dram":14.78057861328125},"cycles":13394354431}
{"runtime":3328,