{"runtime":2376,"energy":{"pkg":213.0968017578125,"pp0":0,"dram":43.111083984375},"cycles":46520639363}
{"runtime":2348,"energy":{"pkg":211.60504150390625,"pp0":0,"dram":36.806396484375},"cycles":48162945163}
{"runtime":2306,"energy":{"pkg":206.72613525390625,"pp0":0,"dram":38.421630859375},"cycles":47709491016}
{"runtime":2321,"energy":{"pkg":209.81243896484375,"pp0":0,"dram":41.02423095703125},"cycles":49980110886}
{"runtime":2356,"energy":{"pkg":211.98687744140625,"pp0":0,"dram":42.897705078125},"cycles":48688148984}
{"runtime":3017,"energy":{"pkg":270.386962890625,"pp0":0,"dram":47.811767578125},"cycles":49831408123}
{"runtime":2592,"energy":{"pkg":235.22235107421875,"pp0":0,"dram":40.18511962890625},"cycles":46907247952}
{"runtime":2647,"energy":{"pkg":239.78594970703125,"pp0":0,"dram":42.3739013671875},"cycles":48066433306}
{"runtime":2394,"energy":{"pkg":219.05035400390625,"pp0":0,"dram":37.3955078125},"cycles":50100219245}
{"runtime":2847,"energy":{"pkg":258.9866943359375,"pp0":0,"dram":42.3038330078125},"cycles":49045566838}
{"runtime":3007,"energy":{"pkg":275.60028076171875,"pp0":0,"dram":42.70037841796875},"cycles":49044640126}
{"runtime":2647,"energy":{"pkg":243.9766845703125,"pp0":0,"dram":42.395751953125},"cycles":49972785635}
{"runtime":3055,"energy":{"pkg":279.10430908203125,"pp0":0,"dram":45.1407470703125},"cycles":49908542932}
{"runtime":2677,"energy":{"pkg":246.75469970703125,"pp0":0,"dram":46.18048095703125},"cycles":49754646292}
{"runtime":3055,"energy":{"pkg":279.35968017578125,"pp0":0,"dram":52.2020263671875},"cycles":51172585601}
{"runtime":2624,"energy":{"pkg":243.4337158203125,"pp0":0,"dram":41.08294677734375},"cycles":48386983416}
{"runtime":2690,"energy":{"pkg":247.87738037109375,"pp0":0,"dram":45.300048828125},"cycles":49201873509}
{"runtime":2550,"energy":{"pkg":236.15020751953125,"pp0":0,"dram":42.0863037109375},"cycles":46146037806}
{"runtime":2973,"energy":{"pkg":272.807373046875,"pp0":0,"dram":49.52191162109375},"cycles":47627894853}
{"runtime":3154,"energy":{"pkg":290.55096435546875,"pp0":0,"dram":46.2318115234375},"cycles":50554903495}
{"runtime":2664,"energy":{"pkg":247.34942626953125,"pp0":0,"dram":43.78125},"cycles":48979346886}
{"runtime":3308,"energy":{"pkg":303.47412109375,"pp0":0,"dram":50.94708251953125},"cycles":49224777873}
{"runtime":3196,"energy":{"pkg":291.77935791015625,"pp0":0,"dram":50.37158203125},"cycles":51045397260}
{"runtime":3091,"energy":{"pkg":283.5523681640625,"pp0":0,"dram":45.31402587890625},"cycles":49809077954}
{"runtime":3401,"energy":{"pkg":311.33319091796875,"pp0":0,"dram":53.48089599609375},"cycles":50404646205}
{"runtime":3319,"energy":{"pkg":306.27154541015625,"pp0":0,"dram":56.24591064453125},"cycles":51143974021}
{"runtime":3324,"energy":{"pkg":308.9368896484375,"pp0":0,"dram":58.47491455078125},"cycles":49626816323}
{"runtime":3316,"energy":{"pkg":307.96148681640625,"pp0":0,"dram":55.794189453125},"cycles":46628984888}
{"runtime":2979,"energy":{"pkg":277.0711669921875,"pp0":0,"dram":41.6632080078125},"cycles":46253231349}
{"runtime":3447,"energy":{"pkg":319.8282470703125,"pp0":0,"dram":49.5345458984375},"cycles":47320958135}
{"runtime":3377,"energy":{"pkg":313.81158447265625,"pp0":0,"dram":51.15472412109375},"cycles":48285288198}
{"runtime":3420,"energy":{"pkg":317.2886962890625,"pp0":0,"dram":54.810302734375},"cycles":48772136928}
{"runtime":3591,"energy":{"pkg":333.56805419921875,"pp0":0,"dram":50.119140625},"cycles":48876475141}
{"runtime":3518,"energy":{"pkg":326.97808837890625,"pp0":0,"dram":57.99554443359375},"cycles":49323005181}
{"runtime":3390,"energy":{"pkg":315.14385986328125,"pp0":0,"dram":51.47607421875},"cycles":47636198835}
{"runtime":3262,"energy":{"pkg":302.54058837890625,"pp0":0,"dram":45.8570556640625},"cycles":47437852399}
{"runtime":3545,"energy":{"pkg":330.02813720703125,"pp0":0,"dram":54.38623046875},"cycles":48128993695}
{"runtime":3331,"energy":{"pkg":308.373046875,"pp0":0,"dram":46.1644287109375},"cycles":47177123095}
{"runtime":3658,"energy":{"pkg":338.66571044921875,"pp0":0,"dram":56.156494140625},"cycles":49001518990}
{"runtime":3529,"energy":{"pkg":328.21905517578125,"pp0":0,"dram":57.90576171875},"cycles":48823746636}
{"runtime":3399,"energy":{"pkg":315.30364990234375,"pp0":0,"dram":47.22998046875},"cycles":48121861942}
{"runtime":3533,"energy":{"pkg":327.33843994140625,"pp0":0,"dram":56.0892333984375},"cycles":47432506147}
{"runtime":3497,"energy":{"pkg":325.10321044921875,"pp0":0,"dram":50.16015625},"cycles":48195569378}
{"runtime":3489,"energy":{"pkg":323.655517578125,"pp0":0,"dram":56.8155517578125},"cycles":47731846501}
{"runtime":3399,"energy":{"pkg":315.3846435546875,"pp0":0,"dram":49.84930419921875},"cycles":48465798604}
{"runtime":3724,"energy":{"pkg":345.2020263671875,"pp0":0,"dram":66.745849609375},"cycles":49195427352}
{"runtime":3535,"energy":{"pkg":326.38189697265625,"pp0":0,"dram":56.185302734375},"cycles":47526928392}
{"runtime":3456,"energy":{"pkg":320.1195068359375,"pp0":0,"dram":56.1790771484375},"cycles":48647793210}
{"runtime":3369,"energy":{"pkg":314.703125,"pp0":0,"dram":55.7340087890625},"cycles":48580993222}
{"runtime":3335,"energy":{"pkg":309.76641845703125,"pp0":0,"dram":52.7188720703125},"cycles":48035557121}
{"runtime":3754,"energy":{"pkg":348.2666015625,"pp0":0,"dram":51.58074951171875},"cycles":48247829712}
{"runtime":3744,"energy":{"pkg":346.45697021484375,"pp0":0,"dram":51.1763916015625},"cycles":47515737038}
{"runtime":3315,"energy":{"pkg":309.7374267578125,"pp0":0,"dram":46.8123779296875},"cycles":47576895887}
{"runtime":3482,"energy":{"pkg":324.203857421875,"pp0":0,"dram":54.95166015625},"cycles":49263168815}
{"runtime":3582,"energy":{"pkg":333.15289306640625,"pp0":0,"dram":59.05804443359375},"cycles":48567416928}
{"runtime":3462,"energy":{"pkg":321.8115234375,"pp0":0,"dram":55.7939453125},"cycles":49013752594}
{"runtime":3087,"energy":{"pkg":288.24517822265625,"pp0":0,"dram":50.2803955078125},"cycles":47181725520}
{"runtime":3797,"energy":{"pkg":349.85382080078125,"pp0":0,"dram":52.54412841796875},"cycles":48744653566}
{"runtime":3450,"energy":{"pkg":320.47265625,"pp0":0,"dram":48.8316650390625},"cycles":47371452674}
{"runtime":3497,"energy":{"pkg":324.4420166015625,"pp0":0,"dram":58.46124267578125},"cycles":48051408938}
{"runtime":3151,"energy":{"pkg":293.274169921875,"pp0":0,"dram":45.03826904296875},"cycles":45637203905}
{"runtime":3046,"energy":{"pkg":284.9779052734375,"pp0":0,"dram":43.41143798828125},"cycles":47718583617}
{"runtime":3576,"energy":{"pkg":330.81396484375,"pp0":0,"dram":49.314208984375},"cycles":48172072550}
{"runtime":3024,"energy":{"pkg":281.80670166015625,"pp0":0,"dram":43.1451416015625},"cycles":47845362141}
{"runtime":3644,"energy":{"pkg":338.48748779296875,"pp0":0,"dram":53.28973388671875},"cycles":47139258091}
{"runtime":2989,"energy":{"pkg":278.50341796875,"pp0":0,"dram":42.7496337890625},"cycles":47185627008}
{"runtime":3010,"energy":{"pkg":280.34197998046875,"pp0":0,"dram":44.11328125},"cycles":47354878263}
{"runtime":3609,"energy":{"pkg":333.47137451171875,"pp0":0,"dram":54.1102294921875},"cycles":49362030408}
{"runtime":2962,"energy":{"pkg":277.2623291015625,"pp0":0,"dram":46.893310546875},"cycles":47433270061}
{"runtime":3038,"energy":{"pkg":282.11444091796875,"pp0":0,"dram":42.8323974609375},"cycles":45894019671}
{"runtime":3649,"energy":{"pkg":337.88372802734375,"pp0":0,"dram":56.190673828125},"cycles":48611793630}
{"runtime":3741,"energy":{"pkg":347.81634521484375,"pp0":0,"dram":59.98870849609375},"cycles":47891385595}
{"runtime":3481,"energy":{"pkg":321.8677978515625,"pp0":0,"dram":52.7366943359375},"cycles":47913427575}
{"runtime":3357,"energy":{"pkg":-261831.13983154297,"pp0":0,"dram":52.86474609375},"cycles":48839095155}
{"runtime":3069,"energy":{"pkg":288.20233154296875,"pp0":0,"dram":45.07830810546875},"cycles":46128769696}
{"runtime":3518,"energy":{"pkg":330.050048828125,"pp0":0,"dram":56.232421875},"cycles":49678271306}
{"runtime":3329,