{"runtime":1885,"energy":{"pkg":130.8511962890625,"pp0":0,"dram":30.96368408203125},"cycles":44453261830}
{"runtime":1711,"energy":{"pkg":124.012451171875,"pp0":0,"dram":28.5577392578125},"cycles":44116476088}
{"runtime":2281,"energy":{"pkg":159.6636962890625,"pp0":0,"dram":41.55987548828125},"cycles":44952001177}
{"runtime":1997,"energy":{"pkg":145.79052734375,"pp0":0,"dram":38.2279052734375},"cycles":44744472399}
{"runtime":1910,"energy":{"pkg":142.26593017578125,"pp0":0,"dram":36.4906005859375},"cycles":45426918409}
{"runtime":2008,"energy":{"pkg":149.1102294921875,"pp0":0,"dram":33.126953125},"cycles":45617788782}
{"runtime":2332,"energy":{"pkg":174.546630859375,"pp0":0,"dram":37.52740478515625},"cycles":46374243700}
{"runtime":1853,"energy":{"pkg":146.8958740234375,"pp0":0,"dram":31.05853271484375},"cycles":45059878012}
{"runtime":1937,"energy":{"pkg":156.02685546875,"pp0":0,"dram":32.64990234375},"cycles":46094274307}
{"runtime":2280,"energy":{"pkg":190.3909912109375,"pp0":0,"dram":45.4473876953125},"cycles":48574530334}
{"runtime":2095,"energy":{"pkg":177.507568359375,"pp0":0,"dram":40.92620849609375},"cycles":46324705782}
{"runtime":2139,"energy":{"pkg":180.843505859375,"pp0":0,"dram":41.917724609375},"cycles":46571623000}
{"runtime":2141,"energy":{"pkg":181.19561767578125,"pp0":0,"dram":40.4041748046875},"cycles":45697932462}
{"runtime":2285,"energy":{"pkg":200.4259033203125,"pp0":0,"dram":44.93389892578125},"cycles":47692549164}
{"runtime":2207,"energy":{"pkg":194.3984375,"pp0":0,"dram":43.709228515625},"cycles":47722005516}
{"runtime":2253,"energy":{"pkg":198.19818115234375,"pp0":0,"dram":38.43707275390625},"cycles":47725117482}
{"runtime":2413,"energy":{"pkg":211.189208984375,"pp0":0,"dram":40.99078369140625},"cycles":48599677153}
{"runtime":2300,"energy":{"pkg":201.35186767578125,"pp0":0,"dram":45.0198974609375},"cycles":48658931173}
{"runtime":2266,"energy":{"pkg":199.57464599609375,"pp0":0,"dram":39.09674072265625},"cycles":48244105344}
{"runtime":2299,"energy":{"pkg":202.3857421875,"pp0":0,"dram":39.36431884765625},"cycles":47835474368}
{"runtime":2237,"energy":{"pkg":196.938232421875,"pp0":0,"dram":38.39117431640625},"cycles":46755508903}
{"runtime":2328,"energy":{"pkg":204.9620361328125,"pp0":0,"dram":39.44122314453125},"cycles":48739886136}
{"runtime":2285,"energy":{"pkg":201.7215576171875,"pp0":0,"dram":40.1600341796875},"cycles":49594720681}
{"runtime":2177,"energy":{"pkg":192.35113525390625,"pp0":0,"dram":39.600341796875},"cycles":46859888768}
{"runtime":2156,"energy":{"pkg":189.97161865234375,"pp0":0,"dram":40.4324951171875},"cycles":45523043986}
{"runtime":2306,"energy":{"pkg":202.6256103515625,"pp0":0,"dram":42.95068359375},"cycles":47812037946}
{"runtime":2574,"energy":{"pkg":222.9437255859375,"pp0":0,"dram":43.32415771484375},"cycles":47305234752}
{"runtime":2281,"energy":{"pkg":200.3233642578125,"pp0":0,"dram":45.17987060546875},"cycles":47210618384}
{"runtime":2252,"energy":{"pkg":198.0833740234375,"pp0":0,"dram":38.69427490234375},"cycles":47611645971}
{"runtime":2280,"energy":{"pkg":199.71600341796875,"pp0":0,"dram":38.94305419921875},"cycles":47362391587}
{"runtime":2270,"energy":{"pkg":199.75396728515625,"pp0":0,"dram":42.99267578125},"cycles":46616455815}
{"runtime":2256,"energy":{"pkg":199.0511474609375,"pp0":0,"dram":41.0313720703125},"cycles":46532608109}
{"runtime":2248,"energy":{"pkg":197.81732177734375,"pp0":0,"dram":40.66082763671875},"cycles":46430659162}
{"runtime":2252,"energy":{"pkg":198.46588134765625,"pp0":0,"dram":42.05987548828125},"cycles":47145947653}
{"runtime":2265,"energy":{"pkg":199.75531005859375,"pp0":0,"dram":41.4510498046875},"cycles":47203176962}
{"runtime":2244,"energy":{"pkg":198.1763916015625,"pp0":0,"dram":41.73626708984375},"cycles":48566546136}
{"runtime":2301,"energy":{"pkg":202.09552001953125,"pp0":0,"dram":42.13836669921875},"cycles":47666940112}
{"runtime":2328,"energy":{"pkg":206.9765625,"pp0":0,"dram":41.64727783203125},"cycles":49470215651}
{"runtime":2279,"energy":{"pkg":200.17047119140625,"pp0":0,"dram":42.476318359375},"cycles":46981969528}
{"runtime":2190,"energy":{"pkg":193.59619140625,"pp0":0,"dram":41.05328369140625},"cycles":46878106721}
{"runtime":2245,"energy":{"pkg":198.240966796875,"pp0":0,"dram":38.1767578125},"cycles":47641941049}
{"runtime":2318,"energy":{"pkg":203.0009765625,"pp0":0,"dram":40.4952392578125},"cycles":47867578194}
{"runtime":2296,"energy":{"pkg":200.63922119140625,"pp0":0,"dram":39.3929443359375},"cycles":47723563301}
{"runtime":2379,"energy":{"pkg":207.44464111328125,"pp0":0,"dram":40.01385498046875},"cycles":47399810382}
{"runtime":2247,"energy":{"pkg":196.732421875,"pp0":0,"dram":38.008544921875},"cycles":47769275025}
{"runtime":2257,"energy":{"pkg":198.06793212890625,"pp0":0,"dram":38.85418701171875},"cycles":48941446045}
{"runtime":2306,"energy":{"pkg":201.8260498046875,"pp0":0,"dram":39.7633056640625},"cycles":49720464594}
{"runtime":2459,"energy":{"pkg":216.7186279296875,"pp0":0,"dram":44.51336669921875},"cycles":47781297525}
{"runtime":2300,"energy":{"pkg":205.01873779296875,"pp0":0,"dram":41.123046875},"cycles":47189921224}
{"runtime":2321,"energy":{"pkg":207.06719970703125,"pp0":0,"dram":42.26165771484375},"cycles":48008967449}
{"runtime":2320,"energy":{"pkg":206.94586181640625,"pp0":0,"dram":41.56524658203125},"cycles":45960614164}
{"runtime":2210,"energy":{"pkg":198.4012451171875,"pp0":0,"dram":40.8802490234375},"cycles":47331854948}
{"runtime":2337,"energy":{"pkg":209.59368896484375,"pp0":0,"dram":42.52764892578125},"cycles":47456542946}
{"runtime":2282,"energy":{"pkg":203.41168212890625,"pp0":0,"dram":40.03515625},"cycles":47675821153}
{"runtime":2314,"energy":{"pkg":207.06878662109375,"pp0":0,"dram":44.98541259765625},"cycles":48079860218}
{"runtime":2270,"energy":{"pkg":203.86065673828125,"pp0":0,"dram":41.08062744140625},"cycles":47543672026}
{"runtime":2382,"energy":{"pkg":211.76531982421875,"pp0":0,"dram":43.127197265625},"cycles":48328870576}
{"runtime":2326,"energy":{"pkg":207.50384521484375,"pp0":0,"dram":42.0885009765625},"cycles":47108560659}
{"runtime":2215,"energy":{"pkg":198.3416748046875,"pp0":0,"dram":39.85260009765625},"cycles":45593293152}
{"runtime":2403,"energy":{"pkg":214.067626953125,"pp0":0,"dram":41.33502197265625},"cycles":48344037506}
{"runtime":2317,"energy":{"pkg":206.277587890625,"pp0":0,"dram":39.947021484375},"cycles":47794687668}
{"runtime":2346,"energy":{"pkg":211.1387939453125,"pp0":0,"dram":46.2984619140625},"cycles":46970991771}
{"runtime":2391,"energy":{"pkg":214.919189453125,"pp0":0,"dram":40.8585205078125},"cycles":46792826671}
{"runtime":2400,"energy":{"pkg":216.9134521484375,"pp0":0,"dram":47.52874755859375},"cycles":47932062713}
{"runtime":2399,"energy":{"pkg":216.1575927734375,"pp0":0,"dram":41.48516845703125},"cycles":47548361510}
{"runtime":2305,"energy":{"pkg":209.41851806640625,"pp0":0,"dram":40.35943603515625},"cycles":47160030952}
{"runtime":2345,"energy":{"pkg":212.7249755859375,"pp0":0,"dram":40.94342041015625},"cycles":47512319935}
{"runtime":2352,"energy":{"pkg":212.90386962890625,"pp0":0,"dram":40.85107421875},"cycles":48504041156}
{"runtime":2374,"energy":{"pkg":214.06500244140625,"pp0":0,"dram":40.98126220703125},"cycles":48373279134}
{"runtime":2305,"energy":{"pkg":208.9736328125,"pp0":0,"dram":39.82025146484375},"cycles":47235651920}
{"runtime":2366,"energy":{"pkg":213.82421875,"pp0":0,"dram":40.923828125},"cycles":47721533176}
{"runtime":2337,"energy":{"pkg":211.53314208984375,"pp0":0,"dram":46.1153564453125},"cycles":47850423738}
{"runtime":2340,"energy":{"pkg":211.4459228515625,"pp0":0,"dram":45.91424560546875},"cycles":46771924457}
{"runtime":2365,"energy":{"pkg":215.0958251953125,"pp0":0,"dram":45.1904296875},"cycles":47251120391}
{"runtime":2322,"energy":{"pkg":210.62353515625,"pp0":0,"dram":44.97723388671875},"cycles":48287145071}
{"runtime":2342,"energy":{"pkg":213.0419921875,"pp0":0,"dram":40.59161376953125},"cycles":48604788136}
{"runtime":2350,