{"runtime":313,"energy":{"pkg":29.315185546875,"pp0":0,"dram":4.04248046875},"cycles":12380735632}
{"runtime":286,"energy":{"pkg":27.0447998046875,"pp0":0,"dram":2.7337646484375},"cycles":12385730255}
{"runtime":301,"energy":{"pkg":27.96502685546875,"pp0":0,"dram":3.83135986328125},"cycles":12458237241}
{"runtime":303,"energy":{"pkg":28.0638427734375,"pp0":0,"dram":4.0732421875},"cycles":12772805120}
{"runtime":289,"energy":{"pkg":27.43048095703125,"pp0":0,"dram":3.56072998046875},"cycles":12138344788}
{"runtime":322,"energy":{"pkg":30.265869140625,"pp0":0,"dram":4.07171630859375},"cycles":12828728102}
{"runtime":301,"energy":{"pkg":28.69158935546875,"pp0":0,"dram":2.842529296875},"cycles":11936903129}
{"runtime":307,"energy":{"pkg":29.09503173828125,"pp0":0,"dram":3.366455078125},"cycles":12125784034}
{"runtime":322,"energy":{"pkg":30.24786376953125,"pp0":0,"dram":3.03369140625},"cycles":12479426244}
{"runtime":339,"energy":{"pkg":31.91168212890625,"pp0":0,"dram":3.24517822265625},"cycles":12513477767}
{"runtime":385,"energy":{"pkg":35.93450927734375,"pp0":0,"dram":3.63543701171875},"cycles":12923965958}
{"runtime":394,"energy":{"pkg":36.57049560546875,"pp0":0,"dram":4.6995849609375},"cycles":12742495200}
{"runtime":348,"energy":{"pkg":32.91033935546875,"pp0":0,"dram":4.30035400390625},"cycles":12575866466}
{"runtime":366,"energy":{"pkg":34.30950927734375,"pp0":0,"dram":4.43902587890625},"cycles":12724372423}
{"runtime":357,"energy":{"pkg":33.6517333984375,"pp0":0,"dram":3.420654296875},"cycles":12468941907}
{"runtime":369,"energy":{"pkg":34.53265380859375,"pp0":0,"dram":4.10369873046875},"cycles":12641321302}
{"runtime":365,"energy":{"pkg":34.5172119140625,"pp0":0,"dram":4.0711669921875},"cycles":12290121040}
{"runtime":384,"energy":{"pkg":36.169677734375,"pp0":0,"dram":4.542236328125},"cycles":12686746274}
{"runtime":459,"energy":{"pkg":42.2587890625,"pp0":0,"dram":4.3626708984375},"cycles":13005220949}
{"runtime":398,"energy":{"pkg":37.3482666015625,"pp0":0,"dram":3.7596435546875},"cycles":12504903728}
{"runtime":411,"energy":{"pkg":38.3756103515625,"pp0":0,"dram":5.242919921875},"cycles":12759875204}
{"runtime":445,"energy":{"pkg":41.2989501953125,"pp0":0,"dram":4.14801025390625},"cycles":12715529619}
{"runtime":408,"energy":{"pkg":37.898681640625,"pp0":0,"dram":3.83941650390625},"cycles":12774884292}
{"runtime":401,"energy":{"pkg":37.49139404296875,"pp0":0,"dram":3.75347900390625},"cycles":12679753660}
{"runtime":386,"energy":{"pkg":36.39739990234375,"pp0":0,"dram":4.3648681640625},"cycles":12268878820}
{"runtime":476,"energy":{"pkg":44.45269775390625,"pp0":0,"dram":6.00677490234375},"cycles":12386583721}
{"runtime":454,"energy":{"pkg":42.3402099609375,"pp0":0,"dram":5.9278564453125},"cycles":12224079868}
{"runtime":490,"energy":{"pkg":45.56488037109375,"pp0":0,"dram":5.9232177734375},"cycles":12351548717}
{"runtime":548,"energy":{"pkg":50.70709228515625,"pp0":0,"dram":5.10308837890625},"cycles":12738926626}
{"runtime":525,"energy":{"pkg":48.92144775390625,"pp0":0,"dram":4.90802001953125},"cycles":12300411362}
{"runtime":481,"energy":{"pkg":44.9095458984375,"pp0":0,"dram":5.185302734375},"cycles":12413574489}
{"runtime":497,"energy":{"pkg":46.30133056640625,"pp0":0,"dram":5.31048583984375},"cycles":12508789117}
{"runtime":624,"energy":{"pkg":57.53302001953125,"pp0":0,"dram":7.28173828125},"cycles":12585625902}
{"runtime":494,"energy":{"pkg":46.0247802734375,"pp0":0,"dram":6.0321044921875},"cycles":12611399612}
{"runtime":490,"energy":{"pkg":45.614013671875,"pp0":0,"dram":4.539306640625},"cycles":12756837540}
{"runtime":401,"energy":{"pkg":37.9073486328125,"pp0":0,"dram":4.44635009765625},"cycles":11865641266}
{"runtime":534,"energy":{"pkg":49.33624267578125,"pp0":0,"dram":4.94500732421875},"cycles":12750853949}
{"runtime":475,"energy":{"pkg":44.3387451171875,"pp0":0,"dram":4.76568603515625},"cycles":12144950861}
{"runtime":505,"energy":{"pkg":47.12255859375,"pp0":0,"dram":4.6328125},"cycles":12412918347}
{"runtime":509,"energy":{"pkg":47.298095703125,"pp0":0,"dram":6.4473876953125},"cycles":12678808985}
{"runtime":462,"energy":{"pkg":43.37078857421875,"pp0":0,"dram":4.3487548828125},"cycles":12552184613}
{"runtime":479,"energy":{"pkg":44.5633544921875,"pp0":0,"dram":4.4371337890625},"cycles":12680263034}
{"runtime":521,"energy":{"pkg":48.23919677734375,"pp0":0,"dram":4.8336181640625},"cycles":13112234825}
{"runtime":502,"energy":{"pkg":46.856689453125,"pp0":0,"dram":5.61358642578125},"cycles":12592266167}
{"runtime":520,"energy":{"pkg":48.26556396484375,"pp0":0,"dram":6.46539306640625},"cycles":12547130074}
{"runtime":551,"energy":{"pkg":51.3924560546875,"pp0":0,"dram":6.5594482421875},"cycles":12168287929}
{"runtime":555,"energy":{"pkg":51.53570556640625,"pp0":0,"dram":6.6746826171875},"cycles":12483512095}
{"runtime":447,"energy":{"pkg":42.25,"pp0":0,"dram":5.07037353515625},"cycles":11896218896}
{"runtime":496,"energy":{"pkg":46.31512451171875,"pp0":0,"dram":6.223388671875},"cycles":12373299554}
{"runtime":457,"energy":{"pkg":42.8516845703125,"pp0":0,"dram":4.23748779296875},"cycles":12506737633}
{"runtime":544,"energy":{"pkg":50.62579345703125,"pp0":0,"dram":5.082275390625},"cycles":12474627043}
{"runtime":469,"energy":{"pkg":43.8118896484375,"pp0":0,"dram":4.3319091796875},"cycles":12181224223}
{"runtime":467,"energy":{"pkg":43.8624267578125,"pp0":0,"dram":4.39947509765625},"cycles":12323068229}
{"runtime":497,"energy":{"pkg":46.441650390625,"pp0":0,"dram":5.59893798828125},"cycles":12637778308}
{"runtime":481,"energy":{"pkg":45.13427734375,"pp0":0,"dram":5.31573486328125},"cycles":12624589589}
{"runtime":498,"energy":{"pkg":46.353759765625,"pp0":0,"dram":4.62384033203125},"cycles":12298076130}
{"runtime":485,"energy":{"pkg":45.5850830078125,"pp0":0,"dram":5.454833984375},"cycles":12254913493}
{"runtime":550,"energy":{"pkg":51.06982421875,"pp0":0,"dram":5.1546630859375},"cycles":12657293355}
{"runtime":556,"energy":{"pkg":51.5916748046875,"pp0":0,"dram":5.26470947265625},"cycles":12713457742}
{"runtime":539,"energy":{"pkg":50.1051025390625,"pp0":0,"dram":6.31561279296875},"cycles":12564102758}
{"runtime":541,"energy":{"pkg":50.1474609375,"pp0":0,"dram":5.001220703125},"cycles":12676828332}
{"runtime":524,"energy":{"pkg":48.8741455078125,"pp0":0,"dram":4.88568115234375},"cycles":12373211196}
{"runtime":515,"energy":{"pkg":47.66986083984375,"pp0":0,"dram":4.7646484375},"cycles":12562100171}
{"runtime":534,"energy":{"pkg":49.40667724609375,"pp0":0,"dram":4.94940185546875},"cycles":12631261231}
{"runtime":489,"energy":{"pkg":45.55767822265625,"pp0":0,"dram":4.66192626953125},"cycles":12693369740}
{"runtime":477,"energy":{"pkg":44.6578369140625,"pp0":0,"dram":4.41094970703125},"cycles":12188305793}
{"runtime":531,"energy":{"pkg":49.11407470703125,"pp0":0,"dram":5.5137939453125},"cycles":13070373989}
{"runtime":478,"energy":{"pkg":44.5186767578125,"pp0":0,"dram":4.4423828125},"cycles":12428215897}
{"runtime":540,"energy":{"pkg":50.79327392578125,"pp0":0,"dram":5.8714599609375},"cycles":11870776224}
{"runtime":493,"energy":{"pkg":45.66302490234375,"pp0":0,"dram":4.5751953125},"cycles":12510682819}
{"runtime":450,"energy":{"pkg":42.32940673828125,"pp0":0,"dram":4.19647216796875},"cycles":12232962929}
{"runtime":450,"energy":{"pkg":42.41412353515625,"pp0":0,"dram":4.6529541015625},"cycles":12415735647}
{"runtime":537,"energy":{"pkg":50.065185546875,"pp0":0,"dram":4.94927978515625},"cycles":12312102331}
{"runtime":493,"energy":{"pkg":46.3658447265625,"pp0":0,"dram":6.04498291015625},"cycles":12105522519}
{"runtime":629,"energy":{"pkg":58.59442138671875,"pp0":0,"dram":6.88494873046875},"cycles":12192274594}
{"runtime":480,"energy":{"pkg":45.32843017578125,"pp0":0,"dram":4.474853515625},"cycles":12218341892}
{"runtime":500,"energy":{"pkg":46.30078125,"pp0":0,"dram":6.95343017578125},"cycles":13346983560}
{"runtime":443,"energy":{"pkg":41.967529296875,"pp0":0,"dram":5.115234375},"cycles":12471241504}
{"runtime":512,"energy":{"pkg":47.99749755859375,