{"runtime":248,"energy":{"pkg":21.67645263671875,"pp0":0,"dram":3.13348388671875},"cycles":14507567968}
{"runtime":238,"energy":{"pkg":21.10662841796875,"pp0":0,"dram":3.0960693359375},"cycles":14557658688}
{"runtime":249,"energy":{"pkg":22.19384765625,"pp0":0,"dram":3.75421142578125},"cycles":13984992012}
{"runtime":275,"energy":{"pkg":23.614990234375,"pp0":0,"dram":3.7777099609375},"cycles":14101177599}
{"runtime":269,"energy":{"pkg":23.42767333984375,"pp0":0,"dram":4.4288330078125},"cycles":13754969352}
{"runtime":281,"energy":{"pkg":23.88360595703125,"pp0":0,"dram":3.7449951171875},"cycles":13880702430}
{"runtime":266,"energy":{"pkg":23.6802978515625,"pp0":0,"dram":3.563720703125},"cycles":13755137034}
{"runtime":270,"energy":{"pkg":24.06463623046875,"pp0":0,"dram":3.6383056640625},"cycles":13556781026}
{"runtime":264,"energy":{"pkg":24.03436279296875,"pp0":0,"dram":3.49102783203125},"cycles":13289218926}
{"runtime":315,"energy":{"pkg":28.13238525390625,"pp0":0,"dram":4.98614501953125},"cycles":12716858407}
{"runtime":272,"energy":{"pkg":25.1536865234375,"pp0":0,"dram":3.81158447265625},"cycles":13109337639}
{"runtime":275,"energy":{"pkg":25.37615966796875,"pp0":0,"dram":4.08172607421875},"cycles":12985421759}
{"runtime":275,"energy":{"pkg":25.35736083984375,"pp0":0,"dram":3.2462158203125},"cycles":13144077304}
{"runtime":288,"energy":{"pkg":26.65728759765625,"pp0":0,"dram":4.31134033203125},"cycles":12757541392}
{"runtime":297,"energy":{"pkg":27.57861328125,"pp0":0,"dram":4.12921142578125},"cycles":12638091348}
{"runtime":303,"energy":{"pkg":27.92864990234375,"pp0":0,"dram":3.611572265625},"cycles":12641383632}
{"runtime":320,"energy":{"pkg":29.28839111328125,"pp0":0,"dram":3.92315673828125},"cycles":12569750793}
{"runtime":340,"energy":{"pkg":31.0357666015625,"pp0":0,"dram":5.16790771484375},"cycles":12937686238}
{"runtime":297,"energy":{"pkg":27.63018798828125,"pp0":0,"dram":3.6612548828125},"cycles":12687420345}
{"runtime":290,"energy":{"pkg":27.19476318359375,"pp0":0,"dram":3.596923828125},"cycles":12464414608}
{"runtime":316,"energy":{"pkg":29.09197998046875,"pp0":0,"dram":3.7672119140625},"cycles":12751637483}
{"runtime":304,"energy":{"pkg":28.4676513671875,"pp0":0,"dram":3.75494384765625},"cycles":12472902437}
{"runtime":312,"energy":{"pkg":28.7698974609375,"pp0":0,"dram":4.21295166015625},"cycles":12788097388}
{"runtime":292,"energy":{"pkg":27.6436767578125,"pp0":0,"dram":3.421142578125},"cycles":12349937342}
{"runtime":298,"energy":{"pkg":27.9071044921875,"pp0":0,"dram":2.81884765625},"cycles":12713055862}
{"runtime":296,"energy":{"pkg":27.656494140625,"pp0":0,"dram":3.7235107421875},"cycles":12598815106}
{"runtime":294,"energy":{"pkg":27.53912353515625,"pp0":0,"dram":3.95574951171875},"cycles":12319126913}
{"runtime":282,"energy":{"pkg":26.33319091796875,"pp0":0,"dram":4.13861083984375},"cycles":12668897046}
{"runtime":280,"energy":{"pkg":26.33880615234375,"pp0":0,"dram":3.78765869140625},"cycles":12464983763}
{"runtime":317,"energy":{"pkg":29.18701171875,"pp0":0,"dram":3.971435546875},"cycles":12560417342}
{"runtime":306,"energy":{"pkg":28.392333984375,"pp0":0,"dram":3.6260986328125},"cycles":12630446038}
{"runtime":286,"energy":{"pkg":26.54412841796875,"pp0":0,"dram":3.55987548828125},"cycles":12665427399}
{"runtime":295,"energy":{"pkg":27.48388671875,"pp0":0,"dram":3.91497802734375},"cycles":12431959583}
{"runtime":282,"energy":{"pkg":26.52789306640625,"pp0":0,"dram":3.39105224609375},"cycles":12576529407}
{"runtime":291,"energy":{"pkg":27.28277587890625,"pp0":0,"dram":3.469970703125},"cycles":12696862026}
{"runtime":320,"energy":{"pkg":29.66033935546875,"pp0":0,"dram":4.24761962890625},"cycles":12355787275}
{"runtime":312,"energy":{"pkg":29.0845947265625,"pp0":0,"dram":3.57708740234375},"cycles":12595292592}
{"runtime":312,"energy":{"pkg":29.23663330078125,"pp0":0,"dram":4.01849365234375},"cycles":12625423755}
{"runtime":301,"energy":{"pkg":28.30181884765625,"pp0":0,"dram":4.048095703125},"cycles":12232391718}
{"runtime":294,"energy":{"pkg":27.25146484375,"pp0":0,"dram":3.689697265625},"cycles":12684038822}
{"runtime":297,"energy":{"pkg":27.7083740234375,"pp0":0,"dram":3.69818115234375},"cycles":12377890826}
{"runtime":295,"energy":{"pkg":27.3763427734375,"pp0":0,"dram":4.01458740234375},"cycles":12540975883}
{"runtime":288,"energy":{"pkg":26.9771728515625,"pp0":0,"dram":3.890625},"cycles":12484416751}
{"runtime":278,"energy":{"pkg":26.28094482421875,"pp0":0,"dram":3.78448486328125},"cycles":12287728287}
{"runtime":301,"energy":{"pkg":27.9451904296875,"pp0":0,"dram":4.13763427734375},"cycles":12520852988}
{"runtime":293,"energy":{"pkg":27.259521484375,"pp0":0,"dram":3.9708251953125},"cycles":12592731983}
{"runtime":291,"energy":{"pkg":27.18060302734375,"pp0":0,"dram":3.631103515625},"cycles":12590535237}
{"runtime":294,"energy":{"pkg":27.41400146484375,"pp0":0,"dram":3.44573974609375},"cycles":12726449378}
{"runtime":284,"energy":{"pkg":26.93328857421875,"pp0":0,"dram":3.2640380859375},"cycles":12390944938}
{"runtime":298,"energy":{"pkg":27.93499755859375,"pp0":0,"dram":3.60565185546875},"cycles":12585411229}
{"runtime":300,"energy":{"pkg":28.2969970703125,"pp0":0,"dram":3.80206298828125},"cycles":12225071979}
{"runtime":294,"energy":{"pkg":27.8887939453125,"pp0":0,"dram":3.55572509765625},"cycles":12270268157}
{"runtime":300,"energy":{"pkg":28.40545654296875,"pp0":0,"dram":3.594482421875},"cycles":12249250445}
{"runtime":306,"energy":{"pkg":28.6812744140625,"pp0":0,"dram":3.698486328125},"cycles":12724648640}
{"runtime":323,"energy":{"pkg":29.82098388671875,"pp0":0,"dram":3.96490478515625},"cycles":12737064362}
{"runtime":309,"energy":{"pkg":28.691162109375,"pp0":0,"dram":3.77044677734375},"cycles":12377486351}
{"runtime":304,"energy":{"pkg":28.36029052734375,"pp0":0,"dram":3.7032470703125},"cycles":12399629451}
{"runtime":288,"energy":{"pkg":27.20208740234375,"pp0":0,"dram":3.58526611328125},"cycles":12467723219}
{"runtime":293,"energy":{"pkg":27.6373291015625,"pp0":0,"dram":3.6636962890625},"cycles":12356492161}
{"runtime":300,"energy":{"pkg":28.0244140625,"pp0":0,"dram":3.7587890625},"cycles":12426610997}
{"runtime":289,"energy":{"pkg":27.150634765625,"pp0":0,"dram":3.28338623046875},"cycles":12636784379}
{"runtime":325,"energy":{"pkg":30.31744384765625,"pp0":0,"dram":4.8848876953125},"cycles":12537015734}
{"runtime":311,"energy":{"pkg":29.2655029296875,"pp0":0,"dram":4.623291015625},"cycles":12148135374}
{"runtime":315,"energy":{"pkg":29.736572265625,"pp0":0,"dram":4.57525634765625},"cycles":12279674210}
{"runtime":304,"energy":{"pkg":28.43145751953125,"pp0":0,"dram":3.8250732421875},"cycles":12707527360}
{"runtime":280,"energy":{"pkg":26.797607421875,"pp0":0,"dram":3.38299560546875},"cycles":12262949479}
{"runtime":292,"energy":{"pkg":27.7291259765625,"pp0":0,"dram":3.648681640625},"cycles":12120214481}
{"runtime":310,"energy":{"pkg":28.9581298828125,"pp0":0,"dram":3.653564453125},"cycles":12612523758}
{"runtime":297,"energy":{"pkg":28.24749755859375,"pp0":0,"dram":3.661865234375},"cycles":12066888714}
{"runtime":283,"energy":{"pkg":26.96124267578125,"pp0":0,"dram":3.42083740234375},"cycles":12375732745}
{"runtime":316,"energy":{"pkg":29.80853271484375,"pp0":0,"dram":3.8018798828125},"cycles":12280263158}
{"runtime":304,"energy":{"pkg":28.857666015625,"pp0":0,"dram":4.67095947265625},"cycles":12037160168}
{"runtime":300,"energy":{"pkg":28.1363525390625,"pp0":0,"dram":3.53814697265625},"cycles":12471157237}
{"runtime":312,"energy":{"pkg":28.9833984375,"pp0":0,"dram":4.8751220703125},"cycles":12450166186}
{"runtime":295,"energy":{"pkg":28.00457763671875,"pp0":0,"dram":4.48846435546875},"cycles":12380960339}
{"runtime":337,"energy":{"pkg":31.10150146484375,"pp0":0,"dram":4.785400390625},"cycles":12580883408}
{"runtime":296,"energy":{"pkg":28.0191650390625,"pp0":0,"dram":3.57122802734375},"cycles":12127622655}
{"runtime":320,"energy":{"pkg":30.0462646484375,"pp0":0,"dram":3.59716796875},"cycles":12828082405}
{"runtime":291,