{"runtime":3468,"energy":{"pkg":195.59368896484375,"pp0":0,"dram":43.97015380859375},"cycles":10130765120}
{"runtime":3462,"energy":{"pkg":194.053466796875,"pp0":0,"dram":42.4422607421875},"cycles":10126887086}
{"runtime":3851,"energy":{"pkg":224.072265625,"pp0":0,"dram":62.3089599609375},"cycles":10123283454}
{"runtime":3845,"energy":{"pkg":226.97393798828125,"pp0":0,"dram":57.34259033203125},"cycles":10125537583}
{"runtime":3857,"energy":{"pkg":227.95904541015625,"pp0":0,"dram":61.12457275390625},"cycles":10127716779}
{"runtime":3609,"energy":{"pkg":222.16650390625,"pp0":0,"dram":46.16796875},"cycles":10128967090}
{"runtime":3686,"energy":{"pkg":236.85833740234375,"pp0":0,"dram":46.63702392578125},"cycles":10129690925}
{"runtime":3638,"energy":{"pkg":234.713134765625,"pp0":0,"dram":47.1314697265625},"cycles":10125571156}
{"runtime":3925,"energy":{"pkg":265.04974365234375,"pp0":0,"dram":50.76568603515625},"cycles":10127328928}
{"runtime":4177,"energy":{"pkg":303.1536865234375,"pp0":0,"dram":67.7652587890625},"cycles":10127247272}
{"runtime":4077,"energy":{"pkg":299.4656982421875,"pp0":0,"dram":62.5546875},"cycles":10129107809}
{"runtime":4154,"energy":{"pkg":303.17803955078125,"pp0":0,"dram":63.88775634765625},"cycles":10125703172}
{"runtime":4042,"energy":{"pkg":296.3494873046875,"pp0":0,"dram":52.32818603515625},"cycles":10172430943}
{"runtime":4330,"energy":{"pkg":339.91802978515625,"pp0":0,"dram":64.771728515625},"cycles":10127083897}
{"runtime":4333,"energy":{"pkg":341.50897216796875,"pp0":0,"dram":65.55450439453125},"cycles":10141622317}
{"runtime":4359,"energy":{"pkg":342.8851318359375,"pp0":0,"dram":57.38555908203125},"cycles":10125915406}
{"runtime":4363,"energy":{"pkg":344.05035400390625,"pp0":0,"dram":56.28289794921875},"cycles":10139001043}
{"runtime":4241,"energy":{"pkg":334.3671875,"pp0":0,"dram":68.17950439453125},"cycles":10127548818}
{"runtime":4373,"energy":{"pkg":346.0765380859375,"pp0":0,"dram":55.6370849609375},"cycles":10321085040}
{"runtime":4401,"energy":{"pkg":345.65606689453125,"pp0":0,"dram":57.06219482421875},"cycles":10130350278}
{"runtime":4356,"energy":{"pkg":344.5875244140625,"pp0":0,"dram":56.08392333984375},"cycles":10127354933}
{"runtime":4233,"energy":{"pkg":338.7972412109375,"pp0":0,"dram":55.88323974609375},"cycles":10127047551}
{"runtime":4349,"energy":{"pkg":343.1749267578125,"pp0":0,"dram":54.9039306640625},"cycles":10134797439}
{"runtime":4298,"energy":{"pkg":340.7999267578125,"pp0":0,"dram":54.41412353515625},"cycles":10126034198}
{"runtime":4309,"energy":{"pkg":340.1568603515625,"pp0":0,"dram":39.28826904296875},"cycles":10155561208}
{"runtime":4299,"energy":{"pkg":339.71685791015625,"pp0":0,"dram":55.0303955078125},"cycles":10127450585}
{"runtime":4301,"energy":{"pkg":340.65704345703125,"pp0":0,"dram":55.1695556640625},"cycles":10125159823}
{"runtime":4369,"energy":{"pkg":342.615234375,"pp0":0,"dram":70.0286865234375},"cycles":10143113363}
{"runtime":4302,"energy":{"pkg":338.35589599609375,"pp0":0,"dram":55.6173095703125},"cycles":10134283988}
{"runtime":4366,"energy":{"pkg":343.16168212890625,"pp0":0,"dram":57.0399169921875},"cycles":10128289980}
{"runtime":4297,"energy":{"pkg":341.8009033203125,"pp0":0,"dram":56.01470947265625},"cycles":10125967832}
{"runtime":4294,"energy":{"pkg":338.01239013671875,"pp0":0,"dram":54.69549560546875},"cycles":10126431246}
{"runtime":4294,"energy":{"pkg":339.19818115234375,"pp0":0,"dram":54.68896484375},"cycles":10124889864}
{"runtime":4294,"energy":{"pkg":342.95367431640625,"pp0":0,"dram":54.6817626953125},"cycles":10131141947}
{"runtime":4295,"energy":{"pkg":340.10162353515625,"pp0":0,"dram":54.78497314453125},"cycles":10124259805}
{"runtime":4303,"energy":{"pkg":341.27349853515625,"pp0":0,"dram":55.15496826171875},"cycles":10124914336}
{"runtime":4402,"energy":{"pkg":349.4603271484375,"pp0":0,"dram":56.26605224609375},"cycles":10258831907}
{"runtime":4742,"energy":{"pkg":374.64697265625,"pp0":0,"dram":60.82916259765625},"cycles":10143068657}
{"runtime":4302,"energy":{"pkg":339.14154052734375,"pp0":0,"dram":54.8720703125},"cycles":10135158687}
{"runtime":4421,"energy":{"pkg":351.81341552734375,"pp0":0,"dram":56.242431640625},"cycles":10133922648}
{"runtime":4302,"energy":{"pkg":338.3701171875,"pp0":0,"dram":55.65716552734375},"cycles":10124957056}
{"runtime":4316,"energy":{"pkg":342.5665283203125,"pp0":0,"dram":55.75909423828125},"cycles":10127552036}
{"runtime":4426,"energy":{"pkg":348.7459716796875,"pp0":0,"dram":57.47332763671875},"cycles":10130701880}
{"runtime":4298,"energy":{"pkg":338.89984130859375,"pp0":0,"dram":55.3890380859375},"cycles":10127710366}
{"runtime":4321,"energy":{"pkg":341.13397216796875,"pp0":0,"dram":55.77056884765625},"cycles":10126130754}
{"runtime":4294,"energy":{"pkg":339.610595703125,"pp0":0,"dram":54.89129638671875},"cycles":10125692957}
{"runtime":4296,"energy":{"pkg":338.17218017578125,"pp0":0,"dram":55.53155517578125},"cycles":10127561540}
{"runtime":4423,"energy":{"pkg":358.18768310546875,"pp0":0,"dram":57.74810791015625},"cycles":10126111988}
{"runtime":4456,"energy":{"pkg":363.9268798828125,"pp0":0,"dram":57.52911376953125},"cycles":10127955076}
{"runtime":4499,"energy":{"pkg":363.66107177734375,"pp0":0,"dram":58.03131103515625},"cycles":10127118522}
{"runtime":4455,"energy":{"pkg":361.1461181640625,"pp0":0,"dram":57.9296875},"cycles":10125694819}
{"runtime":4414,"energy":{"pkg":359.39788818359375,"pp0":0,"dram":56.3648681640625},"cycles":10127852483}
{"runtime":4456,"energy":{"pkg":363.8074951171875,"pp0":0,"dram":57.43096923828125},"cycles":10127628726}
{"runtime":4294,"energy":{"pkg":347.4248046875,"pp0":0,"dram":55.3441162109375},"cycles":10124830595}
{"runtime":4455,"energy":{"pkg":363.50457763671875,"pp0":0,"dram":57.92987060546875},"cycles":10125742662}
{"runtime":4455,"energy":{"pkg":362.13543701171875,"pp0":0,"dram":57.5113525390625},"cycles":10125400874}
{"runtime":4509,"energy":{"pkg":365.78997802734375,"pp0":0,"dram":58.2952880859375},"cycles":10148996541}
{"runtime":4456,"energy":{"pkg":363.12310791015625,"pp0":0,"dram":57.4554443359375},"cycles":10128856558}
{"runtime":4412,"energy":{"pkg":356.92529296875,"pp0":0,"dram":56.70086669921875},"cycles":10128231901}
{"runtime":4455,"energy":{"pkg":360.7723388671875,"pp0":0,"dram":57.9583740234375},"cycles":10125666467}
{"runtime":4455,"energy":{"pkg":359.37890625,"pp0":0,"dram":56.83197021484375},"cycles":10124604875}
{"runtime":4452,"energy":{"pkg":366.6849365234375,"pp0":0,"dram":72.318115234375},"cycles":10126513734}
{"runtime":4414,"energy":{"pkg":366.8629150390625,"pp0":0,"dram":56.7969970703125},"cycles":10125407501}
{"runtime":4456,"energy":{"pkg":369.3531494140625,"pp0":0,"dram":72.56878662109375},"cycles":10128170147}
{"runtime":4452,"energy":{"pkg":369.5343017578125,"pp0":0,"dram":65.113037109375},"cycles":10128781447}
{"runtime":4455,"energy":{"pkg":370.606201171875,"pp0":0,"dram":58.2777099609375},"cycles":10125972825}
{"runtime":4455,"energy":{"pkg":370.14678955078125,"pp0":0,"dram":58.00946044921875},"cycles":10126102665}
{"runtime":4415,"energy":{"pkg":367.636474609375,"pp0":0,"dram":58.03314208984375},"cycles":10134356455}
{"runtime":4413,"energy":{"pkg":366.57928466796875,"pp0":0,"dram":71.16033935546875},"cycles":10130438511}
{"runtime":4498,"energy":{"pkg":373.42315673828125,"pp0":0,"dram":59.39569091796875},"cycles":10125062269}
{"runtime":4428,"energy":{"pkg":367.5687255859375,"pp0":0,"dram":57.4307861328125},"cycles":10126273200}
{"runtime":4491,"energy":{"pkg":372.4835205078125,"pp0":0,"dram":72.2962646484375},"cycles":10130450767}
{"runtime":4459,"energy":{"pkg":370.2989501953125,"pp0":0,"dram":57.6832275390625},"cycles":10135203076}
{"runtime":4496,"energy":{"pkg":372.73541259765625,"pp0":0,"dram":73.20794677734375},"cycles":10126987474}
{"runtime":4491,"energy":{"pkg":373.47198486328125,"pp0":0,"dram":72.212158203125},"cycles":10128012434}
{"runtime":4460,"energy":{"pkg":370.9605712890625,"pp0":0,"dram":61.45074462890625},