{"runtime":1162,"energy":{"pkg":95.78826904296875,"pp0":0,"dram":14.14471435546875},"cycles":2647951317}
{"runtime":1173,"energy":{"pkg":96.52911376953125,"pp0":0,"dram":14.45245361328125},"cycles":2643362586}
{"runtime":1197,"energy":{"pkg":98.47015380859375,"pp0":0,"dram":14.63494873046875},"cycles":2647894065}
{"runtime":1173,"energy":{"pkg":96.689208984375,"pp0":0,"dram":14.48529052734375},"cycles":2643904390}
{"runtime":1173,"energy":{"pkg":96.5230712890625,"pp0":0,"dram":14.38018798828125},"cycles":2643528745}
{"runtime":1736,"energy":{"pkg":145.68426513671875,"pp0":0,"dram":22.03863525390625},"cycles":3985063599}
{"runtime":1151,"energy":{"pkg":97.1046142578125,"pp0":0,"dram":10.55474853515625},"cycles":2643918386}
{"runtime":1897,"energy":{"pkg":159.51483154296875,"pp0":0,"dram":22.87469482421875},"cycles":4355370151}
{"runtime":1768,"energy":{"pkg":147.2515869140625,"pp0":0,"dram":16.10992431640625},"cycles":3960455439}
{"runtime":1567,"energy":{"pkg":134.21624755859375,"pp0":0,"dram":14.3223876953125},"cycles":3599402185}
{"runtime":1658,"energy":{"pkg":142.817138671875,"pp0":0,"dram":16.05450439453125},"cycles":3806561871}
{"runtime":1707,"energy":{"pkg":146.37310791015625,"pp0":0,"dram":15.6610107421875},"cycles":3917957298}
{"runtime":1709,"energy":{"pkg":146.77667236328125,"pp0":0,"dram":21.1734619140625},"cycles":3921177740}
{"runtime":1666,"energy":{"pkg":142.92218017578125,"pp0":0,"dram":21.760498046875},"cycles":3825709217}
{"runtime":1196,"energy":{"pkg":102.7501220703125,"pp0":0,"dram":14.75201416015625},"cycles":2644714570}
{"runtime":1152,"energy":{"pkg":99.708984375,"pp0":0,"dram":14.17474365234375},"cycles":2647080680}
{"runtime":1152,"energy":{"pkg":99.22607421875,"pp0":0,"dram":14.76068115234375},"cycles":2645903010}
{"runtime":1169,"energy":{"pkg":101.6727294921875,"pp0":0,"dram":14.1346435546875},"cycles":2643682108}
{"runtime":1720,"energy":{"pkg":148.01702880859375,"pp0":0,"dram":22.32489013671875},"cycles":3950672439}
{"runtime":1723,"energy":{"pkg":151.3321533203125,"pp0":0,"dram":15.76947021484375},"cycles":3955685250}
{"runtime":1154,"energy":{"pkg":100.05206298828125,"pp0":0,"dram":10.42340087890625},"cycles":2647922707}
{"runtime":1459,"energy":{"pkg":127.43695068359375,"pp0":0,"dram":13.26678466796875},"cycles":3349793289}
{"runtime":1176,"energy":{"pkg":101.634765625,"pp0":0,"dram":10.6375732421875},"cycles":2649898117}
{"runtime":1152,"energy":{"pkg":100.23736572265625,"pp0":0,"dram":10.3363037109375},"cycles":2647398282}
{"runtime":1855,"energy":{"pkg":161.4046630859375,"pp0":0,"dram":16.85491943359375},"cycles":4262536390}
{"runtime":1558,"energy":{"pkg":137.18914794921875,"pp0":0,"dram":19.94219970703125},"cycles":3577668003}
{"runtime":1151,"energy":{"pkg":101.5948486328125,"pp0":0,"dram":13.28802490234375},"cycles":2642172935}
{"runtime":1732,"energy":{"pkg":153.63739013671875,"pp0":0,"dram":24.93115234375},"cycles":3977692421}
{"runtime":1194,"energy":{"pkg":106.24383544921875,"pp0":0,"dram":10.95562744140625},"cycles":2641118986}
{"runtime":1731,"energy":{"pkg":153.8431396484375,"pp0":0,"dram":15.839111328125},"cycles":3976408935}
{"runtime":1622,"energy":{"pkg":145.1505126953125,"pp0":0,"dram":16.91162109375},"cycles":3723578951}
{"runtime":1731,"energy":{"pkg":153.36834716796875,"pp0":0,"dram":15.693359375},"cycles":3975795541}
{"runtime":1850,"energy":{"pkg":165.00360107421875,"pp0":0,"dram":16.74981689453125},"cycles":4246575810}
{"runtime":1732,"energy":{"pkg":155.38519287109375,"pp0":0,"dram":21.95184326171875},"cycles":3975769591}
{"runtime":1679,"energy":{"pkg":150.4228515625,"pp0":0,"dram":19.27655029296875},"cycles":3753723255}
{"runtime":1917,"energy":{"pkg":170.36248779296875,"pp0":0,"dram":24.06298828125},"cycles":4403245381}
{"runtime":1861,"energy":{"pkg":166.325439453125,"pp0":0,"dram":23.013427734375},"cycles":4271593222}
{"runtime":1716,"energy":{"pkg":151.98931884765625,"pp0":0,"dram":21.19024658203125},"cycles":3940364424}
{"runtime":1572,"energy":{"pkg":141.48065185546875,"pp0":0,"dram":18.4815673828125},"cycles":3611559533}
{"runtime":1767,"energy":{"pkg":157.98345947265625,"pp0":0,"dram":21.82342529296875},"cycles":4060233763}
{"runtime":1704,"energy":{"pkg":153.1361083984375,"pp0":0,"dram":15.2864990234375},"cycles":3914977882}
{"runtime":1734,"energy":{"pkg":155.78515625,"pp0":0,"dram":15.82012939453125},"cycles":3982221230}
{"runtime":1723,"energy":{"pkg":155.64459228515625,"pp0":0,"dram":15.63665771484375},"cycles":3957967835}
{"runtime":1723,"energy":{"pkg":154.2510986328125,"pp0":0,"dram":21.57208251953125},"cycles":3955525669}
{"runtime":1829,"energy":{"pkg":162.84320068359375,"pp0":0,"dram":16.614990234375},"cycles":4201712165}
{"runtime":1723,"energy":{"pkg":154.40185546875,"pp0":0,"dram":19.75067138671875},"cycles":3956829382}
{"runtime":1717,"energy":{"pkg":153.0882568359375,"pp0":0,"dram":20.99853515625},"cycles":3943256614}
{"runtime":1722,"energy":{"pkg":154.0799560546875,"pp0":0,"dram":21.37677001953125},"cycles":3954197026}
{"runtime":1161,"energy":{"pkg":102.8594970703125,"pp0":0,"dram":10.67449951171875},"cycles":2643282261}
{"runtime":1172,"energy":{"pkg":104.8560791015625,"pp0":0,"dram":10.59759521484375},"cycles":2642378958}
{"runtime":1733,"energy":{"pkg":156.1602783203125,"pp0":0,"dram":15.71429443359375},"cycles":3978531329}
{"runtime":1721,"energy":{"pkg":152.06585693359375,"pp0":0,"dram":15.54644775390625},"cycles":3952972784}
{"runtime":1159,"energy":{"pkg":103.84613037109375,"pp0":0,"dram":10.44903564453125},"cycles":2662411076}
{"runtime":1865,"energy":{"pkg":166.79083251953125,"pp0":0,"dram":24.0113525390625},"cycles":4282190343}
{"runtime":1721,"energy":{"pkg":155.8419189453125,"pp0":0,"dram":15.52801513671875},"cycles":3954680444}
{"runtime":1896,"energy":{"pkg":168.5096435546875,"pp0":0,"dram":17.17919921875},"cycles":4304831529}
{"runtime":1724,"energy":{"pkg":154.627685546875,"pp0":0,"dram":21.5400390625},"cycles":3947671619}
{"runtime":1707,"energy":{"pkg":153.2147216796875,"pp0":0,"dram":22.0391845703125},"cycles":3920008299}
{"runtime":1712,"energy":{"pkg":153.81414794921875,"pp0":0,"dram":22.023193359375},"cycles":3928768618}
{"runtime":1665,"energy":{"pkg":149.3636474609375,"pp0":0,"dram":20.9686279296875},"cycles":3792491918}
{"runtime":1725,"energy":{"pkg":156.06903076171875,"pp0":0,"dram":15.59942626953125},"cycles":3958103818}
{"runtime":1722,"energy":{"pkg":154.9193115234375,"pp0":0,"dram":15.68310546875},"cycles":3956042619}
{"runtime":1708,"energy":{"pkg":152.54266357421875,"pp0":0,"dram":15.61773681640625},"cycles":3922834618}
{"runtime":1750,"energy":{"pkg":156.82366943359375,"pp0":0,"dram":15.72662353515625},"cycles":3943929804}
{"runtime":1972,"energy":{"pkg":177.1502685546875,"pp0":0,"dram":24.70574951171875},"cycles":4448470551}
{"runtime":1879,"energy":{"pkg":167.489013671875,"pp0":0,"dram":16.84796142578125},"cycles":4241674986}
{"runtime":1722,"energy":{"pkg":154.4769287109375,"pp0":0,"dram":15.7747802734375},"cycles":3953927629}
{"runtime":1486,"energy":{"pkg":132.234130859375,"pp0":0,"dram":18.58355712890625},"cycles":3412269061}
{"runtime":1636,"energy":{"pkg":147.8363037109375,"pp0":0,"dram":20.03680419921875},"cycles":3754808764}
{"runtime":1790,"energy":{"pkg":159.4453125,"pp0":0,"dram":22.198974609375},"cycles":4047020321}
{"runtime":1723,"energy":{"pkg":154.37872314453125,"pp0":0,"dram":21.023193359375},"cycles":3956346460}
{"runtime":1724,"energy":{"pkg":154.82232666015625,"pp0":0,"dram":20.8302001953125},"cycles":3959364423}
{"runtime":1566,"energy":{"pkg":139.779541015625,"pp0":0,"dram":19.03826904296875},"cycles":3595431410}
{"runtime":1714,"energy":{"pkg":154.19915771484375,"pp0":0,"dram":21.30926513671875},"cycles":3937609914}
{"runtime":1704,"energy":{"pkg":153.8072509765625,"pp0":0,"dram":20.6708984375},"cycles":3911873529}
{"runtime":1876,"energy":{"pkg":168.63519287109375,"pp0":0,"dram":22.46844482421875},"cycles":4246624351}
{"runtime":1704,"energy":{"pkg":153.98272705078125,"pp0":0,"dram":20.180419921875},