{"runtime":935,"energy":{"pkg":52.59088134765625,"pp0":0,"dram":11.75115966796875},"cycles":2758234999}
{"runtime":907,"energy":{"pkg":50.4459228515625,"pp0":0,"dram":11.09814453125},"cycles":2675408141}
{"runtime":1551,"energy":{"pkg":87.86346435546875,"pp0":0,"dram":23.35345458984375},"cycles":2649930874}
{"runtime":1168,"energy":{"pkg":67.250244140625,"pp0":0,"dram":17.25909423828125},"cycles":2714051295}
{"runtime":1152,"energy":{"pkg":67.24468994140625,"pp0":0,"dram":18.421875},"cycles":2700113585}
{"runtime":1550,"energy":{"pkg":89.9393310546875,"pp0":0,"dram":20.4503173828125},"cycles":2648059820}
{"runtime":968,"energy":{"pkg":62.175537109375,"pp0":0,"dram":12.01519775390625},"cycles":2667701727}
{"runtime":959,"energy":{"pkg":62.11236572265625,"pp0":0,"dram":12.3367919921875},"cycles":2647150849}
{"runtime":1001,"energy":{"pkg":67.70416259765625,"pp0":0,"dram":12.62371826171875},"cycles":2666174929}
{"runtime":1072,"energy":{"pkg":78.68096923828125,"pp0":0,"dram":16.57977294921875},"cycles":2654080700}
{"runtime":1146,"energy":{"pkg":84.26739501953125,"pp0":0,"dram":17.5357666015625},"cycles":2651715581}
{"runtime":1103,"energy":{"pkg":81.36444091796875,"pp0":0,"dram":16.946533203125},"cycles":2663968812}
{"runtime":1392,"energy":{"pkg":100.1966552734375,"pp0":0,"dram":18.37579345703125},"cycles":2669769132}
{"runtime":1207,"energy":{"pkg":94.6114501953125,"pp0":0,"dram":18.09588623046875},"cycles":2648171753}
{"runtime":1202,"energy":{"pkg":94.17486572265625,"pp0":0,"dram":18.10693359375},"cycles":2648491447}
{"runtime":1168,"energy":{"pkg":91.7889404296875,"pp0":0,"dram":15.0263671875},"cycles":2647112952}
{"runtime":1168,"energy":{"pkg":92.310791015625,"pp0":0,"dram":15.23980712890625},"cycles":2644704342}
{"runtime":1558,"energy":{"pkg":121.91912841796875,"pp0":0,"dram":25.0771484375},"cycles":2665709760}
{"runtime":1549,"energy":{"pkg":120.7313232421875,"pp0":0,"dram":19.9534912109375},"cycles":2646778116}
{"runtime":1174,"energy":{"pkg":92.40716552734375,"pp0":0,"dram":15.470947265625},"cycles":2646296591}
{"runtime":1125,"energy":{"pkg":89.38092041015625,"pp0":0,"dram":14.48870849609375},"cycles":2692335320}
{"runtime":1178,"energy":{"pkg":93.4400634765625,"pp0":0,"dram":15.199462890625},"cycles":2670162762}
{"runtime":1142,"energy":{"pkg":90.70074462890625,"pp0":0,"dram":14.66796875},"cycles":2723876870}
{"runtime":1547,"energy":{"pkg":120.8795166015625,"pp0":0,"dram":19.6380615234375},"cycles":2641756527}
{"runtime":1129,"energy":{"pkg":89.52899169921875,"pp0":0,"dram":10.38006591796875},"cycles":2653670576}
{"runtime":1168,"energy":{"pkg":92.41778564453125,"pp0":0,"dram":14.94140625},"cycles":2643842712}
{"runtime":1169,"energy":{"pkg":92.23736572265625,"pp0":0,"dram":15.27093505859375},"cycles":2643681552}
{"runtime":1581,"energy":{"pkg":122.827392578125,"pp0":0,"dram":25.3570556640625},"cycles":2656094167}
{"runtime":1117,"energy":{"pkg":88.19476318359375,"pp0":0,"dram":14.6033935546875},"cycles":2672695733}
{"runtime":1546,"energy":{"pkg":120.39788818359375,"pp0":0,"dram":20.12225341796875},"cycles":2640490342}
{"runtime":1130,"energy":{"pkg":89.63885498046875,"pp0":0,"dram":14.48699951171875},"cycles":2703232125}
{"runtime":1166,"energy":{"pkg":91.74871826171875,"pp0":0,"dram":14.6492919921875},"cycles":2641894839}
{"runtime":1188,"energy":{"pkg":93.69091796875,"pp0":0,"dram":15.06707763671875},"cycles":2692073362}
{"runtime":1174,"energy":{"pkg":93.7357177734375,"pp0":0,"dram":15.65081787109375},"cycles":2645530948}
{"runtime":1181,"energy":{"pkg":93.23260498046875,"pp0":0,"dram":14.965576171875},"cycles":2676741647}
{"runtime":1181,"energy":{"pkg":93.5069580078125,"pp0":0,"dram":15.09454345703125},"cycles":2676697694}
{"runtime":1176,"energy":{"pkg":93.52203369140625,"pp0":0,"dram":15.02203369140625},"cycles":2649373866}
{"runtime":1172,"energy":{"pkg":93.24127197265625,"pp0":0,"dram":15.00482177734375},"cycles":2645950664}
{"runtime":1165,"energy":{"pkg":91.82318115234375,"pp0":0,"dram":14.95245361328125},"cycles":2642694276}
{"runtime":1173,"energy":{"pkg":93.691650390625,"pp0":0,"dram":14.90625},"cycles":2702460392}
{"runtime":1177,"energy":{"pkg":92.61199951171875,"pp0":0,"dram":15.33892822265625},"cycles":2665861998}
{"runtime":1174,"energy":{"pkg":92.9752197265625,"pp0":0,"dram":15.15191650390625},"cycles":2643718456}
{"runtime":1119,"energy":{"pkg":88.70013427734375,"pp0":0,"dram":14.6693115234375},"cycles":2648800744}
{"runtime":1224,"energy":{"pkg":96.18975830078125,"pp0":0,"dram":15.734130859375},"cycles":2643447318}
{"runtime":1194,"energy":{"pkg":94.068359375,"pp0":0,"dram":15.60107421875},"cycles":2694907105}
{"runtime":1145,"energy":{"pkg":90.87451171875,"pp0":0,"dram":15.1002197265625},"cycles":2735951229}
{"runtime":1118,"energy":{"pkg":88.2054443359375,"pp0":0,"dram":14.372314453125},"cycles":2644277004}
{"runtime":1152,"energy":{"pkg":93.677001953125,"pp0":0,"dram":15.22015380859375},"cycles":2645550392}
{"runtime":1152,"energy":{"pkg":94.269775390625,"pp0":0,"dram":15.06768798828125},"cycles":2644404680}
{"runtime":1195,"energy":{"pkg":96.8525390625,"pp0":0,"dram":15.27716064453125},"cycles":2644172644}
{"runtime":1211,"energy":{"pkg":98.23504638671875,"pp0":0,"dram":15.7784423828125},"cycles":2646943298}
{"runtime":1158,"energy":{"pkg":94.435302734375,"pp0":0,"dram":14.92230224609375},"cycles":2658637452}
{"runtime":1197,"energy":{"pkg":97.75286865234375,"pp0":0,"dram":15.610107421875},"cycles":2647857910}
{"runtime":1170,"energy":{"pkg":94.7657470703125,"pp0":0,"dram":14.976318359375},"cycles":2649957193}
{"runtime":1199,"energy":{"pkg":97.7933349609375,"pp0":0,"dram":15.63006591796875},"cycles":2642796463}
{"runtime":1197,"energy":{"pkg":97.39715576171875,"pp0":0,"dram":15.65863037109375},"cycles":2646609298}
{"runtime":1207,"energy":{"pkg":98.00750732421875,"pp0":0,"dram":15.62127685546875},"cycles":2670713855}
{"runtime":1200,"energy":{"pkg":97.8428955078125,"pp0":0,"dram":15.40130615234375},"cycles":2654191828}
{"runtime":1159,"energy":{"pkg":93.9471435546875,"pp0":0,"dram":15.40924072265625},"cycles":2660524078}
{"runtime":1193,"energy":{"pkg":96.66357421875,"pp0":0,"dram":15.7420654296875},"cycles":2640650702}
{"runtime":1193,"energy":{"pkg":96.2017822265625,"pp0":0,"dram":15.14227294921875},"cycles":2642710313}
{"runtime":1152,"energy":{"pkg":95.4473876953125,"pp0":0,"dram":18.697021484375},"cycles":2645576423}
{"runtime":1241,"energy":{"pkg":102.24560546875,"pp0":0,"dram":20.04193115234375},"cycles":2643819983}
{"runtime":1242,"energy":{"pkg":102.66009521484375,"pp0":0,"dram":19.9970703125},"cycles":2644147997}
{"runtime":1194,"energy":{"pkg":99.3385009765625,"pp0":0,"dram":15.42523193359375},"cycles":2641985798}
{"runtime":1195,"energy":{"pkg":98.49005126953125,"pp0":0,"dram":19.1519775390625},"cycles":2641982630}
{"runtime":1370,"energy":{"pkg":113.18157958984375,"pp0":0,"dram":17.7142333984375},"cycles":2642971827}
{"runtime":1198,"energy":{"pkg":99.722900390625,"pp0":0,"dram":19.07647705078125},"cycles":2651809718}
{"runtime":1177,"energy":{"pkg":97.72772216796875,"pp0":0,"dram":19.079833984375},"cycles":2644349608}
{"runtime":1172,"energy":{"pkg":97.5128173828125,"pp0":0,"dram":15.4010009765625},"cycles":2641367737}
{"runtime":1194,"energy":{"pkg":99.0716552734375,"pp0":0,"dram":15.18304443359375},"cycles":2641799065}
{"runtime":1173,"energy":{"pkg":97.30352783203125,"pp0":0,"dram":18.94573974609375},"cycles":2643532676}
{"runtime":1173,"energy":{"pkg":97.34930419921875,"pp0":0,"dram":15.2532958984375},"cycles":2642681794}
{"runtime":1173,"energy":{"pkg":97.48919677734375,"pp0":0,"dram":18.95269775390625},"cycles":2643071675}
{"runtime":1154,"energy":{"pkg":96.04022216796875,"pp0":0,"dram":18.6270751953125},"cycles":2641770810}
{"runtime":1197,"energy":{"pkg":99.62335205078125,"pp0":0,"dram":15.5426025390625},"cycles":2647335950}
{"runtime":1235,"energy":{"pkg":102.3099365234375,"pp0":0,"dram":15.8817138671875},"cycles":2643767157}
{"runtime":1239,"energy":{"pkg":103.13470458984375,"pp0":0,