{"runtime":12796,"energy":{"pkg":739.4232788085938,"pp0":0,"dram":164.79150390625},"cycles":52852064583}
{"runtime":12366,"energy":{"pkg":716.6556396484375,"pp0":0,"dram":157.67559814453125},"cycles":53504528353}
{"runtime":13554,"energy":{"pkg":816.1926879882812,"pp0":0,"dram":205.5145263671875},"cycles":52819170077}
{"runtime":14918,"energy":{"pkg":900.3046875,"pp0":0,"dram":241.549072265625},"cycles":53613538883}
{"runtime":13269,"energy":{"pkg":834.0281982421875,"pp0":0,"dram":185.4757080078125},"cycles":53523558540}
{"runtime":12880,"energy":{"pkg":815.7442016601562,"pp0":0,"dram":166.48223876953125},"cycles":53346064384}
{"runtime":14123,"energy":{"pkg":926.8186645507812,"pp0":0,"dram":181.14990234375},"cycles":53232143862}
{"runtime":13650,"energy":{"pkg":906.5447998046875,"pp0":0,"dram":178.0172119140625},"cycles":53297994776}
{"runtime":13779,"energy":{"pkg":949.4126586914062,"pp0":0,"dram":179.47296142578125},"cycles":53057183361}
{"runtime":15094,"energy":{"pkg":1112.8898315429688,"pp0":0,"dram":233.96917724609375},"cycles":53381541892}
{"runtime":14993,"energy":{"pkg":1111.6942138671875,"pp0":0,"dram":232.80035400390625},"cycles":53001286931}
{"runtime":14821,"energy":{"pkg":1106.9139404296875,"pp0":0,"dram":231.84698486328125},"cycles":53063016408}
{"runtime":14558,"energy":{"pkg":1091.5952758789062,"pp0":0,"dram":193.7647705078125},"cycles":53024315868}
{"runtime":15618,"energy":{"pkg":1247.2525634765625,"pp0":0,"dram":238.8343505859375},"cycles":52869963444}
{"runtime":16043,"energy":{"pkg":1277.981689453125,"pp0":0,"dram":246.28009033203125},"cycles":53266420507}
{"runtime":15800,"energy":{"pkg":1259.0602416992188,"pp0":0,"dram":208.28021240234375},"cycles":53253977447}
{"runtime":15813,"energy":{"pkg":1266.7499389648438,"pp0":0,"dram":206.7578125},"cycles":53613268320}
{"runtime":15743,"energy":{"pkg":1259.1754150390625,"pp0":0,"dram":255.10601806640625},"cycles":52957215120}
{"runtime":16185,"energy":{"pkg":1290.6160888671875,"pp0":0,"dram":213.06927490234375},"cycles":53721893507}
{"runtime":16100,"energy":{"pkg":1280.8817749023438,"pp0":0,"dram":210.86566162109375},"cycles":53281976702}
{"runtime":15750,"energy":{"pkg":1264.5546875,"pp0":0,"dram":206.3572998046875},"cycles":53251527159}
{"runtime":15691,"energy":{"pkg":1263.1463623046875,"pp0":0,"dram":206.16888427734375},"cycles":53245059752}
{"runtime":15917,"energy":{"pkg":1274.9530639648438,"pp0":0,"dram":207.306396484375},"cycles":53292253301}
{"runtime":15372,"energy":{"pkg":1233.0475463867188,"pp0":0,"dram":200.00982666015625},"cycles":52843206782}
{"runtime":15632,"energy":{"pkg":-260890.82891845703,"pp0":0,"dram":147.74395751953125},"cycles":52911811766}
{"runtime":16158,"energy":{"pkg":1295.736328125,"pp0":0,"dram":210.7347412109375},"cycles":53411206178}
{"runtime":15570,"energy":{"pkg":1238.9044799804688,"pp0":0,"dram":205.71649169921875},"cycles":52973303434}
{"runtime":16087,"energy":{"pkg":1280.5353393554688,"pp0":0,"dram":235.46856689453125},"cycles":53193561176}
{"runtime":15518,"energy":{"pkg":1238.7601928710938,"pp0":0,"dram":202.7904052734375},"cycles":52849070700}
{"runtime":15626,"energy":{"pkg":1243.6385498046875,"pp0":0,"dram":205.1219482421875},"cycles":52962703364}
{"runtime":15882,"energy":{"pkg":1261.9151611328125,"pp0":0,"dram":227.75567626953125},"cycles":53527853578}
{"runtime":15591,"energy":{"pkg":1241.9122924804688,"pp0":0,"dram":205.03076171875},"cycles":53384629091}
{"runtime":15623,"energy":{"pkg":1249.525634765625,"pp0":0,"dram":204.649658203125},"cycles":53045119474}
{"runtime":15559,"energy":{"pkg":1251.7176513671875,"pp0":0,"dram":203.55780029296875},"cycles":53319359866}
{"runtime":15580,"energy":{"pkg":1246.4885864257812,"pp0":0,"dram":203.0889892578125},"cycles":52781709796}
{"runtime":15449,"energy":{"pkg":1235.133544921875,"pp0":0,"dram":202.6807861328125},"cycles":52857165507}
{"runtime":15811,"energy":{"pkg":1268.579345703125,"pp0":0,"dram":207.090576171875},"cycles":52943462026}
{"runtime":16046,"energy":{"pkg":1288.7250366210938,"pp0":0,"dram":220.06500244140625},"cycles":53392132120}
{"runtime":15826,"energy":{"pkg":1260.810302734375,"pp0":0,"dram":206.846923828125},"cycles":53635459718}
{"runtime":15611,"energy":{"pkg":1252.2747192382812,"pp0":0,"dram":207.82745361328125},"cycles":52971995307}
{"runtime":15862,"energy":{"pkg":1266.7615356445312,"pp0":0,"dram":234.442626953125},"cycles":53058187601}
{"runtime":16305,"energy":{"pkg":1304.4370727539062,"pp0":0,"dram":256.59320068359375},"cycles":53563665236}
{"runtime":15769,"energy":{"pkg":1259.9501953125,"pp0":0,"dram":209.2828369140625},"cycles":52907821204}
{"runtime":15683,"energy":{"pkg":1249.9215087890625,"pp0":0,"dram":206.4378662109375},"cycles":53219810612}
{"runtime":15660,"energy":{"pkg":1255.2374267578125,"pp0":0,"dram":206.14971923828125},"cycles":52928408294}
{"runtime":16331,"energy":{"pkg":1303.3072509765625,"pp0":0,"dram":242.92413330078125},"cycles":53976866016}
{"runtime":15479,"energy":{"pkg":1234.5494995117188,"pp0":0,"dram":204.93963623046875},"cycles":52787616222}
{"runtime":16151,"energy":{"pkg":1324.6366577148438,"pp0":0,"dram":212.2943115234375},"cycles":53865108102}
{"runtime":16216,"energy":{"pkg":1336.7420654296875,"pp0":0,"dram":216.21331787109375},"cycles":53693764248}
{"runtime":16596,"energy":{"pkg":1357.6002807617188,"pp0":0,"dram":220.09637451171875},"cycles":53222293123}
{"runtime":16203,"energy":{"pkg":1326.7941284179688,"pp0":0,"dram":214.9949951171875},"cycles":53169372751}
{"runtime":15961,"energy":{"pkg":1312.4607543945312,"pp0":0,"dram":209.25531005859375},"cycles":53079860757}
{"runtime":16138,"energy":{"pkg":1332.9365234375,"pp0":0,"dram":214.41546630859375},"cycles":53839439402}
{"runtime":15933,"energy":{"pkg":1304.6209106445312,"pp0":0,"dram":210.4300537109375},"cycles":53752464341}
{"runtime":16723,"energy":{"pkg":1366.6616821289062,"pp0":0,"dram":221.08282470703125},"cycles":54061020584}
{"runtime":16514,"energy":{"pkg":1356.1234741210938,"pp0":0,"dram":218.53857421875},"cycles":53350007362}
{"runtime":16100,"energy":{"pkg":1317.4562377929688,"pp0":0,"dram":213.30560302734375},"cycles":53672742595}
{"runtime":16107,"energy":{"pkg":1324.7238159179688,"pp0":0,"dram":213.42987060546875},"cycles":52935798045}
{"runtime":15903,"energy":{"pkg":1304.1663818359375,"pp0":0,"dram":227.8231201171875},"cycles":53391188220}
{"runtime":15957,"energy":{"pkg":1317.9833374023438,"pp0":0,"dram":210.3974609375},"cycles":52908058157}
{"runtime":16161,"energy":{"pkg":1326.865234375,"pp0":0,"dram":212.37664794921875},"cycles":53491155928}
{"runtime":16139,"energy":{"pkg":1350.989990234375,"pp0":0,"dram":214.10296630859375},"cycles":64514478087}
{"runtime":16142,"energy":{"pkg":1340.4583740234375,"pp0":0,"dram":242.11962890625},"cycles":53544182596}
{"runtime":15950,"energy":{"pkg":1328.6868286132812,"pp0":0,"dram":246.89739990234375},"cycles":54698961241}
{"runtime":17271,"energy":{"pkg":1439.251708984375,"pp0":0,"dram":227.1026611328125},"cycles":56017202062}
{"runtime":16094,"energy":{"pkg":1350.345703125,"pp0":0,"dram":215.69219970703125},"cycles":64789249339}
{"runtime":16112,"energy":{"pkg":1350.790771484375,"pp0":0,"dram":212.9488525390625},"cycles":64736996440}
{"runtime":17533,"energy":{"pkg":1465.4085693359375,"pp0":0,"dram":253.85174560546875},"cycles":56722080042}
{"runtime":18473,"energy":{"pkg":1540.7686157226562,"pp0":0,"dram":268.1497802734375},"cycles":58962680761}
{"runtime":15945,"energy":{"pkg":1334.72314453125,"pp0":0,"dram":208.63287353515625},"cycles":58216843422}
{"runtime":18296,"energy":{"pkg":1522.4071655273438,"pp0":0,"dram":240.56884765625},"cycles":58581221228}
{"runtime":16314,"energy":{"pkg":1370.2611083984375,"pp0":0,"dram":218.37322998046875},"cycles":64944932513}
{"runtime":16028,"energy":{"pkg":1340.1768798828125,"pp0":0,"dram":211.564697265625},"cycles":62916046088}
{"runtime":17552,"energy":{"pkg":1461.1856689453125,"pp0":0,"dram":289.540283203125},"cycles":62469266631}
{"runtime":17056,