{"runtime":16104,"energy":{"pkg":1334.3939208984375,"pp0":0,"dram":203.67181396484375},"cycles":60406220510}
{"runtime":15968,"energy":{"pkg":1319.4954833984375,"pp0":0,"dram":211.45623779296875},"cycles":53286062071}
{"runtime":16929,"energy":{"pkg":1401.579833984375,"pp0":0,"dram":214.8443603515625},"cycles":55372093916}
{"runtime":17463,"energy":{"pkg":1442.2786254882812,"pp0":0,"dram":230.04241943359375},"cycles":57725755027}
{"runtime":15941,"energy":{"pkg":1319.7467041015625,"pp0":0,"dram":180.589111328125},"cycles":53310249420}
{"runtime":18290,"energy":{"pkg":1542.4503173828125,"pp0":0,"dram":228.42626953125},"cycles":70149855253}
{"runtime":17219,"energy":{"pkg":1452.4028930664062,"pp0":0,"dram":188.14349365234375},"cycles":56159489614}
{"runtime":18783,"energy":{"pkg":1589.4769287109375,"pp0":0,"dram":227.11810302734375},"cycles":62491805088}
{"runtime":19052,"energy":{"pkg":1597.9197387695312,"pp0":0,"dram":180.26544189453125},"cycles":67681384985}
{"runtime":20049,"energy":{"pkg":1712.2993774414062,"pp0":0,"dram":189.61553955078125},"cycles":70122834019}
{"runtime":18813,"energy":{"pkg":1630.6616821289062,"pp0":0,"dram":179.027099609375},"cycles":69760594859}
{"runtime":20026,"energy":{"pkg":1726.6408081054688,"pp0":0,"dram":189.24835205078125},"cycles":71062304373}
{"runtime":20040,"energy":{"pkg":1731.7589721679688,"pp0":0,"dram":256.8984375},"cycles":72613025961}
{"runtime":19493,"energy":{"pkg":1686.167724609375,"pp0":0,"dram":268.7568359375},"cycles":67662214816}
{"runtime":23457,"energy":{"pkg":2019.7887573242188,"pp0":0,"dram":276.3548583984375},"cycles":77013231376}
{"runtime":15930,"energy":{"pkg":1382.7425537109375,"pp0":0,"dram":200.9600830078125},"cycles":63086922288}
{"runtime":19787,"energy":{"pkg":1709.5316162109375,"pp0":0,"dram":213.1968994140625},"cycles":72762305797}
{"runtime":19567,"energy":{"pkg":1709.701904296875,"pp0":0,"dram":241.00262451171875},"cycles":68523959211}
{"runtime":19368,"energy":{"pkg":1675.342041015625,"pp0":0,"dram":243.0831298828125},"cycles":67587166077}
{"runtime":20027,"energy":{"pkg":1754.6134643554688,"pp0":0,"dram":190.12200927734375},"cycles":72422508922}
{"runtime":15989,"energy":{"pkg":1397.6876831054688,"pp0":0,"dram":152.67987060546875},"cycles":65327008045}
{"runtime":23553,"energy":{"pkg":2048.7413940429688,"pp0":0,"dram":221.28936767578125},"cycles":76989238154}
{"runtime":19585,"energy":{"pkg":1700.3121337890625,"pp0":0,"dram":209.6119384765625},"cycles":68859382564}
{"runtime":19490,"energy":{"pkg":1685.3396606445312,"pp0":0,"dram":215.1583251953125},"cycles":61261205638}
{"runtime":20085,"energy":{"pkg":1750.5195922851562,"pp0":0,"dram":222.03179931640625},"cycles":64064000893}
{"runtime":20057,"energy":{"pkg":1757.9111938476562,"pp0":0,"dram":252.4561767578125},"cycles":75087952139}
{"runtime":19426,"energy":{"pkg":1723.8961181640625,"pp0":0,"dram":239.615234375},"cycles":71180853359}
{"runtime":20011,"energy":{"pkg":1788.824462890625,"pp0":0,"dram":293.01324462890625},"cycles":72440674072}
{"runtime":22586,"energy":{"pkg":2008.6409912109375,"pp0":0,"dram":210.297607421875},"cycles":78291770345}
{"runtime":18935,"energy":{"pkg":1695.0853271484375,"pp0":0,"dram":176.92303466796875},"cycles":69743655496}
{"runtime":19855,"energy":{"pkg":1777.5789184570312,"pp0":0,"dram":185.8673095703125},"cycles":72256415548}
{"runtime":20035,"energy":{"pkg":1790.9620971679688,"pp0":0,"dram":185.2420654296875},"cycles":72486632761}
{"runtime":20044,"energy":{"pkg":1795.709716796875,"pp0":0,"dram":186.33953857421875},"cycles":72443624496}
{"runtime":20241,"energy":{"pkg":1821.3989868164062,"pp0":0,"dram":260.551513671875},"cycles":74711163933}
{"runtime":19830,"energy":{"pkg":1782.2855224609375,"pp0":0,"dram":237.8177490234375},"cycles":71872999491}
{"runtime":19892,"energy":{"pkg":1773.9680786132812,"pp0":0,"dram":248.3270263671875},"cycles":72047233183}
{"runtime":20130,"energy":{"pkg":1809.7778930664062,"pp0":0,"dram":237.508056640625},"cycles":72708685424}
{"runtime":20077,"energy":{"pkg":1790.2705688476562,"pp0":0,"dram":232.38922119140625},"cycles":72358260546}
{"runtime":23367,"energy":{"pkg":2095.5859985351562,"pp0":0,"dram":277.1959228515625},"cycles":79876315869}
{"runtime":19976,"energy":{"pkg":1796.1653442382812,"pp0":0,"dram":204.165283203125},"cycles":73326671334}
{"runtime":19952,"energy":{"pkg":1796.7910766601562,"pp0":0,"dram":184.0947265625},"cycles":72249677417}
{"runtime":20070,"energy":{"pkg":1800.9993286132812,"pp0":0,"dram":188.376953125},"cycles":72356684580}
{"runtime":19985,"energy":{"pkg":1795.2479248046875,"pp0":0,"dram":207.664794921875},"cycles":70338182489}
{"runtime":21880,"energy":{"pkg":1965.65380859375,"pp0":0,"dram":214.33502197265625},"cycles":76895923683}
{"runtime":20104,"energy":{"pkg":1801.2513427734375,"pp0":0,"dram":187.6529541015625},"cycles":72464900811}
{"runtime":20061,"energy":{"pkg":1806.3118896484375,"pp0":0,"dram":250.7161865234375},"cycles":71924658375}
{"runtime":20155,"energy":{"pkg":1801.6912231445312,"pp0":0,"dram":251.964111328125},"cycles":75026589419}
{"runtime":20076,"energy":{"pkg":1799.960205078125,"pp0":0,"dram":245.1002197265625},"cycles":72547283934}
{"runtime":19566,"energy":{"pkg":1739.8589477539062,"pp0":0,"dram":183.90728759765625},"cycles":73279084640}
{"runtime":18565,"energy":{"pkg":1665.9883422851562,"pp0":0,"dram":172.817138671875},"cycles":69718787325}
{"runtime":20797,"energy":{"pkg":1868.1005249023438,"pp0":0,"dram":194.07769775390625},"cycles":74237590075}
{"runtime":19991,"energy":{"pkg":1777.6904296875,"pp0":0,"dram":185.29290771484375},"cycles":72157259406}
{"runtime":19420,"energy":{"pkg":1751.2899780273438,"pp0":0,"dram":180.79766845703125},"cycles":73517819379}
{"runtime":22136,"energy":{"pkg":1977.2526245117188,"pp0":0,"dram":213.97723388671875},"cycles":77207324116}
{"runtime":19944,"energy":{"pkg":1799.5010375976562,"pp0":0,"dram":185.44036865234375},"cycles":72094877234}
{"runtime":20095,"energy":{"pkg":1800.1355590820312,"pp0":0,"dram":221.4239501953125},"cycles":74435628171}
{"runtime":23425,"energy":{"pkg":2095.5146484375,"pp0":0,"dram":223.83758544921875},"cycles":78380026434}
{"runtime":19896,"energy":{"pkg":1793.5814819335938,"pp0":0,"dram":234.29193115234375},"cycles":72098076773}
{"runtime":23145,"energy":{"pkg":2082.2138061523438,"pp0":0,"dram":277.72857666015625},"cycles":79482879412}
{"runtime":19575,"energy":{"pkg":1761.3806762695312,"pp0":0,"dram":239.62786865234375},"cycles":71146001986}
{"runtime":20054,"energy":{"pkg":1811.6121215820312,"pp0":0,"dram":186.26409912109375},"cycles":72453872051}
{"runtime":20049,"energy":{"pkg":1802.7660522460938,"pp0":0,"dram":187.6900634765625},"cycles":74267638531}
{"runtime":19914,"energy":{"pkg":1784.822265625,"pp0":0,"dram":199.88616943359375},"cycles":73276666635}
{"runtime":19732,"energy":{"pkg":1779.1710205078125,"pp0":0,"dram":202.99310302734375},"cycles":73125396211}
{"runtime":20199,"energy":{"pkg":1814.5635986328125,"pp0":0,"dram":233.40606689453125},"cycles":63525946614}
{"runtime":20137,"energy":{"pkg":1797.5797119140625,"pp0":0,"dram":214.13665771484375},"cycles":72788151421}
{"runtime":19983,"energy":{"pkg":1799.4078979492188,"pp0":0,"dram":204.4154052734375},"cycles":74095160226}
{"runtime":20522,"energy":{"pkg":1830.9522094726562,"pp0":0,"dram":269.04058837890625},"cycles":73874999062}
{"runtime":19337,"energy":{"pkg":1741.4608764648438,"pp0":0,"dram":241.341796875},"cycles":70658616092}
{"runtime":20094,"energy":{"pkg":1804.3652954101562,"pp0":0,"dram":251.34173583984375},"cycles":72586980094}
{"runtime":20066,"energy":{"pkg":1807.9280395507812,"pp0":0,"dram":249.13677978515625},"cycles":72541059515}
{"runtime":19683,"energy":{"pkg":1773.549560546875,"pp0":0,"dram":249.23870849609375},"cycles":68602633905}
{"runtime":19941,"energy":{"pkg":1781.1853637695312,"pp0":0,"dram":252.093994140625},"cycles":69737973853}
{"runtime":19295,"energy":{"pkg":1743.4470825195312,"pp0":0,"dram":240.6483154296875},"cycles":71035652512}
{"runtime":23963,