{"runtime":466,"energy":{"pkg":16.90399169921875,"pp0":0,"dram":5.55645751953125},"cycles":1845094758}
{"runtime":508,"energy":{"pkg":17.69195556640625,"pp0":0,"dram":5.9757080078125},"cycles":1853373286}
{"runtime":463,"energy":{"pkg":16.8388671875,"pp0":0,"dram":5.5582275390625},"cycles":1851338196}
{"runtime":615,"energy":{"pkg":19.947021484375,"pp0":0,"dram":6.978271484375},"cycles":1884941274}
{"runtime":506,"energy":{"pkg":17.5999755859375,"pp0":0,"dram":5.88958740234375},"cycles":1860215668}
{"runtime":478,"energy":{"pkg":17.25445556640625,"pp0":0,"dram":5.6988525390625},"cycles":1880512416}
{"runtime":490,"energy":{"pkg":17.55804443359375,"pp0":0,"dram":5.78363037109375},"cycles":1852346596}
{"runtime":521,"energy":{"pkg":17.9818115234375,"pp0":0,"dram":6.01226806640625},"cycles":1870976045}
{"runtime":610,"energy":{"pkg":19.392578125,"pp0":0,"dram":6.85247802734375},"cycles":1828263841}
{"runtime":665,"energy":{"pkg":20.71881103515625,"pp0":0,"dram":7.4332275390625},"cycles":1897894831}
{"runtime":413,"energy":{"pkg":16.62744140625,"pp0":0,"dram":5.1729736328125},"cycles":1889452871}
{"runtime":664,"energy":{"pkg":20.86090087890625,"pp0":0,"dram":7.4149169921875},"cycles":1869192165}
{"runtime":675,"energy":{"pkg":20.83074951171875,"pp0":0,"dram":7.44378662109375},"cycles":1814692739}
{"runtime":427,"energy":{"pkg":16.18707275390625,"pp0":0,"dram":5.2823486328125},"cycles":1843872071}
{"runtime":446,"energy":{"pkg":16.91229248046875,"pp0":0,"dram":5.40655517578125},"cycles":1866389771}
{"runtime":503,"energy":{"pkg":17.5992431640625,"pp0":0,"dram":5.7841796875},"cycles":1849653269}
{"runtime":556,"energy":{"pkg":19.65374755859375,"pp0":0,"dram":6.6416015625},"cycles":1834407014}
{"runtime":522,"energy":{"pkg":17.9010009765625,"pp0":0,"dram":6.2127685546875},"cycles":1832212768}
{"runtime":496,"energy":{"pkg":17.5040283203125,"pp0":0,"dram":5.80487060546875},"cycles":1814858950}
{"runtime":499,"energy":{"pkg":18.01153564453125,"pp0":0,"dram":5.92816162109375},"cycles":2146493295}
{"runtime":475,"energy":{"pkg":17.26177978515625,"pp0":0,"dram":5.72454833984375},"cycles":1837185961}
{"runtime":444,"energy":{"pkg":16.74041748046875,"pp0":0,"dram":5.4267578125},"cycles":1845609733}
{"runtime":558,"energy":{"pkg":18.51995849609375,"pp0":0,"dram":6.40521240234375},"cycles":1828513729}
{"runtime":562,"energy":{"pkg":18.6873779296875,"pp0":0,"dram":6.498779296875},"cycles":1889851386}
{"runtime":476,"energy":{"pkg":17.26324462890625,"pp0":0,"dram":5.69903564453125},"cycles":1830354625}
{"runtime":466,"energy":{"pkg":17.25860595703125,"pp0":0,"dram":5.57550048828125},"cycles":1791475489}
{"runtime":454,"energy":{"pkg":17.30731201171875,"pp0":0,"dram":5.50506591796875},"cycles":1835374112}
{"runtime":554,"energy":{"pkg":19.03082275390625,"pp0":0,"dram":6.56488037109375},"cycles":1886898955}
{"runtime":543,"energy":{"pkg":18.7479248046875,"pp0":0,"dram":6.293701171875},"cycles":1827131866}
{"runtime":435,"energy":{"pkg":16.966552734375,"pp0":0,"dram":5.36004638671875},"cycles":1879168068}
{"runtime":463,"energy":{"pkg":17.63934326171875,"pp0":0,"dram":5.65667724609375},"cycles":1919460900}
{"runtime":455,"energy":{"pkg":17.2452392578125,"pp0":0,"dram":5.5113525390625},"cycles":1911032018}
{"runtime":567,"energy":{"pkg":18.721923828125,"pp0":0,"dram":6.50103759765625},"cycles":1861365576}
{"runtime":631,"energy":{"pkg":19.82269287109375,"pp0":0,"dram":7.1129150390625},"cycles":1773342799}
{"runtime":449,"energy":{"pkg":16.7626953125,"pp0":0,"dram":5.4603271484375},"cycles":1809714092}
{"runtime":448,"energy":{"pkg":17.557861328125,"pp0":0,"dram":5.53240966796875},"cycles":2011551764}
{"runtime":511,"energy":{"pkg":17.8916015625,"pp0":0,"dram":6.02447509765625},"cycles":1805449523}
{"runtime":518,"energy":{"pkg":18.68017578125,"pp0":0,"dram":6.46453857421875},"cycles":1856447638}
{"runtime":685,"energy":{"pkg":21.00946044921875,"pp0":0,"dram":7.57305908203125},"cycles":1838734238}
{"runtime":488,"energy":{"pkg":17.75152587890625,"pp0":0,"dram":5.8636474609375},"cycles":1876683901}
{"runtime":517,"energy":{"pkg":18.4246826171875,"pp0":0,"dram":6.3160400390625},"cycles":1851885461}
{"runtime":542,"energy":{"pkg":18.51226806640625,"pp0":0,"dram":6.41839599609375},"cycles":1915759756}
{"runtime":519,"energy":{"pkg":18.08709716796875,"pp0":0,"dram":6.0367431640625},"cycles":1853761321}
{"runtime":510,"energy":{"pkg":17.34564208984375,"pp0":0,"dram":5.9234619140625},"cycles":1852839870}
{"runtime":497,"energy":{"pkg":17.904296875,"pp0":0,"dram":5.93841552734375},"cycles":1954852649}
{"runtime":465,"energy":{"pkg":17.75628662109375,"pp0":0,"dram":5.6260986328125},"cycles":1888351625}
{"runtime":480,"energy":{"pkg":17.83673095703125,"pp0":0,"dram":5.78326416015625},"cycles":1913416201}
{"runtime":525,"energy":{"pkg":18.66845703125,"pp0":0,"dram":6.371337890625},"cycles":1865198856}
{"runtime":459,"energy":{"pkg":17.26080322265625,"pp0":0,"dram":5.56982421875},"cycles":1858023310}
{"runtime":473,"energy":{"pkg":17.5823974609375,"pp0":0,"dram":5.77593994140625},"cycles":2087470539}
{"runtime":437,"energy":{"pkg":16.837158203125,"pp0":0,"dram":5.350830078125},"cycles":1881422940}
{"runtime":613,"energy":{"pkg":20.0408935546875,"pp0":0,"dram":7.0421142578125},"cycles":1894839370}
{"runtime":476,"energy":{"pkg":17.720947265625,"pp0":0,"dram":5.68890380859375},"cycles":1867386100}
{"runtime":477,"energy":{"pkg":17.59197998046875,"pp0":0,"dram":5.744873046875},"cycles":1954110417}
{"runtime":464,"energy":{"pkg":17.78900146484375,"pp0":0,"dram":5.9051513671875},"cycles":1880677323}
{"runtime":523,"energy":{"pkg":18.24114990234375,"pp0":0,"dram":6.289794921875},"cycles":1875871309}
{"runtime":515,"energy":{"pkg":18.5767822265625,"pp0":0,"dram":6.34063720703125},"cycles":1841218065}
{"runtime":536,"energy":{"pkg":18.33489990234375,"pp0":0,"dram":6.33868408203125},"cycles":1790450147}
{"runtime":538,"energy":{"pkg":18.1085205078125,"pp0":0,"dram":6.20635986328125},"cycles":1789702198}
{"runtime":600,"energy":{"pkg":19.47088623046875,"pp0":0,"dram":6.72796630859375},"cycles":1827573199}
{"runtime":510,"energy":{"pkg":17.88470458984375,"pp0":0,"dram":5.9583740234375},"cycles":1843978013}
{"runtime":473,"energy":{"pkg":17.6710205078125,"pp0":0,"dram":5.7669677734375},"cycles":1930268429}
{"runtime":569,"energy":{"pkg":19.32281494140625,"pp0":0,"dram":6.55255126953125},"cycles":1929973923}
{"runtime":460,"energy":{"pkg":17.17041015625,"pp0":0,"dram":5.55621337890625},"cycles":1835856407}
{"runtime":685,"energy":{"pkg":20.8704833984375,"pp0":0,"dram":7.49212646484375},"cycles":1811012596}
{"runtime":576,"energy":{"pkg":19.40625,"pp0":0,"dram":6.5888671875},"cycles":1845268529}
{"runtime":573,"energy":{"pkg":19.31805419921875,"pp0":0,"dram":6.53753662109375},"cycles":2268208949}
{"runtime":477,"energy":{"pkg":17.30340576171875,"pp0":0,"dram":5.66290283203125},"cycles":1798284823}
{"runtime":474,"energy":{"pkg":17.5294189453125,"pp0":0,"dram":5.731201171875},"cycles":1928270558}
{"runtime":517,"energy":{"pkg":18.02178955078125,"pp0":0,"dram":6.0968017578125},"cycles":1838017030}
{"runtime":451,"energy":{"pkg":16.8585205078125,"pp0":0,"dram":5.59698486328125},"cycles":1859031054}
{"runtime":584,"energy":{"pkg":18.69024658203125,"pp0":0,"dram":6.6162109375},"cycles":1757911457}
{"runtime":467,"energy":{"pkg":17.3192138671875,"pp0":0,"dram":5.59722900390625},"cycles":1927316419}
{"runtime":537,"energy":{"pkg":18.4359130859375,"pp0":0,"dram":6.2747802734375},"cycles":1892043633}
{"runtime":516,"energy":{"pkg":17.88446044921875,"pp0":0,"dram":6.04461669921875},"cycles":1816603365}
{"runtime":631,"energy":{"pkg":20.02667236328125,"pp0":0,"dram":7.08966064453125},"cycles":1903358461}
{"runtime":426,"energy":{"pkg":16.4029541015625,"pp0":0,"dram":5.22113037109375},"cycles":1903640122}
{"runtime":647,"energy":{"pkg":20.304443359375,"pp0":0,"dram":7.175537109375},"cycles":1820897338}
{"runtime":624,"energy":{"pkg":19.6551513671875,"pp0":0,"dram":6.97509765625},