{"runtime":303,"energy":{"pkg":23.0823974609375,"pp0":0,"dram":3.773681640625},"cycles":15976481917}
{"runtime":308,"energy":{"pkg":23.47265625,"pp0":0,"dram":3.84527587890625},"cycles":16033384331}
{"runtime":310,"energy":{"pkg":24.30126953125,"pp0":0,"dram":4.70758056640625},"cycles":15059226094}
{"runtime":322,"energy":{"pkg":24.98431396484375,"pp0":0,"dram":5.16259765625},"cycles":15414723303}
{"runtime":312,"energy":{"pkg":24.49609375,"pp0":0,"dram":4.06732177734375},"cycles":15125411263}
{"runtime":309,"energy":{"pkg":24.38421630859375,"pp0":0,"dram":4.0526123046875},"cycles":15112732705}
{"runtime":317,"energy":{"pkg":25.2943115234375,"pp0":0,"dram":4.12908935546875},"cycles":14800537141}
{"runtime":321,"energy":{"pkg":25.613525390625,"pp0":0,"dram":4.1729736328125},"cycles":14927831204}
{"runtime":318,"energy":{"pkg":25.78912353515625,"pp0":0,"dram":4.1796875},"cycles":14409075876}
{"runtime":328,"energy":{"pkg":27.43597412109375,"pp0":0,"dram":5.029052734375},"cycles":13529480129}
{"runtime":320,"energy":{"pkg":26.82904052734375,"pp0":0,"dram":4.88238525390625},"cycles":13656108779}
{"runtime":349,"energy":{"pkg":28.88262939453125,"pp0":0,"dram":5.0517578125},"cycles":14100350816}
{"runtime":340,"energy":{"pkg":28.39117431640625,"pp0":0,"dram":4.46826171875},"cycles":13692904514}
{"runtime":338,"energy":{"pkg":29.07696533203125,"pp0":0,"dram":5.11468505859375},"cycles":12947447709}
{"runtime":356,"energy":{"pkg":30.45831298828125,"pp0":0,"dram":5.4976806640625},"cycles":13326166671}
{"runtime":316,"energy":{"pkg":27.34454345703125,"pp0":0,"dram":4.19427490234375},"cycles":12367814213}
{"runtime":342,"energy":{"pkg":29.4000244140625,"pp0":0,"dram":4.42431640625},"cycles":13057666269}
{"runtime":336,"energy":{"pkg":28.8621826171875,"pp0":0,"dram":4.4083251953125},"cycles":12868000730}
{"runtime":316,"energy":{"pkg":27.55169677734375,"pp0":0,"dram":4.30364990234375},"cycles":12442609512}
{"runtime":313,"energy":{"pkg":27.1826171875,"pp0":0,"dram":4.17120361328125},"cycles":12462961527}
{"runtime":306,"energy":{"pkg":26.6435546875,"pp0":0,"dram":4.013671875},"cycles":12222122122}
{"runtime":306,"energy":{"pkg":26.53704833984375,"pp0":0,"dram":4.036376953125},"cycles":12180375020}
{"runtime":321,"energy":{"pkg":27.89764404296875,"pp0":0,"dram":4.26031494140625},"cycles":12531738719}
{"runtime":342,"energy":{"pkg":29.56134033203125,"pp0":0,"dram":4.3868408203125},"cycles":13039849632}
{"runtime":311,"energy":{"pkg":27.04278564453125,"pp0":0,"dram":3.00665283203125},"cycles":12337854392}
{"runtime":319,"energy":{"pkg":27.80145263671875,"pp0":0,"dram":4.2724609375},"cycles":12419055157}
{"runtime":305,"energy":{"pkg":26.62823486328125,"pp0":0,"dram":4.144775390625},"cycles":12174854433}
{"runtime":337,"energy":{"pkg":29.0328369140625,"pp0":0,"dram":4.410400390625},"cycles":12914850765}
{"runtime":302,"energy":{"pkg":26.389892578125,"pp0":0,"dram":4.02703857421875},"cycles":12084383385}
{"runtime":324,"energy":{"pkg":28.02227783203125,"pp0":0,"dram":4.2550048828125},"cycles":12623035960}
{"runtime":312,"energy":{"pkg":27.0526123046875,"pp0":0,"dram":4.61016845703125},"cycles":12293239167}
{"runtime":304,"energy":{"pkg":26.51361083984375,"pp0":0,"dram":4.0447998046875},"cycles":12371620255}
{"runtime":333,"energy":{"pkg":28.76873779296875,"pp0":0,"dram":4.42169189453125},"cycles":12738187570}
{"runtime":309,"energy":{"pkg":26.84613037109375,"pp0":0,"dram":4.12896728515625},"cycles":12260666989}
{"runtime":323,"energy":{"pkg":27.99603271484375,"pp0":0,"dram":4.27880859375},"cycles":12584358143}
{"runtime":305,"energy":{"pkg":26.7039794921875,"pp0":0,"dram":4.12548828125},"cycles":12177692173}
{"runtime":309,"energy":{"pkg":26.99560546875,"pp0":0,"dram":4.15008544921875},"cycles":12351993472}
{"runtime":358,"energy":{"pkg":30.6280517578125,"pp0":0,"dram":5.1759033203125},"cycles":13413420110}
{"runtime":323,"energy":{"pkg":27.92706298828125,"pp0":0,"dram":4.32135009765625},"cycles":12510945181}
{"runtime":344,"energy":{"pkg":29.594970703125,"pp0":0,"dram":4.6556396484375},"cycles":13021192384}
{"runtime":350,"energy":{"pkg":30.04974365234375,"pp0":0,"dram":5.4171142578125},"cycles":13049434466}
{"runtime":322,"energy":{"pkg":27.74993896484375,"pp0":0,"dram":4.76690673828125},"cycles":12716333984}
{"runtime":311,"energy":{"pkg":27.12371826171875,"pp0":0,"dram":4.221923828125},"cycles":12383268395}
{"runtime":317,"energy":{"pkg":27.53985595703125,"pp0":0,"dram":4.24981689453125},"cycles":12437898329}
{"runtime":309,"energy":{"pkg":26.89208984375,"pp0":0,"dram":4.1591796875},"cycles":12239267675}
{"runtime":302,"energy":{"pkg":26.38848876953125,"pp0":0,"dram":4.06903076171875},"cycles":12124974172}
{"runtime":315,"energy":{"pkg":27.4613037109375,"pp0":0,"dram":4.20770263671875},"cycles":12367414993}
{"runtime":314,"energy":{"pkg":27.5970458984375,"pp0":0,"dram":4.16552734375},"cycles":12043463629}
{"runtime":361,"energy":{"pkg":31.26947021484375,"pp0":0,"dram":4.96136474609375},"cycles":13219751582}
{"runtime":312,"energy":{"pkg":27.5068359375,"pp0":0,"dram":4.2144775390625},"cycles":12042710102}
{"runtime":307,"energy":{"pkg":26.98590087890625,"pp0":0,"dram":4.0845947265625},"cycles":11876345391}
{"runtime":317,"energy":{"pkg":27.83477783203125,"pp0":0,"dram":4.27105712890625},"cycles":12050748147}
{"runtime":305,"energy":{"pkg":26.8983154296875,"pp0":0,"dram":4.118896484375},"cycles":11879258640}
{"runtime":300,"energy":{"pkg":26.548095703125,"pp0":0,"dram":4.03167724609375},"cycles":11738297055}
{"runtime":317,"energy":{"pkg":27.77874755859375,"pp0":0,"dram":4.19073486328125},"cycles":12086064859}
{"runtime":317,"energy":{"pkg":27.658935546875,"pp0":0,"dram":4.29119873046875},"cycles":12115375506}
{"runtime":302,"energy":{"pkg":26.58001708984375,"pp0":0,"dram":4.12353515625},"cycles":11640041455}
{"runtime":318,"energy":{"pkg":27.76251220703125,"pp0":0,"dram":4.31219482421875},"cycles":12012684268}
{"runtime":313,"energy":{"pkg":27.46832275390625,"pp0":0,"dram":4.26983642578125},"cycles":11962632613}
{"runtime":314,"energy":{"pkg":27.64794921875,"pp0":0,"dram":4.17913818359375},"cycles":12074860843}
{"runtime":311,"energy":{"pkg":27.32440185546875,"pp0":0,"dram":4.14483642578125},"cycles":11945265200}
{"runtime":303,"energy":{"pkg":26.96270751953125,"pp0":0,"dram":4.07196044921875},"cycles":11423529282}
{"runtime":314,"energy":{"pkg":27.88250732421875,"pp0":0,"dram":4.5703125},"cycles":11816995959}
{"runtime":369,"energy":{"pkg":32.34375,"pp0":0,"dram":4.87469482421875},"cycles":12879214596}
{"runtime":391,"energy":{"pkg":34.02508544921875,"pp0":0,"dram":5.8887939453125},"cycles":13083806963}
{"runtime":324,"energy":{"pkg":28.773681640625,"pp0":0,"dram":4.37255859375},"cycles":11959655081}
{"runtime":370,"energy":{"pkg":32.5206298828125,"pp0":0,"dram":4.92327880859375},"cycles":13159858099}
{"runtime":358,"energy":{"pkg":31.45428466796875,"pp0":0,"dram":5.83685302734375},"cycles":12607709361}
{"runtime":324,"energy":{"pkg":28.7159423828125,"pp0":0,"dram":4.30621337890625},"cycles":11932529799}
{"runtime":316,"energy":{"pkg":28.10455322265625,"pp0":0,"dram":4.224853515625},"cycles":11783979369}
{"runtime":326,"energy":{"pkg":28.8323974609375,"pp0":0,"dram":4.30718994140625},"cycles":11996372017}
{"runtime":338,"energy":{"pkg":29.72442626953125,"pp0":0,"dram":4.44366455078125},"cycles":12284763555}
{"runtime":309,"energy":{"pkg":27.54803466796875,"pp0":0,"dram":4.17730712890625},"cycles":11570402149}
{"runtime":361,"energy":{"pkg":31.51025390625,"pp0":0,"dram":6.080322265625},"cycles":12757694737}
{"runtime":340,"energy":{"pkg":30.07501220703125,"pp0":0,"dram":4.51007080078125},"cycles":12366472792}
{"runtime":339,"energy":{"pkg":29.845947265625,"pp0":0,"dram":5.43914794921875},"cycles":12382202771}
{"runtime":311,"energy":{"pkg":27.82916259765625,"pp0":0,"dram":4.24432373046875},"cycles":11659619503}
{"runtime":310,"energy":{"pkg":27.726806640625,"pp0":0,"dram":3.04437255859375},"cycles":11634229518}
{"runtime":363,"energy":{"pkg":31.81134033203125,