{"runtime":21912,"energy":{"pkg":1699.9014892578125,"pp0":0,"dram":308.95013427734375},"cycles":938162265936}
{"runtime":21882,"energy":{"pkg":1708.3867797851562,"pp0":0,"dram":307.38482666015625},"cycles":941933051892}
{"runtime":21837,"energy":{"pkg":1705.6934204101562,"pp0":0,"dram":309.96026611328125},"cycles":940366782957}
{"runtime":21624,"energy":{"pkg":1694.2162475585938,"pp0":0,"dram":307.846923828125},"cycles":937826720502}
{"runtime":21772,"energy":{"pkg":1700.3826904296875,"pp0":0,"dram":307.3607177734375},"cycles":935156685498}
{"runtime":21520,"energy":{"pkg":1699.7388305664062,"pp0":0,"dram":306.08319091796875},"cycles":939205030764}
{"runtime":22018,"energy":{"pkg":1709.6119995117188,"pp0":0,"dram":309.30267333984375},"cycles":930549362841}
{"runtime":21573,"energy":{"pkg":1696.785400390625,"pp0":0,"dram":307.44732666015625},"cycles":928362586536}
{"runtime":22497,"energy":{"pkg":1734.232421875,"pp0":0,"dram":312.992431640625},"cycles":945444836364}
{"runtime":21731,"energy":{"pkg":1730.2202758789062,"pp0":0,"dram":308.22796630859375},"cycles":950500284300}
{"runtime":21549,"energy":{"pkg":1707.1559448242188,"pp0":0,"dram":306.52581787109375},"cycles":931464260517}
{"runtime":21963,"energy":{"pkg":1725.953369140625,"pp0":0,"dram":311.0523681640625},"cycles":946032267285}
{"runtime":22015,"energy":{"pkg":1722.3425903320312,"pp0":0,"dram":313.7037353515625},"cycles":934009206816}
{"runtime":21569,"energy":{"pkg":1702.8028564453125,"pp0":0,"dram":310.56707763671875},"cycles":914031363063}
{"runtime":21412,"energy":{"pkg":1692.4622802734375,"pp0":0,"dram":304.60467529296875},"cycles":918312950562}
{"runtime":21900,"energy":{"pkg":1719.2965087890625,"pp0":0,"dram":311.6431884765625},"cycles":939639464715}
{"runtime":21913,"energy":{"pkg":1723.3234252929688,"pp0":0,"dram":310.20574951171875},"cycles":945671106198}
{"runtime":22121,"energy":{"pkg":1717.9297485351562,"pp0":0,"dram":313.26953125},"cycles":947290095864}
{"runtime":21829,"energy":{"pkg":1725.34521484375,"pp0":0,"dram":309.925048828125},"cycles":947800385343}
{"runtime":21875,"energy":{"pkg":1720.39599609375,"pp0":0,"dram":310.960693359375},"cycles":940915484901}
{"runtime":21996,"energy":{"pkg":1718.424072265625,"pp0":0,"dram":312.38397216796875},"cycles":951583279374}
