{"runtime":96565,"energy":{"pkg":9936.135437011719,"pp0":0,"dram":881.8140258789062},"cycles":6225784409628}
{"runtime":95507,"energy":{"pkg":9869.409240722656,"pp0":0,"dram":869.55029296875},"cycles":6211978001544}
{"runtime":97897,"energy":{"pkg":10071.454956054688,"pp0":0,"dram":887.5975952148438},"cycles":6318874808043}
{"runtime":96880,"energy":{"pkg":9948.46337890625,"pp0":0,"dram":882.3074340820312},"cycles":6251706907488}
{"runtime":96365,"energy":{"pkg":9917.945617675781,"pp0":0,"dram":883.0636596679688},"cycles":6226950677808}
{"runtime":96369,"energy":{"pkg":9914.42041015625,"pp0":0,"dram":879.4580688476562},"cycles":6225171305682}
{"runtime":96849,"energy":{"pkg":9966.047119140625,"pp0":0,"dram":882.5646362304688},"cycles":6252166759986}
{"runtime":96962,"energy":{"pkg":9932.487182617188,"pp0":0,"dram":878.6921997070312},"cycles":6234731833995}
{"runtime":96235,"energy":{"pkg":9873.323181152344,"pp0":0,"dram":875.650146484375},"cycles":6214181888334}
{"runtime":95067,"energy":{"pkg":9827.456298828125,"pp0":0,"dram":874.019287109375},"cycles":6198889821516}
{"runtime":96522,"energy":{"pkg":9915.509765625,"pp0":0,"dram":885.0388793945312},"cycles":6227606087262}
{"runtime":96105,"energy":{"pkg":9879.823974609375,"pp0":0,"dram":884.40087890625},"cycles":6206673176487}
{"runtime":96262,"energy":{"pkg":9918.940490722656,"pp0":0,"dram":874.9873046875},"cycles":6231897796341}
{"runtime":96308,"energy":{"pkg":9839.830200195312,"pp0":0,"dram":870.9719848632812},"cycles":6204994981521}
{"runtime":96383,"energy":{"pkg":9865.418640136719,"pp0":0,"dram":874.4432983398438},"cycles":6224174096763}
{"runtime":96243,"energy":{"pkg":9822.341857910156,"pp0":0,"dram":880.247314453125},"cycles":6213144968037}
{"runtime":96907,"energy":{"pkg":9917.1123046875,"pp0":0,"dram":886.4574584960938},"cycles":6214755233589}
{"runtime":95809,"energy":{"pkg":9885.161926269531,"pp0":0,"dram":876.2926635742188},"cycles":6237252241311}
{"runtime":96501,"energy":{"pkg":9892.73583984375,"pp0":0,"dram":873.9807739257812},"cycles":6203778729729}
{"runtime":95927,"energy":{"pkg":9917.39697265625,"pp0":0,"dram":870.44384765625},"cycles":6242756227827}
{"runtime":96110,"energy":{"pkg":9889.492858886719,"pp0":0,"dram":876.8853149414062},"cycles":6193149266640}
