{"runtime":55379,"energy":{"pkg":2178.794189453125,"pp0":0,"dram":410.87713623046875},"cycles":115892552307}
{"runtime":54674,"energy":{"pkg":2133.6465454101562,"pp0":0,"dram":406.442138671875},"cycles":114451370103}
{"runtime":54506,"energy":{"pkg":2137.8562622070312,"pp0":0,"dram":403.7373046875},"cycles":114093371511}
{"runtime":54006,"energy":{"pkg":2117.2908935546875,"pp0":0,"dram":398.39422607421875},"cycles":113016459612}
{"runtime":54743,"energy":{"pkg":2124.4248046875,"pp0":0,"dram":403.91717529296875},"cycles":114539575731}
{"runtime":54298,"energy":{"pkg":2113.9055786132812,"pp0":0,"dram":399.9029541015625},"cycles":113611765932}
{"runtime":54375,"energy":{"pkg":2105.6465454101562,"pp0":0,"dram":401.21142578125},"cycles":113772611106}
{"runtime":54953,"energy":{"pkg":2112.9688720703125,"pp0":0,"dram":406.88970947265625},"cycles":114979988802}
{"runtime":54932,"energy":{"pkg":2110.3031616210938,"pp0":0,"dram":407.2825927734375},"cycles":114963471630}
{"runtime":55383,"energy":{"pkg":2126.630859375,"pp0":0,"dram":409.546142578125},"cycles":115901447928}
{"runtime":54863,"energy":{"pkg":2105.2318725585938,"pp0":0,"dram":405.06597900390625},"cycles":114827772549}
{"runtime":54727,"energy":{"pkg":2098.0451049804688,"pp0":0,"dram":403.12408447265625},"cycles":114516945081}
{"runtime":53889,"energy":{"pkg":2085.2337036132812,"pp0":0,"dram":396.75616455078125},"cycles":112762740804}
{"runtime":54176,"energy":{"pkg":2097.729248046875,"pp0":0,"dram":398.33502197265625},"cycles":113361480204}
{"runtime":54845,"energy":{"pkg":2103.0123901367188,"pp0":0,"dram":403.81646728515625},"cycles":114762328527}
{"runtime":54786,"energy":{"pkg":2106.899658203125,"pp0":0,"dram":403.3455810546875},"cycles":114686223771}
{"runtime":53996,"energy":{"pkg":2086.737060546875,"pp0":0,"dram":398.2781982421875},"cycles":113013058494}
{"runtime":54248,"energy":{"pkg":2097.1656494140625,"pp0":0,"dram":400.2559814453125},"cycles":113520696471}
{"runtime":53849,"energy":{"pkg":2085.1748046875,"pp0":0,"dram":396.76837158203125},"cycles":112679528640}
{"runtime":54282,"energy":{"pkg":2103.2980346679688,"pp0":0,"dram":400.33349609375},"cycles":113583175986}
{"runtime":55276,"energy":{"pkg":2121.7210083007812,"pp0":0,"dram":407.10467529296875},"cycles":115661854413}
