{"runtime":13521,"energy":{"pkg":1300.5568237304688,"pp0":0,"dram":278.594970703125},"cycles":826689373167}
{"runtime":13476,"energy":{"pkg":1299.833251953125,"pp0":0,"dram":278.2398681640625},"cycles":826173339831}
{"runtime":13582,"energy":{"pkg":1314.2259521484375,"pp0":0,"dram":281.166015625},"cycles":828860591874}
{"runtime":13462,"energy":{"pkg":1301.1343994140625,"pp0":0,"dram":278.5513916015625},"cycles":824006249892}
{"runtime":13704,"energy":{"pkg":1316.0499267578125,"pp0":0,"dram":280.5965576171875},"cycles":826196010381}
{"runtime":13587,"energy":{"pkg":1313.900146484375,"pp0":0,"dram":278.8033447265625},"cycles":826124182506}
{"runtime":13465,"energy":{"pkg":1309.8848266601562,"pp0":0,"dram":278.15570068359375},"cycles":823427529792}
{"runtime":13633,"energy":{"pkg":1318.52978515625,"pp0":0,"dram":279.8895263671875},"cycles":827744737008}
{"runtime":13503,"energy":{"pkg":1309.6735229492188,"pp0":0,"dram":280.178955078125},"cycles":825958901943}
{"runtime":13554,"energy":{"pkg":1318.5109252929688,"pp0":0,"dram":280.59228515625},"cycles":828595986771}
{"runtime":13570,"energy":{"pkg":1316.8898315429688,"pp0":0,"dram":279.77978515625},"cycles":825860456295}
{"runtime":13551,"energy":{"pkg":1317.2783813476562,"pp0":0,"dram":279.839111328125},"cycles":826313879391}
{"runtime":13704,"energy":{"pkg":1316.79638671875,"pp0":0,"dram":280.7926025390625},"cycles":827540269458}
{"runtime":13670,"energy":{"pkg":1322.2533569335938,"pp0":0,"dram":280.63836669921875},"cycles":830638286184}
{"runtime":13594,"energy":{"pkg":1310.4185791015625,"pp0":0,"dram":280.42535400390625},"cycles":826644346479}
{"runtime":13492,"energy":{"pkg":1310.688720703125,"pp0":0,"dram":279.5167236328125},"cycles":826146016668}
{"runtime":13625,"energy":{"pkg":1326.794677734375,"pp0":0,"dram":280.08050537109375},"cycles":830174833551}
{"runtime":13639,"energy":{"pkg":1331.9671630859375,"pp0":0,"dram":281.04425048828125},"cycles":834485750532}
{"runtime":13751,"energy":{"pkg":1324.0225219726562,"pp0":0,"dram":281.13275146484375},"cycles":827537998875}
{"runtime":13566,"energy":{"pkg":1321.5142211914062,"pp0":0,"dram":282.50408935546875},"cycles":826418322303}
{"runtime":13495,"energy":{"pkg":1319.6453857421875,"pp0":0,"dram":279.677978515625},"cycles":828895613469}
