{"runtime":54411,"energy":{"pkg":5664.886535644531,"pp0":0,"dram":500.1614990234375},"cycles":3617716795329}
{"runtime":55088,"energy":{"pkg":5793.724426269531,"pp0":0,"dram":506.480224609375},"cycles":3661216654935}
{"runtime":54450,"energy":{"pkg":5672.374267578125,"pp0":0,"dram":500.0577392578125},"cycles":3622451210385}
{"runtime":54453,"energy":{"pkg":5676.783142089844,"pp0":0,"dram":496.69171142578125},"cycles":3619630818867}
{"runtime":54751,"energy":{"pkg":5702.3262939453125,"pp0":0,"dram":498.05731201171875},"cycles":3636723032019}
{"runtime":54782,"energy":{"pkg":5704.38134765625,"pp0":0,"dram":500.1605224609375},"cycles":3641694135576}
{"runtime":54479,"energy":{"pkg":5672.139343261719,"pp0":0,"dram":501.16217041015625},"cycles":3622842052032}
{"runtime":54843,"energy":{"pkg":5710.7430419921875,"pp0":0,"dram":505.70245361328125},"cycles":3641243335947}
{"runtime":54526,"energy":{"pkg":5681.865539550781,"pp0":0,"dram":503.0064697265625},"cycles":3620755302087}
{"runtime":54813,"energy":{"pkg":5707.76904296875,"pp0":0,"dram":504.50799560546875},"cycles":3642611912121}
{"runtime":54998,"energy":{"pkg":5744.4468994140625,"pp0":0,"dram":506.86944580078125},"cycles":3655468816545}
{"runtime":54418,"energy":{"pkg":5667.2161865234375,"pp0":0,"dram":502.8023681640625},"cycles":3620527658769}
{"runtime":54893,"energy":{"pkg":5716.460876464844,"pp0":0,"dram":506.35870361328125},"cycles":3645542643225}
{"runtime":54839,"energy":{"pkg":5710.4249267578125,"pp0":0,"dram":503.760986328125},"cycles":3644069275035}
{"runtime":54346,"energy":{"pkg":5659.820007324219,"pp0":0,"dram":499.224609375},"cycles":3609929136471}
{"runtime":54746,"energy":{"pkg":5705.983215332031,"pp0":0,"dram":506.12640380859375},"cycles":3639425231736}
{"runtime":54443,"energy":{"pkg":5671.28564453125,"pp0":0,"dram":504.095703125},"cycles":3618625890243}
{"runtime":54524,"energy":{"pkg":5707.205017089844,"pp0":0,"dram":504.46356201171875},"cycles":3625690254942}
{"runtime":54946,"energy":{"pkg":5724.7042236328125,"pp0":0,"dram":509.24774169921875},"cycles":3648547397229}
{"runtime":54407,"energy":{"pkg":5666.977722167969,"pp0":0,"dram":502.60491943359375},"cycles":3618165853764}
{"runtime":54978,"energy":{"pkg":5724.9691162109375,"pp0":0,"dram":507.063232421875},"cycles":3646375632984}
