{"runtime":446094,"energy":{"pkg":17285.860717773438,"pp0":0,"dram":3286.7135620117188},"cycles":933239966274}
{"runtime":448310,"energy":{"pkg":17430.279174804688,"pp0":0,"dram":3300.65771484375},"cycles":937867047999}
{"runtime":447033,"energy":{"pkg":17581.30645751953,"pp0":0,"dram":3292.6342163085938},"cycles":935234191479}
{"runtime":447590,"energy":{"pkg":17410.809631347656,"pp0":0,"dram":3291.4594116210938},"cycles":936383304843}
{"runtime":444932,"energy":{"pkg":17352.395141601562,"pp0":0,"dram":3276.3268432617188},"cycles":930670379520}
{"runtime":445794,"energy":{"pkg":17335.02362060547,"pp0":0,"dram":3264.3424682617188},"cycles":932407642467}
{"runtime":435993,"energy":{"pkg":17245.078979492188,"pp0":0,"dram":3261.834716796875},"cycles":912014345928}
{"runtime":445517,"energy":{"pkg":17674.38104248047,"pp0":0,"dram":3272.2420654296875},"cycles":932008870464}
{"runtime":446354,"energy":{"pkg":17336.72686767578,"pp0":0,"dram":3270.6055908203125},"cycles":933792165033}
{"runtime":445315,"energy":{"pkg":17241.149780273438,"pp0":0,"dram":3271.867431640625},"cycles":931964145315}
{"runtime":439695,"energy":{"pkg":17069.11846923828,"pp0":0,"dram":3236.272216796875},"cycles":920203053882}
{"runtime":449089,"energy":{"pkg":17511.88201904297,"pp0":0,"dram":3299.9097290039062},"cycles":939585048003}
{"runtime":436601,"energy":{"pkg":17072.805908203125,"pp0":0,"dram":3203.2364501953125},"cycles":913522987125}
{"runtime":447587,"energy":{"pkg":17411.07452392578,"pp0":0,"dram":3292.1965942382812},"cycles":936494289402}
{"runtime":449464,"energy":{"pkg":17462.821533203125,"pp0":0,"dram":3316.223876953125},"cycles":940232841870}
{"runtime":454224,"energy":{"pkg":17693.36834716797,"pp0":0,"dram":3345.5806274414062},"cycles":950239960866}
{"runtime":450072,"energy":{"pkg":17613.264282226562,"pp0":0,"dram":3304.8446655273438},"cycles":941589289746}
{"runtime":442471,"energy":{"pkg":17423.21014404297,"pp0":0,"dram":3265.0888061523438},"cycles":925797789378}
{"runtime":449827,"energy":{"pkg":17636.264404296875,"pp0":0,"dram":3305.3985595703125},"cycles":941000437356}
{"runtime":445967,"energy":{"pkg":17356.30712890625,"pp0":0,"dram":3296.8043823242188},"cycles":932975205309}
{"runtime":446169,"energy":{"pkg":17411.497192382812,"pp0":0,"dram":3300.2196044921875},"cycles":933412733127}
