{"runtime":8466,"energy":{"pkg":344.85748291015625,"pp0":0,"dram":75.8065185546875},"cycles":48409135509}
{"runtime":7704,"energy":{"pkg":346.17828369140625,"pp0":0,"dram":71.5849609375},"cycles":47279573523}
{"runtime":8613,"energy":{"pkg":347.8568115234375,"pp0":0,"dram":76.59466552734375},"cycles":43310806077}
{"runtime":7637,"energy":{"pkg":327.22991943359375,"pp0":0,"dram":70.79046630859375},"cycles":47449259718}
{"runtime":7823,"energy":{"pkg":334.59600830078125,"pp0":0,"dram":70.28973388671875},"cycles":45114944007}
{"runtime":7143,"energy":{"pkg":323.2310791015625,"pp0":0,"dram":65.074951171875},"cycles":38053003716}
{"runtime":7194,"energy":{"pkg":331.9984130859375,"pp0":0,"dram":66.3431396484375},"cycles":39485964168}
{"runtime":7742,"energy":{"pkg":333.26544189453125,"pp0":0,"dram":70.05621337890625},"cycles":42110660004}
{"runtime":7453,"energy":{"pkg":330.30322265625,"pp0":0,"dram":68.07745361328125},"cycles":45965953866}
{"runtime":7854,"energy":{"pkg":341.50482177734375,"pp0":0,"dram":73.04461669921875},"cycles":47131308798}
{"runtime":7219,"energy":{"pkg":329.67529296875,"pp0":0,"dram":67.17156982421875},"cycles":40772433996}
{"runtime":8463,"energy":{"pkg":353.578369140625,"pp0":0,"dram":76.40625},"cycles":47943064953}
{"runtime":7053,"energy":{"pkg":325.9024658203125,"pp0":0,"dram":65.3519287109375},"cycles":39540997923}
{"runtime":7061,"energy":{"pkg":322.17254638671875,"pp0":0,"dram":64.7952880859375},"cycles":39376194837}
{"runtime":7275,"energy":{"pkg":330.3604736328125,"pp0":0,"dram":67.27069091796875},"cycles":38849843529}
{"runtime":8209,"energy":{"pkg":336.479248046875,"pp0":0,"dram":74.89404296875},"cycles":47881861860}
{"runtime":7939,"energy":{"pkg":337.0906982421875,"pp0":0,"dram":74.41046142578125},"cycles":45828023745}
{"runtime":8410,"energy":{"pkg":347.13311767578125,"pp0":0,"dram":75.2652587890625},"cycles":47541515301}
{"runtime":7960,"energy":{"pkg":337.396728515625,"pp0":0,"dram":72.3751220703125},"cycles":47260056753}
{"runtime":9137,"energy":{"pkg":364.8187255859375,"pp0":0,"dram":82.54736328125},"cycles":50282780520}
{"runtime":8465,"energy":{"pkg":342.68048095703125,"pp0":0,"dram":75.90313720703125},"cycles":48475092435}
