{"runtime":990,"energy":{"pkg":89.7381591796875,"pp0":0,"dram":15.26708984375},"cycles":22137074521}
{"runtime":1028,"energy":{"pkg":93.59674072265625,"pp0":0,"dram":15.90179443359375},"cycles":23614843371}
{"runtime":978,"energy":{"pkg":89.466796875,"pp0":0,"dram":15.825927734375},"cycles":24686281965}
{"runtime":958,"energy":{"pkg":87.75927734375,"pp0":0,"dram":14.610595703125},"cycles":23619828442}
{"runtime":913,"energy":{"pkg":83.39190673828125,"pp0":0,"dram":13.8192138671875},"cycles":22892194783}
{"runtime":923,"energy":{"pkg":84.3822021484375,"pp0":0,"dram":14.16015625},"cycles":23462940807}
{"runtime":895,"energy":{"pkg":82.55999755859375,"pp0":0,"dram":14.633056640625},"cycles":22670403731}
{"runtime":926,"energy":{"pkg":84.7969970703125,"pp0":0,"dram":14.200439453125},"cycles":23198034852}
{"runtime":917,"energy":{"pkg":84.71734619140625,"pp0":0,"dram":14.71356201171875},"cycles":23351333769}
{"runtime":1013,"energy":{"pkg":91.93939208984375,"pp0":0,"dram":15.9344482421875},"cycles":23828650685}
{"runtime":1031,"energy":{"pkg":94.06414794921875,"pp0":0,"dram":18.48583984375},"cycles":23911100192}
{"runtime":938,"energy":{"pkg":85.98492431640625,"pp0":0,"dram":14.96240234375},"cycles":22085084417}
{"runtime":943,"energy":{"pkg":86.04351806640625,"pp0":0,"dram":17.217041015625},"cycles":23220060840}
{"runtime":950,"energy":{"pkg":86.9632568359375,"pp0":0,"dram":16.09075927734375},"cycles":22215653234}
{"runtime":940,"energy":{"pkg":85.82391357421875,"pp0":0,"dram":14.100341796875},"cycles":22877490595}
{"runtime":926,"energy":{"pkg":84.6580810546875,"pp0":0,"dram":16.10333251953125},"cycles":22175036167}
{"runtime":994,"energy":{"pkg":89.72882080078125,"pp0":0,"dram":15.22161865234375},"cycles":23768632644}
{"runtime":929,"energy":{"pkg":85.1180419921875,"pp0":0,"dram":16.85498046875},"cycles":22755867161}
{"runtime":999,"energy":{"pkg":90.26092529296875,"pp0":0,"dram":17.01055908203125},"cycles":23529789411}
{"runtime":1007,"energy":{"pkg":90.4417724609375,"pp0":0,"dram":17.31689453125},"cycles":23506068561}
{"runtime":963,"energy":{"pkg":88.24212646484375,"pp0":0,"dram":16.80535888671875},"cycles":22531441080}
{"runtime":1050,"energy":{"pkg":94.70074462890625,"pp0":0,"dram":16.3931884765625},"cycles":25102943414}
{"runtime":999,"energy":{"pkg":91.4327392578125,"pp0":0,"dram":17.59197998046875},"cycles":23798897468}
{"runtime":921,"energy":{"pkg":83.93963623046875,"pp0":0,"dram":15.81781005859375},"cycles":22944528514}
{"runtime":984,"energy":{"pkg":89.915283203125,"pp0":0,"dram":16.51153564453125},"cycles":24146772396}
{"runtime":997,"energy":{"pkg":90.3111572265625,"pp0":0,"dram":16.85504150390625},"cycles":23605348526}
{"runtime":988,"energy":{"pkg":90.176025390625,"pp0":0,"dram":17.69775390625},"cycles":23350578187}
{"runtime":1008,"energy":{"pkg":91.4599609375,"pp0":0,"dram":18.54669189453125},"cycles":23672039392}
{"runtime":1038,"energy":{"pkg":93.50982666015625,"pp0":0,"dram":18.83001708984375},"cycles":22944172890}
{"runtime":989,"energy":{"pkg":90.0108642578125,"pp0":0,"dram":17.95452880859375},"cycles":23421178145}
{"runtime":982,"energy":{"pkg":89.43621826171875,"pp0":0,"dram":17.6463623046875},"cycles":23765856423}
{"runtime":1008,"energy":{"pkg":92.1072998046875,"pp0":0,"dram":17.41558837890625},"cycles":24534755336}
{"runtime":902,"energy":{"pkg":82.62359619140625,"pp0":0,"dram":14.59765625},"cycles":23161930318}
{"runtime":953,"energy":{"pkg":87.58929443359375,"pp0":0,"dram":16.96240234375},"cycles":23272748637}
{"runtime":967,"energy":{"pkg":88.66156005859375,"pp0":0,"dram":17.08428955078125},"cycles":22553759640}
{"runtime":968,"energy":{"pkg":88.6358642578125,"pp0":0,"dram":18.30902099609375},"cycles":23378599403}
{"runtime":996,"energy":{"pkg":90.54296875,"pp0":0,"dram":17.8255615234375},"cycles":24018184310}
{"runtime":930,"energy":{"pkg":85.63720703125,"pp0":0,"dram":16.6553955078125},"cycles":23583084829}
{"runtime":937,"energy":{"pkg":86.03375244140625,"pp0":0,"dram":17.3829345703125},"cycles":22601891443}
{"runtime":966,"energy":{"pkg":88.83441162109375,"pp0":0,"dram":18.32843017578125},"cycles":23645953086}
{"runtime":906,"energy":{"pkg":83.56878662109375,"pp0":0,"dram":16.8193359375},"cycles":22518317206}
{"runtime":900,"energy":{"pkg":82.60711669921875,"pp0":0,"dram":16.74920654296875},"cycles":23313006625}
{"runtime":1008,"energy":{"pkg":91.5128173828125,"pp0":0,"dram":19.60211181640625},"cycles":23977948879}
{"runtime":949,"energy":{"pkg":86.4967041015625,"pp0":0,"dram":19.47344970703125},"cycles":23453542263}
{"runtime":970,"energy":{"pkg":88.63250732421875,"pp0":0,"dram":17.10711669921875},"cycles":23223752812}
{"runtime":957,"energy":{"pkg":87.46044921875,"pp0":0,"dram":16.315673828125},"cycles":23396874005}
{"runtime":1008,"energy":{"pkg":91.6474609375,"pp0":0,"dram":17.96966552734375},"cycles":24545300085}
{"runtime":937,"energy":{"pkg":86.3724365234375,"pp0":0,"dram":17.24652099609375},"cycles":23940074996}
{"runtime":994,"energy":{"pkg":90.31536865234375,"pp0":0,"dram":18.756103515625},"cycles":23742941708}
{"runtime":904,"energy":{"pkg":83.0374755859375,"pp0":0,"dram":16.216552734375},"cycles":22225005252}
{"runtime":968,"energy":{"pkg":88.68621826171875,"pp0":0,"dram":17.5771484375},"cycles":24346237455}
{"runtime":921,"energy":{"pkg":84.25555419921875,"pp0":0,"dram":16.4091796875},"cycles":23121861728}
{"runtime":913,"energy":{"pkg":83.8155517578125,"pp0":0,"dram":16.174560546875},"cycles":22978945758}
{"runtime":1047,"energy":{"pkg":94.673583984375,"pp0":0,"dram":17.64111328125},"cycles":24135081481}
{"runtime":972,"energy":{"pkg":89.04156494140625,"pp0":0,"dram":15.07305908203125},"cycles":23322139390}
{"runtime":951,"energy":{"pkg":87.28955078125,"pp0":0,"dram":14.90570068359375},"cycles":22813224548}
{"runtime":970,"energy":{"pkg":89.28753662109375,"pp0":0,"dram":15.5999755859375},"cycles":23352020010}
{"runtime":975,"energy":{"pkg":89.0938720703125,"pp0":0,"dram":17.58721923828125},"cycles":23073539450}
{"runtime":973,"energy":{"pkg":88.36407470703125,"pp0":0,"dram":15.31951904296875},"cycles":23727234732}
{"runtime":1016,"energy":{"pkg":92.4461669921875,"pp0":0,"dram":18.31298828125},"cycles":23723843151}
{"runtime":966,"energy":{"pkg":88.48748779296875,"pp0":0,"dram":17.16607666015625},"cycles":23948122296}
{"runtime":948,"energy":{"pkg":87.20391845703125,"pp0":0,"dram":17.47747802734375},"cycles":23193270382}
{"runtime":921,"energy":{"pkg":84.21929931640625,"pp0":0,"dram":17.277587890625},"cycles":23469984495}
{"runtime":956,"energy":{"pkg":87.57647705078125,"pp0":0,"dram":17.979736328125},"cycles":22564947904}
{"runtime":960,"energy":{"pkg":87.94268798828125,"pp0":0,"dram":17.3206787109375},"cycles":23011852797}
{"runtime":932,"energy":{"pkg":85.44927978515625,"pp0":0,"dram":16.4144287109375},"cycles":23004948339}
{"runtime":940,"energy":{"pkg":86.2421875,"pp0":0,"dram":16.94903564453125},"cycles":23769881613}
{"runtime":935,"energy":{"pkg":85.93682861328125,"pp0":0,"dram":16.90631103515625},"cycles":22985524766}
{"runtime":916,"energy":{"pkg":83.9173583984375,"pp0":0,"dram":16.77880859375},"cycles":23462428481}
{"runtime":891,"energy":{"pkg":82.05450439453125,"pp0":0,"dram":16.2802734375},"cycles":22472263490}
{"runtime":1006,"energy":{"pkg":91.4366455078125,"pp0":0,"dram":17.97833251953125},"cycles":23177333644}
{"runtime":959,"energy":{"pkg":87.6409912109375,"pp0":0,"dram":17.21905517578125},"cycles":23069795690}
{"runtime":890,"energy":{"pkg":81.40673828125,"pp0":0,"dram":15.97540283203125},"cycles":22883269357}
{"runtime":973,"energy":{"pkg":89.09405517578125,"pp0":0,"dram":18.02056884765625},"cycles":23167831430}
{"runtime":966,"energy":{"pkg":88.19744873046875,"pp0":0,"dram":17.60772705078125},"cycles":22790813989}
{"runtime":934,"energy":{"pkg":85.314697265625,"pp0":0,"dram":17.2769775390625},"cycles":22981514940}
{"runtime":950,"energy":{"pkg":87.164794921875,"pp0":0,"dram":17.09820556640625},"cycles":22494568074}
{"runtime":1009,"energy":{"pkg":91.92474365234375,"pp0":0,