{"runtime":2349,"energy":{"pkg":197.5115966796875,"pp0":0,"dram":20.945068359375},"cycles":108670805701}
{"runtime":2428,"energy":{"pkg":200.08807373046875,"pp0":0,"dram":21.5048828125},"cycles":110102379608}
{"runtime":2370,"energy":{"pkg":198.5584716796875,"pp0":0,"dram":21.11358642578125},"cycles":109791875822}
{"runtime":2348,"energy":{"pkg":197.57623291015625,"pp0":0,"dram":20.80645751953125},"cycles":109029683329}
{"runtime":2376,"energy":{"pkg":197.68133544921875,"pp0":0,"dram":21.01171875},"cycles":109343561001}
{"runtime":2393,"energy":{"pkg":198.5189208984375,"pp0":0,"dram":21.54248046875},"cycles":109844647247}
{"runtime":2465,"energy":{"pkg":202.58355712890625,"pp0":0,"dram":21.961669921875},"cycles":109927172782}
{"runtime":2315,"energy":{"pkg":197.19110107421875,"pp0":0,"dram":20.83172607421875},"cycles":110880296984}
{"runtime":2357,"energy":{"pkg":200.7685546875,"pp0":0,"dram":20.80718994140625},"cycles":109464765733}
{"runtime":2455,"energy":{"pkg":204.25506591796875,"pp0":0,"dram":21.30999755859375},"cycles":109102907053}
{"runtime":2397,"energy":{"pkg":201.63348388671875,"pp0":0,"dram":20.7391357421875},"cycles":109771525026}
{"runtime":2302,"energy":{"pkg":199.361083984375,"pp0":0,"dram":20.22509765625},"cycles":109422033497}
{"runtime":2299,"energy":{"pkg":198.71417236328125,"pp0":0,"dram":20.27203369140625},"cycles":109187214073}
{"runtime":2414,"energy":{"pkg":200.00506591796875,"pp0":0,"dram":21.1732177734375},"cycles":109099068033}
{"runtime":2375,"energy":{"pkg":201.3111572265625,"pp0":0,"dram":20.67852783203125},"cycles":109961648781}
{"runtime":2413,"energy":{"pkg":203.108154296875,"pp0":0,"dram":21.044189453125},"cycles":108973213268}
{"runtime":2408,"energy":{"pkg":202.677978515625,"pp0":0,"dram":21.2784423828125},"cycles":109209844561}
{"runtime":2396,"energy":{"pkg":202.42694091796875,"pp0":0,"dram":21.08184814453125},"cycles":109343190355}
{"runtime":2345,"energy":{"pkg":201.59625244140625,"pp0":0,"dram":20.5849609375},"cycles":109613782567}
{"runtime":2303,"energy":{"pkg":199.95947265625,"pp0":0,"dram":20.1678466796875},"cycles":109339004294}
{"runtime":2340,"energy":{"pkg":201.50958251953125,"pp0":0,"dram":20.470458984375},"cycles":108951403623}
{"runtime":2334,"energy":{"pkg":200.56793212890625,"pp0":0,"dram":20.5848388671875},"cycles":108627162786}
{"runtime":2345,"energy":{"pkg":202.0665283203125,"pp0":0,"dram":20.51934814453125},"cycles":108730590692}
{"runtime":2416,"energy":{"pkg":203.34765625,"pp0":0,"dram":21.05426025390625},"cycles":109202230333}
{"runtime":2357,"energy":{"pkg":201.64898681640625,"pp0":0,"dram":20.4710693359375},"cycles":109750183470}
{"runtime":2366,"energy":{"pkg":201.7652587890625,"pp0":0,"dram":20.54052734375},"cycles":109253665852}
{"runtime":2342,"energy":{"pkg":201.015380859375,"pp0":0,"dram":20.4603271484375},"cycles":108607323335}
{"runtime":2319,"energy":{"pkg":201.29705810546875,"pp0":0,"dram":20.24920654296875},"cycles":109034187387}
{"runtime":2325,"energy":{"pkg":199.52099609375,"pp0":0,"dram":20.0377197265625},"cycles":109196713791}
{"runtime":2357,"energy":{"pkg":200.0325927734375,"pp0":0,"dram":20.346923828125},"cycles":109993405997}
{"runtime":2376,"energy":{"pkg":203.0755615234375,"pp0":0,"dram":20.645751953125},"cycles":109397210687}
{"runtime":2374,"energy":{"pkg":201.82318115234375,"pp0":0,"dram":20.4013671875},"cycles":108889980749}
{"runtime":2340,"energy":{"pkg":201.125,"pp0":0,"dram":20.2801513671875},"cycles":108806548431}
{"runtime":2381,"energy":{"pkg":202.6148681640625,"pp0":0,"dram":20.56744384765625},"cycles":109428831603}
{"runtime":2427,"energy":{"pkg":203.44354248046875,"pp0":0,"dram":21.0440673828125},"cycles":110357727945}
{"runtime":2467,"energy":{"pkg":203.961669921875,"pp0":0,"dram":21.370361328125},"cycles":109616787932}
{"runtime":2297,"energy":{"pkg":199.44415283203125,"pp0":0,"dram":20.01910400390625},"cycles":108988824254}
{"runtime":2403,"energy":{"pkg":200.93096923828125,"pp0":0,"dram":21.10736083984375},"cycles":108321516185}
{"runtime":2343,"energy":{"pkg":201.27166748046875,"pp0":0,"dram":20.6217041015625},"cycles":109521546641}
{"runtime":2457,"energy":{"pkg":204.20684814453125,"pp0":0,"dram":21.51434326171875},"cycles":109628922336}
{"runtime":2352,"energy":{"pkg":199.69061279296875,"pp0":0,"dram":20.37652587890625},"cycles":110465431702}
{"runtime":2362,"energy":{"pkg":201.38323974609375,"pp0":0,"dram":20.56298828125},"cycles":108986262700}
{"runtime":2344,"energy":{"pkg":200.14501953125,"pp0":0,"dram":20.278564453125},"cycles":110089529089}
{"runtime":2352,"energy":{"pkg":200.98516845703125,"pp0":0,"dram":20.3631591796875},"cycles":108415479353}
{"runtime":2483,"energy":{"pkg":198.37249755859375,"pp0":0,"dram":21.56964111328125},"cycles":108720384529}
{"runtime":2558,"energy":{"pkg":204.83453369140625,"pp0":0,"dram":21.8868408203125},"cycles":109244744819}
{"runtime":2388,"energy":{"pkg":201.07000732421875,"pp0":0,"dram":20.810546875},"cycles":108650483436}
{"runtime":2364,"energy":{"pkg":199.49609375,"pp0":0,"dram":20.5330810546875},"cycles":111145602865}
{"runtime":2356,"energy":{"pkg":195.8233642578125,"pp0":0,"dram":20.61016845703125},"cycles":108448979903}
{"runtime":2377,"energy":{"pkg":200.4312744140625,"pp0":0,"dram":20.70953369140625},"cycles":109063737971}
{"runtime":2306,"energy":{"pkg":197.92889404296875,"pp0":0,"dram":20.04119873046875},"cycles":108823364001}
{"runtime":2342,"energy":{"pkg":197.010498046875,"pp0":0,"dram":20.45623779296875},"cycles":108825225476}
{"runtime":2327,"energy":{"pkg":197.24896240234375,"pp0":0,"dram":20.51611328125},"cycles":109556041156}
{"runtime":2384,"energy":{"pkg":198.78778076171875,"pp0":0,"dram":20.76904296875},"cycles":110863819887}
{"runtime":2363,"energy":{"pkg":199.96832275390625,"pp0":0,"dram":20.6937255859375},"cycles":109164246205}
{"runtime":2441,"energy":{"pkg":199.50518798828125,"pp0":0,"dram":21.23291015625},"cycles":108398304834}
{"runtime":2343,"energy":{"pkg":198.54248046875,"pp0":0,"dram":20.4586181640625},"cycles":109499858352}
{"runtime":2338,"energy":{"pkg":199.54937744140625,"pp0":0,"dram":20.628662109375},"cycles":109674730511}
{"runtime":2366,"energy":{"pkg":196.79638671875,"pp0":0,"dram":20.61798095703125},"cycles":109823716134}
{"runtime":2363,"energy":{"pkg":200.544921875,"pp0":0,"dram":20.86968994140625},"cycles":110623005418}
{"runtime":2343,"energy":{"pkg":199.223388671875,"pp0":0,"dram":20.5274658203125},"cycles":109149108884}
{"runtime":2435,"energy":{"pkg":202.64202880859375,"pp0":0,"dram":21.2325439453125},"cycles":109926871646}
{"runtime":2445,"energy":{"pkg":203.8995361328125,"pp0":0,"dram":21.56591796875},"cycles":108839805974}
{"runtime":2332,"energy":{"pkg":199.1480712890625,"pp0":0,"dram":20.378662109375},"cycles":108739683464}
{"runtime":2380,"energy":{"pkg":201.37457275390625,"pp0":0,"dram":20.66094970703125},"cycles":109365378901}
{"runtime":2388,"energy":{"pkg":202.83990478515625,"pp0":0,"dram":20.978759765625},"cycles":110545056669}
{"runtime":2320,"energy":{"pkg":199.94622802734375,"pp0":0,"dram":20.3782958984375},"cycles":108424196225}
{"runtime":2410,"energy":{"pkg":199.10833740234375,"pp0":0,"dram":21.18975830078125},"cycles":109224589839}
{"runtime":2408,"energy":{"pkg":202.461669921875,"pp0":0,"dram":21.08782958984375},"cycles":111012799851}
{"runtime":2405,"energy":{"pkg":203.610107421875,"pp0":0,"dram":20.865478515625},"cycles":109463187944}
{"runtime":2386,"energy":{"pkg":201.35211181640625,"pp0":0,"dram":20.81072998046875},"cycles":108657552729}
{"runtime":2330,"energy":{"pkg":199.86151123046875,"pp0":0,"dram":20.4146728515625},"cycles":109520581380}
{"runtime":2343,"energy":{"pkg":200.222900390625,"pp0":0,"dram":20.511962890625},"cycles":109488457577}
{"runtime":2379,"energy":{"pkg":199.73785400390625,"pp0":0,"dram":20.91131591796875},"cycles":108899136242}
{"runtime":2348,"energy":{"pkg":201.242919921875,"pp0":0,"dram":20.8758544921875},"cycles":110031222953}
{"runtime":2384,"energy":{"pkg":203.083251953125,"pp0":0,