{"runtime":3348,"energy":{"pkg":304.71820068359375,"pp0":0,"dram":30.7813720703125},"cycles":127955139778}
{"runtime":3156,"energy":{"pkg":289.81939697265625,"pp0":0,"dram":28.76556396484375},"cycles":129502946880}
{"runtime":3301,"energy":{"pkg":302.38470458984375,"pp0":0,"dram":30.3248291015625},"cycles":127351918374}
{"runtime":3174,"energy":{"pkg":291.7020263671875,"pp0":0,"dram":29.14453125},"cycles":127793870414}
{"runtime":3216,"energy":{"pkg":295.34259033203125,"pp0":0,"dram":29.37103271484375},"cycles":127601753964}
{"runtime":3208,"energy":{"pkg":294.229736328125,"pp0":0,"dram":29.43402099609375},"cycles":127959319666}
{"runtime":3209,"energy":{"pkg":293.6561279296875,"pp0":0,"dram":30.5709228515625},"cycles":126709235275}
{"runtime":3078,"energy":{"pkg":284.5672607421875,"pp0":0,"dram":28.1937255859375},"cycles":126570326660}
{"runtime":3124,"energy":{"pkg":288.63616943359375,"pp0":0,"dram":28.54931640625},"cycles":127053025298}
{"runtime":3165,"energy":{"pkg":289.90753173828125,"pp0":0,"dram":35.92333984375},"cycles":128805670169}
{"runtime":3252,"energy":{"pkg":298.4610595703125,"pp0":0,"dram":38.59979248046875},"cycles":126330911909}
{"runtime":3256,"energy":{"pkg":299.15484619140625,"pp0":0,"dram":29.70343017578125},"cycles":128057502354}
{"runtime":3131,"energy":{"pkg":288.39434814453125,"pp0":0,"dram":35.45367431640625},"cycles":125279185377}
{"runtime":3095,"energy":{"pkg":285.501953125,"pp0":0,"dram":30.88287353515625},"cycles":127216319092}
{"runtime":3133,"energy":{"pkg":287.55712890625,"pp0":0,"dram":30.910400390625},"cycles":126814400245}
{"runtime":3238,"energy":{"pkg":297.20001220703125,"pp0":0,"dram":37.61279296875},"cycles":126007008144}
{"runtime":3348,"energy":{"pkg":306.178955078125,"pp0":0,"dram":39.68157958984375},"cycles":126657903981}
{"runtime":3136,"energy":{"pkg":287.5595703125,"pp0":0,"dram":28.68426513671875},"cycles":129187934327}
{"runtime":3394,"energy":{"pkg":309.337646484375,"pp0":0,"dram":40.94842529296875},"cycles":126842904970}
{"runtime":3240,"energy":{"pkg":297.79913330078125,"pp0":0,"dram":39.40087890625},"cycles":126534653538}
{"runtime":3352,"energy":{"pkg":305.8734130859375,"pp0":0,"dram":30.73504638671875},"cycles":127751338963}
{"runtime":3195,"energy":{"pkg":293.33319091796875,"pp0":0,"dram":29.43890380859375},"cycles":128537229938}
{"runtime":3304,"energy":{"pkg":303.25164794921875,"pp0":0,"dram":38.5374755859375},"cycles":128578925374}
{"runtime":3216,"energy":{"pkg":297.30828857421875,"pp0":0,"dram":39.73870849609375},"cycles":123022732754}
{"runtime":3048,"energy":{"pkg":280.72357177734375,"pp0":0,"dram":28.07098388671875},"cycles":126803546269}
{"runtime":3133,"energy":{"pkg":288.76507568359375,"pp0":0,"dram":33.10107421875},"cycles":126042072576}
{"runtime":3487,"energy":{"pkg":319.00579833984375,"pp0":0,"dram":42.78729248046875},"cycles":126113787852}
{"runtime":3307,"energy":{"pkg":303.83740234375,"pp0":0,"dram":40.09600830078125},"cycles":125282244251}
{"runtime":3247,"energy":{"pkg":295.055419921875,"pp0":0,"dram":39.35455322265625},"cycles":130081366440}
{"runtime":3097,"energy":{"pkg":287.798095703125,"pp0":0,"dram":37.42633056640625},"cycles":123769384310}
{"runtime":3369,"energy":{"pkg":308.55938720703125,"pp0":0,"dram":47.0936279296875},"cycles":126945811089}
{"runtime":3231,"energy":{"pkg":295.322998046875,"pp0":0,"dram":29.564453125},"cycles":128270766193}
{"runtime":3310,"energy":{"pkg":302.871826171875,"pp0":0,"dram":30.447265625},"cycles":127934602360}
{"runtime":3351,"energy":{"pkg":308.65997314453125,"pp0":0,"dram":40.3133544921875},"cycles":126160386343}
{"runtime":3411,"energy":{"pkg":312.49737548828125,"pp0":0,"dram":41.2247314453125},"cycles":126463557547}
{"runtime":3252,"energy":{"pkg":300.22113037109375,"pp0":0,"dram":43.60040283203125},"cycles":122449402154}
{"runtime":3221,"energy":{"pkg":296.49725341796875,"pp0":0,"dram":36.18829345703125},"cycles":126711911474}
{"runtime":3394,"energy":{"pkg":311.366943359375,"pp0":0,"dram":41.75274658203125},"cycles":127735164852}
{"runtime":3477,"energy":{"pkg":319.04937744140625,"pp0":0,"dram":46.519775390625},"cycles":124966251014}
{"runtime":3073,"energy":{"pkg":285.410888671875,"pp0":0,"dram":38.30255126953125},"cycles":123834066217}
{"runtime":3437,"energy":{"pkg":315.247802734375,"pp0":0,"dram":42.201171875},"cycles":123433521076}
{"runtime":3364,"energy":{"pkg":308.13287353515625,"pp0":0,"dram":47.2264404296875},"cycles":125636559824}
{"runtime":3374,"energy":{"pkg":307.39581298828125,"pp0":0,"dram":48.5150146484375},"cycles":126646503668}
{"runtime":3319,"energy":{"pkg":304.36578369140625,"pp0":0,"dram":45.5538330078125},"cycles":124305490080}
{"runtime":3281,"energy":{"pkg":302.27008056640625,"pp0":0,"dram":38.80816650390625},"cycles":125724260014}
{"runtime":2984,"energy":{"pkg":276.01885986328125,"pp0":0,"dram":34.21795654296875},"cycles":126504853262}
{"runtime":3021,"energy":{"pkg":280.3004150390625,"pp0":0,"dram":37.2174072265625},"cycles":125736519155}
{"runtime":3214,"energy":{"pkg":293.92462158203125,"pp0":0,"dram":30.91656494140625},"cycles":126447705638}
{"runtime":3393,"energy":{"pkg":309.72357177734375,"pp0":0,"dram":52.59466552734375},"cycles":125328150607}
{"runtime":2980,"energy":{"pkg":275.6689453125,"pp0":0,"dram":35.4278564453125},"cycles":126366902308}
{"runtime":2941,"energy":{"pkg":273.80072021484375,"pp0":0,"dram":35.780517578125},"cycles":125932834564}
{"runtime":2984,"energy":{"pkg":275.05206298828125,"pp0":0,"dram":35.727294921875},"cycles":126698056168}
{"runtime":3185,"energy":{"pkg":293.9447021484375,"pp0":0,"dram":38.85333251953125},"cycles":125943930166}
{"runtime":3556,"energy":{"pkg":323.71826171875,"pp0":0,"dram":38.5511474609375},"cycles":124975615906}
{"runtime":3312,"energy":{"pkg":302.590087890625,"pp0":0,"dram":29.8597412109375},"cycles":127616025656}
{"runtime":3121,"energy":{"pkg":288.9285888671875,"pp0":0,"dram":28.6268310546875},"cycles":126572289002}
{"runtime":3215,"energy":{"pkg":295.04376220703125,"pp0":0,"dram":29.36090087890625},"cycles":126231602852}
{"runtime":3256,"energy":{"pkg":299.61962890625,"pp0":0,"dram":36.91845703125},"cycles":125240315434}
{"runtime":3215,"energy":{"pkg":295.09088134765625,"pp0":0,"dram":29.43377685546875},"cycles":127919693850}
{"runtime":3362,"energy":{"pkg":308.12738037109375,"pp0":0,"dram":45.22259521484375},"cycles":125291967924}
{"runtime":3426,"energy":{"pkg":312.74615478515625,"pp0":0,"dram":40.744873046875},"cycles":128074384201}
{"runtime":2988,"energy":{"pkg":277.50823974609375,"pp0":0,"dram":39.71246337890625},"cycles":125062020309}
{"runtime":3182,"energy":{"pkg":293.36444091796875,"pp0":0,"dram":43.4859619140625},"cycles":122692442724}
{"runtime":3395,"energy":{"pkg":311.60693359375,"pp0":0,"dram":39.607666015625},"cycles":126094116213}
{"runtime":3177,"energy":{"pkg":292.568115234375,"pp0":0,"dram":37.95648193359375},"cycles":126646259980}
{"runtime":3256,"energy":{"pkg":298.72564697265625,"pp0":0,"dram":37.28839111328125},"cycles":126135131085}
{"runtime":3240,"energy":{"pkg":298.58782958984375,"pp0":0,"dram":38.47052001953125},"cycles":126136911038}
{"runtime":3319,"energy":{"pkg":303.65081787109375,"pp0":0,"dram":38.03045654296875},"cycles":127659654928}
{"runtime":3218,"energy":{"pkg":293.900634765625,"pp0":0,"dram":36.8519287109375},"cycles":126480307746}
{"runtime":3169,"energy":{"pkg":292.24786376953125,"pp0":0,"dram":36.08685302734375},"cycles":125543048565}
{"runtime":3187,"energy":{"pkg":293.1119384765625,"pp0":0,"dram":36.45465087890625},"cycles":126538826171}
{"runtime":3147,"energy":{"pkg":290.36822509765625,"pp0":0,"dram":37.48895263671875},"cycles":125183058646}
{"runtime":3108,"energy":{"pkg":286.1351318359375,"pp0":0,"dram":34.79327392578125},"cycles":126609796996}
{"runtime":3075,"energy":{"pkg":284.62200927734375,"pp0":0,"dram":37.72174072265625},"cycles":126659840041}
{"runtime":3141,"energy":{"pkg":287.92919921875,"pp0":0,"dram":37.2891845703125},"cycles":128533851086}
{"runtime":2977,