{"runtime":1942,"energy":{"pkg":161.06951904296875,"pp0":0,"dram":24.19134521484375},"cycles":27921165279}
{"runtime":1945,"energy":{"pkg":161.6087646484375,"pp0":0,"dram":23.666015625},"cycles":28431244915}
{"runtime":1916,"energy":{"pkg":159.134521484375,"pp0":0,"dram":23.2674560546875},"cycles":27266785989}
{"runtime":1932,"energy":{"pkg":160.43890380859375,"pp0":0,"dram":23.5994873046875},"cycles":27634797012}
{"runtime":1938,"energy":{"pkg":161.2431640625,"pp0":0,"dram":23.87054443359375},"cycles":27877940738}
{"runtime":1909,"energy":{"pkg":158.7598876953125,"pp0":0,"dram":23.16363525390625},"cycles":27612765573}
{"runtime":1936,"energy":{"pkg":160.50714111328125,"pp0":0,"dram":25.6329345703125},"cycles":27502258042}
{"runtime":1983,"energy":{"pkg":165.10943603515625,"pp0":0,"dram":24.916015625},"cycles":29692182614}
{"runtime":1967,"energy":{"pkg":163.07623291015625,"pp0":0,"dram":23.7540283203125},"cycles":27994435042}
{"runtime":1926,"energy":{"pkg":160.218505859375,"pp0":0,"dram":23.51214599609375},"cycles":28195679632}
{"runtime":1955,"energy":{"pkg":162.3397216796875,"pp0":0,"dram":24.26397705078125},"cycles":28530258554}
{"runtime":1937,"energy":{"pkg":161.36004638671875,"pp0":0,"dram":25.348876953125},"cycles":27898874434}
{"runtime":1943,"energy":{"pkg":161.80462646484375,"pp0":0,"dram":23.90057373046875},"cycles":28803147915}
{"runtime":1943,"energy":{"pkg":162.41668701171875,"pp0":0,"dram":28.65985107421875},"cycles":29122972485}
{"runtime":1943,"energy":{"pkg":161.45526123046875,"pp0":0,"dram":29.470947265625},"cycles":27619937547}
{"runtime":1921,"energy":{"pkg":159.672607421875,"pp0":0,"dram":27.8836669921875},"cycles":28052208818}
{"runtime":1907,"energy":{"pkg":158.72283935546875,"pp0":0,"dram":27.965087890625},"cycles":28082201751}
{"runtime":1941,"energy":{"pkg":161.4449462890625,"pp0":0,"dram":28.15936279296875},"cycles":27844216153}
{"runtime":1942,"energy":{"pkg":161.46319580078125,"pp0":0,"dram":28.8741455078125},"cycles":27984053034}
{"runtime":1934,"energy":{"pkg":160.49517822265625,"pp0":0,"dram":28.43505859375},"cycles":27704871201}
{"runtime":1944,"energy":{"pkg":162.37841796875,"pp0":0,"dram":28.71893310546875},"cycles":29146453394}
{"runtime":1947,"energy":{"pkg":162.16778564453125,"pp0":0,"dram":24.15960693359375},"cycles":28648595721}
{"runtime":1933,"energy":{"pkg":159.9825439453125,"pp0":0,"dram":23.34051513671875},"cycles":27548466751}
{"runtime":1928,"energy":{"pkg":159.70782470703125,"pp0":0,"dram":28.3260498046875},"cycles":27843009801}
{"runtime":1943,"energy":{"pkg":160.56414794921875,"pp0":0,"dram":23.7568359375},"cycles":27718023443}
{"runtime":1932,"energy":{"pkg":160.4049072265625,"pp0":0,"dram":23.53759765625},"cycles":27701412413}
{"runtime":1906,"energy":{"pkg":159.03948974609375,"pp0":0,"dram":28.39251708984375},"cycles":27609704633}
{"runtime":1913,"energy":{"pkg":159.61358642578125,"pp0":0,"dram":28.42559814453125},"cycles":27734104205}
{"runtime":1942,"energy":{"pkg":162.06549072265625,"pp0":0,"dram":28.752685546875},"cycles":28453542180}
{"runtime":1987,"energy":{"pkg":165.380615234375,"pp0":0,"dram":29.27349853515625},"cycles":28490073360}
{"runtime":1921,"energy":{"pkg":160.34234619140625,"pp0":0,"dram":27.6971435546875},"cycles":27910523017}
{"runtime":1934,"energy":{"pkg":160.87445068359375,"pp0":0,"dram":28.5211181640625},"cycles":27911378683}
{"runtime":1920,"energy":{"pkg":160.12164306640625,"pp0":0,"dram":28.27886962890625},"cycles":28042247732}
{"runtime":1941,"energy":{"pkg":162.276611328125,"pp0":0,"dram":28.7857666015625},"cycles":28032671479}
{"runtime":1915,"energy":{"pkg":160.55426025390625,"pp0":0,"dram":30.75640869140625},"cycles":28015806623}
{"runtime":1927,"energy":{"pkg":160.388427734375,"pp0":0,"dram":29.63446044921875},"cycles":27352334610}
{"runtime":1894,"energy":{"pkg":157.74603271484375,"pp0":0,"dram":27.7860107421875},"cycles":26470367417}
{"runtime":1926,"energy":{"pkg":160.58282470703125,"pp0":0,"dram":28.46466064453125},"cycles":27347690237}
{"runtime":1936,"energy":{"pkg":160.70343017578125,"pp0":0,"dram":30.7220458984375},"cycles":27201116764}
{"runtime":1949,"energy":{"pkg":162.30560302734375,"pp0":0,"dram":30.2091064453125},"cycles":28733950895}
{"runtime":1953,"energy":{"pkg":162.94537353515625,"pp0":0,"dram":29.04791259765625},"cycles":29404733666}
{"runtime":1901,"energy":{"pkg":158.6036376953125,"pp0":0,"dram":30.4638671875},"cycles":26800955394}
{"runtime":1880,"energy":{"pkg":156.44403076171875,"pp0":0,"dram":36.135986328125},"cycles":26371926838}
{"runtime":1893,"energy":{"pkg":158.68402099609375,"pp0":0,"dram":28.82318115234375},"cycles":27365003940}
{"runtime":1922,"energy":{"pkg":160.4132080078125,"pp0":0,"dram":28.24237060546875},"cycles":28074024956}
{"runtime":1933,"energy":{"pkg":160.64068603515625,"pp0":0,"dram":28.08465576171875},"cycles":27604392969}
{"runtime":1936,"energy":{"pkg":161.19805908203125,"pp0":0,"dram":28.1697998046875},"cycles":28207124751}
{"runtime":1938,"energy":{"pkg":161.3433837890625,"pp0":0,"dram":28.7176513671875},"cycles":27752833035}
{"runtime":1920,"energy":{"pkg":160.77716064453125,"pp0":0,"dram":32.80438232421875},"cycles":28348868506}
{"runtime":1973,"energy":{"pkg":165.07855224609375,"pp0":0,"dram":28.66253662109375},"cycles":29468037644}
{"runtime":1959,"energy":{"pkg":162.8681640625,"pp0":0,"dram":28.76910400390625},"cycles":28925704987}
{"runtime":1950,"energy":{"pkg":161.7205810546875,"pp0":0,"dram":28.3831787109375},"cycles":27612707004}
{"runtime":1927,"energy":{"pkg":160.76959228515625,"pp0":0,"dram":28.580810546875},"cycles":27879163046}
{"runtime":1984,"energy":{"pkg":164.682861328125,"pp0":0,"dram":24.48504638671875},"cycles":29193607509}
{"runtime":1998,"energy":{"pkg":166.11004638671875,"pp0":0,"dram":24.8167724609375},"cycles":29298775812}
{"runtime":1940,"energy":{"pkg":161.35693359375,"pp0":0,"dram":23.95098876953125},"cycles":28104376918}
{"runtime":1985,"energy":{"pkg":164.69683837890625,"pp0":0,"dram":24.75933837890625},"cycles":28939258456}
{"runtime":1966,"energy":{"pkg":162.185791015625,"pp0":0,"dram":24.72064208984375},"cycles":27416250189}
{"runtime":1949,"energy":{"pkg":161.79693603515625,"pp0":0,"dram":23.8031005859375},"cycles":28998078094}
{"runtime":1953,"energy":{"pkg":162.33306884765625,"pp0":0,"dram":28.78839111328125},"cycles":28376345546}
{"runtime":1942,"energy":{"pkg":161.6651611328125,"pp0":0,"dram":28.4091796875},"cycles":27569659368}
{"runtime":1918,"energy":{"pkg":160.34857177734375,"pp0":0,"dram":29.94061279296875},"cycles":28139423004}
{"runtime":1906,"energy":{"pkg":159.316162109375,"pp0":0,"dram":30.2822265625},"cycles":27269394932}
{"runtime":1925,"energy":{"pkg":159.9586181640625,"pp0":0,"dram":28.26287841796875},"cycles":28403257879}
{"runtime":1933,"energy":{"pkg":160.9991455078125,"pp0":0,"dram":28.552001953125},"cycles":28768319369}
{"runtime":1936,"energy":{"pkg":160.4593505859375,"pp0":0,"dram":28.354248046875},"cycles":27621607860}
{"runtime":1924,"energy":{"pkg":160.02197265625,"pp0":0,"dram":28.26409912109375},"cycles":28082280709}
{"runtime":1931,"energy":{"pkg":160.260009765625,"pp0":0,"dram":28.302001953125},"cycles":27267742094}
{"runtime":1942,"energy":{"pkg":160.91265869140625,"pp0":0,"dram":28.52764892578125},"cycles":27594289527}
{"runtime":1938,"energy":{"pkg":160.5325927734375,"pp0":0,"dram":28.43170166015625},"cycles":27884001626}
{"runtime":1961,"energy":{"pkg":162.413818359375,"pp0":0,"dram":28.67535400390625},"cycles":27944698510}
{"runtime":1948,"energy":{"pkg":162.10455322265625,"pp0":0,"dram":28.69256591796875},"cycles":28410438018}
{"runtime":1968,"energy":{"pkg":164.23565673828125,"pp0":0,"dram":29.2154541015625},"cycles":29427680086}
{"runtime":1968,"energy":{"pkg":163.621337890625,"pp0":0,"dram":28.95892333984375},"cycles":29047240728}
{"runtime":1918,"energy":{"pkg":160.49456787109375,"pp0":0,"dram":28.63330078125},"cycles":28250300767}
{"runtime":1956,"energy":{"pkg":162.52508544921875,"pp0":0,"dram":28.79217529296875},