{"runtime":2718,"energy":{"pkg":97.2259521484375,"pp0":0,"dram":26.8203125},"cycles":17449080621}
{"runtime":2701,"energy":{"pkg":96.214111328125,"pp0":0,"dram":26.46356201171875},"cycles":17404299311}
{"runtime":2728,"energy":{"pkg":96.78375244140625,"pp0":0,"dram":26.97625732421875},"cycles":17527918968}
{"runtime":2748,"energy":{"pkg":95.00250244140625,"pp0":0,"dram":27.33660888671875},"cycles":17687213107}
{"runtime":2737,"energy":{"pkg":94.30810546875,"pp0":0,"dram":27.16796875},"cycles":17195822707}
{"runtime":2753,"energy":{"pkg":99.07861328125,"pp0":0,"dram":27.4771728515625},"cycles":17978862024}
{"runtime":2695,"energy":{"pkg":96.16522216796875,"pp0":0,"dram":26.6456298828125},"cycles":17522570927}
{"runtime":2725,"energy":{"pkg":99.0927734375,"pp0":0,"dram":27.42413330078125},"cycles":17508922601}
{"runtime":2724,"energy":{"pkg":99.31488037109375,"pp0":0,"dram":27.0416259765625},"cycles":17702684045}
{"runtime":2754,"energy":{"pkg":99.80731201171875,"pp0":0,"dram":27.154541015625},"cycles":17242774816}
{"runtime":2736,"energy":{"pkg":99.94122314453125,"pp0":0,"dram":27.044677734375},"cycles":17328045793}
{"runtime":2741,"energy":{"pkg":100.74945068359375,"pp0":0,"dram":27.2137451171875},"cycles":17490665226}
{"runtime":2736,"energy":{"pkg":99.97772216796875,"pp0":0,"dram":27.349609375},"cycles":17296297297}
{"runtime":2735,"energy":{"pkg":99.3763427734375,"pp0":0,"dram":27.41632080078125},"cycles":17564426669}
{"runtime":2742,"energy":{"pkg":99.83123779296875,"pp0":0,"dram":27.22039794921875},"cycles":17262779029}
{"runtime":2721,"energy":{"pkg":99.8160400390625,"pp0":0,"dram":26.94818115234375},"cycles":17464645730}
{"runtime":2734,"energy":{"pkg":100.37359619140625,"pp0":0,"dram":26.9439697265625},"cycles":17518061795}
{"runtime":2740,"energy":{"pkg":100.605224609375,"pp0":0,"dram":27.38641357421875},"cycles":17195952744}
{"runtime":2711,"energy":{"pkg":100.1822509765625,"pp0":0,"dram":26.95281982421875},"cycles":17353265521}
{"runtime":2742,"energy":{"pkg":100.81536865234375,"pp0":0,"dram":27.25799560546875},"cycles":17502392027}
{"runtime":2734,"energy":{"pkg":100.17425537109375,"pp0":0,"dram":27.09625244140625},"cycles":17258876383}
{"runtime":2736,"energy":{"pkg":100.34515380859375,"pp0":0,"dram":27.1612548828125},"cycles":17102775058}
{"runtime":2743,"energy":{"pkg":98.30743408203125,"pp0":0,"dram":27.26385498046875},"cycles":17703610337}
{"runtime":2732,"energy":{"pkg":99.63055419921875,"pp0":0,"dram":26.98089599609375},"cycles":17292922588}
{"runtime":2716,"energy":{"pkg":99.69097900390625,"pp0":0,"dram":26.84808349609375},"cycles":17283906841}
{"runtime":2752,"energy":{"pkg":100.87249755859375,"pp0":0,"dram":27.4869384765625},"cycles":17382844749}
{"runtime":2754,"energy":{"pkg":101.48748779296875,"pp0":0,"dram":27.4146728515625},"cycles":17633156665}
{"runtime":2740,"energy":{"pkg":101.02740478515625,"pp0":0,"dram":27.29132080078125},"cycles":17404473924}
{"runtime":2730,"energy":{"pkg":98.99615478515625,"pp0":0,"dram":27.12579345703125},"cycles":17252172261}
{"runtime":2734,"energy":{"pkg":99.5872802734375,"pp0":0,"dram":27.09765625},"cycles":17446047511}
{"runtime":2755,"energy":{"pkg":97.49993896484375,"pp0":0,"dram":27.53814697265625},"cycles":17396007704}
{"runtime":2718,"energy":{"pkg":99.2713623046875,"pp0":0,"dram":26.75799560546875},"cycles":17439996412}
{"runtime":2744,"energy":{"pkg":100.12640380859375,"pp0":0,"dram":27.3218994140625},"cycles":17283052653}
{"runtime":2731,"energy":{"pkg":99.87542724609375,"pp0":0,"dram":26.81878662109375},"cycles":17324088849}
{"runtime":2738,"energy":{"pkg":99.89727783203125,"pp0":0,"dram":27.21783447265625},"cycles":17222472504}
{"runtime":2731,"energy":{"pkg":99.52398681640625,"pp0":0,"dram":26.7525634765625},"cycles":17599769552}
{"runtime":2732,"energy":{"pkg":99.5517578125,"pp0":0,"dram":27.23052978515625},"cycles":17477576055}
{"runtime":2751,"energy":{"pkg":97.628662109375,"pp0":0,"dram":27.362548828125},"cycles":17609115374}
{"runtime":2726,"energy":{"pkg":99.937255859375,"pp0":0,"dram":27.16241455078125},"cycles":17421828748}
{"runtime":2749,"energy":{"pkg":99.76141357421875,"pp0":0,"dram":27.27093505859375},"cycles":17630806128}
{"runtime":2744,"energy":{"pkg":99.961181640625,"pp0":0,"dram":26.97412109375},"cycles":17425219801}
{"runtime":2733,"energy":{"pkg":99.05340576171875,"pp0":0,"dram":26.899658203125},"cycles":17251273902}
{"runtime":2733,"energy":{"pkg":100.217041015625,"pp0":0,"dram":26.86199951171875},"cycles":17618847798}
{"runtime":2732,"energy":{"pkg":99.58148193359375,"pp0":0,"dram":26.90057373046875},"cycles":17241061666}
{"runtime":2736,"energy":{"pkg":99.199462890625,"pp0":0,"dram":27.157958984375},"cycles":17497590168}
{"runtime":2746,"energy":{"pkg":96.2767333984375,"pp0":0,"dram":27.06903076171875},"cycles":17488654334}
{"runtime":2745,"energy":{"pkg":98.12835693359375,"pp0":0,"dram":27.1046142578125},"cycles":17292424592}
{"runtime":2751,"energy":{"pkg":99.331787109375,"pp0":0,"dram":27.36541748046875},"cycles":17679101698}
{"runtime":2745,"energy":{"pkg":99.20404052734375,"pp0":0,"dram":27.21728515625},"cycles":18053110158}
{"runtime":2726,"energy":{"pkg":98.86737060546875,"pp0":0,"dram":26.927734375},"cycles":17535058154}
{"runtime":2746,"energy":{"pkg":99.59332275390625,"pp0":0,"dram":27.3697509765625},"cycles":17302432450}
{"runtime":2769,"energy":{"pkg":100.07684326171875,"pp0":0,"dram":27.67547607421875},"cycles":17535425893}
{"runtime":2748,"energy":{"pkg":99.99371337890625,"pp0":0,"dram":27.2908935546875},"cycles":17351319275}
{"runtime":2719,"energy":{"pkg":98.34735107421875,"pp0":0,"dram":26.69189453125},"cycles":17818371545}
{"runtime":2729,"energy":{"pkg":98.0936279296875,"pp0":0,"dram":27.13812255859375},"cycles":17500134521}
{"runtime":2736,"energy":{"pkg":98.4603271484375,"pp0":0,"dram":27.23968505859375},"cycles":17192373318}
{"runtime":2754,"energy":{"pkg":98.7562255859375,"pp0":0,"dram":27.3944091796875},"cycles":17622020519}
{"runtime":2745,"energy":{"pkg":99.3760986328125,"pp0":0,"dram":27.4324951171875},"cycles":17248754688}
{"runtime":2742,"energy":{"pkg":99.28387451171875,"pp0":0,"dram":27.03936767578125},"cycles":17469731467}
{"runtime":2744,"energy":{"pkg":96.58349609375,"pp0":0,"dram":27.3514404296875},"cycles":17120198266}
{"runtime":2706,"energy":{"pkg":98.151123046875,"pp0":0,"dram":26.7921142578125},"cycles":17531775959}
{"runtime":2746,"energy":{"pkg":98.76904296875,"pp0":0,"dram":27.44769287109375},"cycles":17641662313}
{"runtime":2735,"energy":{"pkg":98.4798583984375,"pp0":0,"dram":27.23089599609375},"cycles":16995276292}
{"runtime":2742,"energy":{"pkg":99.5694580078125,"pp0":0,"dram":27.2664794921875},"cycles":17093945985}
{"runtime":2745,"energy":{"pkg":100.19805908203125,"pp0":0,"dram":27.4632568359375},"cycles":17606106779}
{"runtime":2741,"energy":{"pkg":97.38372802734375,"pp0":0,"dram":27.3204345703125},"cycles":17312264590}
{"runtime":2751,"energy":{"pkg":100.6839599609375,"pp0":0,"dram":27.079345703125},"cycles":17395919249}
{"runtime":2720,"energy":{"pkg":99.8294677734375,"pp0":0,"dram":27.18701171875},"cycles":17461265945}
{"runtime":2733,"energy":{"pkg":99.4520263671875,"pp0":0,"dram":27.15338134765625},"cycles":17420321609}
{"runtime":2783,"energy":{"pkg":100.15234375,"pp0":0,"dram":27.87396240234375},"cycles":17237041533}
{"runtime":2737,"energy":{"pkg":100.0694580078125,"pp0":0,"dram":27.14056396484375},"cycles":17305882734}
{"runtime":2758,"energy":{"pkg":97.0687255859375,"pp0":0,"dram":27.1832275390625},"cycles":17837968760}
{"runtime":2739,"energy":{"pkg":99.720703125,"pp0":0,"dram":27.3170166015625},"cycles":17338922874}
{"runtime":2737,"energy":{"pkg":99.39166259765625,"pp0":0,"dram":27.1527099609375},"cycles":17275970406}
{"runtime":2732,"energy":{"pkg":99.64251708984375,"pp0":0,"dram":27.307373046875},"cycles":17240072939}
{"runtime":2751,"energy":{"pkg":100.73455810546875,"pp0":0,"dram":27.69268798828125},"cycles":17497432250}
{"runtime":2749,"energy":{"pkg":100.96710205078125,"pp0":0,