{"runtime":5348,"energy":{"pkg":437.69342041015625,"pp0":0,"dram":48.8563232421875},"cycles":12153691560}
{"runtime":5362,"energy":{"pkg":439.08837890625,"pp0":0,"dram":48.95849609375},"cycles":12160171568}
{"runtime":5387,"energy":{"pkg":441.72930908203125,"pp0":0,"dram":49.3585205078125},"cycles":12134449654}
{"runtime":6440,"energy":{"pkg":527.4271240234375,"pp0":0,"dram":59.046875},"cycles":14783491629}
{"runtime":5409,"energy":{"pkg":443.98004150390625,"pp0":0,"dram":49.4501953125},"cycles":12417893796}
{"runtime":5455,"energy":{"pkg":447.12384033203125,"pp0":0,"dram":49.86328125},"cycles":12393810213}
{"runtime":5419,"energy":{"pkg":444.042236328125,"pp0":0,"dram":49.78948974609375},"cycles":12132576098}
{"runtime":5443,"energy":{"pkg":447.54876708984375,"pp0":0,"dram":49.88446044921875},"cycles":12294228163}
{"runtime":5496,"energy":{"pkg":449.99591064453125,"pp0":0,"dram":50.10845947265625},"cycles":12308644507}
{"runtime":5398,"energy":{"pkg":442.7750244140625,"pp0":0,"dram":49.45538330078125},"cycles":12296148462}
{"runtime":5439,"energy":{"pkg":445.9122314453125,"pp0":0,"dram":49.85546875},"cycles":12305893423}
{"runtime":5277,"energy":{"pkg":432.99609375,"pp0":0,"dram":64.95526123046875},"cycles":12113183024}
{"runtime":5470,"energy":{"pkg":449.79510498046875,"pp0":0,"dram":50.0889892578125},"cycles":12305012371}
{"runtime":5324,"energy":{"pkg":436.96319580078125,"pp0":0,"dram":66.8826904296875},"cycles":12051292432}
{"runtime":5703,"energy":{"pkg":467.2041015625,"pp0":0,"dram":71.2601318359375},"cycles":12990107951}
{"runtime":5351,"energy":{"pkg":438.11956787109375,"pp0":0,"dram":65.57659912109375},"cycles":12131565018}
{"runtime":6544,"energy":{"pkg":536.5108642578125,"pp0":0,"dram":80.2783203125},"cycles":14925797344}
{"runtime":5405,"energy":{"pkg":443.00018310546875,"pp0":0,"dram":67.70684814453125},"cycles":12165534568}
{"runtime":5354,"energy":{"pkg":438.839599609375,"pp0":0,"dram":67.55364990234375},"cycles":12138739686}
{"runtime":5331,"energy":{"pkg":436.8839111328125,"pp0":0,"dram":66.01934814453125},"cycles":12138685315}
{"runtime":5467,"energy":{"pkg":448.61431884765625,"pp0":0,"dram":69.16351318359375},"cycles":12270903216}
{"runtime":5417,"energy":{"pkg":445.9117431640625,"pp0":0,"dram":53.34124755859375},"cycles":12287463581}
{"runtime":5403,"energy":{"pkg":441.7237548828125,"pp0":0,"dram":66.6103515625},"cycles":12304533880}
{"runtime":5408,"energy":{"pkg":443.46148681640625,"pp0":0,"dram":67.3555908203125},"cycles":12140471432}
{"runtime":5388,"energy":{"pkg":441.034912109375,"pp0":0,"dram":66.24139404296875},"cycles":12133916306}
{"runtime":5422,"energy":{"pkg":445.4962158203125,"pp0":0,"dram":49.6400146484375},"cycles":12357973766}
{"runtime":5380,"energy":{"pkg":441.5418701171875,"pp0":0,"dram":67.6024169921875},"cycles":12296329990}
{"runtime":5374,"energy":{"pkg":440.72998046875,"pp0":0,"dram":67.6026611328125},"cycles":12286959434}
{"runtime":5802,"energy":{"pkg":475.5765380859375,"pp0":0,"dram":73.7130126953125},"cycles":12324510694}
{"runtime":5464,"energy":{"pkg":448.52459716796875,"pp0":0,"dram":70.028076171875},"cycles":12402126817}
{"runtime":5336,"energy":{"pkg":436.73681640625,"pp0":0,"dram":66.06671142578125},"cycles":12127123531}
{"runtime":5342,"energy":{"pkg":438.1817626953125,"pp0":0,"dram":67.488525390625},"cycles":12174791366}
{"runtime":5436,"energy":{"pkg":445.82757568359375,"pp0":0,"dram":68.7138671875},"cycles":12376262908}
{"runtime":5395,"energy":{"pkg":442.51007080078125,"pp0":0,"dram":68.02667236328125},"cycles":12283862672}
{"runtime":5399,"energy":{"pkg":442.9461669921875,"pp0":0,"dram":77.5076904296875},"cycles":12291884812}
{"runtime":5354,"energy":{"pkg":438.56304931640625,"pp0":0,"dram":66.9287109375},"cycles":12141760770}
{"runtime":5366,"energy":{"pkg":441.7606201171875,"pp0":0,"dram":66.8812255859375},"cycles":12118990031}
{"runtime":5434,"energy":{"pkg":445.46282958984375,"pp0":0,"dram":68.548583984375},"cycles":12324408587}
{"runtime":5314,"energy":{"pkg":436.707763671875,"pp0":0,"dram":76.0560302734375},"cycles":12097581798}
{"runtime":5355,"energy":{"pkg":439.2054443359375,"pp0":0,"dram":67.13067626953125},"cycles":12137211442}
{"runtime":5515,"energy":{"pkg":451.916015625,"pp0":0,"dram":69.28118896484375},"cycles":12294376374}
{"runtime":5748,"energy":{"pkg":472.69207763671875,"pp0":0,"dram":84.1024169921875},"cycles":13000178193}
{"runtime":5421,"energy":{"pkg":444.88470458984375,"pp0":0,"dram":97.07000732421875},"cycles":12297262381}
{"runtime":5356,"energy":{"pkg":439.24224853515625,"pp0":0,"dram":67.20782470703125},"cycles":12146232511}
{"runtime":6730,"energy":{"pkg":551.4825439453125,"pp0":0,"dram":84.343505859375},"cycles":15000686880}
{"runtime":5422,"energy":{"pkg":445.4149169921875,"pp0":0,"dram":67.90179443359375},"cycles":12303107259}
{"runtime":5307,"energy":{"pkg":437.6268310546875,"pp0":0,"dram":67.15692138671875},"cycles":12084918160}
{"runtime":5471,"energy":{"pkg":449.97406005859375,"pp0":0,"dram":87.20062255859375},"cycles":12407444911}
{"runtime":5400,"energy":{"pkg":443.4996337890625,"pp0":0,"dram":85.39703369140625},"cycles":12296474200}
{"runtime":5368,"energy":{"pkg":440.80133056640625,"pp0":0,"dram":66.41748046875},"cycles":12122711414}
{"runtime":5414,"energy":{"pkg":443.8685302734375,"pp0":0,"dram":66.5745849609375},"cycles":12327473309}
{"runtime":5457,"energy":{"pkg":448.0997314453125,"pp0":0,"dram":67.69708251953125},"cycles":12427297995}
{"runtime":5328,"energy":{"pkg":436.8187255859375,"pp0":0,"dram":65.78070068359375},"cycles":12133722641}
{"runtime":6647,"energy":{"pkg":543.1589965820312,"pp0":0,"dram":60.6422119140625},"cycles":15117951204}
{"runtime":5358,"energy":{"pkg":439.0875244140625,"pp0":0,"dram":48.887451171875},"cycles":12100327831}
{"runtime":5469,"energy":{"pkg":452.40179443359375,"pp0":0,"dram":49.69927978515625},"cycles":12379558223}
{"runtime":5475,"energy":{"pkg":448.63177490234375,"pp0":0,"dram":67.49786376953125},"cycles":12341756098}
{"runtime":5433,"energy":{"pkg":444.481201171875,"pp0":0,"dram":67.75518798828125},"cycles":12303524711}
{"runtime":5380,"energy":{"pkg":440.8446044921875,"pp0":0,"dram":65.171875},"cycles":12313521348}
{"runtime":5326,"energy":{"pkg":436.79608154296875,"pp0":0,"dram":65.70953369140625},"cycles":12128380658}
{"runtime":5350,"energy":{"pkg":438.75067138671875,"pp0":0,"dram":66.14666748046875},"cycles":12181873188}
{"runtime":5443,"energy":{"pkg":447.780029296875,"pp0":0,"dram":75.151123046875},"cycles":12296087988}
{"runtime":5442,"energy":{"pkg":447.0975341796875,"pp0":0,"dram":75.3377685546875},"cycles":12393700712}
{"runtime":5344,"energy":{"pkg":438.02880859375,"pp0":0,"dram":66.02374267578125},"cycles":12130193671}
{"runtime":5436,"energy":{"pkg":445.6470947265625,"pp0":0,"dram":66.974365234375},"cycles":12315382205}
{"runtime":5384,"energy":{"pkg":441.37945556640625,"pp0":0,"dram":66.2713623046875},"cycles":12177634243}
{"runtime":7823,"energy":{"pkg":641.158203125,"pp0":0,"dram":96.52130126953125},"cycles":17957455681}
{"runtime":5500,"energy":{"pkg":450.38555908203125,"pp0":0,"dram":67.80499267578125},"cycles":12124429564}
{"runtime":5408,"energy":{"pkg":442.2198486328125,"pp0":0,"dram":66.61663818359375},"cycles":12227450499}
{"runtime":5323,"energy":{"pkg":436.7271728515625,"pp0":0,"dram":65.65374755859375},"cycles":12121667626}
{"runtime":5374,"energy":{"pkg":440.49127197265625,"pp0":0,"dram":65.97064208984375},"cycles":12283787421}
{"runtime":5408,"energy":{"pkg":442.751708984375,"pp0":0,"dram":66.39544677734375},"cycles":12316999805}
{"runtime":5426,"energy":{"pkg":444.666748046875,"pp0":0,"dram":66.98028564453125},"cycles":12304875497}
{"runtime":5412,"energy":{"pkg":443.50250244140625,"pp0":0,"dram":66.55328369140625},"cycles":12297103366}
{"runtime":5443,"energy":{"pkg":448.0069580078125,"pp0":0,"dram":70.421630859375},"cycles":12296918730}
{"runtime":5411,"energy":{"pkg":443.90350341796875,"pp0":0,"dram":67.58868408203125},"cycles":12318024703}
{"runtime":5410,