{"runtime":5006,"energy":{"pkg":168.721923828125,"pp0":0,"dram":36.721923828125},"cycles":12140079802}
{"runtime":4817,"energy":{"pkg":166.54266357421875,"pp0":0,"dram":35.51776123046875},"cycles":12296360662}
{"runtime":5076,"energy":{"pkg":172.098876953125,"pp0":0,"dram":37.60797119140625},"cycles":12315250083}
{"runtime":4814,"energy":{"pkg":167.278076171875,"pp0":0,"dram":35.5523681640625},"cycles":12279378188}
{"runtime":4853,"energy":{"pkg":169.421875,"pp0":0,"dram":35.93994140625},"cycles":12394093791}
{"runtime":5013,"energy":{"pkg":183.6673583984375,"pp0":0,"dram":37.27789306640625},"cycles":13991746592}
{"runtime":4494,"energy":{"pkg":165.489501953125,"pp0":0,"dram":33.621826171875},"cycles":12289150399}
{"runtime":4761,"energy":{"pkg":167.6771240234375,"pp0":0,"dram":35.53564453125},"cycles":12130867910}
{"runtime":5052,"energy":{"pkg":174.1119384765625,"pp0":0,"dram":37.038330078125},"cycles":12283374640}
{"runtime":4747,"energy":{"pkg":168.13751220703125,"pp0":0,"dram":34.04608154296875},"cycles":12066748683}
{"runtime":4510,"energy":{"pkg":167.36737060546875,"pp0":0,"dram":32.25042724609375},"cycles":12288686237}
{"runtime":4733,"energy":{"pkg":167.71136474609375,"pp0":0,"dram":34.1536865234375},"cycles":12137238210}
{"runtime":5015,"energy":{"pkg":173.07562255859375,"pp0":0,"dram":36.5020751953125},"cycles":12057271814}
{"runtime":4428,"energy":{"pkg":164.73858642578125,"pp0":0,"dram":32.06964111328125},"cycles":12225153264}
{"runtime":4844,"energy":{"pkg":170.5521240234375,"pp0":0,"dram":35.1361083984375},"cycles":12289348729}
{"runtime":4434,"energy":{"pkg":165.017822265625,"pp0":0,"dram":32.0198974609375},"cycles":12141949137}
{"runtime":5304,"energy":{"pkg":181.34332275390625,"pp0":0,"dram":38.80584716796875},"cycles":12302356194}
{"runtime":4511,"energy":{"pkg":168.01776123046875,"pp0":0,"dram":32.87640380859375},"cycles":12304087563}
{"runtime":4408,"energy":{"pkg":164.8233642578125,"pp0":0,"dram":32.1444091796875},"cycles":12127652205}
{"runtime":4861,"energy":{"pkg":172.7137451171875,"pp0":0,"dram":35.38641357421875},"cycles":12295350815}
{"runtime":4485,"energy":{"pkg":167.9708251953125,"pp0":0,"dram":32.50750732421875},"cycles":12278915515}
{"runtime":5441,"energy":{"pkg":205.03912353515625,"pp0":0,"dram":39.93603515625},"cycles":15117632188}
{"runtime":4851,"energy":{"pkg":172.0604248046875,"pp0":0,"dram":35.07525634765625},"cycles":12295569180}
{"runtime":5346,"energy":{"pkg":200.8424072265625,"pp0":0,"dram":38.4730224609375},"cycles":14887625647}
{"runtime":5086,"energy":{"pkg":176.2071533203125,"pp0":0,"dram":36.8560791015625},"cycles":12286058738}
{"runtime":5015,"energy":{"pkg":173.7332763671875,"pp0":0,"dram":36.1845703125},"cycles":12146887304}
{"runtime":4501,"energy":{"pkg":168.434814453125,"pp0":0,"dram":32.3319091796875},"cycles":12296170181}
{"runtime":4814,"energy":{"pkg":170.97723388671875,"pp0":0,"dram":34.73614501953125},"cycles":12289742421}
{"runtime":4784,"energy":{"pkg":169.19927978515625,"pp0":0,"dram":34.306396484375},"cycles":12143132666}
{"runtime":5851,"energy":{"pkg":203.81011962890625,"pp0":0,"dram":41.9932861328125},"cycles":14771305963}
{"runtime":5020,"energy":{"pkg":173.050048828125,"pp0":0,"dram":35.769287109375},"cycles":12141773994}
{"runtime":4849,"energy":{"pkg":171.96942138671875,"pp0":0,"dram":34.6588134765625},"cycles":12431116178}
{"runtime":5000,"energy":{"pkg":172.74853515625,"pp0":0,"dram":35.88604736328125},"cycles":12138398847}
{"runtime":4509,"energy":{"pkg":168.48284912109375,"pp0":0,"dram":32.337890625},"cycles":12434052162}
{"runtime":4418,"energy":{"pkg":164.5201416015625,"pp0":0,"dram":32.12237548828125},"cycles":12063442726}
{"runtime":4703,"energy":{"pkg":167.20068359375,"pp0":0,"dram":33.56610107421875},"cycles":12062446285}
{"runtime":4484,"energy":{"pkg":166.75140380859375,"pp0":0,"dram":32.597900390625},"cycles":12289882022}
{"runtime":5013,"energy":{"pkg":173.1453857421875,"pp0":0,"dram":36.3895263671875},"cycles":12141331609}
{"runtime":4791,"energy":{"pkg":170.263671875,"pp0":0,"dram":34.97210693359375},"cycles":12294468866}
{"runtime":5028,"energy":{"pkg":173.88458251953125,"pp0":0,"dram":36.3699951171875},"cycles":12281464591}
{"runtime":4982,"energy":{"pkg":171.88800048828125,"pp0":0,"dram":36.02362060546875},"cycles":12099287761}
{"runtime":4480,"energy":{"pkg":166.58978271484375,"pp0":0,"dram":32.390869140625},"cycles":12300252841}
{"runtime":5153,"energy":{"pkg":178.26165771484375,"pp0":0,"dram":37.40155029296875},"cycles":12475780026}
{"runtime":5037,"energy":{"pkg":174.06689453125,"pp0":0,"dram":36.3436279296875},"cycles":12278412141}
{"runtime":5103,"energy":{"pkg":174.68267822265625,"pp0":0,"dram":37.04022216796875},"cycles":12270051102}
{"runtime":4446,"energy":{"pkg":165.0870361328125,"pp0":0,"dram":31.88153076171875},"cycles":12144642522}
{"runtime":4403,"energy":{"pkg":163.207763671875,"pp0":0,"dram":31.93548583984375},"cycles":12134884800}
{"runtime":4741,"energy":{"pkg":166.37921142578125,"pp0":0,"dram":34.468505859375},"cycles":12150144404}
{"runtime":4804,"energy":{"pkg":169.01708984375,"pp0":0,"dram":35.1595458984375},"cycles":12292619010}
{"runtime":5871,"energy":{"pkg":204.4840087890625,"pp0":0,"dram":42.54638671875},"cycles":14769528183}
{"runtime":4407,"energy":{"pkg":163.81988525390625,"pp0":0,"dram":31.8642578125},"cycles":12141136918}
{"runtime":5082,"energy":{"pkg":174.02569580078125,"pp0":0,"dram":36.55157470703125},"cycles":12281911863}
{"runtime":4809,"energy":{"pkg":169.13055419921875,"pp0":0,"dram":34.9990234375},"cycles":12280714508}
{"runtime":5033,"energy":{"pkg":172.5447998046875,"pp0":0,"dram":36.5224609375},"cycles":12146414439}
{"runtime":4839,"energy":{"pkg":168.7275390625,"pp0":0,"dram":34.992431640625},"cycles":12287543200}
{"runtime":5042,"energy":{"pkg":172.5550537109375,"pp0":0,"dram":36.47406005859375},"cycles":12141265970}
{"runtime":4431,"energy":{"pkg":162.2181396484375,"pp0":0,"dram":32.4515380859375},"cycles":12131062837}
{"runtime":4448,"energy":{"pkg":163.00714111328125,"pp0":0,"dram":32.70123291015625},"cycles":12268985020}
{"runtime":5967,"energy":{"pkg":205.10638427734375,"pp0":0,"dram":43.47821044921875},"cycles":14898900436}
{"runtime":4364,"energy":{"pkg":160.2708740234375,"pp0":0,"dram":31.9010009765625},"cycles":12137115852}
{"runtime":4415,"energy":{"pkg":162.6708984375,"pp0":0,"dram":32.3057861328125},"cycles":12136855116}
{"runtime":4886,"energy":{"pkg":173.1708984375,"pp0":0,"dram":35.88629150390625},"cycles":12441648270}
{"runtime":4729,"energy":{"pkg":167.6895751953125,"pp0":0,"dram":34.93499755859375},"cycles":12141473192}
{"runtime":5033,"energy":{"pkg":172.99359130859375,"pp0":0,"dram":36.654296875},"cycles":12146349501}
{"runtime":4743,"energy":{"pkg":167.70904541015625,"pp0":0,"dram":34.3203125},"cycles":12142444522}
{"runtime":4548,"energy":{"pkg":168.2064208984375,"pp0":0,"dram":33.17291259765625},"cycles":12282448567}
{"runtime":5029,"energy":{"pkg":173.2412109375,"pp0":0,"dram":36.343017578125},"cycles":12139000674}
{"runtime":5091,"energy":{"pkg":174.5384521484375,"pp0":0,"dram":37.1319580078125},"cycles":12284905232}
{"runtime":5080,"energy":{"pkg":176.324462890625,"pp0":0,"dram":37.2235107421875},"cycles":12457194455}
{"runtime":5003,"energy":{"pkg":172.514404296875,"pp0":0,"dram":36.37921142578125},"cycles":12140402151}
{"runtime":5616,"energy":{"pkg":195.59783935546875,"pp0":0,"dram":40.5892333984375},"cycles":13859096123}
{"runtime":4965,"energy":{"pkg":170.7457275390625,"pp0":0,"dram":36.2242431640625},"cycles":12141994764}
{"runtime":4738,"energy":{"pkg":166.8089599609375,"pp0":0,"dram":34.93975830078125},"cycles":12122219646}
{"runtime":5059,"energy":{"pkg":173.725341796875,"pp0":0,"dram":37.0947265625},"cycles":12156299652}
{"runtime":4982,"energy":{"pkg":172.0257568359375,"pp0":0,"dram":36.55108642578125},"cycles":12102414969}
{"runtime":4466,"energy":{"pkg":166.34844970703125,"pp0":0,"dram":32.691162109375},"cycles":12292503824}
{"runtime":5010,