{"runtime":2019,"energy":{"pkg":62.86370849609375,"pp0":0,"dram":17.69781494140625},"cycles":5156607961}
{"runtime":1329,"energy":{"pkg":52.2867431640625,"pp0":0,"dram":11.98492431640625},"cycles":5201823125}
{"runtime":1333,"energy":{"pkg":52.29180908203125,"pp0":0,"dram":11.91796875},"cycles":5232260723}
{"runtime":2074,"energy":{"pkg":63.86724853515625,"pp0":0,"dram":17.6837158203125},"cycles":5140509000}
{"runtime":1628,"energy":{"pkg":57.6348876953125,"pp0":0,"dram":14.2630615234375},"cycles":5191458989}
{"runtime":1310,"energy":{"pkg":51.65606689453125,"pp0":0,"dram":11.8692626953125},"cycles":5215515603}
{"runtime":1336,"energy":{"pkg":52.5521240234375,"pp0":0,"dram":12.019287109375},"cycles":5218422476}
{"runtime":1586,"energy":{"pkg":60.114990234375,"pp0":0,"dram":14.074462890625},"cycles":5199719015}
{"runtime":2015,"energy":{"pkg":63.94085693359375,"pp0":0,"dram":17.39453125},"cycles":5174786260}
{"runtime":2077,"energy":{"pkg":65.7681884765625,"pp0":0,"dram":17.74554443359375},"cycles":5145652183}
{"runtime":1822,"energy":{"pkg":61.62109375,"pp0":0,"dram":15.8050537109375},"cycles":5176406137}
{"runtime":2046,"energy":{"pkg":66.01361083984375,"pp0":0,"dram":17.560791015625},"cycles":5122461913}
{"runtime":1569,"energy":{"pkg":58.91278076171875,"pp0":0,"dram":13.88916015625},"cycles":5197980533}
{"runtime":1560,"energy":{"pkg":59.1298828125,"pp0":0,"dram":13.7113037109375},"cycles":5176076834}
{"runtime":1313,"energy":{"pkg":52.074951171875,"pp0":0,"dram":11.74676513671875},"cycles":5223435982}
{"runtime":2062,"energy":{"pkg":65.259521484375,"pp0":0,"dram":17.59344482421875},"cycles":5161792258}
{"runtime":1587,"energy":{"pkg":61.3848876953125,"pp0":0,"dram":14.56884765625},"cycles":5224101070}
{"runtime":1857,"energy":{"pkg":62.46392822265625,"pp0":0,"dram":16.15289306640625},"cycles":5161486386}
{"runtime":2266,"energy":{"pkg":70.22491455078125,"pp0":0,"dram":19.7896728515625},"cycles":5155020616}
{"runtime":1313,"energy":{"pkg":52.64984130859375,"pp0":0,"dram":11.7706298828125},"cycles":5237249153}
{"runtime":1313,"energy":{"pkg":52.47442626953125,"pp0":0,"dram":11.81390380859375},"cycles":5217104258}
{"runtime":1328,"energy":{"pkg":53.6055908203125,"pp0":0,"dram":11.98309326171875},"cycles":5225113615}
{"runtime":2075,"energy":{"pkg":65.40167236328125,"pp0":0,"dram":17.7823486328125},"cycles":5142404628}
{"runtime":1598,"energy":{"pkg":61.38677978515625,"pp0":0,"dram":14.65728759765625},"cycles":5251545176}
{"runtime":1327,"energy":{"pkg":53.43157958984375,"pp0":0,"dram":11.892333984375},"cycles":5209254837}
{"runtime":1718,"energy":{"pkg":65.84967041015625,"pp0":0,"dram":15.84002685546875},"cycles":5495016974}
{"runtime":1310,"energy":{"pkg":53.042236328125,"pp0":0,"dram":11.8819580078125},"cycles":5230652577}
{"runtime":1881,"energy":{"pkg":63.3936767578125,"pp0":0,"dram":16.309814453125},"cycles":5154269828}
{"runtime":1314,"energy":{"pkg":52.90655517578125,"pp0":0,"dram":11.7489013671875},"cycles":5225642855}
{"runtime":1923,"energy":{"pkg":63.57427978515625,"pp0":0,"dram":16.56982421875},"cycles":5141047080}
{"runtime":1325,"energy":{"pkg":52.35528564453125,"pp0":0,"dram":11.96826171875},"cycles":5216104989}
{"runtime":1323,"energy":{"pkg":52.4200439453125,"pp0":0,"dram":11.88787841796875},"cycles":5210393510}
{"runtime":1311,"energy":{"pkg":52.62530517578125,"pp0":0,"dram":11.81005859375},"cycles":5226871606}
{"runtime":1307,"energy":{"pkg":52.0831298828125,"pp0":0,"dram":11.7073974609375},"cycles":5208717337}
{"runtime":2003,"energy":{"pkg":64.888916015625,"pp0":0,"dram":17.20513916015625},"cycles":5147500164}
{"runtime":1995,"energy":{"pkg":63.98602294921875,"pp0":0,"dram":17.04266357421875},"cycles":5171796117}
{"runtime":1591,"energy":{"pkg":60.61260986328125,"pp0":0,"dram":14.77532958984375},"cycles":5234029359}
{"runtime":1311,"energy":{"pkg":52.5028076171875,"pp0":0,"dram":11.87652587890625},"cycles":5237366958}
{"runtime":1556,"energy":{"pkg":59.69146728515625,"pp0":0,"dram":13.76031494140625},"cycles":5221960898}
{"runtime":1327,"energy":{"pkg":52.52215576171875,"pp0":0,"dram":11.98699951171875},"cycles":5234918641}
{"runtime":1311,"energy":{"pkg":52.24267578125,"pp0":0,"dram":11.70184326171875},"cycles":5226435764}
{"runtime":1326,"energy":{"pkg":52.68328857421875,"pp0":0,"dram":11.94903564453125},"cycles":5265909147}
{"runtime":1592,"energy":{"pkg":59.8311767578125,"pp0":0,"dram":14.0245361328125},"cycles":5197831915}
{"runtime":1328,"energy":{"pkg":53.2047119140625,"pp0":0,"dram":11.88238525390625},"cycles":5218540966}
{"runtime":1617,"energy":{"pkg":57.79827880859375,"pp0":0,"dram":14.17584228515625},"cycles":5183698341}
{"runtime":1334,"energy":{"pkg":52.3758544921875,"pp0":0,"dram":12.0244140625},"cycles":5216696320}
{"runtime":1573,"energy":{"pkg":58.92669677734375,"pp0":0,"dram":13.85345458984375},"cycles":5169457895}
{"runtime":1332,"energy":{"pkg":52.3179931640625,"pp0":0,"dram":12.04119873046875},"cycles":5264180806}
{"runtime":1313,"energy":{"pkg":51.69854736328125,"pp0":0,"dram":11.80084228515625},"cycles":5218023181}
{"runtime":1327,"energy":{"pkg":52.44964599609375,"pp0":0,"dram":12.06024169921875},"cycles":5236855229}
{"runtime":2078,"energy":{"pkg":65.1077880859375,"pp0":0,"dram":17.66558837890625},"cycles":5166717115}
{"runtime":2083,"energy":{"pkg":64.14434814453125,"pp0":0,"dram":17.80535888671875},"cycles":5164690675}
{"runtime":2077,"energy":{"pkg":64.5947265625,"pp0":0,"dram":17.756103515625},"cycles":5139806715}
{"runtime":1310,"energy":{"pkg":51.7208251953125,"pp0":0,"dram":11.76849365234375},"cycles":5227222409}
{"runtime":1359,"energy":{"pkg":53.2266845703125,"pp0":0,"dram":12.97540283203125},"cycles":5248305683}
{"runtime":2014,"energy":{"pkg":63.3250732421875,"pp0":0,"dram":17.4119873046875},"cycles":5152063709}
{"runtime":1740,"energy":{"pkg":59.5389404296875,"pp0":0,"dram":15.25921630859375},"cycles":5200394232}
{"runtime":1333,"energy":{"pkg":52.35882568359375,"pp0":0,"dram":12.1417236328125},"cycles":5221047983}
{"runtime":1601,"energy":{"pkg":58.964111328125,"pp0":0,"dram":14.225830078125},"cycles":5129679760}
{"runtime":1783,"energy":{"pkg":62.2987060546875,"pp0":0,"dram":15.62017822265625},"cycles":5168686023}
{"runtime":1784,"energy":{"pkg":60.19525146484375,"pp0":0,"dram":15.40179443359375},"cycles":5171950476}
{"runtime":1317,"energy":{"pkg":51.94805908203125,"pp0":0,"dram":11.95166015625},"cycles":5227695985}
{"runtime":1816,"energy":{"pkg":60.21319580078125,"pp0":0,"dram":15.81439208984375},"cycles":5165096666}
{"runtime":1953,"energy":{"pkg":66.38372802734375,"pp0":0,"dram":16.93121337890625},"cycles":5145059718}
{"runtime":1332,"energy":{"pkg":52.55419921875,"pp0":0,"dram":11.929931640625},"cycles":5217170107}
{"runtime":1573,"energy":{"pkg":59.73968505859375,"pp0":0,"dram":13.86651611328125},"cycles":5184892868}
{"runtime":1327,"energy":{"pkg":52.284912109375,"pp0":0,"dram":12.0345458984375},"cycles":5227948046}
{"runtime":1613,"energy":{"pkg":59.61419677734375,"pp0":0,"dram":14.27337646484375},"cycles":5187418662}
{"runtime":1311,"energy":{"pkg":52.32806396484375,"pp0":0,"dram":11.80218505859375},"cycles":5232532317}
{"runtime":1612,"energy":{"pkg":59.49310302734375,"pp0":0,"dram":14.14691162109375},"cycles":5177779195}
{"runtime":1342,"energy":{"pkg":53.642578125,"pp0":0,"dram":12.11785888671875},"cycles":5263349523}
{"runtime":1327,"energy":{"pkg":52.26202392578125,"pp0":0,"dram":12.03240966796875},"cycles":5211921689}
{"runtime":2035,"energy":{"pkg":65.23577880859375,"pp0":0,"dram":17.48358154296875},"cycles":5223464181}
{"runtime":1873,"energy":{"pkg":62.9810791015625,"pp0":0,"dram":16.27484130859375},"cycles":5175784583}
{"runtime":1802,"energy":{"pkg":60.87750244140625,"pp0":0,"dram":15.616455078125},"cycles":5163312976}
{"runtime":1308,"energy":{"pkg":52.1082763671875,"pp0":0,"dram":11.8739013671875},"cycles":5208078159}
{"runtime":1334,"energy":{"pkg":52.974853515625,"pp0":0,"dram":12.17578125},"cycles":5194110085}
{"runtime":2074,"energy":{"pkg":65.78680419921875,