{"runtime":425,"energy":{"pkg":13.64849853515625,"pp0":0,"dram":5.23309326171875},"cycles":2615359132}
{"runtime":291,"energy":{"pkg":12.282470703125,"pp0":0,"dram":3.92193603515625},"cycles":2663169360}
{"runtime":274,"energy":{"pkg":11.78662109375,"pp0":0,"dram":3.8360595703125},"cycles":3007407822}
{"runtime":274,"energy":{"pkg":11.69122314453125,"pp0":0,"dram":3.75909423828125},"cycles":2924504366}
{"runtime":382,"energy":{"pkg":12.86529541015625,"pp0":0,"dram":4.76080322265625},"cycles":3003661250}
{"runtime":269,"energy":{"pkg":11.240234375,"pp0":0,"dram":3.62078857421875},"cycles":2349520628}
{"runtime":274,"energy":{"pkg":11.82403564453125,"pp0":0,"dram":3.7293701171875},"cycles":2718515498}
{"runtime":271,"energy":{"pkg":11.3592529296875,"pp0":0,"dram":3.64898681640625},"cycles":2231790047}
{"runtime":422,"energy":{"pkg":13.9544677734375,"pp0":0,"dram":5.11114501953125},"cycles":3293562238}
{"runtime":298,"energy":{"pkg":12.14361572265625,"pp0":0,"dram":4.0040283203125},"cycles":3294019601}
{"runtime":272,"energy":{"pkg":12.09552001953125,"pp0":0,"dram":3.79876708984375},"cycles":3097257262}
{"runtime":323,"energy":{"pkg":12.3895263671875,"pp0":0,"dram":4.2030029296875},"cycles":2775836667}
{"runtime":274,"energy":{"pkg":12.14849853515625,"pp0":0,"dram":3.77099609375},"cycles":3174688661}
{"runtime":272,"energy":{"pkg":12.22467041015625,"pp0":0,"dram":3.78363037109375},"cycles":3053740409}
{"runtime":270,"energy":{"pkg":11.622802734375,"pp0":0,"dram":3.70751953125},"cycles":2675580663}
{"runtime":296,"energy":{"pkg":11.2822265625,"pp0":0,"dram":3.83447265625},"cycles":2117822238}
{"runtime":283,"energy":{"pkg":11.73443603515625,"pp0":0,"dram":3.869140625},"cycles":2413379520}
{"runtime":303,"energy":{"pkg":12.2413330078125,"pp0":0,"dram":4.0081787109375},"cycles":3011709442}
{"runtime":338,"energy":{"pkg":12.2039794921875,"pp0":0,"dram":4.288330078125},"cycles":2272116507}
{"runtime":290,"energy":{"pkg":12.0714111328125,"pp0":0,"dram":3.90869140625},"cycles":2945193497}
{"runtime":272,"energy":{"pkg":12.17120361328125,"pp0":0,"dram":3.7421875},"cycles":3037403636}
{"runtime":273,"energy":{"pkg":12.0306396484375,"pp0":0,"dram":3.74481201171875},"cycles":2745892520}
{"runtime":311,"energy":{"pkg":12.3751220703125,"pp0":0,"dram":4.09588623046875},"cycles":2811235891}
{"runtime":283,"energy":{"pkg":12.4075927734375,"pp0":0,"dram":3.92156982421875},"cycles":3089163134}
{"runtime":272,"energy":{"pkg":12.11968994140625,"pp0":0,"dram":3.7396240234375},"cycles":3310098899}
{"runtime":283,"energy":{"pkg":11.8199462890625,"pp0":0,"dram":3.79425048828125},"cycles":2356271092}
{"runtime":268,"energy":{"pkg":11.15057373046875,"pp0":0,"dram":3.58538818359375},"cycles":2104128187}
{"runtime":429,"energy":{"pkg":13.779052734375,"pp0":0,"dram":5.18798828125},"cycles":2537068778}
{"runtime":274,"energy":{"pkg":11.84820556640625,"pp0":0,"dram":3.68328857421875},"cycles":2271604930}
{"runtime":339,"energy":{"pkg":12.96575927734375,"pp0":0,"dram":4.35748291015625},"cycles":3089221573}
{"runtime":277,"energy":{"pkg":11.85009765625,"pp0":0,"dram":3.73626708984375},"cycles":2627771651}
{"runtime":272,"energy":{"pkg":11.3311767578125,"pp0":0,"dram":3.68670654296875},"cycles":2190028695}
{"runtime":276,"energy":{"pkg":12.021728515625,"pp0":0,"dram":3.81024169921875},"cycles":2828011365}
{"runtime":276,"energy":{"pkg":12.1397705078125,"pp0":0,"dram":3.81109619140625},"cycles":3208837526}
{"runtime":307,"energy":{"pkg":11.40203857421875,"pp0":0,"dram":3.934326171875},"cycles":2163537622}
{"runtime":460,"energy":{"pkg":14.12567138671875,"pp0":0,"dram":5.43023681640625},"cycles":2420711134}
{"runtime":429,"energy":{"pkg":13.86907958984375,"pp0":0,"dram":5.222412109375},"cycles":2391810559}
{"runtime":272,"energy":{"pkg":11.7388916015625,"pp0":0,"dram":3.79180908203125},"cycles":2823783815}
{"runtime":272,"energy":{"pkg":11.84246826171875,"pp0":0,"dram":3.7198486328125},"cycles":2898673814}
{"runtime":275,"energy":{"pkg":12.083984375,"pp0":0,"dram":3.78399658203125},"cycles":3108089130}
{"runtime":272,"energy":{"pkg":11.88812255859375,"pp0":0,"dram":3.73541259765625},"cycles":3105031097}
{"runtime":275,"energy":{"pkg":11.44000244140625,"pp0":0,"dram":3.6800537109375},"cycles":2255563934}
{"runtime":274,"energy":{"pkg":12.0931396484375,"pp0":0,"dram":3.82159423828125},"cycles":3191348530}
{"runtime":407,"energy":{"pkg":13.1842041015625,"pp0":0,"dram":4.90277099609375},"cycles":2889776715}
{"runtime":307,"energy":{"pkg":11.27435302734375,"pp0":0,"dram":3.91021728515625},"cycles":2225572536}
{"runtime":293,"energy":{"pkg":12.03802490234375,"pp0":0,"dram":3.91204833984375},"cycles":2933909130}
{"runtime":276,"energy":{"pkg":11.97894287109375,"pp0":0,"dram":3.76806640625},"cycles":3090957605}
{"runtime":452,"energy":{"pkg":14.06298828125,"pp0":0,"dram":5.45556640625},"cycles":2778514076}
{"runtime":275,"energy":{"pkg":11.88922119140625,"pp0":0,"dram":3.74664306640625},"cycles":2667255216}
{"runtime":273,"energy":{"pkg":11.14019775390625,"pp0":0,"dram":3.63037109375},"cycles":2174932196}
{"runtime":274,"energy":{"pkg":11.77667236328125,"pp0":0,"dram":3.78082275390625},"cycles":3310683502}
{"runtime":286,"energy":{"pkg":11.34686279296875,"pp0":0,"dram":3.7764892578125},"cycles":2280703286}
{"runtime":301,"energy":{"pkg":12.25775146484375,"pp0":0,"dram":4.02386474609375},"cycles":3149105447}
{"runtime":443,"energy":{"pkg":13.95068359375,"pp0":0,"dram":5.357421875},"cycles":3221805299}
{"runtime":279,"energy":{"pkg":12.10833740234375,"pp0":0,"dram":3.853271484375},"cycles":3380307873}
{"runtime":433,"energy":{"pkg":13.36151123046875,"pp0":0,"dram":5.1756591796875},"cycles":2087039980}
{"runtime":307,"energy":{"pkg":12.24578857421875,"pp0":0,"dram":4.08416748046875},"cycles":3123240420}
{"runtime":306,"energy":{"pkg":11.78472900390625,"pp0":0,"dram":4.072021484375},"cycles":3232122187}
{"runtime":275,"energy":{"pkg":11.2081298828125,"pp0":0,"dram":3.72113037109375},"cycles":2220322445}
{"runtime":284,"energy":{"pkg":11.87237548828125,"pp0":0,"dram":3.79840087890625},"cycles":2736197226}
{"runtime":301,"energy":{"pkg":12.1097412109375,"pp0":0,"dram":4.041015625},"cycles":2844111503}
{"runtime":273,"energy":{"pkg":11.26153564453125,"pp0":0,"dram":3.61181640625},"cycles":2128451789}
{"runtime":298,"energy":{"pkg":11.99005126953125,"pp0":0,"dram":3.98406982421875},"cycles":2737548081}
{"runtime":413,"energy":{"pkg":13.1766357421875,"pp0":0,"dram":4.9586181640625},"cycles":2099364464}
{"runtime":336,"energy":{"pkg":12.9312744140625,"pp0":0,"dram":4.354736328125},"cycles":3115141906}
{"runtime":330,"energy":{"pkg":12.1767578125,"pp0":0,"dram":4.20855712890625},"cycles":2151583710}
{"runtime":298,"energy":{"pkg":12.11297607421875,"pp0":0,"dram":3.98651123046875},"cycles":3246479876}
{"runtime":316,"energy":{"pkg":12.5657958984375,"pp0":0,"dram":4.154052734375},"cycles":2729204472}
{"runtime":273,"energy":{"pkg":12.13055419921875,"pp0":0,"dram":3.7740478515625},"cycles":3200689653}
{"runtime":412,"energy":{"pkg":13.33758544921875,"pp0":0,"dram":4.86309814453125},"cycles":2151715910}
{"runtime":387,"energy":{"pkg":13.083740234375,"pp0":0,"dram":4.73333740234375},"cycles":2246058183}
{"runtime":318,"energy":{"pkg":12.45904541015625,"pp0":0,"dram":4.1922607421875},"cycles":2858809251}
{"runtime":309,"energy":{"pkg":12.250244140625,"pp0":0,"dram":4.1322021484375},"cycles":3184887494}
{"runtime":313,"energy":{"pkg":12.6046142578125,"pp0":0,"dram":4.17108154296875},"cycles":2976945332}
{"runtime":267,"energy":{"pkg":11.08563232421875,"pp0":0,"dram":3.57269287109375},"cycles":2140066515}
{"runtime":285,"energy":{"pkg":12.27471923828125,"pp0":0,"dram":3.8817138671875},"cycles":2649778286}
{"runtime":275,"energy":{"pkg":12.18878173828125,"pp0":0,"dram":3.8880615234375},"cycles":3118007917}
{"runtime":458,"energy":{"pkg":13.85296630859375,"pp0":0,"dram":5.412841796875},"cycles":2136870739}
{"runtime":273,"energy":{"pkg":12.12493896484375,"pp0":0,"dram":3.76361083984375},