{"runtime":324,"energy":{"pkg":27.3197021484375,"pp0":0,"dram":4.59039306640625},"cycles":2747663300}
{"runtime":330,"energy":{"pkg":27.78228759765625,"pp0":0,"dram":4.60919189453125},"cycles":2695174977}
{"runtime":325,"energy":{"pkg":27.50079345703125,"pp0":0,"dram":4.6014404296875},"cycles":2711646910}
{"runtime":317,"energy":{"pkg":26.76947021484375,"pp0":0,"dram":4.49169921875},"cycles":2681838846}
{"runtime":329,"energy":{"pkg":27.81072998046875,"pp0":0,"dram":4.63665771484375},"cycles":2888819910}
{"runtime":334,"energy":{"pkg":28.164306640625,"pp0":0,"dram":4.7095947265625},"cycles":2752948745}
{"runtime":327,"energy":{"pkg":27.775634765625,"pp0":0,"dram":4.59893798828125},"cycles":2774928290}
{"runtime":306,"energy":{"pkg":26.0311279296875,"pp0":0,"dram":4.95953369140625},"cycles":2832642929}
{"runtime":311,"energy":{"pkg":26.39715576171875,"pp0":0,"dram":4.43536376953125},"cycles":2658752354}
{"runtime":320,"energy":{"pkg":27.146728515625,"pp0":0,"dram":4.5457763671875},"cycles":2824788298}
{"runtime":314,"energy":{"pkg":26.6533203125,"pp0":0,"dram":4.21514892578125},"cycles":2720386660}
{"runtime":308,"energy":{"pkg":26.1641845703125,"pp0":0,"dram":4.83502197265625},"cycles":2722912695}
{"runtime":323,"energy":{"pkg":27.420166015625,"pp0":0,"dram":4.5908203125},"cycles":2755794148}
{"runtime":308,"energy":{"pkg":26.2313232421875,"pp0":0,"dram":4.847412109375},"cycles":2699893399}
{"runtime":315,"energy":{"pkg":26.65313720703125,"pp0":0,"dram":5.29888916015625},"cycles":2691363993}
{"runtime":309,"energy":{"pkg":26.06793212890625,"pp0":0,"dram":5.2132568359375},"cycles":2782027693}
{"runtime":311,"energy":{"pkg":26.327880859375,"pp0":0,"dram":5.197021484375},"cycles":2980465499}
{"runtime":319,"energy":{"pkg":26.96026611328125,"pp0":0,"dram":5.38543701171875},"cycles":2776107549}
{"runtime":327,"energy":{"pkg":27.7518310546875,"pp0":0,"dram":5.4383544921875},"cycles":2961055569}
{"runtime":332,"energy":{"pkg":28.0186767578125,"pp0":0,"dram":5.4832763671875},"cycles":2757884697}
{"runtime":333,"energy":{"pkg":28.053466796875,"pp0":0,"dram":5.599853515625},"cycles":2622402156}
{"runtime":331,"energy":{"pkg":27.996826171875,"pp0":0,"dram":5.59344482421875},"cycles":2948213561}
{"runtime":324,"energy":{"pkg":27.4462890625,"pp0":0,"dram":5.3577880859375},"cycles":2782758811}
{"runtime":319,"energy":{"pkg":26.9771728515625,"pp0":0,"dram":5.3560791015625},"cycles":2818306553}
{"runtime":319,"energy":{"pkg":27.10589599609375,"pp0":0,"dram":5.39312744140625},"cycles":2872398547}
{"runtime":310,"energy":{"pkg":26.39501953125,"pp0":0,"dram":4.45135498046875},"cycles":2661885276}
{"runtime":312,"energy":{"pkg":26.55841064453125,"pp0":0,"dram":5.40606689453125},"cycles":2893045326}
{"runtime":311,"energy":{"pkg":26.35760498046875,"pp0":0,"dram":5.38385009765625},"cycles":2887633262}
{"runtime":307,"energy":{"pkg":26.10247802734375,"pp0":0,"dram":5.24102783203125},"cycles":2715828598}
{"runtime":314,"energy":{"pkg":26.51763916015625,"pp0":0,"dram":5.13824462890625},"cycles":2910184306}
{"runtime":307,"energy":{"pkg":26.02587890625,"pp0":0,"dram":5.1160888671875},"cycles":2739259327}
{"runtime":320,"energy":{"pkg":27.08782958984375,"pp0":0,"dram":5.364990234375},"cycles":2731589148}
{"runtime":328,"energy":{"pkg":27.79486083984375,"pp0":0,"dram":5.06195068359375},"cycles":2888737047}
{"runtime":308,"energy":{"pkg":26.125732421875,"pp0":0,"dram":5.2552490234375},"cycles":2643372595}
{"runtime":305,"energy":{"pkg":25.98785400390625,"pp0":0,"dram":5.234130859375},"cycles":2949073332}
{"runtime":318,"energy":{"pkg":26.76617431640625,"pp0":0,"dram":5.30682373046875},"cycles":2754653600}
{"runtime":320,"energy":{"pkg":27.1998291015625,"pp0":0,"dram":5.00115966796875},"cycles":2884484990}
{"runtime":311,"energy":{"pkg":26.34210205078125,"pp0":0,"dram":5.2783203125},"cycles":2634334432}
{"runtime":315,"energy":{"pkg":26.77099609375,"pp0":0,"dram":5.36383056640625},"cycles":2901318914}
{"runtime":310,"energy":{"pkg":26.29205322265625,"pp0":0,"dram":5.25201416015625},"cycles":2757851721}
{"runtime":323,"energy":{"pkg":27.29290771484375,"pp0":0,"dram":5.41424560546875},"cycles":2799166476}
{"runtime":309,"energy":{"pkg":26.25994873046875,"pp0":0,"dram":5.35662841796875},"cycles":2871014523}
{"runtime":333,"energy":{"pkg":27.93798828125,"pp0":0,"dram":6.7525634765625},"cycles":2755243418}
{"runtime":325,"energy":{"pkg":27.50885009765625,"pp0":0,"dram":5.4901123046875},"cycles":2801314665}
{"runtime":314,"energy":{"pkg":26.7066650390625,"pp0":0,"dram":4.833984375},"cycles":2739587509}
{"runtime":309,"energy":{"pkg":26.20880126953125,"pp0":0,"dram":4.80853271484375},"cycles":2791195015}
{"runtime":303,"energy":{"pkg":25.74798583984375,"pp0":0,"dram":4.69964599609375},"cycles":2668143720}
{"runtime":348,"energy":{"pkg":29.28955078125,"pp0":0,"dram":6.31170654296875},"cycles":2916743080}
{"runtime":301,"energy":{"pkg":25.63885498046875,"pp0":0,"dram":5.53009033203125},"cycles":2755498904}
{"runtime":312,"energy":{"pkg":26.48541259765625,"pp0":0,"dram":4.80999755859375},"cycles":2758938786}
{"runtime":322,"energy":{"pkg":27.19183349609375,"pp0":0,"dram":5.38360595703125},"cycles":2706407846}
{"runtime":308,"energy":{"pkg":26.125732421875,"pp0":0,"dram":5.19940185546875},"cycles":2707307062}
{"runtime":310,"energy":{"pkg":26.38671875,"pp0":0,"dram":4.7955322265625},"cycles":2795164438}
{"runtime":333,"energy":{"pkg":28.22296142578125,"pp0":0,"dram":4.67926025390625},"cycles":2703851031}
{"runtime":315,"energy":{"pkg":26.6251220703125,"pp0":0,"dram":4.447998046875},"cycles":2645776165}
{"runtime":311,"energy":{"pkg":26.619140625,"pp0":0,"dram":4.4375},"cycles":2695682431}
{"runtime":338,"energy":{"pkg":28.53125,"pp0":0,"dram":5.54425048828125},"cycles":2830931511}
{"runtime":320,"energy":{"pkg":27.1961669921875,"pp0":0,"dram":5.2510986328125},"cycles":2845432674}
{"runtime":340,"energy":{"pkg":28.7723388671875,"pp0":0,"dram":5.61376953125},"cycles":2969630459}
{"runtime":323,"energy":{"pkg":27.2376708984375,"pp0":0,"dram":5.315185546875},"cycles":2881834660}
{"runtime":325,"energy":{"pkg":27.43792724609375,"pp0":0,"dram":5.4708251953125},"cycles":2922621537}
{"runtime":300,"energy":{"pkg":25.5106201171875,"pp0":0,"dram":4.94732666015625},"cycles":2873583255}
{"runtime":310,"energy":{"pkg":26.24664306640625,"pp0":0,"dram":5.1160888671875},"cycles":2913175890}
{"runtime":315,"energy":{"pkg":26.53662109375,"pp0":0,"dram":5.289794921875},"cycles":2771551599}
{"runtime":313,"energy":{"pkg":26.5013427734375,"pp0":0,"dram":5.254150390625},"cycles":2890856507}
{"runtime":317,"energy":{"pkg":26.7099609375,"pp0":0,"dram":5.3321533203125},"cycles":2865249306}
{"runtime":322,"energy":{"pkg":27.207275390625,"pp0":0,"dram":5.4078369140625},"cycles":2752658802}
{"runtime":325,"energy":{"pkg":27.33154296875,"pp0":0,"dram":5.34686279296875},"cycles":2743054997}
{"runtime":322,"energy":{"pkg":27.25006103515625,"pp0":0,"dram":5.350830078125},"cycles":2772367365}
{"runtime":311,"energy":{"pkg":26.3052978515625,"pp0":0,"dram":5.18487548828125},"cycles":2708212091}
{"runtime":318,"energy":{"pkg":26.80328369140625,"pp0":0,"dram":5.34576416015625},"cycles":2808258829}
{"runtime":308,"energy":{"pkg":26.04571533203125,"pp0":0,"dram":5.1954345703125},"cycles":2662920559}
{"runtime":317,"energy":{"pkg":26.658447265625,"pp0":0,"dram":5.2706298828125},"cycles":2669141121}
{"runtime":331,"energy":{"pkg":27.7999267578125,"pp0":0,"dram":5.4637451171875},"cycles":2728682597}
{"runtime":381,"energy":{"pkg":32.122314453125,"pp0":0,"dram":6.21392822265625},"cycles":2787627636}
{"runtime":320,"energy":{"pkg":26.97796630859375,"pp0":0,"dram":5.21044921875},"cycles":2762077628}
{"runtime":327,"energy":{"pkg":27.5465087890625,"pp0":0,"dram":5.28668212890625},"cycles":2804847712}
{"runtime":322,"energy":{"pkg":27.2509765625,"pp0":0,"dram":5.2677001953125},"cycles":2834652664}
{"runtime":309,"energy":{"pkg":26.2559814453125,"pp0":0,"dram":5.087646484375},"cycles":2852437940}
{"runtime":326,