{"runtime":402,"energy":{"pkg":37.6761474609375,"pp0":0,"dram":4.65618896484375},"cycles":13870377441}
{"runtime":403,"energy":{"pkg":37.78607177734375,"pp0":0,"dram":4.68316650390625},"cycles":13770954767}
{"runtime":390,"energy":{"pkg":36.67510986328125,"pp0":0,"dram":4.451904296875},"cycles":13657959950}
{"runtime":410,"energy":{"pkg":38.339599609375,"pp0":0,"dram":4.72991943359375},"cycles":13970485204}
{"runtime":402,"energy":{"pkg":37.75732421875,"pp0":0,"dram":4.68121337890625},"cycles":13864965281}
{"runtime":401,"energy":{"pkg":37.61260986328125,"pp0":0,"dram":4.5609130859375},"cycles":13807115417}
{"runtime":380,"energy":{"pkg":35.865478515625,"pp0":0,"dram":4.3218994140625},"cycles":13664574558}
{"runtime":405,"energy":{"pkg":38.20892333984375,"pp0":0,"dram":5.02386474609375},"cycles":14104173422}
{"runtime":404,"energy":{"pkg":37.96746826171875,"pp0":0,"dram":4.59661865234375},"cycles":13769869058}
{"runtime":413,"energy":{"pkg":38.8228759765625,"pp0":0,"dram":4.80670166015625},"cycles":14011356496}
{"runtime":408,"energy":{"pkg":38.38336181640625,"pp0":0,"dram":4.7508544921875},"cycles":14112256442}
{"runtime":374,"energy":{"pkg":35.19805908203125,"pp0":0,"dram":5.3182373046875},"cycles":13262695175}
{"runtime":408,"energy":{"pkg":38.0357666015625,"pp0":0,"dram":5.489501953125},"cycles":13763952838}
{"runtime":391,"energy":{"pkg":37.02545166015625,"pp0":0,"dram":5.52667236328125},"cycles":13893429576}
{"runtime":416,"energy":{"pkg":38.981201171875,"pp0":0,"dram":5.6387939453125},"cycles":13824317201}
{"runtime":386,"energy":{"pkg":36.3741455078125,"pp0":0,"dram":4.86309814453125},"cycles":13794921655}
{"runtime":387,"energy":{"pkg":36.45013427734375,"pp0":0,"dram":5.48846435546875},"cycles":13634146084}
{"runtime":404,"energy":{"pkg":37.989013671875,"pp0":0,"dram":5.72039794921875},"cycles":13696508540}
{"runtime":411,"energy":{"pkg":38.4931640625,"pp0":0,"dram":4.7459716796875},"cycles":14090955474}
{"runtime":380,"energy":{"pkg":35.86505126953125,"pp0":0,"dram":5.55145263671875},"cycles":13492115118}
{"runtime":396,"energy":{"pkg":37.2462158203125,"pp0":0,"dram":4.7322998046875},"cycles":14063209357}
{"runtime":420,"energy":{"pkg":39.2879638671875,"pp0":0,"dram":5.913818359375},"cycles":13895638016}
{"runtime":378,"energy":{"pkg":35.72314453125,"pp0":0,"dram":5.45703125},"cycles":13658167156}
{"runtime":399,"energy":{"pkg":37.3447265625,"pp0":0,"dram":5.13458251953125},"cycles":13677954396}
{"runtime":408,"energy":{"pkg":38.3350830078125,"pp0":0,"dram":5.87213134765625},"cycles":13989861519}
{"runtime":409,"energy":{"pkg":38.23516845703125,"pp0":0,"dram":4.7269287109375},"cycles":13986342177}
{"runtime":397,"energy":{"pkg":37.172119140625,"pp0":0,"dram":5.8665771484375},"cycles":13727552586}
{"runtime":374,"energy":{"pkg":35.17559814453125,"pp0":0,"dram":5.732666015625},"cycles":13397475840}
{"runtime":407,"energy":{"pkg":38.29986572265625,"pp0":0,"dram":5.72735595703125},"cycles":13865223910}
{"runtime":410,"energy":{"pkg":38.5087890625,"pp0":0,"dram":5.75274658203125},"cycles":13876275296}
{"runtime":380,"energy":{"pkg":35.83148193359375,"pp0":0,"dram":5.49481201171875},"cycles":13792277518}
{"runtime":408,"energy":{"pkg":38.2752685546875,"pp0":0,"dram":5.2342529296875},"cycles":13928595607}
{"runtime":401,"energy":{"pkg":37.7083740234375,"pp0":0,"dram":4.996337890625},"cycles":13904403934}
{"runtime":382,"energy":{"pkg":36.16033935546875,"pp0":0,"dram":5.33642578125},"cycles":13656331105}
{"runtime":381,"energy":{"pkg":35.8714599609375,"pp0":0,"dram":5.37847900390625},"cycles":13384988676}
{"runtime":403,"energy":{"pkg":37.9298095703125,"pp0":0,"dram":5.77069091796875},"cycles":14087028795}
{"runtime":401,"energy":{"pkg":37.52386474609375,"pp0":0,"dram":5.72711181640625},"cycles":13696204545}
{"runtime":398,"energy":{"pkg":37.5325927734375,"pp0":0,"dram":5.5919189453125},"cycles":13990033074}
{"runtime":371,"energy":{"pkg":35.10821533203125,"pp0":0,"dram":5.7650146484375},"cycles":13516524027}
{"runtime":403,"energy":{"pkg":37.79290771484375,"pp0":0,"dram":5.6427001953125},"cycles":13746760254}
{"runtime":389,"energy":{"pkg":36.74200439453125,"pp0":0,"dram":5.3724365234375},"cycles":13719035740}
{"runtime":395,"energy":{"pkg":36.69879150390625,"pp0":0,"dram":6.0762939453125},"cycles":13315854260}
{"runtime":380,"energy":{"pkg":35.807861328125,"pp0":0,"dram":7.2252197265625},"cycles":13405728728}
{"runtime":392,"energy":{"pkg":37.0126953125,"pp0":0,"dram":5.596923828125},"cycles":13803083418}
{"runtime":411,"energy":{"pkg":38.53948974609375,"pp0":0,"dram":5.79876708984375},"cycles":14023250914}
{"runtime":369,"energy":{"pkg":34.9942626953125,"pp0":0,"dram":5.22369384765625},"cycles":13608222874}
{"runtime":380,"energy":{"pkg":35.828125,"pp0":0,"dram":5.3955078125},"cycles":13662691216}
{"runtime":373,"energy":{"pkg":35.30853271484375,"pp0":0,"dram":6.33294677734375},"cycles":13534495147}
{"runtime":379,"energy":{"pkg":35.9090576171875,"pp0":0,"dram":5.46807861328125},"cycles":13760130898}
{"runtime":379,"energy":{"pkg":35.78973388671875,"pp0":0,"dram":5.4013671875},"cycles":13615515437}
{"runtime":390,"energy":{"pkg":36.764404296875,"pp0":0,"dram":5.7137451171875},"cycles":13936984864}
{"runtime":402,"energy":{"pkg":37.77178955078125,"pp0":0,"dram":4.7425537109375},"cycles":14017200570}
{"runtime":397,"energy":{"pkg":37.30853271484375,"pp0":0,"dram":5.58062744140625},"cycles":13711332227}
{"runtime":406,"energy":{"pkg":38.22662353515625,"pp0":0,"dram":4.83599853515625},"cycles":13940239809}
{"runtime":389,"energy":{"pkg":36.8424072265625,"pp0":0,"dram":4.55633544921875},"cycles":13997512437}
{"runtime":400,"energy":{"pkg":37.55804443359375,"pp0":0,"dram":4.59686279296875},"cycles":13900323353}
{"runtime":426,"energy":{"pkg":39.68914794921875,"pp0":0,"dram":5.92840576171875},"cycles":13735353944}
{"runtime":397,"energy":{"pkg":37.34393310546875,"pp0":0,"dram":4.5772705078125},"cycles":13750988604}
{"runtime":388,"energy":{"pkg":36.62896728515625,"pp0":0,"dram":5.52532958984375},"cycles":13860496659}
{"runtime":387,"energy":{"pkg":36.59429931640625,"pp0":0,"dram":5.66729736328125},"cycles":13803878393}
{"runtime":402,"energy":{"pkg":37.892822265625,"pp0":0,"dram":5.89862060546875},"cycles":13995347538}
{"runtime":367,"energy":{"pkg":34.70709228515625,"pp0":0,"dram":5.6409912109375},"cycles":13407067054}
{"runtime":381,"energy":{"pkg":35.87725830078125,"pp0":0,"dram":5.83477783203125},"cycles":13688250479}
{"runtime":393,"energy":{"pkg":37.00048828125,"pp0":0,"dram":5.63568115234375},"cycles":13639421413}
{"runtime":368,"energy":{"pkg":34.81317138671875,"pp0":0,"dram":5.484375},"cycles":13499558351}
{"runtime":384,"energy":{"pkg":36.0379638671875,"pp0":0,"dram":5.61590576171875},"cycles":13805835920}
{"runtime":388,"energy":{"pkg":36.6197509765625,"pp0":0,"dram":5.51727294921875},"cycles":13793902721}
{"runtime":371,"energy":{"pkg":35.16522216796875,"pp0":0,"dram":5.2821044921875},"cycles":13629998573}
{"runtime":378,"energy":{"pkg":35.60003662109375,"pp0":0,"dram":5.49493408203125},"cycles":13917161930}
{"runtime":418,"energy":{"pkg":39.0106201171875,"pp0":0,"dram":5.95892333984375},"cycles":13990699050}
{"runtime":398,"energy":{"pkg":37.20965576171875,"pp0":0,"dram":5.6688232421875},"cycles":13678747793}
{"runtime":361,"energy":{"pkg":34.228271484375,"pp0":0,"dram":5.17156982421875},"cycles":13244841782}
{"runtime":382,"energy":{"pkg":35.98028564453125,"pp0":0,"dram":5.55059814453125},"cycles":13604564860}
{"runtime":392,"energy":{"pkg":36.9788818359375,"pp0":0,"dram":5.63330078125},"cycles":14000190070}
{"runtime":391,"energy":{"pkg":36.84149169921875,"pp0":0,"dram":5.69000244140625},"cycles":13755795646}
{"runtime":368,"energy":{"pkg":34.76824951171875,"pp0":0,"dram":5.2083740234375},"cycles":13343532047}
{"runtime":384,"energy":{"pkg":36.29168701171875,"pp0":0,"dram":5.6917724609375},"cycles":13733255977}
{"runtime":389,"energy":{"pkg":36.64801025390625,"pp0":0,"dram":5.5804443359375},"cycles":13768937050}
{"runtime":381,