{"runtime":30842,"energy":{"pkg":1655.5780639648438,"pp0":0,"dram":472.11907958984375},"cycles":269050136929}
{"runtime":32199,"energy":{"pkg":1740.4808959960938,"pp0":0,"dram":475.31976318359375},"cycles":275039640658}
{"runtime":31820,"energy":{"pkg":1737.7216796875,"pp0":0,"dram":481.97381591796875},"cycles":272767438492}
{"runtime":31663,"energy":{"pkg":1728.4591674804688,"pp0":0,"dram":482.899658203125},"cycles":269906954370}
{"runtime":30719,"energy":{"pkg":1691.8480224609375,"pp0":0,"dram":444.45953369140625},"cycles":276198544549}
{"runtime":31412,"energy":{"pkg":1707.0921020507812,"pp0":0,"dram":474.96771240234375},"cycles":272923387714}
{"runtime":29857,"energy":{"pkg":1687.9224243164062,"pp0":0,"dram":464.93408203125},"cycles":273213041548}
{"runtime":31700,"energy":{"pkg":1711.5279541015625,"pp0":0,"dram":480.0455322265625},"cycles":271125777689}
{"runtime":31327,"energy":{"pkg":1713.5986328125,"pp0":0,"dram":473.72259521484375},"cycles":272850372750}
{"runtime":31720,"energy":{"pkg":1732.5601196289062,"pp0":0,"dram":483.3851318359375},"cycles":275321894150}
{"runtime":33459,"energy":{"pkg":1860.9583129882812,"pp0":0,"dram":498.91717529296875},"cycles":301475266212}
{"runtime":31093,"energy":{"pkg":1689.8453369140625,"pp0":0,"dram":473.9112548828125},"cycles":271201898891}
{"runtime":30885,"energy":{"pkg":1703.1301879882812,"pp0":0,"dram":447.8634033203125},"cycles":275391099315}
{"runtime":31657,"energy":{"pkg":1719.3715209960938,"pp0":0,"dram":475.84796142578125},"cycles":275456087550}
{"runtime":32197,"energy":{"pkg":1720.4500732421875,"pp0":0,"dram":483.32952880859375},"cycles":269644782028}
{"runtime":30838,"energy":{"pkg":1705.736572265625,"pp0":0,"dram":469.0965576171875},"cycles":270822456856}
{"runtime":30581,"energy":{"pkg":1696.0717163085938,"pp0":0,"dram":468.02191162109375},"cycles":270809022370}
{"runtime":29604,"energy":{"pkg":1666.7548217773438,"pp0":0,"dram":454.06341552734375},"cycles":268455195393}
{"runtime":30625,"energy":{"pkg":1671.1541748046875,"pp0":0,"dram":466.97271728515625},"cycles":267836913953}
{"runtime":31475,"energy":{"pkg":1711.9591674804688,"pp0":0,"dram":470.14166259765625},"cycles":271826842876}
{"runtime":31609,"energy":{"pkg":1629.6860961914062,"pp0":0,"dram":469.71466064453125},"cycles":261219360266}
{"runtime":29827,"energy":{"pkg":1665.2562866210938,"pp0":0,"dram":456.617919921875},"cycles":267566227318}
{"runtime":31033,"energy":{"pkg":1696.2323608398438,"pp0":0,"dram":475.6346435546875},"cycles":271874480259}
{"runtime":31273,"energy":{"pkg":1696.4231567382812,"pp0":0,"dram":469.79132080078125},"cycles":268655564584}
{"runtime":30814,"energy":{"pkg":1690.6018676757812,"pp0":0,"dram":468.869873046875},"cycles":270748357797}
{"runtime":31064,"energy":{"pkg":1690.0391845703125,"pp0":0,"dram":473.388916015625},"cycles":272728455274}
{"runtime":32253,"energy":{"pkg":1731.3931884765625,"pp0":0,"dram":482.70697021484375},"cycles":273644597714}
{"runtime":30694,"energy":{"pkg":1701.0860595703125,"pp0":0,"dram":467.74420166015625},"cycles":272258471209}
{"runtime":30686,"energy":{"pkg":1709.2658081054688,"pp0":0,"dram":463.4422607421875},"cycles":271414421814}
{"runtime":32724,"energy":{"pkg":1741.60791015625,"pp0":0,"dram":475.26904296875},"cycles":278462983234}
{"runtime":30909,"energy":{"pkg":1702.8988037109375,"pp0":0,"dram":469.6068115234375},"cycles":269563395382}
{"runtime":31337,"energy":{"pkg":1672.8370971679688,"pp0":0,"dram":481.82696533203125},"cycles":271762663483}
{"runtime":30733,"energy":{"pkg":1700.4024658203125,"pp0":0,"dram":469.95697021484375},"cycles":272895782119}
{"runtime":31585,"energy":{"pkg":1710.9609985351562,"pp0":0,"dram":485.5848388671875},"cycles":273796344057}
{"runtime":28963,"energy":{"pkg":1611.7697143554688,"pp0":0,"dram":443.15814208984375},"cycles":266387642133}
{"runtime":31566,"energy":{"pkg":1722.6270751953125,"pp0":0,"dram":477.1080322265625},"cycles":274808142980}
{"runtime":30414,"energy":{"pkg":1697.3953857421875,"pp0":0,"dram":469.8531494140625},"cycles":273422042139}
{"runtime":31522,"energy":{"pkg":1712.5535888671875,"pp0":0,"dram":476.63665771484375},"cycles":273215529998}
{"runtime":31289,"energy":{"pkg":1702.6919555664062,"pp0":0,"dram":479.01007080078125},"cycles":274212582998}
{"runtime":31253,"energy":{"pkg":1692.7625122070312,"pp0":0,"dram":478.18505859375},"cycles":270925904136}
{"runtime":31353,"energy":{"pkg":1696.3870239257812,"pp0":0,"dram":475.161865234375},"cycles":271614711939}
{"runtime":31616,"energy":{"pkg":1721.44970703125,"pp0":0,"dram":478.61541748046875},"cycles":272158772335}
{"runtime":31540,"energy":{"pkg":1708.05419921875,"pp0":0,"dram":474.6898193359375},"cycles":272946304288}
{"runtime":30900,"energy":{"pkg":-260442.00811767578,"pp0":0,"dram":471.7408447265625},"cycles":273609747601}
{"runtime":31275,"energy":{"pkg":1708.9632568359375,"pp0":0,"dram":472.5594482421875},"cycles":270647298912}
{"runtime":32085,"energy":{"pkg":1732.8521118164062,"pp0":0,"dram":486.4761962890625},"cycles":274113131262}
{"runtime":32254,"energy":{"pkg":1711.4058837890625,"pp0":0,"dram":481.00457763671875},"cycles":268892492511}
{"runtime":29918,"energy":{"pkg":1686.6292724609375,"pp0":0,"dram":462.85430908203125},"cycles":273854864289}
{"runtime":31709,"energy":{"pkg":1715.0304565429688,"pp0":0,"dram":476.995849609375},"cycles":270330935155}
{"runtime":30827,"energy":{"pkg":1684.1544799804688,"pp0":0,"dram":469.90985107421875},"cycles":271539142902}
{"runtime":31697,"energy":{"pkg":1710.1160888671875,"pp0":0,"dram":478.7369384765625},"cycles":273155910541}
{"runtime":31284,"energy":{"pkg":1698.95654296875,"pp0":0,"dram":473.3001708984375},"cycles":271309915854}
{"runtime":30213,"energy":{"pkg":1679.9213256835938,"pp0":0,"dram":462.90264892578125},"cycles":273881803062}
{"runtime":31296,"energy":{"pkg":1712.9337158203125,"pp0":0,"dram":478.23828125},"cycles":273665176195}
{"runtime":30885,"energy":{"pkg":1686.3408203125,"pp0":0,"dram":471.61065673828125},"cycles":271266989670}
{"runtime":31316,"energy":{"pkg":1698.30126953125,"pp0":0,"dram":474.86370849609375},"cycles":270218352318}
{"runtime":30481,"energy":{"pkg":1693.8626708984375,"pp0":0,"dram":464.80316162109375},"cycles":272756605446}
{"runtime":32081,"energy":{"pkg":1725.5278930664062,"pp0":0,"dram":473.77142333984375},"cycles":280247386111}
{"runtime":30178,"energy":{"pkg":1699.2999877929688,"pp0":0,"dram":460.48370361328125},"cycles":275461056676}
{"runtime":30534,"energy":{"pkg":1681.8182983398438,"pp0":0,"dram":472.00946044921875},"cycles":270539030969}
{"runtime":31436,"energy":{"pkg":1620.7913818359375,"pp0":0,"dram":463.72088623046875},"cycles":260875293710}
{"runtime":30501,"energy":{"pkg":1685.08056640625,"pp0":0,"dram":467.168212890625},"cycles":272486725638}
{"runtime":32073,"energy":{"pkg":1704.2326049804688,"pp0":0,"dram":486.56707763671875},"cycles":270544902594}
{"runtime":31584,"energy":{"pkg":1701.47314453125,"pp0":0,"dram":480.9681396484375},"cycles":272728746467}
{"runtime":30630,"energy":{"pkg":1700.5882568359375,"pp0":0,"dram":464.7950439453125},"cycles":270634352814}
{"runtime":31738,"energy":{"pkg":1718.3324584960938,"pp0":0,"dram":450.33642578125},"cycles":278060547782}
{"runtime":31314,"energy":{"pkg":1714.8294067382812,"pp0":0,"dram":476.22314453125},"cycles":272943805250}
{"runtime":31493,"energy":{"pkg":1710.6679077148438,"pp0":0,"dram":475.9599609375},"cycles":271763600762}
{"runtime":26985,"energy":{"pkg":1540.1054077148438,"pp0":0,"dram":422.594482421875},"cycles":260517635406}
{"runtime":31720,"energy":{"pkg":1702.3689575195312,"pp0":0,"dram":486.90423583984375},"cycles":270457245773}
{"runtime":30957,"energy":{"pkg":1684.2317504882812,"pp0":0,"dram":471.0423583984375},"cycles":269705893527}
{"runtime":32210,"energy":{"pkg":1703.978515625,"pp0":0,"dram":473.8975830078125},"cycles":274934961519}
{"runtime":31027,"energy":{"pkg":1705.6758422851562,"pp0":0,"dram":474.74761962890625},"cycles":271408790460}
{"runtime":30832,"energy":{"pkg":1723.2872314453125,