{"runtime":2483,"energy":{"pkg":183.8994140625,"pp0":0,"dram":37.78424072265625},"cycles":114750157785}
{"runtime":2599,"energy":{"pkg":192.18060302734375,"pp0":0,"dram":38.69439697265625},"cycles":115220306371}
{"runtime":2865,"energy":{"pkg":200.8115234375,"pp0":0,"dram":41.59722900390625},"cycles":114263018918}
{"runtime":2605,"energy":{"pkg":191.7867431640625,"pp0":0,"dram":38.91558837890625},"cycles":114732600098}
{"runtime":2469,"energy":{"pkg":186.17236328125,"pp0":0,"dram":37.11883544921875},"cycles":114612785659}
{"runtime":2569,"energy":{"pkg":189.6591796875,"pp0":0,"dram":38.3355712890625},"cycles":114173329541}
{"runtime":2719,"energy":{"pkg":193.87664794921875,"pp0":0,"dram":39.27838134765625},"cycles":114228080011}
{"runtime":2680,"energy":{"pkg":193.0361328125,"pp0":0,"dram":38.88348388671875},"cycles":114721268458}
{"runtime":2687,"energy":{"pkg":192.0950927734375,"pp0":0,"dram":39.46954345703125},"cycles":115107116198}
{"runtime":2631,"energy":{"pkg":191.32196044921875,"pp0":0,"dram":38.677490234375},"cycles":114680178312}
{"runtime":2596,"energy":{"pkg":190.781982421875,"pp0":0,"dram":39.03802490234375},"cycles":114576110322}
{"runtime":2530,"energy":{"pkg":187.275390625,"pp0":0,"dram":38.0517578125},"cycles":114365905524}
{"runtime":2632,"energy":{"pkg":192.7296142578125,"pp0":0,"dram":39.29180908203125},"cycles":114313654075}
{"runtime":2475,"energy":{"pkg":185.5435791015625,"pp0":0,"dram":37.119873046875},"cycles":114375940182}
{"runtime":2577,"energy":{"pkg":188.85540771484375,"pp0":0,"dram":37.9324951171875},"cycles":114129595336}
{"runtime":2572,"energy":{"pkg":189.668701171875,"pp0":0,"dram":38.44927978515625},"cycles":114205372125}
{"runtime":2571,"energy":{"pkg":188.3154296875,"pp0":0,"dram":38.18682861328125},"cycles":114649927006}
{"runtime":2526,"energy":{"pkg":187.536865234375,"pp0":0,"dram":37.62738037109375},"cycles":114945773711}
{"runtime":2572,"energy":{"pkg":189.86834716796875,"pp0":0,"dram":37.96551513671875},"cycles":113729261374}
{"runtime":2503,"energy":{"pkg":187.22723388671875,"pp0":0,"dram":37.206298828125},"cycles":115008806500}
{"runtime":2630,"energy":{"pkg":190.42138671875,"pp0":0,"dram":38.27484130859375},"cycles":114737272979}
{"runtime":2675,"energy":{"pkg":190.91326904296875,"pp0":0,"dram":39.00299072265625},"cycles":115115952066}
{"runtime":2605,"energy":{"pkg":188.52679443359375,"pp0":0,"dram":38.398681640625},"cycles":115148197904}
{"runtime":2721,"energy":{"pkg":193.19189453125,"pp0":0,"dram":39.7696533203125},"cycles":114702801375}
{"runtime":2599,"energy":{"pkg":189.701904296875,"pp0":0,"dram":38.17413330078125},"cycles":114407639753}
{"runtime":2590,"energy":{"pkg":189.7076416015625,"pp0":0,"dram":38.57281494140625},"cycles":114440530433}
{"runtime":2650,"energy":{"pkg":191.86981201171875,"pp0":0,"dram":39.37091064453125},"cycles":114688069490}
{"runtime":2716,"energy":{"pkg":194.4281005859375,"pp0":0,"dram":39.84381103515625},"cycles":114883674360}
{"runtime":2556,"energy":{"pkg":189.21453857421875,"pp0":0,"dram":37.60504150390625},"cycles":114476810545}
{"runtime":2622,"energy":{"pkg":191.22613525390625,"pp0":0,"dram":38.07305908203125},"cycles":114283813808}
{"runtime":2722,"energy":{"pkg":195.2008056640625,"pp0":0,"dram":39.36285400390625},"cycles":113647070998}
{"runtime":2536,"energy":{"pkg":183.55218505859375,"pp0":0,"dram":37.5709228515625},"cycles":114594028031}
{"runtime":2562,"energy":{"pkg":188.86566162109375,"pp0":0,"dram":38.4830322265625},"cycles":115107364805}
{"runtime":2519,"energy":{"pkg":187.53045654296875,"pp0":0,"dram":37.489013671875},"cycles":114401492575}
{"runtime":2492,"energy":{"pkg":188.02001953125,"pp0":0,"dram":37.32257080078125},"cycles":114486504946}
{"runtime":2583,"energy":{"pkg":190.005859375,"pp0":0,"dram":37.77178955078125},"cycles":114114436464}
{"runtime":2572,"energy":{"pkg":190.45745849609375,"pp0":0,"dram":38.125244140625},"cycles":114315236087}
{"runtime":2554,"energy":{"pkg":188.36724853515625,"pp0":0,"dram":37.9879150390625},"cycles":114581040662}
{"runtime":2637,"energy":{"pkg":191.4097900390625,"pp0":0,"dram":39.217529296875},"cycles":114487240341}
{"runtime":2538,"energy":{"pkg":187.06256103515625,"pp0":0,"dram":37.75579833984375},"cycles":114418776120}
{"runtime":2507,"energy":{"pkg":187.13031005859375,"pp0":0,"dram":37.73297119140625},"cycles":114480773832}
{"runtime":2769,"energy":{"pkg":195.99462890625,"pp0":0,"dram":39.65643310546875},"cycles":114326312439}
{"runtime":2709,"energy":{"pkg":195.41741943359375,"pp0":0,"dram":39.56304931640625},"cycles":113954310199}
{"runtime":2679,"energy":{"pkg":192.48492431640625,"pp0":0,"dram":38.8671875},"cycles":114614555006}
{"runtime":2673,"energy":{"pkg":191.4293212890625,"pp0":0,"dram":38.9373779296875},"cycles":115317150854}
{"runtime":2484,"energy":{"pkg":187.01837158203125,"pp0":0,"dram":37.48681640625},"cycles":114010779783}
{"runtime":2812,"energy":{"pkg":197.70355224609375,"pp0":0,"dram":40.4815673828125},"cycles":114252525907}
{"runtime":2619,"energy":{"pkg":190.13250732421875,"pp0":0,"dram":38.60992431640625},"cycles":114860975417}
{"runtime":2721,"energy":{"pkg":195.30120849609375,"pp0":0,"dram":40.2801513671875},"cycles":114593240373}
{"runtime":2602,"energy":{"pkg":191.0087890625,"pp0":0,"dram":38.97760009765625},"cycles":114269732907}
{"runtime":2667,"energy":{"pkg":192.82666015625,"pp0":0,"dram":39.4185791015625},"cycles":113827183624}
{"runtime":2514,"energy":{"pkg":186.4447021484375,"pp0":0,"dram":37.66314697265625},"cycles":115104594146}
{"runtime":2560,"energy":{"pkg":189.64453125,"pp0":0,"dram":38.16510009765625},"cycles":114476999154}
{"runtime":2506,"energy":{"pkg":185.95623779296875,"pp0":0,"dram":37.79931640625},"cycles":114769682328}
{"runtime":2540,"energy":{"pkg":187.7958984375,"pp0":0,"dram":37.59393310546875},"cycles":114601535312}
{"runtime":2678,"energy":{"pkg":193.37347412109375,"pp0":0,"dram":39.44158935546875},"cycles":114479214875}
{"runtime":2567,"energy":{"pkg":188.7493896484375,"pp0":0,"dram":38.21783447265625},"cycles":114425564778}
{"runtime":2755,"energy":{"pkg":196.1986083984375,"pp0":0,"dram":40.7236328125},"cycles":114575009779}
{"runtime":2640,"energy":{"pkg":190.54034423828125,"pp0":0,"dram":38.49298095703125},"cycles":114440595664}
{"runtime":2660,"energy":{"pkg":191.63519287109375,"pp0":0,"dram":38.54364013671875},"cycles":114380867121}
{"runtime":2602,"energy":{"pkg":190.556396484375,"pp0":0,"dram":39.27752685546875},"cycles":114110521527}
{"runtime":2627,"energy":{"pkg":191.2626953125,"pp0":0,"dram":38.63348388671875},"cycles":114195494999}
{"runtime":2608,"energy":{"pkg":189.64044189453125,"pp0":0,"dram":38.2718505859375},"cycles":114253166289}
{"runtime":2571,"energy":{"pkg":188.99090576171875,"pp0":0,"dram":38.526611328125},"cycles":114662276755}
{"runtime":2712,"energy":{"pkg":194.2481689453125,"pp0":0,"dram":39.30902099609375},"cycles":114627022591}
{"runtime":2565,"energy":{"pkg":188.560546875,"pp0":0,"dram":38.33258056640625},"cycles":114691849389}
{"runtime":2715,"energy":{"pkg":194.52923583984375,"pp0":0,"dram":40.24884033203125},"cycles":114735576961}
{"runtime":2493,"energy":{"pkg":186.4263916015625,"pp0":0,"dram":37.1759033203125},"cycles":114600761031}
{"runtime":2585,"energy":{"pkg":189.5540771484375,"pp0":0,"dram":38.97662353515625},"cycles":115547585695}
{"runtime":2504,"energy":{"pkg":186.2999267578125,"pp0":0,"dram":37.46649169921875},"cycles":113864968642}
{"runtime":2629,"energy":{"pkg":190.746337890625,"pp0":0,"dram":39.076904296875},"cycles":114271980483}
{"runtime":2657,"energy":{"pkg":193.55657958984375,"pp0":0,"dram":39.26214599609375},"cycles":114612387428}
{"runtime":2702,"energy":{"pkg":194.4710693359375,"pp0":0,"dram":39.460205078125},"cycles":114361809498}
{"runtime":2662,"energy":{"pkg":192.9093017578125,"pp0":0,"dram":39.33892822265625},"cycles":114614884814}
{"runtime":2631,"energy":{"pkg":190.7799072265625,"pp0":0,"dram":38.50653076171875},"cycles":113998602593}
{"runtime":2619,"energy":{"pkg":190.07879638671875,