{"runtime":8146,"energy":{"pkg":311.28759765625,"pp0":0,"dram":62.031494140625},"cycles":23630205420}
{"runtime":8171,"energy":{"pkg":313.60198974609375,"pp0":0,"dram":60.8367919921875},"cycles":23613123835}
{"runtime":8467,"energy":{"pkg":325.56573486328125,"pp0":0,"dram":63.17144775390625},"cycles":24970185421}
{"runtime":8132,"energy":{"pkg":313.15234375,"pp0":0,"dram":61.4285888671875},"cycles":24242980458}
{"runtime":8087,"energy":{"pkg":310.064208984375,"pp0":0,"dram":61.61309814453125},"cycles":23691731023}
{"runtime":7912,"energy":{"pkg":304.71630859375,"pp0":0,"dram":60.2918701171875},"cycles":23587160371}
{"runtime":8148,"energy":{"pkg":313.696044921875,"pp0":0,"dram":61.84930419921875},"cycles":24299459701}
{"runtime":8187,"energy":{"pkg":313.2276611328125,"pp0":0,"dram":61.18756103515625},"cycles":23576928921}
{"runtime":7923,"energy":{"pkg":304.76556396484375,"pp0":0,"dram":59.86492919921875},"cycles":23606643574}
{"runtime":8474,"energy":{"pkg":323.85009765625,"pp0":0,"dram":63.1572265625},"cycles":24541922260}
{"runtime":8157,"energy":{"pkg":312.43939208984375,"pp0":0,"dram":62.5859375},"cycles":23612925649}
{"runtime":8071,"energy":{"pkg":309.45379638671875,"pp0":0,"dram":61.42462158203125},"cycles":23607364882}
{"runtime":8809,"energy":{"pkg":335.58575439453125,"pp0":0,"dram":67.10577392578125},"cycles":24909772071}
{"runtime":7960,"energy":{"pkg":306.25732421875,"pp0":0,"dram":60.67919921875},"cycles":23729127605}
{"runtime":8291,"energy":{"pkg":319.09619140625,"pp0":0,"dram":62.54766845703125},"cycles":24695983922}
{"runtime":7922,"energy":{"pkg":305.20880126953125,"pp0":0,"dram":59.89923095703125},"cycles":23597572417}
{"runtime":8067,"energy":{"pkg":309.08148193359375,"pp0":0,"dram":61.373046875},"cycles":23601043022}
{"runtime":8430,"energy":{"pkg":317.1937255859375,"pp0":0,"dram":63.97662353515625},"cycles":23599957172}
{"runtime":8187,"energy":{"pkg":314.782958984375,"pp0":0,"dram":61.50909423828125},"cycles":24403766570}
{"runtime":8095,"energy":{"pkg":311.6143798828125,"pp0":0,"dram":60.36669921875},"cycles":24179467163}
{"runtime":8559,"energy":{"pkg":327.15557861328125,"pp0":0,"dram":64.773193359375},"cycles":24795539521}
{"runtime":8169,"energy":{"pkg":312.724853515625,"pp0":0,"dram":62.667236328125},"cycles":23627906305}
{"runtime":8947,"energy":{"pkg":333.66400146484375,"pp0":0,"dram":67.90948486328125},"cycles":24465828384}
{"runtime":8330,"energy":{"pkg":318.71368408203125,"pp0":0,"dram":62.0062255859375},"cycles":24117429017}
{"runtime":8225,"energy":{"pkg":314.73211669921875,"pp0":0,"dram":61.78314208984375},"cycles":23971498538}
{"runtime":8078,"energy":{"pkg":309.4578857421875,"pp0":0,"dram":61.58770751953125},"cycles":23647430637}
{"runtime":8174,"energy":{"pkg":312.3929443359375,"pp0":0,"dram":62.27349853515625},"cycles":23604063951}
{"runtime":7930,"energy":{"pkg":304.8946533203125,"pp0":0,"dram":59.1195068359375},"cycles":23604363714}
{"runtime":8375,"energy":{"pkg":321.4471435546875,"pp0":0,"dram":60.71380615234375},"cycles":24454323202}
{"runtime":8576,"energy":{"pkg":326.0198974609375,"pp0":0,"dram":63.0025634765625},"cycles":24606678578}
{"runtime":8113,"energy":{"pkg":309.2825927734375,"pp0":0,"dram":59.137451171875},"cycles":23595902737}
{"runtime":8158,"energy":{"pkg":309.9222412109375,"pp0":0,"dram":59.09136962890625},"cycles":23591738441}
{"runtime":7916,"energy":{"pkg":305.16046142578125,"pp0":0,"dram":58.6744384765625},"cycles":23594968039}
{"runtime":8019,"energy":{"pkg":308.73809814453125,"pp0":0,"dram":59.81182861328125},"cycles":23924364729}
{"runtime":7907,"energy":{"pkg":304.554931640625,"pp0":0,"dram":58.53302001953125},"cycles":23576498250}
{"runtime":7957,"energy":{"pkg":305.97882080078125,"pp0":0,"dram":59.38800048828125},"cycles":23717357560}
{"runtime":7902,"energy":{"pkg":304.391845703125,"pp0":0,"dram":58.38812255859375},"cycles":23578728733}
{"runtime":7919,"energy":{"pkg":305.00372314453125,"pp0":0,"dram":58.188232421875},"cycles":23623682835}
{"runtime":7926,"energy":{"pkg":304.5538330078125,"pp0":0,"dram":60.75445556640625},"cycles":23592576857}
{"runtime":8058,"energy":{"pkg":309.3189697265625,"pp0":0,"dram":60.585205078125},"cycles":23576151941}
{"runtime":8426,"energy":{"pkg":323.7076416015625,"pp0":0,"dram":62.87353515625},"cycles":24669538975}
{"runtime":8268,"energy":{"pkg":316.97979736328125,"pp0":0,"dram":61.1490478515625},"cycles":23883834018}
{"runtime":8404,"energy":{"pkg":322.1444091796875,"pp0":0,"dram":61.89617919921875},"cycles":24580381979}
{"runtime":8718,"energy":{"pkg":324.24969482421875,"pp0":0,"dram":65.06964111328125},"cycles":23752474269}
{"runtime":8087,"energy":{"pkg":309.96661376953125,"pp0":0,"dram":60.03485107421875},"cycles":23642126367}
{"runtime":7999,"energy":{"pkg":308.13671875,"pp0":0,"dram":59.41339111328125},"cycles":23860128822}
{"runtime":7968,"energy":{"pkg":306.23468017578125,"pp0":0,"dram":58.43206787109375},"cycles":23733249881}
{"runtime":8028,"energy":{"pkg":309.0968017578125,"pp0":0,"dram":60.98480224609375},"cycles":23919369602}
{"runtime":7984,"energy":{"pkg":307.46807861328125,"pp0":0,"dram":60.87725830078125},"cycles":23795542148}
{"runtime":8381,"energy":{"pkg":315.953857421875,"pp0":0,"dram":63.966796875},"cycles":23620337243}
{"runtime":9226,"energy":{"pkg":340.81817626953125,"pp0":0,"dram":69.7464599609375},"cycles":24499882767}
{"runtime":8153,"energy":{"pkg":314.196044921875,"pp0":0,"dram":60.5255126953125},"cycles":24282356135}
{"runtime":8383,"energy":{"pkg":316.04290771484375,"pp0":0,"dram":62.371826171875},"cycles":23602355596}
{"runtime":8900,"energy":{"pkg":329.15887451171875,"pp0":0,"dram":66.77801513671875},"cycles":24564569109}
{"runtime":9061,"energy":{"pkg":335.869384765625,"pp0":0,"dram":66.96759033203125},"cycles":23916498713}
{"runtime":9024,"energy":{"pkg":335.2366943359375,"pp0":0,"dram":66.676513671875},"cycles":24672465319}
{"runtime":7901,"energy":{"pkg":304.1353759765625,"pp0":0,"dram":58.3048095703125},"cycles":23584056802}
{"runtime":8325,"energy":{"pkg":314.288330078125,"pp0":0,"dram":61.49517822265625},"cycles":23635545171}
{"runtime":8264,"energy":{"pkg":316.7115478515625,"pp0":0,"dram":61.62701416015625},"cycles":23864467313}
{"runtime":8346,"energy":{"pkg":321.21441650390625,"pp0":0,"dram":63.3223876953125},"cycles":24939792001}
{"runtime":7921,"energy":{"pkg":304.56805419921875,"pp0":0,"dram":58.4683837890625},"cycles":23600866904}
{"runtime":8176,"energy":{"pkg":312.5645751953125,"pp0":0,"dram":62.25360107421875},"cycles":23635824628}
{"runtime":7926,"energy":{"pkg":305.13641357421875,"pp0":0,"dram":60.230224609375},"cycles":23585619976}
{"runtime":7911,"energy":{"pkg":304.58563232421875,"pp0":0,"dram":59.83880615234375},"cycles":23600098457}
{"runtime":7912,"energy":{"pkg":304.9910888671875,"pp0":0,"dram":58.8890380859375},"cycles":23588099346}
{"runtime":8835,"energy":{"pkg":338.1988525390625,"pp0":0,"dram":65.96270751953125},"cycles":25670341216}
{"runtime":8065,"energy":{"pkg":310.24151611328125,"pp0":0,"dram":60.8736572265625},"cycles":24039506970}
{"runtime":8672,"energy":{"pkg":321.386962890625,"pp0":0,"dram":64.60357666015625},"cycles":23583538136}
{"runtime":8665,"energy":{"pkg":332.99017333984375,"pp0":0,"dram":65.31915283203125},"cycles":25846872695}
{"runtime":8155,"energy":{"pkg":312.21527099609375,"pp0":0,"dram":61.42608642578125},"cycles":23620456479}
{"runtime":8069,"energy":{"pkg":310.7080078125,"pp0":0,"dram":60.30865478515625},"cycles":24038039244}
{"runtime":8364,"energy":{"pkg":319.13458251953125,"pp0":0,"dram":60.826416015625},"cycles":24066479408}
{"runtime":8653,"energy":{"pkg":320.80865478515625,"pp0":0,"dram":64.08502197265625},"cycles":23575146449}
{"runtime":8135,"energy":{"pkg":311.72607421875,"pp0":0,"dram":60.751953125},"cycles":23571753490}
{"runtime":8077,"energy":{"pkg":310.7374267578125,"pp0":0,"dram":58.055908203125},"cycles":24054339488}
{"runtime":8592,"energy":{"pkg":319.511962890625,"pp0":0,"dram":62.246826171875},"cycles":23855052976}
{"runtime":8175,