{"runtime":6665,"energy":{"pkg":238.2520751953125,"pp0":0,"dram":72.638671875},"cycles":16349605142}
{"runtime":7214,"energy":{"pkg":260.1016845703125,"pp0":0,"dram":79.26715087890625},"cycles":17978663416}
{"runtime":6542,"energy":{"pkg":244.280517578125,"pp0":0,"dram":71.52606201171875},"cycles":17685006322}
{"runtime":6271,"energy":{"pkg":241.185791015625,"pp0":0,"dram":68.4705810546875},"cycles":17764906567}
{"runtime":6155,"energy":{"pkg":230.469482421875,"pp0":0,"dram":67.82366943359375},"cycles":16411201299}
{"runtime":6015,"energy":{"pkg":234.3653564453125,"pp0":0,"dram":67.89190673828125},"cycles":17992201522}
{"runtime":6834,"energy":{"pkg":251.39697265625,"pp0":0,"dram":75.18878173828125},"cycles":17984740092}
{"runtime":6066,"energy":{"pkg":236.58837890625,"pp0":0,"dram":67.4163818359375},"cycles":17718387528}
{"runtime":6393,"energy":{"pkg":245.25958251953125,"pp0":0,"dram":70.5550537109375},"cycles":18073592342}
{"runtime":6509,"energy":{"pkg":242.75543212890625,"pp0":0,"dram":71.40582275390625},"cycles":17770666796}
{"runtime":6791,"energy":{"pkg":250.27117919921875,"pp0":0,"dram":75.02777099609375},"cycles":18008795074}
{"runtime":6436,"energy":{"pkg":245.66375732421875,"pp0":0,"dram":71.0384521484375},"cycles":17966125605}
{"runtime":6653,"energy":{"pkg":249.3729248046875,"pp0":0,"dram":72.3748779296875},"cycles":17900844365}
{"runtime":7627,"energy":{"pkg":267.9793701171875,"pp0":0,"dram":81.32537841796875},"cycles":17786371792}
{"runtime":7391,"energy":{"pkg":259.8428955078125,"pp0":0,"dram":78.16180419921875},"cycles":17822242925}
{"runtime":6486,"energy":{"pkg":247.1553955078125,"pp0":0,"dram":71.88787841796875},"cycles":18010383674}
{"runtime":6037,"energy":{"pkg":235.9716796875,"pp0":0,"dram":67.3157958984375},"cycles":17873568463}
{"runtime":7165,"energy":{"pkg":260.6253662109375,"pp0":0,"dram":76.937255859375},"cycles":17822016494}
{"runtime":6398,"energy":{"pkg":245.91558837890625,"pp0":0,"dram":69.6063232421875},"cycles":17823254642}
{"runtime":6336,"energy":{"pkg":244.88946533203125,"pp0":0,"dram":70.00390625},"cycles":17773334096}
{"runtime":7145,"energy":{"pkg":258.20745849609375,"pp0":0,"dram":74.6094970703125},"cycles":17860054070}
{"runtime":6405,"energy":{"pkg":236.67218017578125,"pp0":0,"dram":69.8011474609375},"cycles":16421623527}
{"runtime":6334,"energy":{"pkg":233.8822021484375,"pp0":0,"dram":68.92626953125},"cycles":16418192309}
{"runtime":6196,"energy":{"pkg":238.59033203125,"pp0":0,"dram":68.30548095703125},"cycles":17858953193}
{"runtime":6308,"energy":{"pkg":242.53399658203125,"pp0":0,"dram":68.7137451171875},"cycles":17692071885}
{"runtime":6416,"energy":{"pkg":243.80242919921875,"pp0":0,"dram":70.10174560546875},"cycles":17810352125}
{"runtime":5956,"energy":{"pkg":226.05133056640625,"pp0":0,"dram":65.81170654296875},"cycles":16260114682}
{"runtime":6025,"energy":{"pkg":233.58013916015625,"pp0":0,"dram":66.44964599609375},"cycles":17834003391}
{"runtime":6340,"energy":{"pkg":240.14556884765625,"pp0":0,"dram":68.70477294921875},"cycles":17742603751}
{"runtime":7155,"energy":{"pkg":248.51983642578125,"pp0":0,"dram":76.15594482421875},"cycles":16278359453}
{"runtime":5993,"energy":{"pkg":234.4970703125,"pp0":0,"dram":66.3118896484375},"cycles":17769700267}
{"runtime":6497,"energy":{"pkg":238.93377685546875,"pp0":0,"dram":71.11993408203125},"cycles":18048536198}
{"runtime":6794,"energy":{"pkg":257.99462890625,"pp0":0,"dram":72.7880859375},"cycles":17788088365}
{"runtime":5988,"energy":{"pkg":233.16900634765625,"pp0":0,"dram":67.32232666015625},"cycles":17875222222}
{"runtime":6390,"energy":{"pkg":247.04986572265625,"pp0":0,"dram":70.4822998046875},"cycles":17785278456}
{"runtime":5994,"energy":{"pkg":233.3218994140625,"pp0":0,"dram":67.4183349609375},"cycles":17925089074}
{"runtime":6025,"energy":{"pkg":235.26202392578125,"pp0":0,"dram":68.00091552734375},"cycles":17897513163}
{"runtime":6324,"energy":{"pkg":243.27850341796875,"pp0":0,"dram":69.26507568359375},"cycles":17975003777}
{"runtime":5922,"energy":{"pkg":226.25140380859375,"pp0":0,"dram":65.48199462890625},"cycles":16364161084}
{"runtime":6015,"energy":{"pkg":233.3280029296875,"pp0":0,"dram":66.8297119140625},"cycles":17727475770}
{"runtime":6321,"energy":{"pkg":244.82977294921875,"pp0":0,"dram":69.45684814453125},"cycles":17738509286}
{"runtime":5919,"energy":{"pkg":231.0994873046875,"pp0":0,"dram":65.6661376953125},"cycles":17759586965}
{"runtime":6139,"energy":{"pkg":238.662841796875,"pp0":0,"dram":69.60650634765625},"cycles":17914194396}
{"runtime":7786,"energy":{"pkg":275.03564453125,"pp0":0,"dram":84.04193115234375},"cycles":18166022150}
{"runtime":6551,"energy":{"pkg":242.86529541015625,"pp0":0,"dram":72.09967041015625},"cycles":17737148682}
{"runtime":5912,"energy":{"pkg":232.580810546875,"pp0":0,"dram":65.8236083984375},"cycles":17730421310}
{"runtime":6427,"energy":{"pkg":246.114501953125,"pp0":0,"dram":70.4095458984375},"cycles":17934719804}
{"runtime":5988,"energy":{"pkg":234.2884521484375,"pp0":0,"dram":67.74542236328125},"cycles":17986168176}
{"runtime":6405,"energy":{"pkg":245.245361328125,"pp0":0,"dram":70.6434326171875},"cycles":18031393573}
{"runtime":6468,"energy":{"pkg":241.891845703125,"pp0":0,"dram":71.1510009765625},"cycles":17688316706}
{"runtime":6127,"energy":{"pkg":236.556396484375,"pp0":0,"dram":68.57855224609375},"cycles":17820665821}
{"runtime":6331,"energy":{"pkg":233.21685791015625,"pp0":0,"dram":69.60491943359375},"cycles":16509988870}
{"runtime":6648,"energy":{"pkg":246.6204833984375,"pp0":0,"dram":73.4888916015625},"cycles":17878569585}
{"runtime":6238,"energy":{"pkg":231.49713134765625,"pp0":0,"dram":68.742431640625},"cycles":16486790650}
{"runtime":6376,"energy":{"pkg":245.25286865234375,"pp0":0,"dram":69.66021728515625},"cycles":18088976026}
{"runtime":6224,"energy":{"pkg":241.4932861328125,"pp0":0,"dram":68.93389892578125},"cycles":17856083986}
{"runtime":6370,"energy":{"pkg":244.384765625,"pp0":0,"dram":69.8414306640625},"cycles":18054311029}
{"runtime":6393,"energy":{"pkg":249.34991455078125,"pp0":0,"dram":70.216796875},"cycles":17799258061}
{"runtime":6799,"energy":{"pkg":257.0830078125,"pp0":0,"dram":74.278076171875},"cycles":17884752718}
{"runtime":6136,"energy":{"pkg":240.1888427734375,"pp0":0,"dram":69.24993896484375},"cycles":18346259857}
{"runtime":5939,"energy":{"pkg":231.6451416015625,"pp0":0,"dram":67.05010986328125},"cycles":17817272048}
{"runtime":6522,"energy":{"pkg":248.14459228515625,"pp0":0,"dram":71.95166015625},"cycles":18096643269}
{"runtime":6353,"energy":{"pkg":243.732177734375,"pp0":0,"dram":70.45098876953125},"cycles":18128194529}
{"runtime":6206,"energy":{"pkg":238.65106201171875,"pp0":0,"dram":70.18035888671875},"cycles":17821582420}
{"runtime":6750,"energy":{"pkg":249.8634033203125,"pp0":0,"dram":77.24267578125},"cycles":18129307945}
{"runtime":5964,"energy":{"pkg":232.36724853515625,"pp0":0,"dram":66.84051513671875},"cycles":17813858003}
{"runtime":5962,"energy":{"pkg":232.674072265625,"pp0":0,"dram":66.88385009765625},"cycles":17681073079}
{"runtime":6161,"energy":{"pkg":237.91888427734375,"pp0":0,"dram":69.67437744140625},"cycles":17858634004}
{"runtime":6248,"energy":{"pkg":240.6884765625,"pp0":0,"dram":68.3935546875},"cycles":18134456606}
{"runtime":6359,"energy":{"pkg":241.3531494140625,"pp0":0,"dram":70.566162109375},"cycles":18030201371}
{"runtime":6171,"energy":{"pkg":236.96820068359375,"pp0":0,"dram":68.9268798828125},"cycles":17924091089}
{"runtime":6208,"energy":{"pkg":238.5921630859375,"pp0":0,"dram":69.891357421875},"cycles":17924499100}
{"runtime":6191,"energy":{"pkg":240.4163818359375,"pp0":0,"dram":68.01934814453125},"cycles":17766336288}
{"runtime":5914,"energy":{"pkg":232.626953125,"pp0":0,"dram":65.34765625},"cycles":17755750524}
{"runtime":6399,"energy":{"pkg":245.472900390625,"pp0":0,"dram":69.2275390625},"cycles":17971928109}
{"runtime":5990,"energy":{"pkg":232.656494140625,"pp0":0,"dram":65.988525390625},"cycles":17748469676}
{"runtime":6681,