{"runtime":2768,"energy":{"pkg":94.19476318359375,"pp0":0,"dram":25.4591064453125},"cycles":6584465526}
{"runtime":2688,"energy":{"pkg":101.2220458984375,"pp0":0,"dram":24.07403564453125},"cycles":6490979260}
{"runtime":2574,"energy":{"pkg":98.78411865234375,"pp0":0,"dram":26.01953125},"cycles":6750441454}
{"runtime":2979,"energy":{"pkg":109.0487060546875,"pp0":0,"dram":28.734375},"cycles":6587274027}
{"runtime":2761,"energy":{"pkg":102.06494140625,"pp0":0,"dram":27.3822021484375},"cycles":6725057303}
{"runtime":2855,"energy":{"pkg":96.65863037109375,"pp0":0,"dram":26.40020751953125},"cycles":6643058945}
{"runtime":2751,"energy":{"pkg":94.7716064453125,"pp0":0,"dram":25.26849365234375},"cycles":6585886661}
{"runtime":2966,"energy":{"pkg":106.59588623046875,"pp0":0,"dram":27.2421875},"cycles":6685963205}
{"runtime":2515,"energy":{"pkg":96.1033935546875,"pp0":0,"dram":25.09234619140625},"cycles":6674334188}
{"runtime":2257,"energy":{"pkg":88.0196533203125,"pp0":0,"dram":20.92486572265625},"cycles":6659286502}
{"runtime":2718,"energy":{"pkg":95.3955078125,"pp0":0,"dram":24.78826904296875},"cycles":6564529730}
{"runtime":2882,"energy":{"pkg":104.32958984375,"pp0":0,"dram":26.202880859375},"cycles":6489111502}
{"runtime":2616,"energy":{"pkg":97.232666015625,"pp0":0,"dram":25.93829345703125},"cycles":6717374710}
{"runtime":2871,"energy":{"pkg":105.96820068359375,"pp0":0,"dram":27.8350830078125},"cycles":6623512844}
{"runtime":2603,"energy":{"pkg":96.92510986328125,"pp0":0,"dram":25.37109375},"cycles":6655877929}
{"runtime":2855,"energy":{"pkg":96.96771240234375,"pp0":0,"dram":27.93572998046875},"cycles":6700579609}
{"runtime":2894,"energy":{"pkg":98.21063232421875,"pp0":0,"dram":28.080322265625},"cycles":6702122396}
{"runtime":2471,"energy":{"pkg":94.12884521484375,"pp0":0,"dram":22.736328125},"cycles":6502236930}
{"runtime":2416,"energy":{"pkg":90.568115234375,"pp0":0,"dram":22.210693359375},"cycles":6537101646}
{"runtime":2769,"energy":{"pkg":102.7005615234375,"pp0":0,"dram":26.584716796875},"cycles":6618557349}
{"runtime":2521,"energy":{"pkg":96.69598388671875,"pp0":0,"dram":24.7960205078125},"cycles":6736381644}
{"runtime":2514,"energy":{"pkg":95.49139404296875,"pp0":0,"dram":24.81951904296875},"cycles":6633753571}
{"runtime":2690,"energy":{"pkg":99.05609130859375,"pp0":0,"dram":26.14447021484375},"cycles":6664662914}
{"runtime":2917,"energy":{"pkg":102.61956787109375,"pp0":0,"dram":26.18096923828125},"cycles":6494947648}
{"runtime":2346,"energy":{"pkg":91.19952392578125,"pp0":0,"dram":21.6600341796875},"cycles":6518518696}
{"runtime":2406,"energy":{"pkg":90.44012451171875,"pp0":0,"dram":22.71630859375},"cycles":6526579936}
{"runtime":2577,"energy":{"pkg":97.442626953125,"pp0":0,"dram":25.416748046875},"cycles":6674868591}
{"runtime":2560,"energy":{"pkg":95.94580078125,"pp0":0,"dram":23.21795654296875},"cycles":6482521905}
{"runtime":3030,"energy":{"pkg":103.275146484375,"pp0":0,"dram":29.06427001953125},"cycles":6729659877}
{"runtime":2895,"energy":{"pkg":101.51641845703125,"pp0":0,"dram":27.5009765625},"cycles":6605884938}
{"runtime":2388,"energy":{"pkg":92.0535888671875,"pp0":0,"dram":22.15533447265625},"cycles":6672469995}
{"runtime":2853,"energy":{"pkg":100.495361328125,"pp0":0,"dram":27.65216064453125},"cycles":6624461496}
{"runtime":2778,"energy":{"pkg":99.37060546875,"pp0":0,"dram":27.06329345703125},"cycles":6617639184}
{"runtime":2488,"energy":{"pkg":93.91839599609375,"pp0":0,"dram":23.095703125},"cycles":6557400677}
{"runtime":2557,"energy":{"pkg":97.2908935546875,"pp0":0,"dram":23.5806884765625},"cycles":6539840911}
{"runtime":2410,"energy":{"pkg":93.27813720703125,"pp0":0,"dram":22.708251953125},"cycles":6608434895}
{"runtime":2246,"energy":{"pkg":88.68212890625,"pp0":0,"dram":21.2269287109375},"cycles":6567612567}
{"runtime":2893,"energy":{"pkg":106.173095703125,"pp0":0,"dram":27.95037841796875},"cycles":6627324877}
{"runtime":2436,"energy":{"pkg":92.138916015625,"pp0":0,"dram":22.5908203125},"cycles":6507702842}
{"runtime":2822,"energy":{"pkg":105.7208251953125,"pp0":0,"dram":27.72625732421875},"cycles":6678381335}
{"runtime":2782,"energy":{"pkg":101.01373291015625,"pp0":0,"dram":26.92938232421875},"cycles":6616198586}
{"runtime":2311,"energy":{"pkg":89.99151611328125,"pp0":0,"dram":21.44134521484375},"cycles":6509384849}
{"runtime":2956,"energy":{"pkg":106.16455078125,"pp0":0,"dram":28.471923828125},"cycles":6641897510}
{"runtime":2770,"energy":{"pkg":100.4764404296875,"pp0":0,"dram":26.9228515625},"cycles":6614756041}
{"runtime":2478,"energy":{"pkg":94.681884765625,"pp0":0,"dram":24.3070068359375},"cycles":6686973608}
{"runtime":2328,"energy":{"pkg":90.18902587890625,"pp0":0,"dram":21.668212890625},"cycles":6516208790}
{"runtime":2504,"energy":{"pkg":92.95184326171875,"pp0":0,"dram":24.37322998046875},"cycles":6675444014}
{"runtime":2327,"energy":{"pkg":91.44305419921875,"pp0":0,"dram":22.135498046875},"cycles":6628056624}
{"runtime":2500,"energy":{"pkg":96.4874267578125,"pp0":0,"dram":25.31964111328125},"cycles":6804183557}
{"runtime":2601,"energy":{"pkg":96.86761474609375,"pp0":0,"dram":25.5262451171875},"cycles":6708085460}
{"runtime":2386,"energy":{"pkg":91.2362060546875,"pp0":0,"dram":23.1226806640625},"cycles":6652763419}
{"runtime":3122,"energy":{"pkg":105.2569580078125,"pp0":0,"dram":30.29168701171875},"cycles":6739089929}
{"runtime":2885,"energy":{"pkg":105.54779052734375,"pp0":0,"dram":28.06146240234375},"cycles":6638364280}
{"runtime":2499,"energy":{"pkg":94.4813232421875,"pp0":0,"dram":24.64739990234375},"cycles":6647867477}
{"runtime":2483,"energy":{"pkg":97.8958740234375,"pp0":0,"dram":25.0225830078125},"cycles":6769897169}
{"runtime":3183,"energy":{"pkg":105.6419677734375,"pp0":0,"dram":30.57379150390625},"cycles":6623615913}
{"runtime":2407,"energy":{"pkg":90.57086181640625,"pp0":0,"dram":22.4676513671875},"cycles":6592274299}
{"runtime":2700,"energy":{"pkg":94.6453857421875,"pp0":0,"dram":24.5601806640625},"cycles":6605221362}
{"runtime":2943,"energy":{"pkg":105.82269287109375,"pp0":0,"dram":27.99920654296875},"cycles":6603044620}
{"runtime":3202,"energy":{"pkg":109.137451171875,"pp0":0,"dram":30.828857421875},"cycles":6703885161}
{"runtime":2984,"energy":{"pkg":108.960693359375,"pp0":0,"dram":28.89068603515625},"cycles":6701460940}
{"runtime":3183,"energy":{"pkg":104.71044921875,"pp0":0,"dram":30.57745361328125},"cycles":6676993300}
{"runtime":2849,"energy":{"pkg":104.0595703125,"pp0":0,"dram":27.57989501953125},"cycles":6583594944}
{"runtime":2417,"energy":{"pkg":91.72186279296875,"pp0":0,"dram":22.23651123046875},"cycles":6569922828}
{"runtime":2451,"energy":{"pkg":93.008056640625,"pp0":0,"dram":22.35406494140625},"cycles":6550407674}
{"runtime":2531,"energy":{"pkg":94.46038818359375,"pp0":0,"dram":24.7772216796875},"cycles":6657981527}
{"runtime":2554,"energy":{"pkg":97.26983642578125,"pp0":0,"dram":23.6109619140625},"cycles":6582799171}
{"runtime":2427,"energy":{"pkg":92.40106201171875,"pp0":0,"dram":22.38812255859375},"cycles":6551392564}
{"runtime":2836,"energy":{"pkg":98.5914306640625,"pp0":0,"dram":27.44873046875},"cycles":6624355574}
{"runtime":2258,"energy":{"pkg":88.26983642578125,"pp0":0,"dram":21.07708740234375},"cycles":6569382553}
{"runtime":2377,"energy":{"pkg":89.36578369140625,"pp0":0,"dram":22.052001953125},"cycles":6577029637}
{"runtime":2666,"energy":{"pkg":97.570068359375,"pp0":0,"dram":25.94793701171875},"cycles":6598002164}
{"runtime":2470,"energy":{"pkg":91.87255859375,"pp0":0,"dram":22.85302734375},"cycles":6572309929}
{"runtime":2872,"energy":{"pkg":105.36175537109375,"pp0":0,"dram":27.7156982421875},"cycles":6637786638}
{"runtime":2874,"energy":{"pkg":102.3892822265625,"pp0":0,"dram":27.6416015625},"cycles":6660749804}
{"runtime":2446,"energy":{"pkg":93.7803955078125,"pp0":0,"dram":24.253173828125},"cycles":6696469561}
{"runtime":2643,"energy":{"pkg":97.4283447265625,"pp0":0,"dram":25.7635498046875},"cycles":6603059115}
{"runtime":2937,"energy":{"pkg":106.23089599609375,"pp0":0,