{"runtime":3933,"energy":{"pkg":148.54443359375,"pp0":0,"dram":30.1243896484375},"cycles":11045098330}
{"runtime":3787,"energy":{"pkg":144.1285400390625,"pp0":0,"dram":28.41217041015625},"cycles":11037394930}
{"runtime":3744,"energy":{"pkg":143.42962646484375,"pp0":0,"dram":27.8221435546875},"cycles":11037485032}
{"runtime":3701,"energy":{"pkg":142.47991943359375,"pp0":0,"dram":27.64520263671875},"cycles":11042689224}
{"runtime":3729,"energy":{"pkg":143.75616455078125,"pp0":0,"dram":27.975830078125},"cycles":11036023227}
{"runtime":3750,"energy":{"pkg":143.22296142578125,"pp0":0,"dram":28.70599365234375},"cycles":11038552964}
{"runtime":3750,"energy":{"pkg":143.32696533203125,"pp0":0,"dram":28.7034912109375},"cycles":11035143066}
{"runtime":4627,"energy":{"pkg":159.32623291015625,"pp0":0,"dram":35.1063232421875},"cycles":11040614718}
{"runtime":3741,"energy":{"pkg":143.23382568359375,"pp0":0,"dram":28.18927001953125},"cycles":11035545608}
{"runtime":3709,"energy":{"pkg":142.7327880859375,"pp0":0,"dram":27.820068359375},"cycles":11044109563}
{"runtime":3872,"energy":{"pkg":147.29931640625,"pp0":0,"dram":29.9071044921875},"cycles":11035088001}
{"runtime":3746,"energy":{"pkg":143.04693603515625,"pp0":0,"dram":28.91937255859375},"cycles":11034481158}
{"runtime":3703,"energy":{"pkg":142.52130126953125,"pp0":0,"dram":28.43731689453125},"cycles":11042361371}
{"runtime":4590,"energy":{"pkg":157.433837890625,"pp0":0,"dram":35.22509765625},"cycles":11039073937}
{"runtime":3749,"energy":{"pkg":143.23309326171875,"pp0":0,"dram":28.376708984375},"cycles":11035946172}
{"runtime":3729,"energy":{"pkg":142.96661376953125,"pp0":0,"dram":28.5985107421875},"cycles":11037078552}
{"runtime":3719,"energy":{"pkg":142.7713623046875,"pp0":0,"dram":28.39471435546875},"cycles":11035629182}
{"runtime":3738,"energy":{"pkg":143.5548095703125,"pp0":0,"dram":28.40155029296875},"cycles":11095613964}
{"runtime":3955,"energy":{"pkg":149.90093994140625,"pp0":0,"dram":30.0450439453125},"cycles":11042067419}
{"runtime":3821,"energy":{"pkg":144.46844482421875,"pp0":0,"dram":28.6505126953125},"cycles":11034662659}
{"runtime":3755,"energy":{"pkg":143.79876708984375,"pp0":0,"dram":28.9095458984375},"cycles":11097781323}
{"runtime":3759,"energy":{"pkg":143.69091796875,"pp0":0,"dram":28.72607421875},"cycles":11036505486}
{"runtime":3747,"energy":{"pkg":143.3006591796875,"pp0":0,"dram":28.75872802734375},"cycles":11038759610}
{"runtime":4657,"energy":{"pkg":159.2667236328125,"pp0":0,"dram":35.24835205078125},"cycles":11114306136}
{"runtime":3711,"energy":{"pkg":142.71539306640625,"pp0":0,"dram":28.20703125},"cycles":11042256230}
{"runtime":4257,"energy":{"pkg":151.85504150390625,"pp0":0,"dram":32.67645263671875},"cycles":11040243219}
{"runtime":4557,"energy":{"pkg":157.89874267578125,"pp0":0,"dram":34.4312744140625},"cycles":11036586585}
{"runtime":3875,"energy":{"pkg":147.4144287109375,"pp0":0,"dram":29.2718505859375},"cycles":11036205430}
{"runtime":4261,"energy":{"pkg":153.25634765625,"pp0":0,"dram":30.87017822265625},"cycles":11039273097}
{"runtime":4001,"energy":{"pkg":151.31298828125,"pp0":0,"dram":29.42926025390625},"cycles":11035819226}
{"runtime":3999,"energy":{"pkg":150.55938720703125,"pp0":0,"dram":29.39398193359375},"cycles":11041718737}
{"runtime":3696,"energy":{"pkg":137.91656494140625,"pp0":0,"dram":27.0181884765625},"cycles":11041317699}
{"runtime":3765,"energy":{"pkg":144.15924072265625,"pp0":0,"dram":28.0841064453125},"cycles":11099782456}
{"runtime":3989,"energy":{"pkg":151.25982666015625,"pp0":0,"dram":29.77423095703125},"cycles":11038000522}
{"runtime":3874,"energy":{"pkg":147.26934814453125,"pp0":0,"dram":29.11761474609375},"cycles":11040805883}
{"runtime":3747,"energy":{"pkg":143.50164794921875,"pp0":0,"dram":28.05889892578125},"cycles":11036470501}
{"runtime":3780,"energy":{"pkg":144.02618408203125,"pp0":0,"dram":27.99468994140625},"cycles":11096570047}
{"runtime":3884,"energy":{"pkg":147.47711181640625,"pp0":0,"dram":28.73406982421875},"cycles":11036251376}
{"runtime":4626,"energy":{"pkg":158.95953369140625,"pp0":0,"dram":35.367431640625},"cycles":11037102710}
{"runtime":3741,"energy":{"pkg":143.25115966796875,"pp0":0,"dram":27.974365234375},"cycles":11037193062}
{"runtime":4654,"energy":{"pkg":159.87322998046875,"pp0":0,"dram":34.36199951171875},"cycles":11114690198}
{"runtime":3704,"energy":{"pkg":142.541259765625,"pp0":0,"dram":27.7923583984375},"cycles":11041183590}
{"runtime":4623,"energy":{"pkg":159.3262939453125,"pp0":0,"dram":34.3990478515625},"cycles":11036631471}
{"runtime":4668,"energy":{"pkg":161.22076416015625,"pp0":0,"dram":35.4349365234375},"cycles":11038641252}
{"runtime":3915,"energy":{"pkg":148.8345947265625,"pp0":0,"dram":29.3011474609375},"cycles":11043944137}
{"runtime":3745,"energy":{"pkg":143.56085205078125,"pp0":0,"dram":28.06292724609375},"cycles":11034101232}
{"runtime":3991,"energy":{"pkg":150.3116455078125,"pp0":0,"dram":29.30645751953125},"cycles":11037407038}
{"runtime":3737,"energy":{"pkg":143.053466796875,"pp0":0,"dram":28.55316162109375},"cycles":11038896378}
{"runtime":3743,"energy":{"pkg":143.3345947265625,"pp0":0,"dram":28.83367919921875},"cycles":11035810393}
{"runtime":3719,"energy":{"pkg":142.5565185546875,"pp0":0,"dram":28.58050537109375},"cycles":11038530141}
{"runtime":3856,"energy":{"pkg":147.12957763671875,"pp0":0,"dram":29.21856689453125},"cycles":11041221798}
{"runtime":4635,"energy":{"pkg":159.23358154296875,"pp0":0,"dram":34.1361083984375},"cycles":11036864388}
{"runtime":3744,"energy":{"pkg":143.29949951171875,"pp0":0,"dram":28.11614990234375},"cycles":11041595852}
{"runtime":4230,"energy":{"pkg":151.755126953125,"pp0":0,"dram":31.96514892578125},"cycles":11035890173}
{"runtime":3708,"energy":{"pkg":142.81195068359375,"pp0":0,"dram":27.2694091796875},"cycles":11044098883}
{"runtime":3755,"energy":{"pkg":143.80780029296875,"pp0":0,"dram":27.75677490234375},"cycles":11036038358}
{"runtime":3748,"energy":{"pkg":143.244140625,"pp0":0,"dram":27.6077880859375},"cycles":11037499951}
{"runtime":3803,"energy":{"pkg":145.25115966796875,"pp0":0,"dram":28.3916015625},"cycles":11036996930}
{"runtime":3801,"energy":{"pkg":144.191162109375,"pp0":0,"dram":28.5858154296875},"cycles":11032278795}
{"runtime":3754,"energy":{"pkg":143.53656005859375,"pp0":0,"dram":28.677978515625},"cycles":11033435746}
{"runtime":3882,"energy":{"pkg":147.412841796875,"pp0":0,"dram":28.79364013671875},"cycles":11038341800}
{"runtime":4264,"energy":{"pkg":153.12744140625,"pp0":0,"dram":32.34417724609375},"cycles":11037800225}
{"runtime":3803,"energy":{"pkg":144.2235107421875,"pp0":0,"dram":29.35205078125},"cycles":11039293635}
{"runtime":3853,"energy":{"pkg":147.02508544921875,"pp0":0,"dram":29.27386474609375},"cycles":11039666626}
{"runtime":4538,"energy":{"pkg":156.52532958984375,"pp0":0,"dram":33.476806640625},"cycles":11035453446}
{"runtime":3862,"energy":{"pkg":146.70599365234375,"pp0":0,"dram":28.904541015625},"cycles":11039260409}
{"runtime":4205,"energy":{"pkg":151.86480712890625,"pp0":0,"dram":31.85888671875},"cycles":11037743890}
{"runtime":3723,"energy":{"pkg":143.2896728515625,"pp0":0,"dram":28.002685546875},"cycles":11106970972}
{"runtime":3710,"energy":{"pkg":142.66729736328125,"pp0":0,"dram":28.35015869140625},"cycles":11044300043}
{"runtime":3882,"energy":{"pkg":147.675048828125,"pp0":0,"dram":29.1302490234375},"cycles":11036977501}
{"runtime":4560,"energy":{"pkg":158.0286865234375,"pp0":0,"dram":34.1552734375},"cycles":11036003589}
{"runtime":3880,"energy":{"pkg":147.33837890625,"pp0":0,"dram":28.31524658203125},"cycles":11038766510}
{"runtime":3738,"energy":{"pkg":143.3382568359375,"pp0":0,"dram":27.804931640625},"cycles":11041471881}
{"runtime":4223,"energy":{"pkg":151.2469482421875,"pp0":0,"dram":31.6624755859375},"cycles":11035533096}
{"runtime":3706,"energy":{"pkg":142.5401611328125,"pp0":0,"dram":26.83929443359375},"cycles":11042472644}
{"runtime":3734,"energy":{"pkg":142.9305419921875,"pp0":0,"dram":26.9744873046875},