{"runtime":25862,"energy":{"pkg":257.20892333984375,"pp0":142.455810546875,"pp1":4.083740234375,"dram":0},"perf_counters":{"PERF_COUNT_HW_REF_CPU_CYCLES":509261479377,"PERF_COUNT_HW_BRANCH_INSTRUCTIONS":86408035797,"PERF_COUNT_HW_CACHE_MISSES":287162404,"PERF_COUNT_HW_INSTRUCTIONS":432475404020,"PERF_COUNT_HW_BRANCH_MISSES":123799839,"PERF_COUNT_HW_CACHE_REFERENCES":638744662,"PERF_COUNT_HW_CPU_CYCLES":253190698618}}
{"runtime":25890,"energy":{"pkg":257.90313720703125,"pp0":143.04254150390625,"pp1":3.892333984375,"dram":0},"perf_counters":{"PERF_COUNT_HW_REF_CPU_CYCLES":511220588261,"PERF_COUNT_HW_BRANCH_INSTRUCTIONS":86425108153,"PERF_COUNT_HW_CACHE_MISSES":286266217,"PERF_COUNT_HW_INSTRUCTIONS":432536419365,"PERF_COUNT_HW_BRANCH_MISSES":123704702,"PERF_COUNT_HW_CACHE_REFERENCES":637921258,"PERF_COUNT_HW_CPU_CYCLES":253542120077}}
{"runtime":25858,"energy":{"pkg":257.3154296875,"pp0":142.427001953125,"pp1":3.93408203125,"dram":0},"perf_counters":{"PERF_COUNT_HW_REF_CPU_CYCLES":509298603235,"PERF_COUNT_HW_BRANCH_INSTRUCTIONS":86494345278,"PERF_COUNT_HW_CACHE_MISSES":286072437,"PERF_COUNT_HW_INSTRUCTIONS":432891787599,"PERF_COUNT_HW_BRANCH_MISSES":124361867,"PERF_COUNT_HW_CACHE_REFERENCES":640475634,"PERF_COUNT_HW_CPU_CYCLES":253362884398}}
{"runtime":25728,"energy":{"pkg":256.10430908203125,"pp0":142.031494140625,"pp1":3.83544921875,"dram":0},"perf_counters":{"PERF_COUNT_HW_REF_CPU_CYCLES":507069907395,"PERF_COUNT_HW_BRANCH_INSTRUCTIONS":86309299822,"PERF_COUNT_HW_CACHE_MISSES":286384745,"PERF_COUNT_HW_INSTRUCTIONS":431936634423,"PERF_COUNT_HW_BRANCH_MISSES":123061914,"PERF_COUNT_HW_CACHE_REFERENCES":634561596,"PERF_COUNT_HW_CPU_CYCLES":251967982087}}
{"runtime":25929,"energy":{"pkg":258.2584228515625,"pp0":143.18389892578125,"pp1":3.877197265625,"dram":0},"perf_counters":{"PERF_COUNT_HW_REF_CPU_CYCLES":512658590733,"PERF_COUNT_HW_BRANCH_INSTRUCTIONS":86414689464,"PERF_COUNT_HW_CACHE_MISSES":288136196,"PERF_COUNT_HW_INSTRUCTIONS":432533528563,"PERF_COUNT_HW_BRANCH_MISSES":124582094,"PERF_COUNT_HW_CACHE_REFERENCES":642241655,"PERF_COUNT_HW_CPU_CYCLES":254338140584}}
{"runtime":26070,"energy":{"pkg":259.593017578125,"pp0":143.92108154296875,"pp1":3.947265625,"dram":0},"perf_counters":{"PERF_COUNT_HW_REF_CPU_CYCLES":515811841355,"PERF_COUNT_HW_BRANCH_INSTRUCTIONS":86592935338,"PERF_COUNT_HW_CACHE_MISSES":289377908,"PERF_COUNT_HW_INSTRUCTIONS":433514868313,"PERF_COUNT_HW_BRANCH_MISSES":125190126,"PERF_COUNT_HW_CACHE_REFERENCES":646131895,"PERF_COUNT_HW_CPU_CYCLES":255699550315}}
{"runtime":25879,"energy":{"pkg":257.6138916015625,"pp0":142.6361083984375,"pp1":3.916748046875,"dram":0},"perf_counters":{"PERF_COUNT_HW_REF_CPU_CYCLES":511342776610,"PERF_COUNT_HW_BRANCH_INSTRUCTIONS":86600008289,"PERF_COUNT_HW_CACHE_MISSES":288017644,"PERF_COUNT_HW_INSTRUCTIONS":433535766633,"PERF_COUNT_HW_BRANCH_MISSES":124843151,"PERF_COUNT_HW_CACHE_REFERENCES":642063155,"PERF_COUNT_HW_CPU_CYCLES":253213699571}}
{"runtime":25715,"energy":{"pkg":256.14410400390625,"pp0":141.8546142578125,"pp1":3.8292236328125,"dram":0},"perf_counters":{"PERF_COUNT_HW_REF_CPU_CYCLES":508569155699,"PERF_COUNT_HW_BRANCH_INSTRUCTIONS":86328614189,"PERF_COUNT_HW_CACHE_MISSES":285715035,"PERF_COUNT_HW_INSTRUCTIONS":432068235925,"PERF_COUNT_HW_BRANCH_MISSES":123439412,"PERF_COUNT_HW_CACHE_REFERENCES":636902276,"PERF_COUNT_HW_CPU_CYCLES":252022096297}}
{"runtime":25678,"energy":{"pkg":255.44622802734375,"pp0":141.3372802734375,"pp1":3.9942626953125,"dram":0},"perf_counters":{"PERF_COUNT_HW_REF_CPU_CYCLES":505727848896,"PERF_COUNT_HW_BRANCH_INSTRUCTIONS":86331660097,"PERF_COUNT_HW_CACHE_MISSES":286136858,"PERF_COUNT_HW_INSTRUCTIONS":432118221000,"PERF_COUNT_HW_BRANCH_MISSES":123187604,"PERF_COUNT_HW_CACHE_REFERENCES":623774856,"PERF_COUNT_HW_CPU_CYCLES":249928418307}}
{"runtime":25902,"energy":{"pkg":257.60040283203125,"pp0":142.69622802734375,"pp1":3.7353515625,"dram":0},"perf_counters":{"PERF_COUNT_HW_REF_CPU_CYCLES":508468043983,"PERF_COUNT_HW_BRANCH_INSTRUCTIONS":86411513477,"PERF_COUNT_HW_CACHE_MISSES":284844424,"PERF_COUNT_HW_INSTRUCTIONS":432448457185,"PERF_COUNT_HW_BRANCH_MISSES":123619667,"PERF_COUNT_HW_CACHE_REFERENCES":635948080,"PERF_COUNT_HW_CPU_CYCLES":252285215930}}
{"runtime":25945,"energy":{"pkg":258.40057373046875,"pp0":143.003662109375,"pp1":4.0006103515625,"dram":0},"perf_counters":{"PERF_COUNT_HW_REF_CPU_CYCLES":508037901119,"PERF_COUNT_HW_BRANCH_INSTRUCTIONS":86346259254,"PERF_COUNT_HW_CACHE_MISSES":287756161,"PERF_COUNT_HW_INSTRUCTIONS":432131716817,"PERF_COUNT_HW_BRANCH_MISSES":123867968,"PERF_COUNT_HW_CACHE_REFERENCES":633363458,"PERF_COUNT_HW_CPU_CYCLES":251830751248}}
