{"runtime":18253,"energy":{"pkg":181.75,"pp0":103.66802978515625,"pp1":2.5208740234375,"dram":0},"perf_counters":{"PERF_COUNT_HW_REF_CPU_CYCLES":204461063259,"PERF_COUNT_HW_BRANCH_INSTRUCTIONS":49978325300,"PERF_COUNT_HW_CACHE_MISSES":1154332,"PERF_COUNT_HW_INSTRUCTIONS":251348898762,"PERF_COUNT_HW_BRANCH_MISSES":2029387731,"PERF_COUNT_HW_CACHE_REFERENCES":5384126,"PERF_COUNT_HW_CPU_CYCLES":110681382651}}
{"runtime":18145,"energy":{"pkg":180.67755126953125,"pp0":103.13909912109375,"pp1":2.580078125,"dram":0},"perf_counters":{"PERF_COUNT_HW_REF_CPU_CYCLES":203327793739,"PERF_COUNT_HW_BRANCH_INSTRUCTIONS":49977981203,"PERF_COUNT_HW_CACHE_MISSES":1122219,"PERF_COUNT_HW_INSTRUCTIONS":251346916953,"PERF_COUNT_HW_BRANCH_MISSES":2028327778,"PERF_COUNT_HW_CACHE_REFERENCES":4959354,"PERF_COUNT_HW_CPU_CYCLES":109065223817}}
{"runtime":18091,"energy":{"pkg":180.07763671875,"pp0":102.97698974609375,"pp1":2.2840576171875,"dram":0},"perf_counters":{"PERF_COUNT_HW_REF_CPU_CYCLES":202486451146,"PERF_COUNT_HW_BRANCH_INSTRUCTIONS":49978096586,"PERF_COUNT_HW_CACHE_MISSES":1190458,"PERF_COUNT_HW_INSTRUCTIONS":251347564012,"PERF_COUNT_HW_BRANCH_MISSES":2021074583,"PERF_COUNT_HW_CACHE_REFERENCES":5350037,"PERF_COUNT_HW_CPU_CYCLES":108155996661}}
{"runtime":18158,"energy":{"pkg":180.67449951171875,"pp0":102.9630126953125,"pp1":2.669677734375,"dram":0},"perf_counters":{"PERF_COUNT_HW_REF_CPU_CYCLES":203458554259,"PERF_COUNT_HW_BRANCH_INSTRUCTIONS":49978188184,"PERF_COUNT_HW_CACHE_MISSES":1148962,"PERF_COUNT_HW_INSTRUCTIONS":251348053677,"PERF_COUNT_HW_BRANCH_MISSES":2025811391,"PERF_COUNT_HW_CACHE_REFERENCES":5121093,"PERF_COUNT_HW_CPU_CYCLES":108676049697}}
{"runtime":18102,"energy":{"pkg":180.3935546875,"pp0":103.278564453125,"pp1":2.4200439453125,"dram":0},"perf_counters":{"PERF_COUNT_HW_REF_CPU_CYCLES":202897934553,"PERF_COUNT_HW_BRANCH_INSTRUCTIONS":49978315642,"PERF_COUNT_HW_CACHE_MISSES":1194535,"PERF_COUNT_HW_INSTRUCTIONS":251348718146,"PERF_COUNT_HW_BRANCH_MISSES":2029288235,"PERF_COUNT_HW_CACHE_REFERENCES":5309232,"PERF_COUNT_HW_CPU_CYCLES":108968746476}}
{"runtime":18119,"energy":{"pkg":180.33648681640625,"pp0":102.93731689453125,"pp1":2.5323486328125,"dram":0},"perf_counters":{"PERF_COUNT_HW_REF_CPU_CYCLES":203025704993,"PERF_COUNT_HW_BRANCH_INSTRUCTIONS":49978138294,"PERF_COUNT_HW_CACHE_MISSES":1195350,"PERF_COUNT_HW_INSTRUCTIONS":251347741227,"PERF_COUNT_HW_BRANCH_MISSES":2024194578,"PERF_COUNT_HW_CACHE_REFERENCES":5290749,"PERF_COUNT_HW_CPU_CYCLES":108707926638}}
{"runtime":18070,"energy":{"pkg":179.92291259765625,"pp0":102.8721923828125,"pp1":2.4415283203125,"dram":0},"perf_counters":{"PERF_COUNT_HW_REF_CPU_CYCLES":202440780959,"PERF_COUNT_HW_BRANCH_INSTRUCTIONS":49978249011,"PERF_COUNT_HW_CACHE_MISSES":1134155,"PERF_COUNT_HW_INSTRUCTIONS":251348432582,"PERF_COUNT_HW_BRANCH_MISSES":2027063925,"PERF_COUNT_HW_CACHE_REFERENCES":5114537,"PERF_COUNT_HW_CPU_CYCLES":108406064304}}
{"runtime":18005,"energy":{"pkg":179.3800048828125,"pp0":102.53961181640625,"pp1":2.507568359375,"dram":0},"perf_counters":{"PERF_COUNT_HW_REF_CPU_CYCLES":201805773523,"PERF_COUNT_HW_BRANCH_INSTRUCTIONS":49977606156,"PERF_COUNT_HW_CACHE_MISSES":1071721,"PERF_COUNT_HW_INSTRUCTIONS":251344801939,"PERF_COUNT_HW_BRANCH_MISSES":2016295793,"PERF_COUNT_HW_CACHE_REFERENCES":4955518,"PERF_COUNT_HW_CPU_CYCLES":107788064609}}
{"runtime":18012,"energy":{"pkg":179.3289794921875,"pp0":102.421875,"pp1":2.5675048828125,"dram":0},"perf_counters":{"PERF_COUNT_HW_REF_CPU_CYCLES":201957552276,"PERF_COUNT_HW_BRANCH_INSTRUCTIONS":49977712759,"PERF_COUNT_HW_CACHE_MISSES":1134779,"PERF_COUNT_HW_INSTRUCTIONS":251345409397,"PERF_COUNT_HW_BRANCH_MISSES":2018868147,"PERF_COUNT_HW_CACHE_REFERENCES":5005831,"PERF_COUNT_HW_CPU_CYCLES":107927615111}}
{"runtime":18047,"energy":{"pkg":179.68450927734375,"pp0":102.76806640625,"pp1":2.3402099609375,"dram":0},"perf_counters":{"PERF_COUNT_HW_REF_CPU_CYCLES":202304589458,"PERF_COUNT_HW_BRANCH_INSTRUCTIONS":49978128071,"PERF_COUNT_HW_CACHE_MISSES":1189428,"PERF_COUNT_HW_INSTRUCTIONS":251347678449,"PERF_COUNT_HW_BRANCH_MISSES":2020931895,"PERF_COUNT_HW_CACHE_REFERENCES":5385158,"PERF_COUNT_HW_CPU_CYCLES":107937051682}}
{"runtime":18160,"energy":{"pkg":180.727783203125,"pp0":102.9200439453125,"pp1":2.73388671875,"dram":0},"perf_counters":{"PERF_COUNT_HW_REF_CPU_CYCLES":203454621749,"PERF_COUNT_HW_BRANCH_INSTRUCTIONS":49978250419,"PERF_COUNT_HW_CACHE_MISSES":1180793,"PERF_COUNT_HW_INSTRUCTIONS":251348473539,"PERF_COUNT_HW_BRANCH_MISSES":2025705554,"PERF_COUNT_HW_CACHE_REFERENCES":5166106,"PERF_COUNT_HW_CPU_CYCLES":109296660781}}
