{"runtime":1927,"energy":{"pkg":19.369384765625,"pp0":11.046875,"pp1":0.2318115234375,"dram":0},"perf_counters":{"PERF_COUNT_HW_REF_CPU_CYCLES":16752915124,"PERF_COUNT_HW_BRANCH_INSTRUCTIONS":3302490410,"PERF_COUNT_HW_CACHE_MISSES":710194,"PERF_COUNT_HW_INSTRUCTIONS":15905200553,"PERF_COUNT_HW_BRANCH_MISSES":174276872,"PERF_COUNT_HW_CACHE_REFERENCES":31483280,"PERF_COUNT_HW_CPU_CYCLES":12650380752}}
{"runtime":1916,"energy":{"pkg":19.17083740234375,"pp0":10.894775390625,"pp1":0.220947265625,"dram":0},"perf_counters":{"PERF_COUNT_HW_REF_CPU_CYCLES":16770238024,"PERF_COUNT_HW_BRANCH_INSTRUCTIONS":3302332400,"PERF_COUNT_HW_CACHE_MISSES":728282,"PERF_COUNT_HW_INSTRUCTIONS":15904659376,"PERF_COUNT_HW_BRANCH_MISSES":174028675,"PERF_COUNT_HW_CACHE_REFERENCES":31020634,"PERF_COUNT_HW_CPU_CYCLES":12533603255}}
{"runtime":1934,"energy":{"pkg":19.33563232421875,"pp0":10.958984375,"pp1":0.246826171875,"dram":0},"perf_counters":{"PERF_COUNT_HW_REF_CPU_CYCLES":16738862405,"PERF_COUNT_HW_BRANCH_INSTRUCTIONS":3302258430,"PERF_COUNT_HW_CACHE_MISSES":705513,"PERF_COUNT_HW_INSTRUCTIONS":15904025285,"PERF_COUNT_HW_BRANCH_MISSES":173831156,"PERF_COUNT_HW_CACHE_REFERENCES":30287608,"PERF_COUNT_HW_CPU_CYCLES":12724674103}}
{"runtime":1938,"energy":{"pkg":19.5169677734375,"pp0":11.1280517578125,"pp1":0.2303466796875,"dram":0},"perf_counters":{"PERF_COUNT_HW_REF_CPU_CYCLES":16557755245,"PERF_COUNT_HW_BRANCH_INSTRUCTIONS":3302621310,"PERF_COUNT_HW_CACHE_MISSES":686318,"PERF_COUNT_HW_INSTRUCTIONS":15905703456,"PERF_COUNT_HW_BRANCH_MISSES":173611651,"PERF_COUNT_HW_CACHE_REFERENCES":29690963,"PERF_COUNT_HW_CPU_CYCLES":12891100786}}
{"runtime":1968,"energy":{"pkg":19.6153564453125,"pp0":11.06695556640625,"pp1":0.2711181640625,"dram":0},"perf_counters":{"PERF_COUNT_HW_REF_CPU_CYCLES":16718418536,"PERF_COUNT_HW_BRANCH_INSTRUCTIONS":3303030646,"PERF_COUNT_HW_CACHE_MISSES":720336,"PERF_COUNT_HW_INSTRUCTIONS":15907918645,"PERF_COUNT_HW_BRANCH_MISSES":174292695,"PERF_COUNT_HW_CACHE_REFERENCES":30370232,"PERF_COUNT_HW_CPU_CYCLES":12521479430}}
{"runtime":1925,"energy":{"pkg":19.30194091796875,"pp0":10.945556640625,"pp1":0.256103515625,"dram":0},"perf_counters":{"PERF_COUNT_HW_REF_CPU_CYCLES":16745575631,"PERF_COUNT_HW_BRANCH_INSTRUCTIONS":3302514722,"PERF_COUNT_HW_CACHE_MISSES":681643,"PERF_COUNT_HW_INSTRUCTIONS":15905314409,"PERF_COUNT_HW_BRANCH_MISSES":173906575,"PERF_COUNT_HW_CACHE_REFERENCES":30228339,"PERF_COUNT_HW_CPU_CYCLES":12717179986}}
{"runtime":1944,"energy":{"pkg":19.48681640625,"pp0":11.10015869140625,"pp1":0.24951171875,"dram":0},"perf_counters":{"PERF_COUNT_HW_REF_CPU_CYCLES":16617827018,"PERF_COUNT_HW_BRANCH_INSTRUCTIONS":3302739675,"PERF_COUNT_HW_CACHE_MISSES":704366,"PERF_COUNT_HW_INSTRUCTIONS":15906415038,"PERF_COUNT_HW_BRANCH_MISSES":174927341,"PERF_COUNT_HW_CACHE_REFERENCES":31680032,"PERF_COUNT_HW_CPU_CYCLES":12352126549}}
{"runtime":1932,"energy":{"pkg":19.32159423828125,"pp0":10.97772216796875,"pp1":0.25146484375,"dram":0},"perf_counters":{"PERF_COUNT_HW_REF_CPU_CYCLES":16866038990,"PERF_COUNT_HW_BRANCH_INSTRUCTIONS":3302327421,"PERF_COUNT_HW_CACHE_MISSES":688205,"PERF_COUNT_HW_INSTRUCTIONS":15904405874,"PERF_COUNT_HW_BRANCH_MISSES":174443412,"PERF_COUNT_HW_CACHE_REFERENCES":31807619,"PERF_COUNT_HW_CPU_CYCLES":12445809721}}
{"runtime":1940,"energy":{"pkg":19.3939208984375,"pp0":10.99261474609375,"pp1":0.2587890625,"dram":0},"perf_counters":{"PERF_COUNT_HW_REF_CPU_CYCLES":16964815801,"PERF_COUNT_HW_BRANCH_INSTRUCTIONS":3302322179,"PERF_COUNT_HW_CACHE_MISSES":728168,"PERF_COUNT_HW_INSTRUCTIONS":15904532417,"PERF_COUNT_HW_BRANCH_MISSES":174528509,"PERF_COUNT_HW_CACHE_REFERENCES":32139545,"PERF_COUNT_HW_CPU_CYCLES":12449677635}}
{"runtime":1927,"energy":{"pkg":19.244384765625,"pp0":10.92138671875,"pp1":0.2266845703125,"dram":0},"perf_counters":{"PERF_COUNT_HW_REF_CPU_CYCLES":16893657445,"PERF_COUNT_HW_BRANCH_INSTRUCTIONS":3302378974,"PERF_COUNT_HW_CACHE_MISSES":716935,"PERF_COUNT_HW_INSTRUCTIONS":15904784375,"PERF_COUNT_HW_BRANCH_MISSES":174037297,"PERF_COUNT_HW_CACHE_REFERENCES":30435984,"PERF_COUNT_HW_CPU_CYCLES":12625016481}}
{"runtime":1962,"energy":{"pkg":19.54388427734375,"pp0":11.0625,"pp1":0.24072265625,"dram":0},"perf_counters":{"PERF_COUNT_HW_REF_CPU_CYCLES":16873685083,"PERF_COUNT_HW_BRANCH_INSTRUCTIONS":3302632345,"PERF_COUNT_HW_CACHE_MISSES":751906,"PERF_COUNT_HW_INSTRUCTIONS":15905941793,"PERF_COUNT_HW_BRANCH_MISSES":174459098,"PERF_COUNT_HW_CACHE_REFERENCES":31743891,"PERF_COUNT_HW_CPU_CYCLES":12436816165}}
