{"runtime":11704,"energy":{"pkg":115.9974365234375,"pp0":64.2882080078125,"pp1":1.7252197265625,"dram":0},"perf_counters":{"PERF_COUNT_HW_REF_CPU_CYCLES":161771073227,"PERF_COUNT_HW_BRANCH_INSTRUCTIONS":19608684241,"PERF_COUNT_HW_CACHE_MISSES":60983060,"PERF_COUNT_HW_INSTRUCTIONS":95686683452,"PERF_COUNT_HW_BRANCH_MISSES":797335998,"PERF_COUNT_HW_CACHE_REFERENCES":865500326,"PERF_COUNT_HW_CPU_CYCLES":85240747427}}
{"runtime":11708,"energy":{"pkg":116.50506591796875,"pp0":64.6129150390625,"pp1":1.7659912109375,"dram":0},"perf_counters":{"PERF_COUNT_HW_REF_CPU_CYCLES":160034111227,"PERF_COUNT_HW_BRANCH_INSTRUCTIONS":19613187417,"PERF_COUNT_HW_CACHE_MISSES":62558615,"PERF_COUNT_HW_INSTRUCTIONS":95711828305,"PERF_COUNT_HW_BRANCH_MISSES":793961399,"PERF_COUNT_HW_CACHE_REFERENCES":888137260,"PERF_COUNT_HW_CPU_CYCLES":84722376702}}
{"runtime":11711,"energy":{"pkg":116.4691162109375,"pp0":64.521240234375,"pp1":1.9180908203125,"dram":0},"perf_counters":{"PERF_COUNT_HW_REF_CPU_CYCLES":161373583482,"PERF_COUNT_HW_BRANCH_INSTRUCTIONS":19570810857,"PERF_COUNT_HW_CACHE_MISSES":58795345,"PERF_COUNT_HW_INSTRUCTIONS":95542654282,"PERF_COUNT_HW_BRANCH_MISSES":786774051,"PERF_COUNT_HW_CACHE_REFERENCES":886598812,"PERF_COUNT_HW_CPU_CYCLES":85052720883}}
{"runtime":11754,"energy":{"pkg":117.1561279296875,"pp0":65.33233642578125,"pp1":1.5770263671875,"dram":0},"perf_counters":{"PERF_COUNT_HW_REF_CPU_CYCLES":162476914169,"PERF_COUNT_HW_BRANCH_INSTRUCTIONS":19691985931,"PERF_COUNT_HW_CACHE_MISSES":59874517,"PERF_COUNT_HW_INSTRUCTIONS":96019676603,"PERF_COUNT_HW_BRANCH_MISSES":810468966,"PERF_COUNT_HW_CACHE_REFERENCES":870071412,"PERF_COUNT_HW_CPU_CYCLES":86920188937}}
{"runtime":11726,"energy":{"pkg":117.2344970703125,"pp0":65.32373046875,"pp1":1.6622314453125,"dram":0},"perf_counters":{"PERF_COUNT_HW_REF_CPU_CYCLES":165592070252,"PERF_COUNT_HW_BRANCH_INSTRUCTIONS":19638147428,"PERF_COUNT_HW_CACHE_MISSES":66102233,"PERF_COUNT_HW_INSTRUCTIONS":95810154309,"PERF_COUNT_HW_BRANCH_MISSES":808186855,"PERF_COUNT_HW_CACHE_REFERENCES":922078145,"PERF_COUNT_HW_CPU_CYCLES":86970209943}}
{"runtime":11465,"energy":{"pkg":114.042724609375,"pp0":63.38336181640625,"pp1":1.619140625,"dram":0},"perf_counters":{"PERF_COUNT_HW_REF_CPU_CYCLES":163973006318,"PERF_COUNT_HW_BRANCH_INSTRUCTIONS":19595597604,"PERF_COUNT_HW_CACHE_MISSES":57069933,"PERF_COUNT_HW_INSTRUCTIONS":95636620073,"PERF_COUNT_HW_BRANCH_MISSES":817289051,"PERF_COUNT_HW_CACHE_REFERENCES":913325688,"PERF_COUNT_HW_CPU_CYCLES":85807457195}}
{"runtime":11677,"energy":{"pkg":115.863525390625,"pp0":64.228515625,"pp1":1.7198486328125,"dram":0},"perf_counters":{"PERF_COUNT_HW_REF_CPU_CYCLES":162675265170,"PERF_COUNT_HW_BRANCH_INSTRUCTIONS":19715480098,"PERF_COUNT_HW_CACHE_MISSES":57607057,"PERF_COUNT_HW_INSTRUCTIONS":96115618362,"PERF_COUNT_HW_BRANCH_MISSES":801551011,"PERF_COUNT_HW_CACHE_REFERENCES":873301586,"PERF_COUNT_HW_CPU_CYCLES":85288140409}}
{"runtime":11717,"energy":{"pkg":116.5281982421875,"pp0":64.7930908203125,"pp1":1.614990234375,"dram":0},"perf_counters":{"PERF_COUNT_HW_REF_CPU_CYCLES":162776419007,"PERF_COUNT_HW_BRANCH_INSTRUCTIONS":19680819431,"PERF_COUNT_HW_CACHE_MISSES":59642138,"PERF_COUNT_HW_INSTRUCTIONS":95980444430,"PERF_COUNT_HW_BRANCH_MISSES":810260123,"PERF_COUNT_HW_CACHE_REFERENCES":856716460,"PERF_COUNT_HW_CPU_CYCLES":88088615628}}
{"runtime":11613,"energy":{"pkg":115.51580810546875,"pp0":64.291748046875,"pp1":1.6220703125,"dram":0},"perf_counters":{"PERF_COUNT_HW_REF_CPU_CYCLES":161649524066,"PERF_COUNT_HW_BRANCH_INSTRUCTIONS":19711451770,"PERF_COUNT_HW_CACHE_MISSES":61435147,"PERF_COUNT_HW_INSTRUCTIONS":96102398798,"PERF_COUNT_HW_BRANCH_MISSES":805421817,"PERF_COUNT_HW_CACHE_REFERENCES":857242023,"PERF_COUNT_HW_CPU_CYCLES":85191113139}}
{"runtime":11336,"energy":{"pkg":113.303466796875,"pp0":63.184326171875,"pp1":1.6558837890625,"dram":0},"perf_counters":{"PERF_COUNT_HW_REF_CPU_CYCLES":163397562064,"PERF_COUNT_HW_BRANCH_INSTRUCTIONS":19647163740,"PERF_COUNT_HW_CACHE_MISSES":55353307,"PERF_COUNT_HW_INSTRUCTIONS":95842336929,"PERF_COUNT_HW_BRANCH_MISSES":814806040,"PERF_COUNT_HW_CACHE_REFERENCES":913291826,"PERF_COUNT_HW_CPU_CYCLES":85744115419}}
{"runtime":11514,"energy":{"pkg":114.6910400390625,"pp0":63.818603515625,"pp1":1.6802978515625,"dram":0},"perf_counters":{"PERF_COUNT_HW_REF_CPU_CYCLES":164807039786,"PERF_COUNT_HW_BRANCH_INSTRUCTIONS":19690904595,"PERF_COUNT_HW_CACHE_MISSES":55765113,"PERF_COUNT_HW_INSTRUCTIONS":96016682977,"PERF_COUNT_HW_BRANCH_MISSES":820724237,"PERF_COUNT_HW_CACHE_REFERENCES":886642942,"PERF_COUNT_HW_CPU_CYCLES":86917860645}}
