{"runtime":4025,"energy":{"pkg":40.318359375,"pp0":22.74468994140625,"pp1":0.6561279296875,"dram":0},"perf_counters":{"PERF_COUNT_HW_REF_CPU_CYCLES":11292120121,"PERF_COUNT_HW_BRANCH_INSTRUCTIONS":2302488480,"PERF_COUNT_HW_CACHE_MISSES":107074,"PERF_COUNT_HW_INSTRUCTIONS":36214044685,"PERF_COUNT_HW_BRANCH_MISSES":77272,"PERF_COUNT_HW_CACHE_REFERENCES":557672,"PERF_COUNT_HW_CPU_CYCLES":12574116120}}
{"runtime":3716,"energy":{"pkg":37.29766845703125,"pp0":20.98248291015625,"pp1":0.702392578125,"dram":0},"perf_counters":{"PERF_COUNT_HW_REF_CPU_CYCLES":10426801992,"PERF_COUNT_HW_BRANCH_INSTRUCTIONS":2302312289,"PERF_COUNT_HW_CACHE_MISSES":116167,"PERF_COUNT_HW_INSTRUCTIONS":36213077407,"PERF_COUNT_HW_BRANCH_MISSES":88460,"PERF_COUNT_HW_CACHE_REFERENCES":757150,"PERF_COUNT_HW_CPU_CYCLES":11395205089}}
{"runtime":4060,"energy":{"pkg":40.47564697265625,"pp0":22.76116943359375,"pp1":0.685302734375,"dram":0},"perf_counters":{"PERF_COUNT_HW_REF_CPU_CYCLES":11392544250,"PERF_COUNT_HW_BRANCH_INSTRUCTIONS":2302448245,"PERF_COUNT_HW_CACHE_MISSES":115260,"PERF_COUNT_HW_INSTRUCTIONS":36213840284,"PERF_COUNT_HW_BRANCH_MISSES":78811,"PERF_COUNT_HW_CACHE_REFERENCES":724349,"PERF_COUNT_HW_CPU_CYCLES":12464712027}}
{"runtime":4067,"energy":{"pkg":40.521240234375,"pp0":22.7037353515625,"pp1":0.7249755859375,"dram":0},"perf_counters":{"PERF_COUNT_HW_REF_CPU_CYCLES":11411460302,"PERF_COUNT_HW_BRANCH_INSTRUCTIONS":2302492326,"PERF_COUNT_HW_CACHE_MISSES":151468,"PERF_COUNT_HW_INSTRUCTIONS":36214077130,"PERF_COUNT_HW_BRANCH_MISSES":86784,"PERF_COUNT_HW_CACHE_REFERENCES":841094,"PERF_COUNT_HW_CPU_CYCLES":12546213385}}
{"runtime":4075,"energy":{"pkg":40.53570556640625,"pp0":22.675048828125,"pp1":0.7750244140625,"dram":0},"perf_counters":{"PERF_COUNT_HW_REF_CPU_CYCLES":11431628523,"PERF_COUNT_HW_BRANCH_INSTRUCTIONS":2302460826,"PERF_COUNT_HW_CACHE_MISSES":119601,"PERF_COUNT_HW_INSTRUCTIONS":36213901162,"PERF_COUNT_HW_BRANCH_MISSES":83328,"PERF_COUNT_HW_CACHE_REFERENCES":691657,"PERF_COUNT_HW_CPU_CYCLES":12540400012}}
{"runtime":4108,"energy":{"pkg":40.78021240234375,"pp0":22.79522705078125,"pp1":0.6820068359375,"dram":0},"perf_counters":{"PERF_COUNT_HW_REF_CPU_CYCLES":11526162063,"PERF_COUNT_HW_BRANCH_INSTRUCTIONS":2302546973,"PERF_COUNT_HW_CACHE_MISSES":136272,"PERF_COUNT_HW_INSTRUCTIONS":36214382192,"PERF_COUNT_HW_BRANCH_MISSES":86050,"PERF_COUNT_HW_CACHE_REFERENCES":745052,"PERF_COUNT_HW_CPU_CYCLES":12695479198}}
{"runtime":3702,"energy":{"pkg":37.0133056640625,"pp0":20.64251708984375,"pp1":0.73974609375,"dram":0},"perf_counters":{"PERF_COUNT_HW_REF_CPU_CYCLES":10387176205,"PERF_COUNT_HW_BRANCH_INSTRUCTIONS":2302452778,"PERF_COUNT_HW_CACHE_MISSES":129539,"PERF_COUNT_HW_INSTRUCTIONS":36213788478,"PERF_COUNT_HW_BRANCH_MISSES":87079,"PERF_COUNT_HW_CACHE_REFERENCES":786761,"PERF_COUNT_HW_CPU_CYCLES":11184569184}}
{"runtime":3714,"energy":{"pkg":36.9659423828125,"pp0":20.66546630859375,"pp1":0.6898193359375,"dram":0},"perf_counters":{"PERF_COUNT_HW_REF_CPU_CYCLES":10420548009,"PERF_COUNT_HW_BRANCH_INSTRUCTIONS":2302321459,"PERF_COUNT_HW_CACHE_MISSES":111914,"PERF_COUNT_HW_INSTRUCTIONS":36213120086,"PERF_COUNT_HW_BRANCH_MISSES":76058,"PERF_COUNT_HW_CACHE_REFERENCES":677202,"PERF_COUNT_HW_CPU_CYCLES":11236133606}}
{"runtime":4065,"energy":{"pkg":40.41278076171875,"pp0":22.60345458984375,"pp1":0.681884765625,"dram":0},"perf_counters":{"PERF_COUNT_HW_REF_CPU_CYCLES":11404322070,"PERF_COUNT_HW_BRANCH_INSTRUCTIONS":2302436377,"PERF_COUNT_HW_CACHE_MISSES":114574,"PERF_COUNT_HW_INSTRUCTIONS":36213768613,"PERF_COUNT_HW_BRANCH_MISSES":352797,"PERF_COUNT_HW_CACHE_REFERENCES":742419,"PERF_COUNT_HW_CPU_CYCLES":12485245427}}
{"runtime":4069,"energy":{"pkg":40.49188232421875,"pp0":22.5416259765625,"pp1":0.8211669921875,"dram":0},"perf_counters":{"PERF_COUNT_HW_REF_CPU_CYCLES":11418298431,"PERF_COUNT_HW_BRANCH_INSTRUCTIONS":2302541012,"PERF_COUNT_HW_CACHE_MISSES":135329,"PERF_COUNT_HW_INSTRUCTIONS":36214291465,"PERF_COUNT_HW_BRANCH_MISSES":94968,"PERF_COUNT_HW_CACHE_REFERENCES":808272,"PERF_COUNT_HW_CPU_CYCLES":12548079814}}
{"runtime":4097,"energy":{"pkg":40.75439453125,"pp0":22.92266845703125,"pp1":0.6417236328125,"dram":0},"perf_counters":{"PERF_COUNT_HW_REF_CPU_CYCLES":11498006912,"PERF_COUNT_HW_BRANCH_INSTRUCTIONS":2302445100,"PERF_COUNT_HW_CACHE_MISSES":148266,"PERF_COUNT_HW_INSTRUCTIONS":36213849957,"PERF_COUNT_HW_BRANCH_MISSES":89354,"PERF_COUNT_HW_CACHE_REFERENCES":840317,"PERF_COUNT_HW_CPU_CYCLES":12632622330}}
