{"runtime":276,"energy":{"pkg":2.95880126953125,"pp0":1.620361328125,"pp1":0.052490234375,"dram":0},"perf_counters":{"PERF_COUNT_HW_REF_CPU_CYCLES":1904613800,"PERF_COUNT_HW_BRANCH_INSTRUCTIONS":965352965,"PERF_COUNT_HW_CACHE_MISSES":11709974,"PERF_COUNT_HW_INSTRUCTIONS":3948794808,"PERF_COUNT_HW_BRANCH_MISSES":4596562,"PERF_COUNT_HW_CACHE_REFERENCES":20410148,"PERF_COUNT_HW_CPU_CYCLES":1707308826}}
{"runtime":279,"energy":{"pkg":2.94354248046875,"pp0":1.6064453125,"pp1":0.0362548828125,"dram":0},"perf_counters":{"PERF_COUNT_HW_REF_CPU_CYCLES":1946540109,"PERF_COUNT_HW_BRANCH_INSTRUCTIONS":965149964,"PERF_COUNT_HW_CACHE_MISSES":11758287,"PERF_COUNT_HW_INSTRUCTIONS":3947433751,"PERF_COUNT_HW_BRANCH_MISSES":4594519,"PERF_COUNT_HW_CACHE_REFERENCES":20638552,"PERF_COUNT_HW_CPU_CYCLES":1687203132}}
{"runtime":299,"energy":{"pkg":3.04730224609375,"pp0":1.623779296875,"pp1":0.034912109375,"dram":0},"perf_counters":{"PERF_COUNT_HW_REF_CPU_CYCLES":2022725026,"PERF_COUNT_HW_BRANCH_INSTRUCTIONS":965294077,"PERF_COUNT_HW_CACHE_MISSES":11696413,"PERF_COUNT_HW_INSTRUCTIONS":3948136624,"PERF_COUNT_HW_BRANCH_MISSES":4589531,"PERF_COUNT_HW_CACHE_REFERENCES":20712951,"PERF_COUNT_HW_CPU_CYCLES":1726183443}}
{"runtime":334,"energy":{"pkg":3.2769775390625,"pp0":1.69775390625,"pp1":0.037353515625,"dram":0},"perf_counters":{"PERF_COUNT_HW_REF_CPU_CYCLES":2059200863,"PERF_COUNT_HW_BRANCH_INSTRUCTIONS":965493839,"PERF_COUNT_HW_CACHE_MISSES":11496785,"PERF_COUNT_HW_INSTRUCTIONS":3949500027,"PERF_COUNT_HW_BRANCH_MISSES":4593163,"PERF_COUNT_HW_CACHE_REFERENCES":20496694,"PERF_COUNT_HW_CPU_CYCLES":1756152525}}
{"runtime":303,"energy":{"pkg":3.0811767578125,"pp0":1.6353759765625,"pp1":0.03955078125,"dram":0},"perf_counters":{"PERF_COUNT_HW_REF_CPU_CYCLES":2024640254,"PERF_COUNT_HW_BRANCH_INSTRUCTIONS":965313591,"PERF_COUNT_HW_CACHE_MISSES":11785110,"PERF_COUNT_HW_INSTRUCTIONS":3948375179,"PERF_COUNT_HW_BRANCH_MISSES":4587988,"PERF_COUNT_HW_CACHE_REFERENCES":20665869,"PERF_COUNT_HW_CPU_CYCLES":1725771735}}
{"runtime":313,"energy":{"pkg":3.14251708984375,"pp0":1.648193359375,"pp1":0.036376953125,"dram":0},"perf_counters":{"PERF_COUNT_HW_REF_CPU_CYCLES":2060870665,"PERF_COUNT_HW_BRANCH_INSTRUCTIONS":965218579,"PERF_COUNT_HW_CACHE_MISSES":11477634,"PERF_COUNT_HW_INSTRUCTIONS":3947903613,"PERF_COUNT_HW_BRANCH_MISSES":4582507,"PERF_COUNT_HW_CACHE_REFERENCES":20596774,"PERF_COUNT_HW_CPU_CYCLES":1750360102}}
{"runtime":344,"energy":{"pkg":3.33294677734375,"pp0":1.69384765625,"pp1":0.053955078125,"dram":0},"perf_counters":{"PERF_COUNT_HW_REF_CPU_CYCLES":2109417782,"PERF_COUNT_HW_BRANCH_INSTRUCTIONS":965498986,"PERF_COUNT_HW_CACHE_MISSES":11621727,"PERF_COUNT_HW_INSTRUCTIONS":3949637675,"PERF_COUNT_HW_BRANCH_MISSES":4600483,"PERF_COUNT_HW_CACHE_REFERENCES":20536983,"PERF_COUNT_HW_CPU_CYCLES":1803124241}}
{"runtime":312,"energy":{"pkg":3.12176513671875,"pp0":1.6422119140625,"pp1":0.033203125,"dram":0},"perf_counters":{"PERF_COUNT_HW_REF_CPU_CYCLES":2036868849,"PERF_COUNT_HW_BRANCH_INSTRUCTIONS":965501348,"PERF_COUNT_HW_CACHE_MISSES":11593559,"PERF_COUNT_HW_INSTRUCTIONS":3949566328,"PERF_COUNT_HW_BRANCH_MISSES":4586762,"PERF_COUNT_HW_CACHE_REFERENCES":20410199,"PERF_COUNT_HW_CPU_CYCLES":1748233378}}
{"runtime":306,"energy":{"pkg":3.10723876953125,"pp0":1.65338134765625,"pp1":0.02880859375,"dram":0},"perf_counters":{"PERF_COUNT_HW_REF_CPU_CYCLES":1964043976,"PERF_COUNT_HW_BRANCH_INSTRUCTIONS":965519773,"PERF_COUNT_HW_CACHE_MISSES":11521953,"PERF_COUNT_HW_INSTRUCTIONS":3949792977,"PERF_COUNT_HW_BRANCH_MISSES":4601118,"PERF_COUNT_HW_CACHE_REFERENCES":20528495,"PERF_COUNT_HW_CPU_CYCLES":1677479845}}
{"runtime":304,"energy":{"pkg":3.08258056640625,"pp0":1.6177978515625,"pp1":0.044921875,"dram":0},"perf_counters":{"PERF_COUNT_HW_REF_CPU_CYCLES":1981510175,"PERF_COUNT_HW_BRANCH_INSTRUCTIONS":965043087,"PERF_COUNT_HW_CACHE_MISSES":11594874,"PERF_COUNT_HW_INSTRUCTIONS":3946897889,"PERF_COUNT_HW_BRANCH_MISSES":4590063,"PERF_COUNT_HW_CACHE_REFERENCES":20576958,"PERF_COUNT_HW_CPU_CYCLES":1689736190}}
{"runtime":325,"energy":{"pkg":3.205322265625,"pp0":1.66851806640625,"pp1":0.0338134765625,"dram":0},"perf_counters":{"PERF_COUNT_HW_REF_CPU_CYCLES":2088043820,"PERF_COUNT_HW_BRANCH_INSTRUCTIONS":964945563,"PERF_COUNT_HW_CACHE_MISSES":11753507,"PERF_COUNT_HW_INSTRUCTIONS":3946395926,"PERF_COUNT_HW_BRANCH_MISSES":4584901,"PERF_COUNT_HW_CACHE_REFERENCES":20630266,"PERF_COUNT_HW_CPU_CYCLES":1780359046}}
