{"runtime":1005,"energy":{"pkg":10.11590576171875,"pp0":5.8284912109375,"pp1":0.1236572265625,"dram":0},"perf_counters":{"PERF_COUNT_HW_REF_CPU_CYCLES":10237994865,"PERF_COUNT_HW_BRANCH_INSTRUCTIONS":1214006972,"PERF_COUNT_HW_CACHE_MISSES":187373,"PERF_COUNT_HW_INSTRUCTIONS":24218882989,"PERF_COUNT_HW_BRANCH_MISSES":355922,"PERF_COUNT_HW_CACHE_REFERENCES":1437750,"PERF_COUNT_HW_CPU_CYCLES":7017999943}}
{"runtime":1046,"energy":{"pkg":10.37872314453125,"pp0":5.89813232421875,"pp1":0.1204833984375,"dram":0},"perf_counters":{"PERF_COUNT_HW_REF_CPU_CYCLES":10499150613,"PERF_COUNT_HW_BRANCH_INSTRUCTIONS":1213982892,"PERF_COUNT_HW_CACHE_MISSES":191934,"PERF_COUNT_HW_INSTRUCTIONS":24218754916,"PERF_COUNT_HW_BRANCH_MISSES":357958,"PERF_COUNT_HW_CACHE_REFERENCES":1480542,"PERF_COUNT_HW_CPU_CYCLES":7099921478}}
{"runtime":1031,"energy":{"pkg":10.28564453125,"pp0":5.87109375,"pp1":0.1202392578125,"dram":0},"perf_counters":{"PERF_COUNT_HW_REF_CPU_CYCLES":10414275703,"PERF_COUNT_HW_BRANCH_INSTRUCTIONS":1213966970,"PERF_COUNT_HW_CACHE_MISSES":189860,"PERF_COUNT_HW_INSTRUCTIONS":24218657743,"PERF_COUNT_HW_BRANCH_MISSES":352630,"PERF_COUNT_HW_CACHE_REFERENCES":1485382,"PERF_COUNT_HW_CPU_CYCLES":7042512772}}
{"runtime":1093,"energy":{"pkg":10.75616455078125,"pp0":6.072265625,"pp1":0.126708984375,"dram":0},"perf_counters":{"PERF_COUNT_HW_REF_CPU_CYCLES":10764390127,"PERF_COUNT_HW_BRANCH_INSTRUCTIONS":1213923679,"PERF_COUNT_HW_CACHE_MISSES":198325,"PERF_COUNT_HW_INSTRUCTIONS":24218501129,"PERF_COUNT_HW_BRANCH_MISSES":347862,"PERF_COUNT_HW_CACHE_REFERENCES":1432412,"PERF_COUNT_HW_CPU_CYCLES":7515347046}}
{"runtime":1060,"energy":{"pkg":10.53662109375,"pp0":5.9742431640625,"pp1":0.141845703125,"dram":0},"perf_counters":{"PERF_COUNT_HW_REF_CPU_CYCLES":10517873142,"PERF_COUNT_HW_BRANCH_INSTRUCTIONS":1213912550,"PERF_COUNT_HW_CACHE_MISSES":198844,"PERF_COUNT_HW_INSTRUCTIONS":24218364761,"PERF_COUNT_HW_BRANCH_MISSES":351142,"PERF_COUNT_HW_CACHE_REFERENCES":1433803,"PERF_COUNT_HW_CPU_CYCLES":7374238549}}
{"runtime":1023,"energy":{"pkg":10.249755859375,"pp0":5.868896484375,"pp1":0.134765625,"dram":0},"perf_counters":{"PERF_COUNT_HW_REF_CPU_CYCLES":10357201675,"PERF_COUNT_HW_BRANCH_INSTRUCTIONS":1214036180,"PERF_COUNT_HW_CACHE_MISSES":195651,"PERF_COUNT_HW_INSTRUCTIONS":24219054679,"PERF_COUNT_HW_BRANCH_MISSES":360786,"PERF_COUNT_HW_CACHE_REFERENCES":1521105,"PERF_COUNT_HW_CPU_CYCLES":7051286162}}
{"runtime":1042,"energy":{"pkg":10.323486328125,"pp0":5.87127685546875,"pp1":0.117919921875,"dram":0},"perf_counters":{"PERF_COUNT_HW_REF_CPU_CYCLES":10462717627,"PERF_COUNT_HW_BRANCH_INSTRUCTIONS":1213893649,"PERF_COUNT_HW_CACHE_MISSES":183634,"PERF_COUNT_HW_INSTRUCTIONS":24218275306,"PERF_COUNT_HW_BRANCH_MISSES":353740,"PERF_COUNT_HW_CACHE_REFERENCES":1466638,"PERF_COUNT_HW_CPU_CYCLES":7075214028}}
{"runtime":1056,"energy":{"pkg":10.49798583984375,"pp0":5.97833251953125,"pp1":0.12255859375,"dram":0},"perf_counters":{"PERF_COUNT_HW_REF_CPU_CYCLES":10493797888,"PERF_COUNT_HW_BRANCH_INSTRUCTIONS":1214093391,"PERF_COUNT_HW_CACHE_MISSES":206320,"PERF_COUNT_HW_INSTRUCTIONS":24219345337,"PERF_COUNT_HW_BRANCH_MISSES":358791,"PERF_COUNT_HW_CACHE_REFERENCES":1515100,"PERF_COUNT_HW_CPU_CYCLES":7338583725}}
{"runtime":1062,"energy":{"pkg":10.5897216796875,"pp0":6.0162353515625,"pp1":0.144287109375,"dram":0},"perf_counters":{"PERF_COUNT_HW_REF_CPU_CYCLES":10393953452,"PERF_COUNT_HW_BRANCH_INSTRUCTIONS":1214001110,"PERF_COUNT_HW_CACHE_MISSES":197719,"PERF_COUNT_HW_INSTRUCTIONS":24218885365,"PERF_COUNT_HW_BRANCH_MISSES":358436,"PERF_COUNT_HW_CACHE_REFERENCES":1477158,"PERF_COUNT_HW_CPU_CYCLES":7430739073}}
{"runtime":1220,"energy":{"pkg":11.592529296875,"pp0":6.33990478515625,"pp1":0.1475830078125,"dram":0},"perf_counters":{"PERF_COUNT_HW_REF_CPU_CYCLES":11345962074,"PERF_COUNT_HW_BRANCH_INSTRUCTIONS":1214102033,"PERF_COUNT_HW_CACHE_MISSES":206996,"PERF_COUNT_HW_INSTRUCTIONS":24219519545,"PERF_COUNT_HW_BRANCH_MISSES":346289,"PERF_COUNT_HW_CACHE_REFERENCES":1336882,"PERF_COUNT_HW_CPU_CYCLES":8460660296}}
{"runtime":996,"energy":{"pkg":10.387939453125,"pp0":6.1064453125,"pp1":0.1287841796875,"dram":0},"perf_counters":{"PERF_COUNT_HW_REF_CPU_CYCLES":9857351403,"PERF_COUNT_HW_BRANCH_INSTRUCTIONS":1213994942,"PERF_COUNT_HW_CACHE_MISSES":185122,"PERF_COUNT_HW_INSTRUCTIONS":24218781527,"PERF_COUNT_HW_BRANCH_MISSES":350490,"PERF_COUNT_HW_CACHE_REFERENCES":1385525,"PERF_COUNT_HW_CPU_CYCLES":7442925279}}
