{"runtime":31977,"energy":{"pkg":896.4475708007812,"pp0":0,"dram":324.58209228515625},"cycles":81572970368}
{"runtime":33677,"energy":{"pkg":1160.4068603515625,"pp0":0,"dram":430.79718017578125},"cycles":88525130949}
{"runtime":34023,"energy":{"pkg":1360.47216796875,"pp0":0,"dram":460.416259765625},"cycles":88178715825}
{"runtime":33994,"energy":{"pkg":1371.4765625,"pp0":0,"dram":468.64276123046875},"cycles":88038748903}
{"runtime":32344,"energy":{"pkg":1107.6748657226562,"pp0":0,"dram":374.58721923828125},"cycles":79254592559}
{"runtime":33826,"energy":{"pkg":1155.88818359375,"pp0":0,"dram":430.0537109375},"cycles":91044437692}
{"runtime":31867,"energy":{"pkg":1080.6277465820312,"pp0":0,"dram":339.08294677734375},"cycles":77985131843}
{"runtime":32778,"energy":{"pkg":1119.6766967773438,"pp0":0,"dram":413.12640380859375},"cycles":83982234299}
{"runtime":35203,"energy":{"pkg":1225.904296875,"pp0":0,"dram":419.833740234375},"cycles":96466807956}
{"runtime":33801,"energy":{"pkg":1137.2684936523438,"pp0":0,"dram":415.1807861328125},"cycles":91278933619}
{"runtime":32994,"energy":{"pkg":1126.6049194335938,"pp0":0,"dram":376.2606201171875},"cycles":81156735789}
{"runtime":34133,"energy":{"pkg":1152.61865234375,"pp0":0,"dram":437.96270751953125},"cycles":86505535014}
{"runtime":32209,"energy":{"pkg":1126.883544921875,"pp0":0,"dram":389.6846923828125},"cycles":78761099910}
{"runtime":33041,"energy":{"pkg":1113.6671752929688,"pp0":0,"dram":373.40289306640625},"cycles":85396275682}
{"runtime":34220,"energy":{"pkg":1215.9395751953125,"pp0":0,"dram":410.05615234375},"cycles":101144086455}
{"runtime":33781,"energy":{"pkg":1143.5836791992188,"pp0":0,"dram":413.260498046875},"cycles":89390461344}
{"runtime":32672,"energy":{"pkg":1132.7589111328125,"pp0":0,"dram":378.48291015625},"cycles":80298583532}
{"runtime":35014,"energy":{"pkg":1200.9789428710938,"pp0":0,"dram":441.4603271484375},"cycles":97440246038}
{"runtime":33269,"energy":{"pkg":1138.3400268554688,"pp0":0,"dram":401.16796875},"cycles":86460674666}
{"runtime":34560,"energy":{"pkg":1222.23486328125,"pp0":0,"dram":429.16180419921875},"cycles":87635284766}
{"runtime":32307,"energy":{"pkg":1087.7083740234375,"pp0":0,"dram":361.27435302734375},"cycles":82084425829}
{"runtime":32920,"energy":{"pkg":1145.855712890625,"pp0":0,"dram":405.205810546875},"cycles":87084896940}
{"runtime":32960,"energy":{"pkg":1115.609375,"pp0":0,"dram":401.0167236328125},"cycles":86125524077}
{"runtime":32690,"energy":{"pkg":1148.2628784179688,"pp0":0,"dram":382.00726318359375},"cycles":84507169275}
{"runtime":32803,"energy":{"pkg":1092.2444458007812,"pp0":0,"dram":376.248779296875},"cycles":79850142741}
{"runtime":33845,"energy":{"pkg":1196.4014892578125,"pp0":0,"dram":430.60699462890625},"cycles":91713996537}
{"runtime":32485,"energy":{"pkg":1112.7141723632812,"pp0":0,"dram":416.57037353515625},"cycles":83802025795}
{"runtime":32658,"energy":{"pkg":1140.4469604492188,"pp0":0,"dram":394.90252685546875},"cycles":78915312744}
{"runtime":33455,"energy":{"pkg":1124.5177612304688,"pp0":0,"dram":386.5562744140625},"cycles":84524300175}
{"runtime":31480,"energy":{"pkg":1084.1228637695312,"pp0":0,"dram":359.39129638671875},"cycles":82476016079}
{"runtime":32272,"energy":{"pkg":1131.3960571289062,"pp0":0,"dram":383.40765380859375},"cycles":80041657547}
{"runtime":33445,"energy":{"pkg":1129.0849609375,"pp0":0,"dram":419.6231689453125},"cycles":87667733662}
{"runtime":32611,"energy":{"pkg":1130.8076782226562,"pp0":0,"dram":384.11981201171875},"cycles":80212104770}
{"runtime":33923,"energy":{"pkg":1163.9645385742188,"pp0":0,"dram":440.38751220703125},"cycles":87170373910}
{"runtime":33979,"energy":{"pkg":1354.3873291015625,"pp0":0,"dram":462.81536865234375},"cycles":87967976533}
{"runtime":32743,"energy":{"pkg":1104.5985107421875,"pp0":0,"dram":386.0565185546875},"cycles":80452039633}
{"runtime":34896,"energy":{"pkg":1222.0963745117188,"pp0":0,"dram":421.37359619140625},"cycles":103185805157}
{"runtime":33215,"energy":{"pkg":1114.8151245117188,"pp0":0,"dram":363.477294921875},"cycles":85765185392}
{"runtime":34366,"energy":{"pkg":1189.4815063476562,"pp0":0,"dram":409.4010009765625},"cycles":96757647314}
{"runtime":32596,"energy":{"pkg":1142.8084106445312,"pp0":0,"dram":402.85833740234375},"cycles":79761887387}
{"runtime":31904,"energy":{"pkg":1073.0447387695312,"pp0":0,"dram":336.6748046875},"cycles":83108291529}
{"runtime":32629,"energy":{"pkg":1110.6668701171875,"pp0":0,"dram":362.819580078125},"cycles":79528993193}
{"runtime":33450,"energy":{"pkg":1137.0787963867188,"pp0":0,"dram":402.72332763671875},"cycles":91695638552}
{"runtime":33829,"energy":{"pkg":1179.34228515625,"pp0":0,"dram":416.159423828125},"cycles":86044632204}
{"runtime":33121,"energy":{"pkg":1111.3014526367188,"pp0":0,"dram":375.9132080078125},"cycles":81567944924}
{"runtime":34283,"energy":{"pkg":1208.263427734375,"pp0":0,"dram":387.8314208984375},"cycles":95040146635}
{"runtime":33695,"energy":{"pkg":1127.4680786132812,"pp0":0,"dram":377.320068359375},"cycles":89691602610}
{"runtime":33438,"energy":{"pkg":1168.2730102539062,"pp0":0,"dram":415.43145751953125},"cycles":87725949848}
{"runtime":32312,"energy":{"pkg":1108.4100341796875,"pp0":0,"dram":391.46258544921875},"cycles":84914627877}
{"runtime":34083,"energy":{"pkg":1184.0919799804688,"pp0":0,"dram":410.9473876953125},"cycles":84533178469}
{"runtime":33442,"energy":{"pkg":1106.65771484375,"pp0":0,"dram":384.33154296875},"cycles":83043673806}
{"runtime":33361,"energy":{"pkg":1163.3784790039062,"pp0":0,"dram":424.3287353515625},"cycles":88758057076}
{"runtime":32772,"energy":{"pkg":1136.275146484375,"pp0":0,"dram":391.8582763671875},"cycles":80148881432}
{"runtime":33195,"energy":{"pkg":1096.8606567382812,"pp0":0,"dram":425.47674560546875},"cycles":83471948390}
{"runtime":32949,"energy":{"pkg":1142.5234985351562,"pp0":0,"dram":421.6280517578125},"cycles":87088281469}
{"runtime":32966,"energy":{"pkg":1168.9729614257812,"pp0":0,"dram":404.1058349609375},"cycles":91376092871}
{"runtime":34877,"energy":{"pkg":1206.0123291015625,"pp0":0,"dram":434.48126220703125},"cycles":97591005196}
{"runtime":33243,"energy":{"pkg":1162.911376953125,"pp0":0,"dram":424.270263671875},"cycles":87469008861}
{"runtime":33771,"energy":{"pkg":1163.1642456054688,"pp0":0,"dram":425.29888916015625},"cycles":89526963815}
{"runtime":32980,"energy":{"pkg":1167.2183837890625,"pp0":0,"dram":417.378662109375},"cycles":85435274984}
{"runtime":34016,"energy":{"pkg":1359.893798828125,"pp0":0,"dram":469.85284423828125},"cycles":87338297274}
{"runtime":32247,"energy":{"pkg":1143.5628051757812,"pp0":0,"dram":411.647216796875},"cycles":80912009233}
{"runtime":33338,"energy":{"pkg":1152.0084228515625,"pp0":0,"dram":424.10455322265625},"cycles":88157336497}
{"runtime":34136,"energy":{"pkg":1263.8460693359375,"pp0":0,"dram":450.123291015625},"cycles":87664545886}
{"runtime":33589,"energy":{"pkg":1159.6370849609375,"pp0":0,"dram":429.8829345703125},"cycles":84826848051}
{"runtime":32675,"energy":{"pkg":1136.953125,"pp0":0,"dram":382.84954833984375},"cycles":83474550668}
{"runtime":33855,"energy":{"pkg":1151.2962036132812,"pp0":0,"dram":414.53253173828125},"cycles":88452013843}
{"runtime":31644,"energy":{"pkg":1100.4218139648438,"pp0":0,"dram":359.013916015625},"cycles":77759363861}
{"runtime":32388,"energy":{"pkg":1057.4901123046875,"pp0":0,"dram":341.5770263671875},"cycles":79841308034}
{"runtime":34225,"energy":{"pkg":1201.7711791992188,"pp0":0,"dram":419.034912109375},"cycles":87533376389}
{"runtime":32427,"energy":{"pkg":1088.580078125,"pp0":0,"dram":368.70465087890625},"cycles":82515806851}
{"runtime":32440,"energy":{"pkg":1155.1787109375,"pp0":0,"dram":405.78717041015625},"cycles":80540712595}
{"runtime":33609,"energy":{"pkg":1151.2686157226562,"pp0":0,"dram":393.58770751953125},"cycles":98203936633}
{"runtime":34857,"energy":{"pkg":1218.4979248046875,"pp0":0,"dram":441.2322998046875},"cycles":94685904143}
{"runtime":32050,"energy":{"pkg":1112.1959228515625,