{"runtime":2120,"energy":{"pkg":65.21380615234375,"pp0":0,"dram":21.227783203125},"cycles":4857149027}
{"runtime":1953,"energy":{"pkg":80.9105224609375,"pp0":0,"dram":22.35028076171875},"cycles":4894920901}
{"runtime":2154,"energy":{"pkg":88.4346923828125,"pp0":0,"dram":25.00079345703125},"cycles":5010950156}
{"runtime":1896,"energy":{"pkg":92.4390869140625,"pp0":0,"dram":22.858154296875},"cycles":5092011535}
{"runtime":1871,"energy":{"pkg":72.3380126953125,"pp0":0,"dram":20.84857177734375},"cycles":4926685154}
{"runtime":1959,"energy":{"pkg":78.00579833984375,"pp0":0,"dram":21.97705078125},"cycles":4741834948}
{"runtime":1607,"energy":{"pkg":81.901611328125,"pp0":0,"dram":18.34002685546875},"cycles":4732777925}
{"runtime":1940,"energy":{"pkg":76.06756591796875,"pp0":0,"dram":21.91815185546875},"cycles":4760364220}
{"runtime":1731,"energy":{"pkg":67.5936279296875,"pp0":0,"dram":19.0498046875},"cycles":4848467980}
{"runtime":1735,"energy":{"pkg":70.75372314453125,"pp0":0,"dram":19.14630126953125},"cycles":5077588316}
{"runtime":1679,"energy":{"pkg":85.4854736328125,"pp0":0,"dram":18.89111328125},"cycles":4887403339}
{"runtime":1993,"energy":{"pkg":74.2216796875,"pp0":0,"dram":22.25628662109375},"cycles":4832536705}
{"runtime":1784,"energy":{"pkg":69.47149658203125,"pp0":0,"dram":19.9625244140625},"cycles":4898735213}
{"runtime":1678,"energy":{"pkg":85.78741455078125,"pp0":0,"dram":18.73992919921875},"cycles":4804805514}
{"runtime":1612,"energy":{"pkg":64.82086181640625,"pp0":0,"dram":18.3779296875},"cycles":4871132331}
{"runtime":1869,"energy":{"pkg":78.37890625,"pp0":0,"dram":21.265869140625},"cycles":4898472051}
{"runtime":1909,"energy":{"pkg":81.39599609375,"pp0":0,"dram":20.62957763671875},"cycles":4798567368}
{"runtime":1743,"energy":{"pkg":70.255615234375,"pp0":0,"dram":19.63287353515625},"cycles":4897206325}
{"runtime":1870,"energy":{"pkg":71.0450439453125,"pp0":0,"dram":20.83648681640625},"cycles":4919613853}
{"runtime":1558,"energy":{"pkg":65.657470703125,"pp0":0,"dram":18.11627197265625},"cycles":4862625682}
{"runtime":2005,"energy":{"pkg":93.4189453125,"pp0":0,"dram":21.85821533203125},"cycles":4814833846}
{"runtime":1789,"energy":{"pkg":69.81268310546875,"pp0":0,"dram":20.10394287109375},"cycles":4852667889}
{"runtime":1881,"energy":{"pkg":70.54229736328125,"pp0":0,"dram":20.7030029296875},"cycles":4852663222}
{"runtime":1660,"energy":{"pkg":69.74163818359375,"pp0":0,"dram":18.743408203125},"cycles":4926939220}
{"runtime":1993,"energy":{"pkg":73.99005126953125,"pp0":0,"dram":22.4053955078125},"cycles":4872908341}
{"runtime":1901,"energy":{"pkg":92.5277099609375,"pp0":0,"dram":21.032470703125},"cycles":4852432438}
{"runtime":1638,"energy":{"pkg":75.238525390625,"pp0":0,"dram":18.68206787109375},"cycles":4823018718}
{"runtime":1905,"energy":{"pkg":76.27154541015625,"pp0":0,"dram":21.1573486328125},"cycles":4942681457}
{"runtime":1955,"energy":{"pkg":80.76068115234375,"pp0":0,"dram":21.968994140625},"cycles":4751411584}
{"runtime":1764,"energy":{"pkg":72.139892578125,"pp0":0,"dram":20.2720947265625},"cycles":4886650091}
{"runtime":1686,"energy":{"pkg":83.7864990234375,"pp0":0,"dram":18.99713134765625},"cycles":4834321798}
{"runtime":1699,"energy":{"pkg":75.88934326171875,"pp0":0,"dram":18.96160888671875},"cycles":4926844843}
{"runtime":1718,"energy":{"pkg":77.45654296875,"pp0":0,"dram":19.13922119140625},"cycles":4905980238}
{"runtime":1936,"energy":{"pkg":72.96685791015625,"pp0":0,"dram":22.011962890625},"cycles":4844565243}
{"runtime":1811,"energy":{"pkg":86.17449951171875,"pp0":0,"dram":20.20745849609375},"cycles":4749038036}
{"runtime":1586,"energy":{"pkg":67.51849365234375,"pp0":0,"dram":18.051025390625},"cycles":5058721707}
{"runtime":1910,"energy":{"pkg":91.46661376953125,"pp0":0,"dram":21.24322509765625},"cycles":4886933651}
{"runtime":1928,"energy":{"pkg":80.1231689453125,"pp0":0,"dram":21.52093505859375},"cycles":4898833616}
{"runtime":1587,"energy":{"pkg":82.08782958984375,"pp0":0,"dram":17.9176025390625},"cycles":4862817984}
{"runtime":1768,"energy":{"pkg":88.179443359375,"pp0":0,"dram":19.81787109375},"cycles":4812808999}
{"runtime":1705,"energy":{"pkg":71.71246337890625,"pp0":0,"dram":18.93182373046875},"cycles":4829014746}
{"runtime":1697,"energy":{"pkg":75.35186767578125,"pp0":0,"dram":19.3172607421875},"cycles":4827267649}
{"runtime":1860,"energy":{"pkg":74.814453125,"pp0":0,"dram":21.83538818359375},"cycles":4826597935}
{"runtime":1672,"energy":{"pkg":72.025146484375,"pp0":0,"dram":18.9105224609375},"cycles":4887889314}
{"runtime":1766,"energy":{"pkg":72.66241455078125,"pp0":0,"dram":20.54296875},"cycles":4932509915}
{"runtime":1555,"energy":{"pkg":81.50469970703125,"pp0":0,"dram":17.65667724609375},"cycles":4844362835}
{"runtime":1765,"energy":{"pkg":70.16180419921875,"pp0":0,"dram":20.6455078125},"cycles":4807337548}
{"runtime":1886,"energy":{"pkg":71.12725830078125,"pp0":0,"dram":21.67816162109375},"cycles":4883408666}
{"runtime":1750,"energy":{"pkg":73.1754150390625,"pp0":0,"dram":20.2747802734375},"cycles":4959929760}
{"runtime":1831,"energy":{"pkg":73.6329345703125,"pp0":0,"dram":20.34466552734375},"cycles":4908661831}
{"runtime":1674,"energy":{"pkg":69.41864013671875,"pp0":0,"dram":19.5245361328125},"cycles":4857491198}
{"runtime":1711,"energy":{"pkg":73.88311767578125,"pp0":0,"dram":19.853515625},"cycles":4781795660}
{"runtime":2019,"energy":{"pkg":94.8231201171875,"pp0":0,"dram":22.15069580078125},"cycles":4739329665}
{"runtime":2028,"energy":{"pkg":73.9466552734375,"pp0":0,"dram":22.27484130859375},"cycles":4840170542}
{"runtime":1958,"energy":{"pkg":77.81072998046875,"pp0":0,"dram":22.7347412109375},"cycles":5266791744}
{"runtime":1687,"energy":{"pkg":82.564453125,"pp0":0,"dram":19.0579833984375},"cycles":4746853149}
{"runtime":1852,"energy":{"pkg":77.095458984375,"pp0":0,"dram":21.01812744140625},"cycles":4968802733}
{"runtime":1807,"energy":{"pkg":74.61962890625,"pp0":0,"dram":20.75732421875},"cycles":4851214056}
{"runtime":2048,"energy":{"pkg":78.41986083984375,"pp0":0,"dram":23.60797119140625},"cycles":5058202981}
{"runtime":1863,"energy":{"pkg":84.1873779296875,"pp0":0,"dram":20.412353515625},"cycles":4832053930}
{"runtime":2296,"energy":{"pkg":86.586669921875,"pp0":0,"dram":25.7066650390625},"cycles":5015970413}
{"runtime":1672,"energy":{"pkg":85.16552734375,"pp0":0,"dram":18.87359619140625},"cycles":4866995891}
{"runtime":1837,"energy":{"pkg":73.86785888671875,"pp0":0,"dram":21.1910400390625},"cycles":4912637406}
{"runtime":2028,"energy":{"pkg":74.41845703125,"pp0":0,"dram":21.90167236328125},"cycles":4821468375}
{"runtime":2009,"energy":{"pkg":80.08447265625,"pp0":0,"dram":22.59100341796875},"cycles":4893558219}
{"runtime":1749,"energy":{"pkg":73.622802734375,"pp0":0,"dram":20.7904052734375},"cycles":4973473956}
{"runtime":1770,"energy":{"pkg":74.31915283203125,"pp0":0,"dram":20.351318359375},"cycles":4916525694}
{"runtime":1597,"energy":{"pkg":83.69891357421875,"pp0":0,"dram":18.0623779296875},"cycles":4853626442}
{"runtime":1704,"energy":{"pkg":73.71844482421875,"pp0":0,"dram":19.600341796875},"cycles":4874181769}
{"runtime":1667,"energy":{"pkg":66.34930419921875,"pp0":0,"dram":18.8922119140625},"cycles":4816188789}
{"runtime":1738,"energy":{"pkg":75.63714599609375,"pp0":0,"dram":19.23614501953125},"cycles":4996600739}
{"runtime":1685,"energy":{"pkg":67.6712646484375,"pp0":0,"dram":19.0477294921875},"cycles":4904924769}
{"runtime":2153,"energy":{"pkg":76.932373046875,"pp0":0,"dram":23.6617431640625},"cycles":5137284927}
{"runtime":1606,"energy":{"pkg":68.25146484375,"pp0":0,"dram":19.07012939453125},"cycles":4934776117}
{"runtime":1995,"energy":{"pkg":72.3531494140625,"pp0":0,"dram":21.9176025390625},"cycles":4875485885}
{"runtime":1998,"energy":{"pkg":73.51324462890625,"pp0":0,"dram":22.20562744140625},"cycles":4867586160}
{"runtime":1569,"energy":{"pkg":76.3968505859375,"pp0":0,"dram":17.69952392578125},"cycles":4914883856}
{"runtime":1634,"energy":{"pkg":69.18035888671875,"pp0":0,