{"runtime":21092,"energy":{"pkg":1392.1996459960938,"pp0":0,"dram":590.1996459960938},"cycles":343688744784}
{"runtime":22876,"energy":{"pkg":1485.7000732421875,"pp0":0,"dram":617.0744018554688},"cycles":367491359928}
{"runtime":22482,"energy":{"pkg":1435.5161743164062,"pp0":0,"dram":608.8875732421875},"cycles":357574819833}
{"runtime":20515,"energy":{"pkg":1385.2471923828125,"pp0":0,"dram":578.703369140625},"cycles":337875668571}
{"runtime":20680,"energy":{"pkg":1389.7301025390625,"pp0":0,"dram":582.74755859375},"cycles":338693200062}
{"runtime":20796,"energy":{"pkg":1426.6347045898438,"pp0":0,"dram":595.9623413085938},"cycles":350626834320}
{"runtime":22787,"energy":{"pkg":1505.1874389648438,"pp0":0,"dram":610.769775390625},"cycles":362116375467}
