{"runtime":28641,"energy":{"pkg":1874.2595825195312,"pp0":0,"dram":791.5632934570312},"cycles":460634370126}
{"runtime":28117,"energy":{"pkg":1841.0849609375,"pp0":0,"dram":777.4854125976562},"cycles":458569224351}
{"runtime":29406,"energy":{"pkg":1909.7276000976562,"pp0":0,"dram":799.7000732421875},"cycles":475768975962}
{"runtime":28575,"energy":{"pkg":1862.3056640625,"pp0":0,"dram":786.2842407226562},"cycles":464243670849}
{"runtime":28935,"energy":{"pkg":1856.095703125,"pp0":0,"dram":792.3197631835938},"cycles":467159040831}
{"runtime":27398,"energy":{"pkg":1818.9513549804688,"pp0":0,"dram":784.028076171875},"cycles":452230666965}
{"runtime":28593,"energy":{"pkg":1903.4739379882812,"pp0":0,"dram":794.0892333984375},"cycles":473415270384}
