{"runtime":31138,"energy":{"pkg":2073.1640625,"pp0":0,"dram":889.0620727539062},"cycles":512416841055}
{"runtime":32350,"energy":{"pkg":2122.1329345703125,"pp0":0,"dram":900.0728759765625},"cycles":525387377739}
{"runtime":31034,"energy":{"pkg":2053.3667602539062,"pp0":0,"dram":878.3934326171875},"cycles":511500945963}
{"runtime":32092,"energy":{"pkg":2114.5814819335938,"pp0":0,"dram":895.4951171875},"cycles":518002261329}
{"runtime":34088,"energy":{"pkg":2185.531494140625,"pp0":0,"dram":911.94873046875},"cycles":549139925754}
{"runtime":30854,"energy":{"pkg":2050.3983154296875,"pp0":0,"dram":876.9946899414062},"cycles":499103101224}
{"runtime":32774,"energy":{"pkg":2196.4864501953125,"pp0":0,"dram":907.5721435546875},"cycles":548504903772}
