{"runtime":33527,"energy":{"pkg":2231.9462280273438,"pp0":0,"dram":947.118408203125},"cycles":554056282605}
{"runtime":33679,"energy":{"pkg":2220.8701171875,"pp0":0,"dram":951.1688842773438},"cycles":552210727152}
{"runtime":35707,"energy":{"pkg":2340.2396850585938,"pp0":0,"dram":966.3433227539062},"cycles":584047703610}
{"runtime":35488,"energy":{"pkg":2288.6908569335938,"pp0":0,"dram":970.5892333984375},"cycles":576166775583}
{"runtime":34123,"energy":{"pkg":2241.8939819335938,"pp0":0,"dram":955.5421142578125},"cycles":565972614690}
{"runtime":35896,"energy":{"pkg":2334.6543579101562,"pp0":0,"dram":993.8799438476562},"cycles":586237957662}
{"runtime":33630,"energy":{"pkg":2210.8816528320312,"pp0":0,"dram":949.6425170898438},"cycles":556697902719}
