{"runtime":39795,"energy":{"pkg":2618.4480590820312,"pp0":0,"dram":1085.4094848632812},"cycles":656405459577}
{"runtime":40874,"energy":{"pkg":2631.9679565429688,"pp0":0,"dram":1113.7366943359375},"cycles":679605682014}
{"runtime":40078,"energy":{"pkg":2649.5296020507812,"pp0":0,"dram":1099.3446044921875},"cycles":669155203311}
{"runtime":39730,"energy":{"pkg":2620.5315551757812,"pp0":0,"dram":1082.2752075195312},"cycles":655326639051}
{"runtime":38616,"energy":{"pkg":2556.06103515625,"pp0":0,"dram":1077.3990478515625},"cycles":642519473463}
{"runtime":38639,"energy":{"pkg":2547.5945434570312,"pp0":0,"dram":1074.5489501953125},"cycles":636873108144}
{"runtime":38192,"energy":{"pkg":2539.6412353515625,"pp0":0,"dram":1061.7039184570312},"cycles":631096057242}
