{"runtime":40043,"energy":{"pkg":2681.4089965820312,"pp0":0,"dram":1115.742431640625},"cycles":663242352843}
{"runtime":40623,"energy":{"pkg":2660.555419921875,"pp0":0,"dram":1142.1740112304688},"cycles":667211006511}
{"runtime":41610,"energy":{"pkg":2724.034423828125,"pp0":0,"dram":1149.1270141601562},"cycles":673671395628}
{"runtime":40098,"energy":{"pkg":2624.2666015625,"pp0":0,"dram":1119.065185546875},"cycles":661256625687}
{"runtime":40298,"energy":{"pkg":2666.3287353515625,"pp0":0,"dram":1125.2118530273438},"cycles":661138689099}
{"runtime":40072,"energy":{"pkg":2643.8377075195312,"pp0":0,"dram":1120.5518798828125},"cycles":652240940442}
{"runtime":41121,"energy":{"pkg":2757.0872192382812,"pp0":0,"dram":1130.2511596679688},"cycles":681477020637}
