{"runtime":41770,"energy":{"pkg":2815.1784057617188,"pp0":0,"dram":1168.8839111328125},"cycles":701536502772}
{"runtime":41523,"energy":{"pkg":2729.2525024414062,"pp0":0,"dram":1187.239501953125},"cycles":686257887735}
{"runtime":42481,"energy":{"pkg":2799.4189453125,"pp0":0,"dram":1196.6604614257812},"cycles":692893430187}
{"runtime":41928,"energy":{"pkg":2773.123779296875,"pp0":0,"dram":1186.46044921875},"cycles":693811853133}
{"runtime":44068,"energy":{"pkg":2884.6910400390625,"pp0":0,"dram":1194.3967895507812},"cycles":720978759585}
{"runtime":41491,"energy":{"pkg":2749.8760375976562,"pp0":0,"dram":1179.0882568359375},"cycles":678610407993}
{"runtime":42241,"energy":{"pkg":2816.1217651367188,"pp0":0,"dram":1180.2340087890625},"cycles":702583407498}
