{"runtime":45328,"energy":{"pkg":2950.7977294921875,"pp0":0,"dram":1255.6015625},"cycles":736963831002}
{"runtime":44102,"energy":{"pkg":2881.9080200195312,"pp0":0,"dram":1246.60107421875},"cycles":711755904279}
{"runtime":42926,"energy":{"pkg":2855.4569091796875,"pp0":0,"dram":1214.7727661132812},"cycles":706873407765}
{"runtime":47391,"energy":{"pkg":3067.1506958007812,"pp0":0,"dram":1279.177978515625},"cycles":785177588685}
{"runtime":47126,"energy":{"pkg":3073.67724609375,"pp0":0,"dram":1278.4364013671875},"cycles":768334682976}
{"runtime":46197,"energy":{"pkg":3005.2628173828125,"pp0":0,"dram":1253.5130615234375},"cycles":746828170452}
{"runtime":44393,"energy":{"pkg":2927.5829467773438,"pp0":0,"dram":1252.9872436523438},"cycles":729066805110}
