{"runtime":45216,"energy":{"pkg":2982.7576904296875,"pp0":0,"dram":1292.5972900390625},"cycles":739043677848}
{"runtime":46621,"energy":{"pkg":3046.1685180664062,"pp0":0,"dram":1313.3173828125},"cycles":771743944377}
{"runtime":46179,"energy":{"pkg":3096.0833740234375,"pp0":0,"dram":1294.0609130859375},"cycles":753524302944}
{"runtime":46421,"energy":{"pkg":3014.7807006835938,"pp0":0,"dram":1299.8273315429688},"cycles":759501959286}
{"runtime":46351,"energy":{"pkg":3037.9492797851562,"pp0":0,"dram":1297.7178955078125},"cycles":762742890357}
{"runtime":46152,"energy":{"pkg":3043.1453247070312,"pp0":0,"dram":1305.70849609375},"cycles":753783885561}
{"runtime":45018,"energy":{"pkg":2971.6975708007812,"pp0":0,"dram":1282.49169921875},"cycles":744788591841}
