{"runtime":48191,"energy":{"pkg":3168.0785522460938,"pp0":0,"dram":1361.0369873046875},"cycles":789978002352}
{"runtime":48710,"energy":{"pkg":3144.5169067382812,"pp0":0,"dram":1368.1421508789062},"cycles":783103380150}
{"runtime":51812,"energy":{"pkg":3405.7162475585938,"pp0":0,"dram":1378.1561279296875},"cycles":856606778832}
{"runtime":47985,"energy":{"pkg":3130.3341064453125,"pp0":0,"dram":1350.191650390625},"cycles":784404126954}
{"runtime":51290,"energy":{"pkg":3352.6511840820312,"pp0":0,"dram":1376.2471313476562},"cycles":857556977823}
{"runtime":47672,"energy":{"pkg":3114.2982788085938,"pp0":0,"dram":1341.3572387695312},"cycles":780006941070}
{"runtime":49581,"energy":{"pkg":3291.648193359375,"pp0":0,"dram":1371.8382568359375},"cycles":826726842396}
