{"runtime":49357,"energy":{"pkg":3339.5659790039062,"pp0":0,"dram":1412.4854125976562},"cycles":826465962189}
{"runtime":52286,"energy":{"pkg":3412.9795532226562,"pp0":0,"dram":1446.6912841796875},"cycles":864333084027}
{"runtime":51123,"energy":{"pkg":3330.619140625,"pp0":0,"dram":1436.4037475585938},"cycles":825139935438}
{"runtime":51355,"energy":{"pkg":3315.1533813476562,"pp0":0,"dram":1426.75830078125},"cycles":833924451570}
{"runtime":53278,"energy":{"pkg":3517.8888549804688,"pp0":0,"dram":1434.4727783203125},"cycles":883375580346}
{"runtime":50270,"energy":{"pkg":3327.2946166992188,"pp0":0,"dram":1417.9713134765625},"cycles":820832401011}
{"runtime":51493,"energy":{"pkg":3392.3125610351562,"pp0":0,"dram":1417.3568115234375},"cycles":858442057389}
