{"runtime":52106,"energy":{"pkg":3418.1359252929688,"pp0":0,"dram":1478.3590087890625},"cycles":846238252881}
{"runtime":57687,"energy":{"pkg":3715.6763916015625,"pp0":0,"dram":1526.6995239257812},"cycles":953171479113}
{"runtime":53298,"energy":{"pkg":3537.1691284179688,"pp0":0,"dram":1486.6162109375},"cycles":878113367145}
{"runtime":52552,"energy":{"pkg":3443.9165649414062,"pp0":0,"dram":1478.0001220703125},"cycles":875527291926}
{"runtime":54569,"energy":{"pkg":3633.3328247070312,"pp0":0,"dram":1492.4703979492188},"cycles":911702379588}
{"runtime":53207,"energy":{"pkg":3479.4141845703125,"pp0":0,"dram":1489.9581909179688},"cycles":864533743647}
{"runtime":54583,"energy":{"pkg":3610.5336303710938,"pp0":0,"dram":1478.9633178710938},"cycles":899551069557}
