{"runtime":57751,"energy":{"pkg":3775.3719482421875,"pp0":0,"dram":1605.4411010742188},"cycles":952009991604}
{"runtime":58158,"energy":{"pkg":3763.3642578125,"pp0":0,"dram":1603.4169311523438},"cycles":952588574805}
{"runtime":58098,"energy":{"pkg":3826.1456298828125,"pp0":0,"dram":1621.2033081054688},"cycles":967262392782}
{"runtime":57911,"energy":{"pkg":3766.2037353515625,"pp0":0,"dram":1599.145263671875},"cycles":940618332906}
{"runtime":55662,"energy":{"pkg":3717.812744140625,"pp0":0,"dram":1593.5861206054688},"cycles":920394156024}
{"runtime":57195,"energy":{"pkg":3730.7652587890625,"pp0":0,"dram":1597.7206420898438},"cycles":920315613000}
{"runtime":63154,"energy":{"pkg":4132.5496826171875,"pp0":0,"dram":1680.2197265625},"cycles":1053757536909}
