{"runtime":58068,"energy":{"pkg":3861.3873291015625,"pp0":0,"dram":1645.7799072265625},"cycles":954929892336}
{"runtime":58961,"energy":{"pkg":3835.6609497070312,"pp0":0,"dram":1647.3869018554688},"cycles":955462192419}
{"runtime":61640,"energy":{"pkg":3994.6104736328125,"pp0":0,"dram":1686.2171020507812},"cycles":1024875775665}
{"runtime":63399,"energy":{"pkg":4122.263366699219,"pp0":0,"dram":1721.8946533203125},"cycles":1052705190201}
{"runtime":59538,"energy":{"pkg":3908.4177856445312,"pp0":0,"dram":1659.9765014648438},"cycles":972681207204}
{"runtime":62797,"energy":{"pkg":4137.496826171875,"pp0":0,"dram":1716.7794799804688},"cycles":1040379672066}
{"runtime":60054,"energy":{"pkg":3986.7501220703125,"pp0":0,"dram":1662.76708984375},"cycles":981457341606}
