{"runtime":59153,"energy":{"pkg":3811.4078979492188,"pp0":0,"dram":1686.1710205078125},"cycles":948442403391}
{"runtime":61020,"energy":{"pkg":3985.7716064453125,"pp0":0,"dram":1727.93115234375},"cycles":1018275700617}
{"runtime":63672,"energy":{"pkg":4084.2560424804688,"pp0":0,"dram":1732.2550659179688},"cycles":1027759926522}
{"runtime":61759,"energy":{"pkg":4051.7965698242188,"pp0":0,"dram":1735.5843505859375},"cycles":1035362184213}
{"runtime":62745,"energy":{"pkg":4081.3677368164062,"pp0":0,"dram":1727.196044921875},"cycles":1032985879926}
{"runtime":65984,"energy":{"pkg":4264.145446777344,"pp0":0,"dram":1761.7533569335938},"cycles":1096406834082}
{"runtime":64660,"energy":{"pkg":4177.319091796875,"pp0":0,"dram":1757.0150146484375},"cycles":1045185842862}
