{"runtime":6332,"energy":{"pkg":398.81787109375,"pp0":0,"dram":172.27789306640625},"cycles":104171534733}
{"runtime":6674,"energy":{"pkg":438.99981689453125,"pp0":0,"dram":176.96588134765625},"cycles":110018618829}
{"runtime":6462,"energy":{"pkg":426.22125244140625,"pp0":0,"dram":174.58905029296875},"cycles":105131979057}
{"runtime":6781,"energy":{"pkg":433.34429931640625,"pp0":0,"dram":175.10797119140625},"cycles":106958790015}
{"runtime":6568,"energy":{"pkg":428.18609619140625,"pp0":0,"dram":176.663818359375},"cycles":105809781420}
{"runtime":7153,"energy":{"pkg":465.7164306640625,"pp0":0,"dram":185.98846435546875},"cycles":113128388877}
{"runtime":6485,"energy":{"pkg":434.27337646484375,"pp0":0,"dram":175.2640380859375},"cycles":107571794001}
