{"runtime":63225,"energy":{"pkg":4096.6351318359375,"pp0":0,"dram":1777.18701171875},"cycles":1042568108610}
{"runtime":62813,"energy":{"pkg":4093.044921875,"pp0":0,"dram":1773.3953857421875},"cycles":1045673849535}
{"runtime":65676,"energy":{"pkg":4268.3990478515625,"pp0":0,"dram":1812.8834838867188},"cycles":1086714435387}
{"runtime":61572,"energy":{"pkg":3979.6300659179688,"pp0":0,"dram":1755.8121948242188},"cycles":1005295535622}
{"runtime":64166,"energy":{"pkg":4223.1793212890625,"pp0":0,"dram":1751.1439208984375},"cycles":1060842377028}
{"runtime":68085,"energy":{"pkg":4446.554992675781,"pp0":0,"dram":1835.5504150390625},"cycles":1138103141322}
{"runtime":62918,"energy":{"pkg":4119.825134277344,"pp0":0,"dram":1767.909423828125},"cycles":1027892448303}
