{"runtime":8579,"energy":{"pkg":539.9466552734375,"pp0":0,"dram":233.87396240234375},"cycles":138559618722}
{"runtime":8300,"energy":{"pkg":553.9359741210938,"pp0":0,"dram":229.7303466796875},"cycles":136401088992}
{"runtime":8471,"energy":{"pkg":562.1231079101562,"pp0":0,"dram":232.2457275390625},"cycles":138113181801}
{"runtime":8865,"energy":{"pkg":574.22216796875,"pp0":0,"dram":234.44525146484375},"cycles":138968300037}
{"runtime":8525,"energy":{"pkg":573.7182006835938,"pp0":0,"dram":236.353515625},"cycles":139658979474}
{"runtime":8194,"energy":{"pkg":560.78125,"pp0":0,"dram":230.42706298828125},"cycles":134956242897}
{"runtime":8238,"energy":{"pkg":550.9559326171875,"pp0":0,"dram":229.191650390625},"cycles":133566197394}
