{"runtime":11298,"energy":{"pkg":703.2400512695312,"pp0":0,"dram":297.35736083984375},"cycles":172534441905}
{"runtime":12193,"energy":{"pkg":773.719970703125,"pp0":0,"dram":312.632080078125},"cycles":189345243696}
{"runtime":10845,"energy":{"pkg":719.9161376953125,"pp0":0,"dram":298.25396728515625},"cycles":177266823174}
{"runtime":10638,"energy":{"pkg":706.1907958984375,"pp0":0,"dram":295.91290283203125},"cycles":173550939303}
{"runtime":10958,"energy":{"pkg":723.2559204101562,"pp0":0,"dram":299.40057373046875},"cycles":177165330384}
{"runtime":10682,"energy":{"pkg":730.1216430664062,"pp0":0,"dram":299.91400146484375},"cycles":177972902730}
{"runtime":10397,"energy":{"pkg":706.26220703125,"pp0":0,"dram":291.8939208984375},"cycles":173618262132}
