{"runtime":12523,"energy":{"pkg":802.713134765625,"pp0":0,"dram":347.32525634765625},"cycles":203440182393}
{"runtime":13203,"energy":{"pkg":870.1114501953125,"pp0":0,"dram":362.88739013671875},"cycles":218316160923}
{"runtime":12582,"energy":{"pkg":841.7294311523438,"pp0":0,"dram":353.986328125},"cycles":206529986376}
{"runtime":13763,"energy":{"pkg":890.2000732421875,"pp0":0,"dram":368.556640625},"cycles":221456642673}
{"runtime":12524,"energy":{"pkg":831.1273193359375,"pp0":0,"dram":350.290771484375},"cycles":205322493327}
{"runtime":12658,"energy":{"pkg":857.9869384765625,"pp0":0,"dram":356.65521240234375},"cycles":207470430972}
{"runtime":13523,"energy":{"pkg":896.5730590820312,"pp0":0,"dram":371.1888427734375},"cycles":220273025280}
