{"runtime":15491,"energy":{"pkg":996.6563720703125,"pp0":0,"dram":426.2860107421875},"cycles":257073808173}
{"runtime":16252,"energy":{"pkg":1032.6867065429688,"pp0":0,"dram":436.5897216796875},"cycles":258150460932}
{"runtime":14509,"energy":{"pkg":989.1109619140625,"pp0":0,"dram":409.89013671875},"cycles":242272202970}
{"runtime":14417,"energy":{"pkg":979.0394897460938,"pp0":0,"dram":405.0101318359375},"cycles":236778283539}
{"runtime":15653,"energy":{"pkg":1022.0106811523438,"pp0":0,"dram":422.45281982421875},"cycles":247658464746}
{"runtime":14751,"energy":{"pkg":1002.17626953125,"pp0":0,"dram":415.29302978515625},"cycles":241498584684}
{"runtime":14957,"energy":{"pkg":1009.951904296875,"pp0":0,"dram":417.59259033203125},"cycles":245024087259}
