{"runtime":16652,"energy":{"pkg":1097.0612182617188,"pp0":0,"dram":471.79095458984375},"cycles":277740416310}
{"runtime":16141,"energy":{"pkg":1080.7799682617188,"pp0":0,"dram":455.981201171875},"cycles":261988810608}
{"runtime":16775,"energy":{"pkg":1130.4788818359375,"pp0":0,"dram":473.54254150390625},"cycles":272457979059}
{"runtime":16261,"energy":{"pkg":1113.659423828125,"pp0":0,"dram":462.61676025390625},"cycles":272495305950}
{"runtime":16654,"energy":{"pkg":1133.6845703125,"pp0":0,"dram":471.38848876953125},"cycles":279488733867}
{"runtime":17398,"energy":{"pkg":1168.5637817382812,"pp0":0,"dram":481.91558837890625},"cycles":284965974762}
{"runtime":17385,"energy":{"pkg":1183.9423828125,"pp0":0,"dram":482.13385009765625},"cycles":285585991341}
