{"runtime":10689,"energy":{"pkg":441.56732177734375,"pp0":0,"dram":118.29119873046875},"cycles":76414311713}
{"runtime":16129,"energy":{"pkg":654.0996704101562,"pp0":0,"dram":203.85284423828125},"cycles":91606097498}
{"runtime":13944,"energy":{"pkg":717.6234130859375,"pp0":0,"dram":181.441650390625},"cycles":90192105193}
{"runtime":14755,"energy":{"pkg":687.823486328125,"pp0":0,"dram":183.3221435546875},"cycles":90619178382}
{"runtime":11498,"energy":{"pkg":520.0222778320312,"pp0":0,"dram":129.3656005859375},"cycles":75732448122}
{"runtime":13782,"energy":{"pkg":588.2513427734375,"pp0":0,"dram":166.97247314453125},"cycles":83414945093}
{"runtime":10130,"energy":{"pkg":420.071533203125,"pp0":0,"dram":94.4139404296875},"cycles":62648279271}
{"runtime":15669,"energy":{"pkg":659.0424194335938,"pp0":0,"dram":206.05157470703125},"cycles":93484885856}
{"runtime":10223,"energy":{"pkg":429.03985595703125,"pp0":0,"dram":97.567626953125},"cycles":64801352173}
{"runtime":9706,"energy":{"pkg":422.01287841796875,"pp0":0,"dram":92.79791259765625},"cycles":64406929495}
{"runtime":11495,"energy":{"pkg":533.1859130859375,"pp0":0,"dram":135.4471435546875},"cycles":74227897572}
{"runtime":14000,"energy":{"pkg":569.4967651367188,"pp0":0,"dram":170.11785888671875},"cycles":86475296758}
{"runtime":8193,"energy":{"pkg":379.423583984375,"pp0":0,"dram":74.0164794921875},"cycles":58138142972}
{"runtime":12669,"energy":{"pkg":542.8438110351562,"pp0":0,"dram":148.42047119140625},"cycles":84360662458}
{"runtime":9668,"energy":{"pkg":457.27471923828125,"pp0":0,"dram":97.72027587890625},"cycles":64576201002}
{"runtime":12698,"energy":{"pkg":561.8782958984375,"pp0":0,"dram":155.1221923828125},"cycles":83624103282}
{"runtime":8884,"energy":{"pkg":393.8536376953125,"pp0":0,"dram":79.9075927734375},"cycles":61114084516}
{"runtime":8769,"energy":{"pkg":397.75927734375,"pp0":0,"dram":78.5543212890625},"cycles":60984356800}
{"runtime":12705,"energy":{"pkg":545.9338989257812,"pp0":0,"dram":152.8402099609375},"cycles":84641955878}
{"runtime":14403,"energy":{"pkg":557.3453979492188,"pp0":0,"dram":170.61773681640625},"cycles":82367412470}
{"runtime":14681,"energy":{"pkg":573.5116577148438,"pp0":0,"dram":177.05645751953125},"cycles":88675397376}
{"runtime":8927,"energy":{"pkg":401.62847900390625,"pp0":0,"dram":82.906494140625},"cycles":61448603421}
{"runtime":13871,"energy":{"pkg":582.6641235351562,"pp0":0,"dram":165.50469970703125},"cycles":84642214009}
{"runtime":9956,"energy":{"pkg":466.787109375,"pp0":0,"dram":108.770751953125},"cycles":66763064077}
{"runtime":14144,"energy":{"pkg":540.6287841796875,"pp0":0,"dram":160.58087158203125},"cycles":79521375289}
{"runtime":8561,"energy":{"pkg":388.0111083984375,"pp0":0,"dram":78.14276123046875},"cycles":59721162451}
{"runtime":11700,"energy":{"pkg":485.8367919921875,"pp0":0,"dram":116.2264404296875},"cycles":68705197409}
{"runtime":8082,"energy":{"pkg":379.70843505859375,"pp0":0,"dram":73.8956298828125},"cycles":58351704343}
{"runtime":10756,"energy":{"pkg":427.453369140625,"pp0":0,"dram":98.815673828125},"cycles":65218014958}
{"runtime":15499,"energy":{"pkg":582.1343383789062,"pp0":0,"dram":187.20513916015625},"cycles":86105011155}
{"runtime":10862,"energy":{"pkg":497.711669921875,"pp0":0,"dram":120.9073486328125},"cycles":70703239137}
{"runtime":13849,"energy":{"pkg":568.6443481445312,"pp0":0,"dram":164.122802734375},"cycles":86545851124}
{"runtime":12082,"energy":{"pkg":543.2460327148438,"pp0":0,"dram":134.42413330078125},"cycles":73105534821}
{"runtime":13689,"energy":{"pkg":628.0413208007812,"pp0":0,"dram":172.889892578125},"cycles":88762323826}
{"runtime":12437,"energy":{"pkg":624.2847290039062,"pp0":0,"dram":149.2076416015625},"cycles":82048211639}
{"runtime":13147,"energy":{"pkg":514.1205444335938,"pp0":0,"dram":148.27215576171875},"cycles":79966748027}
{"runtime":8306,"energy":{"pkg":375.00494384765625,"pp0":0,"dram":74.973388671875},"cycles":59474768362}
{"runtime":14105,"energy":{"pkg":528.89990234375,"pp0":0,"dram":154.06878662109375},"cycles":79780539133}
{"runtime":14346,"energy":{"pkg":582.4718017578125,"pp0":0,"dram":172.88446044921875},"cycles":86453688921}
{"runtime":12204,"energy":{"pkg":547.318115234375,"pp0":0,"dram":142.59222412109375},"cycles":80356202885}
{"runtime":12591,"energy":{"pkg":537.673095703125,"pp0":0,"dram":144.35980224609375},"cycles":84563841856}
{"runtime":9118,"energy":{"pkg":416.900146484375,"pp0":0,"dram":88.884765625},"cycles":61904704241}
{"runtime":9218,"energy":{"pkg":390.20703125,"pp0":0,"dram":82.38031005859375},"cycles":60685308055}
{"runtime":10085,"energy":{"pkg":461.03753662109375,"pp0":0,"dram":104.30035400390625},"cycles":67038647031}
{"runtime":14323,"energy":{"pkg":553.4195556640625,"pp0":0,"dram":163.26898193359375},"cycles":84653135394}
{"runtime":14133,"energy":{"pkg":594.9735107421875,"pp0":0,"dram":174.87310791015625},"cycles":90249942124}
{"runtime":12831,"energy":{"pkg":547.1755981445312,"pp0":0,"dram":148.40191650390625},"cycles":83934467285}
{"runtime":12889,"energy":{"pkg":547.9279174804688,"pp0":0,"dram":144.91015625},"cycles":75965809184}
{"runtime":13014,"energy":{"pkg":509.08831787109375,"pp0":0,"dram":148.95166015625},"cycles":77319498357}
{"runtime":8436,"energy":{"pkg":385.524169921875,"pp0":0,"dram":77.03271484375},"cycles":58980937607}
{"runtime":10377,"energy":{"pkg":466.426513671875,"pp0":0,"dram":112.841796875},"cycles":69979838882}
{"runtime":13237,"energy":{"pkg":552.0537109375,"pp0":0,"dram":152.937744140625},"cycles":82574735690}
{"runtime":8904,"energy":{"pkg":404.743408203125,"pp0":0,"dram":80.66119384765625},"cycles":60969119469}
{"runtime":14877,"energy":{"pkg":563.7361450195312,"pp0":0,"dram":176.41796875},"cycles":86782780848}
{"runtime":14277,"energy":{"pkg":559.8367919921875,"pp0":0,"dram":164.47021484375},"cycles":84172885027}
{"runtime":8806,"energy":{"pkg":398.1146240234375,"pp0":0,"dram":79.74993896484375},"cycles":60527029886}
{"runtime":14729,"energy":{"pkg":570.2798461914062,"pp0":0,"dram":175.98309326171875},"cycles":85131151441}
{"runtime":15119,"energy":{"pkg":636.703125,"pp0":0,"dram":189.47344970703125},"cycles":90813598606}
{"runtime":14247,"energy":{"pkg":562.8271484375,"pp0":0,"dram":160.9114990234375},"cycles":81010978788}
{"runtime":13080,"energy":{"pkg":533.1509399414062,"pp0":0,"dram":149.08380126953125},"cycles":77596718060}
{"runtime":15590,"energy":{"pkg":793.3436279296875,"pp0":0,"dram":206.43341064453125},"cycles":100295874899}
{"runtime":14714,"energy":{"pkg":576.2847900390625,"pp0":0,"dram":182.99200439453125},"cycles":84988827892}
{"runtime":15186,"energy":{"pkg":567.4744873046875,"pp0":0,"dram":183.01861572265625},"cycles":83890291781}
{"runtime":9108,"energy":{"pkg":431.65045166015625,"pp0":0,"dram":91.00225830078125},"cycles":63004650283}
{"runtime":8651,"energy":{"pkg":382.24993896484375,"pp0":0,"dram":78.18438720703125},"cycles":59063238307}
{"runtime":12329,"energy":{"pkg":504.2633056640625,"pp0":0,"dram":139.50640869140625},"cycles":74520802077}
{"runtime":13903,"energy":{"pkg":572.6173706054688,"pp0":0,"dram":168.0498046875},"cycles":88804605830}
{"runtime":8730,"energy":{"pkg":399.83001708984375,"pp0":0,"dram":78.30615234375},"cycles":60433040749}
{"runtime":13802,"energy":{"pkg":529.7239379882812,"pp0":0,"dram":152.11871337890625},"cycles":75480463299}
{"runtime":9521,"energy":{"pkg":416.252197265625,"pp0":0,"dram":92.62969970703125},"cycles":61724246043}
{"runtime":14585,"energy":{"pkg":554.613037109375,"pp0":0,"dram":158.9830322265625},"cycles":78865912310}
{"runtime":9000,"energy":{"pkg":422.05194091796875,"pp0":0,"dram":84.9031982421875},"cycles":61419869008}
{"runtime":13428,"energy":{"pkg":529.8543701171875,"pp0":0,"dram":150.09228515625},"cycles":80262511248}
{"runtime":12759,"energy":{"pkg":541.6143188476562,"pp0":0,"dram":152.7254638671875},"cycles":83126995727}
{"runtime":16043,"energy":{"pkg":640.2144775390625,"pp0":0,"dram":198.58319091796875},"cycles":90817843464}
{"runtime":14334,