{"runtime":5315,"energy":{"pkg":258.44012451171875,"pp0":0,"dram":50.60089111328125},"cycles":42511462298}
{"runtime":5774,"energy":{"pkg":295.7557373046875,"pp0":0,"dram":58.45098876953125},"cycles":41721695817}
{"runtime":6710,"energy":{"pkg":364.95452880859375,"pp0":0,"dram":78.64764404296875},"cycles":43154244054}
{"runtime":6364,"energy":{"pkg":382.84698486328125,"pp0":0,"dram":72.232666015625},"cycles":45918903145}
{"runtime":5179,"energy":{"pkg":302.15740966796875,"pp0":0,"dram":54.06103515625},"cycles":42211884760}
{"runtime":5272,"energy":{"pkg":294.57830810546875,"pp0":0,"dram":53.39495849609375},"cycles":44865298070}
{"runtime":4863,"energy":{"pkg":253.0885009765625,"pp0":0,"dram":50.13580322265625},"cycles":41886876322}
{"runtime":5817,"energy":{"pkg":319.848876953125,"pp0":0,"dram":71.1990966796875},"cycles":48051231389}
{"runtime":5693,"energy":{"pkg":336.596923828125,"pp0":0,"dram":62.05950927734375},"cycles":41731333740}
{"runtime":5686,"energy":{"pkg":307.5849609375,"pp0":0,"dram":60.195556640625},"cycles":42929776701}
{"runtime":4933,"energy":{"pkg":306.406005859375,"pp0":0,"dram":49.7733154296875},"cycles":41372752390}
{"runtime":5567,"energy":{"pkg":292.82550048828125,"pp0":0,"dram":75.084716796875},"cycles":43591277516}
{"runtime":5551,"energy":{"pkg":326.90771484375,"pp0":0,"dram":58.16162109375},"cycles":41774197059}
{"runtime":5843,"energy":{"pkg":316.46710205078125,"pp0":0,"dram":62.20965576171875},"cycles":45573981790}
{"runtime":5410,"energy":{"pkg":328.71044921875,"pp0":0,"dram":56.5474853515625},"cycles":45792109477}
{"runtime":6284,"energy":{"pkg":335.49420166015625,"pp0":0,"dram":73.16204833984375},"cycles":45755746257}
{"runtime":4884,"energy":{"pkg":287.04803466796875,"pp0":0,"dram":50.2799072265625},"cycles":41719823008}
{"runtime":5905,"energy":{"pkg":295.7442626953125,"pp0":0,"dram":72.87750244140625},"cycles":42978980434}
{"runtime":5688,"energy":{"pkg":295.94830322265625,"pp0":0,"dram":70.0596923828125},"cycles":42982897746}
{"runtime":5491,"energy":{"pkg":315.72845458984375,"pp0":0,"dram":58.71649169921875},"cycles":45515308003}
{"runtime":5262,"energy":{"pkg":266.8330078125,"pp0":0,"dram":55.25830078125},"cycles":44880832495}
{"runtime":4970,"energy":{"pkg":271.786865234375,"pp0":0,"dram":53.3057861328125},"cycles":45157546043}
{"runtime":4939,"energy":{"pkg":268.77325439453125,"pp0":0,"dram":52.103515625},"cycles":46045664212}
{"runtime":5118,"energy":{"pkg":303.0128173828125,"pp0":0,"dram":54.3193359375},"cycles":44993455998}
{"runtime":5654,"energy":{"pkg":310.29229736328125,"pp0":0,"dram":59.09588623046875},"cycles":43100999266}
{"runtime":5792,"energy":{"pkg":335.695556640625,"pp0":0,"dram":61.200439453125},"cycles":45168920235}
{"runtime":5128,"energy":{"pkg":265.4820556640625,"pp0":0,"dram":52.72308349609375},"cycles":45168588748}
{"runtime":5335,"energy":{"pkg":276.32379150390625,"pp0":0,"dram":54.6552734375},"cycles":41558394846}
{"runtime":6080,"energy":{"pkg":321.8262939453125,"pp0":0,"dram":65.41314697265625},"cycles":43715487849}
{"runtime":5743,"energy":{"pkg":329.1524658203125,"pp0":0,"dram":58.9083251953125},"cycles":45141178572}
{"runtime":5351,"energy":{"pkg":326.4647216796875,"pp0":0,"dram":57.18218994140625},"cycles":45185332411}
{"runtime":5416,"energy":{"pkg":311.89520263671875,"pp0":0,"dram":57.50018310546875},"cycles":45032062574}
{"runtime":4938,"energy":{"pkg":303.01226806640625,"pp0":0,"dram":51.30303955078125},"cycles":41573255270}
{"runtime":5844,"energy":{"pkg":336.07061767578125,"pp0":0,"dram":60.63519287109375},"cycles":45919321819}
{"runtime":5877,"energy":{"pkg":341.8914794921875,"pp0":0,"dram":65.8433837890625},"cycles":44125650105}
{"runtime":4839,"energy":{"pkg":288.48504638671875,"pp0":0,"dram":50.048095703125},"cycles":41844270159}
{"runtime":5333,"energy":{"pkg":315.87872314453125,"pp0":0,"dram":61.2132568359375},"cycles":47431174227}
{"runtime":4806,"energy":{"pkg":264.0985107421875,"pp0":0,"dram":48.17578125},"cycles":45862287008}
{"runtime":5561,"energy":{"pkg":311.43695068359375,"pp0":0,"dram":57.8128662109375},"cycles":42932176744}
{"runtime":5737,"energy":{"pkg":336.481201171875,"pp0":0,"dram":59.6185302734375},"cycles":41962715105}
{"runtime":5000,"energy":{"pkg":281.3070068359375,"pp0":0,"dram":54.77618408203125},"cycles":42783597130}
{"runtime":4896,"energy":{"pkg":270.2987060546875,"pp0":0,"dram":52.2625732421875},"cycles":41808119732}
{"runtime":5475,"energy":{"pkg":310.2430419921875,"pp0":0,"dram":61.49560546875},"cycles":49190260423}
{"runtime":5267,"energy":{"pkg":315.0491943359375,"pp0":0,"dram":59.207275390625},"cycles":47079439305}
{"runtime":5420,"energy":{"pkg":283.46075439453125,"pp0":0,"dram":55.359130859375},"cycles":45204247849}
{"runtime":4838,"energy":{"pkg":279.55615234375,"pp0":0,"dram":51.844970703125},"cycles":45592588415}
{"runtime":5456,"energy":{"pkg":276.41741943359375,"pp0":0,"dram":56.19525146484375},"cycles":45699658349}
{"runtime":5024,"energy":{"pkg":291.75341796875,"pp0":0,"dram":53.9117431640625},"cycles":46906024079}
{"runtime":6266,"energy":{"pkg":320.2469482421875,"pp0":0,"dram":65.05462646484375},"cycles":42907590467}
{"runtime":5050,"energy":{"pkg":286.44866943359375,"pp0":0,"dram":52.26983642578125},"cycles":45507871887}
{"runtime":5559,"energy":{"pkg":304.5645751953125,"pp0":0,"dram":57.783203125},"cycles":44993250697}
{"runtime":4953,"energy":{"pkg":294.50103759765625,"pp0":0,"dram":52.11297607421875},"cycles":45579553872}
{"runtime":5201,"energy":{"pkg":314.56390380859375,"pp0":0,"dram":53.97479248046875},"cycles":45636694179}
{"runtime":5751,"energy":{"pkg":289.7481689453125,"pp0":0,"dram":75.00201416015625},"cycles":43202085538}
{"runtime":6344,"energy":{"pkg":338.881103515625,"pp0":0,"dram":68.120849609375},"cycles":46669332531}
{"runtime":4794,"energy":{"pkg":275.053466796875,"pp0":0,"dram":52.4332275390625},"cycles":46002457959}
{"runtime":5554,"energy":{"pkg":307.381591796875,"pp0":0,"dram":61.93145751953125},"cycles":44141966472}
{"runtime":5403,"energy":{"pkg":291.20538330078125,"pp0":0,"dram":58.31341552734375},"cycles":46477354727}
{"runtime":5795,"energy":{"pkg":330.64935302734375,"pp0":0,"dram":62.21917724609375},"cycles":47253577751}
{"runtime":5959,"energy":{"pkg":316.69146728515625,"pp0":0,"dram":62.60711669921875},"cycles":45382052042}
{"runtime":5788,"energy":{"pkg":350.1790771484375,"pp0":0,"dram":66.83038330078125},"cycles":43878932810}
{"runtime":5485,"energy":{"pkg":280.8995361328125,"pp0":0,"dram":57.9593505859375},"cycles":41963733617}
{"runtime":6023,"energy":{"pkg":338.2919921875,"pp0":0,"dram":66.1746826171875},"cycles":48993080975}
{"runtime":5715,"energy":{"pkg":314.20794677734375,"pp0":0,"dram":60.67730712890625},"cycles":42715505659}
{"runtime":5394,"energy":{"pkg":311.17181396484375,"pp0":0,"dram":56.42547607421875},"cycles":45448883143}
{"runtime":6535,"energy":{"pkg":318.64569091796875,"pp0":0,"dram":67.20111083984375},"cycles":42421391244}
{"runtime":5595,"energy":{"pkg":326.5125732421875,"pp0":0,"dram":58.629150390625},"cycles":46277684541}
{"runtime":5291,"energy":{"pkg":319.5244140625,"pp0":0,"dram":55.19500732421875},"cycles":42130954710}
{"runtime":4698,"energy":{"pkg":278.391357421875,"pp0":0,"dram":47.29901123046875},"cycles":45392230114}
{"runtime":4692,"energy":{"pkg":267.141357421875,"pp0":0,"dram":49.55792236328125},"cycles":45430561851}
{"runtime":5459,"energy":{"pkg":287.37774658203125,"pp0":0,"dram":57.03375244140625},"cycles":44952238308}
{"runtime":5033,"energy":{"pkg":261.4425048828125,"pp0":0,"dram":52.337646484375},"cycles":42360637587}
{"runtime":6151,"energy":{"pkg":317.880859375,"pp0":0,"dram":76.182373046875},"cycles":46798099853}
{"runtime":5671,"energy":{"pkg":316.98126220703125,"pp0":0,"dram":58.4296875},"cycles":41584163048}
{"runtime":5569,"energy":{"pkg":291.2347412109375,"pp0":0,"dram":72.02899169921875},"cycles":43369766201}
{"runtime":5107,"energy":{"pkg":317.5126953125,"pp0":0,"dram":55.52142333984375},"cycles":46668394171}
{"runtime":4797,