{"runtime":2194,"energy":{"pkg":122.9774169921875,"pp0":0,"dram":19.92584228515625},"cycles":78279948800}
{"runtime":1923,"energy":{"pkg":124.72845458984375,"pp0":0,"dram":17.950439453125},"cycles":74692235633}
{"runtime":2114,"energy":{"pkg":137.0084228515625,"pp0":0,"dram":20.49224853515625},"cycles":73723870101}
{"runtime":2163,"energy":{"pkg":140.02716064453125,"pp0":0,"dram":21.0635986328125},"cycles":74437144470}
{"runtime":1783,"energy":{"pkg":128.44683837890625,"pp0":0,"dram":16.469970703125},"cycles":74655201153}
{"runtime":1846,"energy":{"pkg":129.8643798828125,"pp0":0,"dram":16.99554443359375},"cycles":74455652314}
{"runtime":1861,"energy":{"pkg":122.52996826171875,"pp0":0,"dram":17.29266357421875},"cycles":74610272003}
{"runtime":1910,"energy":{"pkg":127.15948486328125,"pp0":0,"dram":17.83795166015625},"cycles":75076674840}
{"runtime":1843,"energy":{"pkg":130.83526611328125,"pp0":0,"dram":17.08001708984375},"cycles":74853002516}
{"runtime":1915,"energy":{"pkg":124.5755615234375,"pp0":0,"dram":17.6729736328125},"cycles":75272016567}
{"runtime":1830,"energy":{"pkg":131.14501953125,"pp0":0,"dram":16.78948974609375},"cycles":74695766766}
{"runtime":1891,"energy":{"pkg":123.645751953125,"pp0":0,"dram":17.69091796875},"cycles":74642798872}
{"runtime":2085,"energy":{"pkg":137.42816162109375,"pp0":0,"dram":19.32098388671875},"cycles":75012394301}
{"runtime":1977,"energy":{"pkg":125.4512939453125,"pp0":0,"dram":18.2000732421875},"cycles":75035901445}
{"runtime":1870,"energy":{"pkg":131.33282470703125,"pp0":0,"dram":17.51739501953125},"cycles":75290750218}
{"runtime":1898,"energy":{"pkg":126.09307861328125,"pp0":0,"dram":17.527587890625},"cycles":74991144849}
{"runtime":1906,"energy":{"pkg":124.78558349609375,"pp0":0,"dram":17.52655029296875},"cycles":74958529330}
{"runtime":1937,"energy":{"pkg":122.7431640625,"pp0":0,"dram":18.0858154296875},"cycles":74753518249}
{"runtime":1962,"energy":{"pkg":128.34600830078125,"pp0":0,"dram":18.35491943359375},"cycles":74836402506}
{"runtime":1871,"energy":{"pkg":123.6031494140625,"pp0":0,"dram":17.54296875},"cycles":75054616465}
{"runtime":1867,"energy":{"pkg":122.9217529296875,"pp0":0,"dram":17.3460693359375},"cycles":74710063959}
{"runtime":2125,"energy":{"pkg":128.36846923828125,"pp0":0,"dram":19.57342529296875},"cycles":75066199956}
{"runtime":2007,"energy":{"pkg":123.31610107421875,"pp0":0,"dram":18.65936279296875},"cycles":74870907791}
{"runtime":1868,"energy":{"pkg":131.212646484375,"pp0":0,"dram":17.35394287109375},"cycles":74508031902}
{"runtime":1975,"energy":{"pkg":123.2342529296875,"pp0":0,"dram":18.4332275390625},"cycles":75092495514}
{"runtime":1832,"energy":{"pkg":127.37451171875,"pp0":0,"dram":17.10369873046875},"cycles":74874151703}
{"runtime":1866,"energy":{"pkg":123.04498291015625,"pp0":0,"dram":17.429931640625},"cycles":75296047141}
{"runtime":1847,"energy":{"pkg":123.33306884765625,"pp0":0,"dram":17.105224609375},"cycles":75027019192}
{"runtime":2002,"energy":{"pkg":124.7232666015625,"pp0":0,"dram":18.5125732421875},"cycles":74747944188}
{"runtime":1909,"energy":{"pkg":121.3489990234375,"pp0":0,"dram":17.95703125},"cycles":74539561572}
{"runtime":1882,"energy":{"pkg":131.478271484375,"pp0":0,"dram":17.67938232421875},"cycles":74996131770}
{"runtime":2002,"energy":{"pkg":130.58203125,"pp0":0,"dram":18.54437255859375},"cycles":75521622141}
{"runtime":2076,"energy":{"pkg":137.51959228515625,"pp0":0,"dram":19.07196044921875},"cycles":74590055739}
{"runtime":2040,"energy":{"pkg":128.9503173828125,"pp0":0,"dram":19.39324951171875},"cycles":74905932377}
{"runtime":1848,"energy":{"pkg":128.2288818359375,"pp0":0,"dram":17.4200439453125},"cycles":75103315808}
{"runtime":1895,"energy":{"pkg":126.20843505859375,"pp0":0,"dram":17.56805419921875},"cycles":75512481905}
{"runtime":2135,"energy":{"pkg":130.83294677734375,"pp0":0,"dram":19.76861572265625},"cycles":74536924215}
{"runtime":1961,"energy":{"pkg":122.072265625,"pp0":0,"dram":18.0223388671875},"cycles":74483179659}
{"runtime":1889,"energy":{"pkg":123.381591796875,"pp0":0,"dram":17.6395263671875},"cycles":75083102103}
{"runtime":1838,"energy":{"pkg":123.8349609375,"pp0":0,"dram":17.1629638671875},"cycles":75123352849}
{"runtime":1807,"energy":{"pkg":120.89764404296875,"pp0":0,"dram":16.470703125},"cycles":74768660549}
{"runtime":2205,"energy":{"pkg":128.84124755859375,"pp0":0,"dram":20.33953857421875},"cycles":74790345328}
{"runtime":1906,"energy":{"pkg":126.410888671875,"pp0":0,"dram":17.91864013671875},"cycles":74952334821}
{"runtime":2134,"energy":{"pkg":127.54925537109375,"pp0":0,"dram":19.79296875},"cycles":74935785731}
{"runtime":2149,"energy":{"pkg":125.58026123046875,"pp0":0,"dram":19.92755126953125},"cycles":74834591381}
{"runtime":2094,"energy":{"pkg":127.12347412109375,"pp0":0,"dram":19.4947509765625},"cycles":74908482585}
{"runtime":2167,"energy":{"pkg":128.0440673828125,"pp0":0,"dram":20.15350341796875},"cycles":74760106707}
{"runtime":1848,"energy":{"pkg":123.908447265625,"pp0":0,"dram":17.3916015625},"cycles":75012101025}
{"runtime":1878,"energy":{"pkg":124.2135009765625,"pp0":0,"dram":17.44482421875},"cycles":74909723872}
{"runtime":2033,"energy":{"pkg":126.39410400390625,"pp0":0,"dram":18.9354248046875},"cycles":74933648535}
{"runtime":1886,"energy":{"pkg":124.72491455078125,"pp0":0,"dram":17.64996337890625},"cycles":74868939129}
{"runtime":1898,"energy":{"pkg":125.50970458984375,"pp0":0,"dram":17.85382080078125},"cycles":74746264987}
{"runtime":1885,"energy":{"pkg":133.08734130859375,"pp0":0,"dram":17.586669921875},"cycles":75273785533}
{"runtime":1947,"energy":{"pkg":127.72711181640625,"pp0":0,"dram":18.18646240234375},"cycles":75224741413}
{"runtime":2135,"energy":{"pkg":128.803466796875,"pp0":0,"dram":20.03887939453125},"cycles":74637621021}
{"runtime":1880,"energy":{"pkg":123.68524169921875,"pp0":0,"dram":17.5638427734375},"cycles":74814640399}
{"runtime":1906,"energy":{"pkg":125.6322021484375,"pp0":0,"dram":17.72637939453125},"cycles":75062702414}
{"runtime":1926,"energy":{"pkg":125.438232421875,"pp0":0,"dram":17.9451904296875},"cycles":74911386957}
{"runtime":2046,"energy":{"pkg":127.47705078125,"pp0":0,"dram":19.41131591796875},"cycles":74910575320}
{"runtime":1909,"energy":{"pkg":125.50189208984375,"pp0":0,"dram":17.9818115234375},"cycles":74917451955}
{"runtime":2230,"energy":{"pkg":138.76702880859375,"pp0":0,"dram":21.89154052734375},"cycles":74145721473}
{"runtime":1802,"energy":{"pkg":121.1619873046875,"pp0":0,"dram":16.73223876953125},"cycles":74565531097}
{"runtime":1903,"energy":{"pkg":126.50909423828125,"pp0":0,"dram":17.75250244140625},"cycles":74812697946}
{"runtime":1822,"energy":{"pkg":122.37103271484375,"pp0":0,"dram":17.1343994140625},"cycles":74511044340}
{"runtime":1901,"energy":{"pkg":126.759033203125,"pp0":0,"dram":17.67840576171875},"cycles":75473221080}
{"runtime":1836,"energy":{"pkg":130.4742431640625,"pp0":0,"dram":17.1451416015625},"cycles":75107830496}
{"runtime":1956,"energy":{"pkg":131.97509765625,"pp0":0,"dram":18.07366943359375},"cycles":75222350714}
{"runtime":1836,"energy":{"pkg":128.73260498046875,"pp0":0,"dram":16.940185546875},"cycles":75152513436}
{"runtime":1914,"energy":{"pkg":126.9989013671875,"pp0":0,"dram":17.361572265625},"cycles":75386505607}
{"runtime":1979,"energy":{"pkg":132.61175537109375,"pp0":0,"dram":18.4208984375},"cycles":75403120832}
{"runtime":1949,"energy":{"pkg":124.24652099609375,"pp0":0,"dram":18.10577392578125},"cycles":74912283436}
{"runtime":1742,"energy":{"pkg":118.6275634765625,"pp0":0,"dram":15.98443603515625},"cycles":74733690310}
{"runtime":1818,"energy":{"pkg":121.20245361328125,"pp0":0,"dram":16.6171875},"cycles":74982800205}
{"runtime":1800,"energy":{"pkg":127.56549072265625,"pp0":0,"dram":16.70068359375},"cycles":74998062837}
{"runtime":1913,"energy":{"pkg":124.639892578125,"pp0":0,"dram":17.8668212890625},"cycles":74687504786}
{"runtime":1810,"energy":{"pkg":129.18463134765625,"pp0":0,"dram":16.870361328125},"cycles":74768516485}
{"runtime":1895,