{"runtime":2592,"energy":{"pkg":81.92071533203125,"pp0":0,"dram":20.01983642578125},"cycles":5270471091}
{"runtime":2864,"energy":{"pkg":100.77374267578125,"pp0":0,"dram":26.65118408203125},"cycles":5380928118}
{"runtime":2288,"energy":{"pkg":116.83001708984375,"pp0":0,"dram":21.943603515625},"cycles":5246959195}
{"runtime":2469,"energy":{"pkg":121.63836669921875,"pp0":0,"dram":23.6541748046875},"cycles":5359970995}
{"runtime":2246,"energy":{"pkg":92.67413330078125,"pp0":0,"dram":20.57513427734375},"cycles":5419253183}
{"runtime":2504,"energy":{"pkg":105.677490234375,"pp0":0,"dram":20.59259033203125},"cycles":5224931142}
{"runtime":2182,"energy":{"pkg":85.0743408203125,"pp0":0,"dram":19.80364990234375},"cycles":5424004877}
{"runtime":2329,"energy":{"pkg":92.65087890625,"pp0":0,"dram":20.36737060546875},"cycles":5297204189}
{"runtime":1998,"energy":{"pkg":104.70892333984375,"pp0":0,"dram":17.9649658203125},"cycles":5405575823}
{"runtime":2198,"energy":{"pkg":85.5550537109375,"pp0":0,"dram":19.925048828125},"cycles":5483042417}
{"runtime":2713,"energy":{"pkg":111.30352783203125,"pp0":0,"dram":24.350341796875},"cycles":5274103281}
{"runtime":2530,"energy":{"pkg":94.79052734375,"pp0":0,"dram":23.050048828125},"cycles":5332361934}
{"runtime":2309,"energy":{"pkg":116.250732421875,"pp0":0,"dram":20.66259765625},"cycles":5212439440}
{"runtime":2511,"energy":{"pkg":101.3040771484375,"pp0":0,"dram":21.142822265625},"cycles":5280741678}
{"runtime":2244,"energy":{"pkg":112.58453369140625,"pp0":0,"dram":20.29498291015625},"cycles":5270782130}
{"runtime":2292,"energy":{"pkg":97.9647216796875,"pp0":0,"dram":18.83660888671875},"cycles":5231262156}
{"runtime":2268,"energy":{"pkg":116.98455810546875,"pp0":0,"dram":20.211669921875},"cycles":5367118040}
{"runtime":2750,"energy":{"pkg":107.920166015625,"pp0":0,"dram":23.41497802734375},"cycles":5272042684}
{"runtime":2337,"energy":{"pkg":93.916259765625,"pp0":0,"dram":21.28302001953125},"cycles":5436764129}
{"runtime":2185,"energy":{"pkg":90.48974609375,"pp0":0,"dram":20.6776123046875},"cycles":5282970188}
{"runtime":2948,"energy":{"pkg":120.12701416015625,"pp0":0,"dram":27.1849365234375},"cycles":5496430059}
{"runtime":1832,"energy":{"pkg":97.6134033203125,"pp0":0,"dram":16.70050048828125},"cycles":5250805192}
{"runtime":2246,"energy":{"pkg":96.27935791015625,"pp0":0,"dram":18.9664306640625},"cycles":5353642979}
{"runtime":2195,"energy":{"pkg":112.625,"pp0":0,"dram":20.03070068359375},"cycles":5222492154}
{"runtime":2195,"energy":{"pkg":93.65802001953125,"pp0":0,"dram":18.2005615234375},"cycles":5348753646}
{"runtime":2453,"energy":{"pkg":121.55670166015625,"pp0":0,"dram":22.33905029296875},"cycles":5261097722}
{"runtime":2266,"energy":{"pkg":95.6717529296875,"pp0":0,"dram":19.36016845703125},"cycles":5257412851}
{"runtime":2013,"energy":{"pkg":105.4757080078125,"pp0":0,"dram":18.346435546875},"cycles":5323442639}
{"runtime":2267,"energy":{"pkg":92.24053955078125,"pp0":0,"dram":19.15887451171875},"cycles":5344371166}
{"runtime":2529,"energy":{"pkg":118.48004150390625,"pp0":0,"dram":22.99285888671875},"cycles":5285957669}
{"runtime":2099,"energy":{"pkg":110.34521484375,"pp0":0,"dram":18.865478515625},"cycles":5348419577}
{"runtime":2162,"energy":{"pkg":88.30517578125,"pp0":0,"dram":19.36981201171875},"cycles":5366710397}
{"runtime":1849,"energy":{"pkg":98.29583740234375,"pp0":0,"dram":16.72601318359375},"cycles":5238063092}
{"runtime":2463,"energy":{"pkg":121.457275390625,"pp0":0,"dram":22.5693359375},"cycles":5396573547}
{"runtime":2131,"energy":{"pkg":89.158447265625,"pp0":0,"dram":19.422607421875},"cycles":5315664633}
{"runtime":2394,"energy":{"pkg":96.87969970703125,"pp0":0,"dram":19.68377685546875},"cycles":5352520274}
{"runtime":2384,"energy":{"pkg":116.90216064453125,"pp0":0,"dram":21.45947265625},"cycles":5267032029}
{"runtime":2535,"energy":{"pkg":92.30706787109375,"pp0":0,"dram":21.33160400390625},"cycles":5328448457}
{"runtime":2444,"energy":{"pkg":94.42572021484375,"pp0":0,"dram":21.12652587890625},"cycles":5313457469}
{"runtime":2512,"energy":{"pkg":94.3035888671875,"pp0":0,"dram":22.68194580078125},"cycles":5236832461}
{"runtime":2437,"energy":{"pkg":100.77935791015625,"pp0":0,"dram":20.478271484375},"cycles":5334402778}
{"runtime":1856,"energy":{"pkg":98.17340087890625,"pp0":0,"dram":16.69464111328125},"cycles":5250733619}
{"runtime":2134,"energy":{"pkg":84.62811279296875,"pp0":0,"dram":19.2471923828125},"cycles":5432930153}
{"runtime":1924,"energy":{"pkg":101.6942138671875,"pp0":0,"dram":17.31854248046875},"cycles":5456557419}
{"runtime":2297,"energy":{"pkg":111.13116455078125,"pp0":0,"dram":20.65264892578125},"cycles":5263709959}
{"runtime":2117,"energy":{"pkg":107.3614501953125,"pp0":0,"dram":19.2095947265625},"cycles":5334788906}
{"runtime":1942,"energy":{"pkg":94.54364013671875,"pp0":0,"dram":17.4281005859375},"cycles":5489217781}
{"runtime":2247,"energy":{"pkg":108.9666748046875,"pp0":0,"dram":20.61474609375},"cycles":5339004329}
{"runtime":2843,"energy":{"pkg":120.1212158203125,"pp0":0,"dram":25.3936767578125},"cycles":5322422057}
{"runtime":2594,"energy":{"pkg":94.78460693359375,"pp0":0,"dram":23.561279296875},"cycles":5283344851}
{"runtime":2770,"energy":{"pkg":107.82843017578125,"pp0":0,"dram":23.06488037109375},"cycles":5206853988}
{"runtime":2337,"energy":{"pkg":94.84210205078125,"pp0":0,"dram":20.02508544921875},"cycles":5354320492}
{"runtime":1971,"energy":{"pkg":103.96319580078125,"pp0":0,"dram":17.81829833984375},"cycles":5369261812}
{"runtime":2348,"energy":{"pkg":97.21697998046875,"pp0":0,"dram":19.6773681640625},"cycles":5375157149}
{"runtime":2599,"energy":{"pkg":101.15740966796875,"pp0":0,"dram":22.1453857421875},"cycles":5366938738}
{"runtime":2063,"energy":{"pkg":106.8446044921875,"pp0":0,"dram":18.8319091796875},"cycles":5348296712}
{"runtime":2763,"energy":{"pkg":96.9287109375,"pp0":0,"dram":23.00067138671875},"cycles":5247422261}
{"runtime":2602,"energy":{"pkg":93.72198486328125,"pp0":0,"dram":23.47265625},"cycles":5368481666}
{"runtime":2545,"energy":{"pkg":98.19647216796875,"pp0":0,"dram":23.720947265625},"cycles":5375096820}
{"runtime":2367,"energy":{"pkg":116.5238037109375,"pp0":0,"dram":21.22528076171875},"cycles":5247499013}
{"runtime":2509,"energy":{"pkg":118.486328125,"pp0":0,"dram":23.9163818359375},"cycles":5373349085}
{"runtime":1924,"energy":{"pkg":80.454833984375,"pp0":0,"dram":17.380126953125},"cycles":5259269292}
{"runtime":2922,"energy":{"pkg":100.7353515625,"pp0":0,"dram":25.4805908203125},"cycles":5400086063}
{"runtime":2424,"energy":{"pkg":95.08447265625,"pp0":0,"dram":22.67596435546875},"cycles":5234705194}
{"runtime":2319,"energy":{"pkg":90.15020751953125,"pp0":0,"dram":20.7369384765625},"cycles":5297654210}
{"runtime":1933,"energy":{"pkg":81.8294677734375,"pp0":0,"dram":17.53216552734375},"cycles":5265421424}
{"runtime":2310,"energy":{"pkg":115.3304443359375,"pp0":0,"dram":20.82611083984375},"cycles":5329079148}
{"runtime":3011,"energy":{"pkg":135.13177490234375,"pp0":0,"dram":27.1998291015625},"cycles":5254618862}
{"runtime":2030,"energy":{"pkg":87.83160400390625,"pp0":0,"dram":16.51043701171875},"cycles":5236772752}
{"runtime":2149,"energy":{"pkg":112.33807373046875,"pp0":0,"dram":19.40460205078125},"cycles":5292525775}
{"runtime":2440,"energy":{"pkg":115.9117431640625,"pp0":0,"dram":21.67132568359375},"cycles":5274532013}
{"runtime":2128,"energy":{"pkg":107.39501953125,"pp0":0,"dram":19.0184326171875},"cycles":5384459592}
{"runtime":2066,"energy":{"pkg":85.46942138671875,"pp0":0,"dram":18.51556396484375},"cycles":5453167344}
{"runtime":2584,"energy":{"pkg":102.04437255859375,"pp0":0,"dram":21.598876953125},"cycles":5365333673}
{"runtime":2277,"energy":{"pkg":99.22894287109375,"pp0":0,"dram":19.59521484375},"cycles":5322806907}
{"runtime":1890,"energy":{"pkg":88.33709716796875,"pp0":0,"dram":17.11431884765625},"cycles":5248973983}
{"runtime":2756,"energy":{"pkg":97.4022216796875,"pp0":0,"dram":24.4365234375},"cycles":5337837945}
{"runtime":2715,