{"runtime":3962,"energy":{"pkg":39.3626708984375,"pp0":20.2847900390625,"pp1":0.4871826171875,"dram":0},"perf_counters":{"PERF_COUNT_HW_REF_CPU_CYCLES":56262135067,"PERF_COUNT_HW_BRANCH_INSTRUCTIONS":6901964342,"PERF_COUNT_HW_CACHE_MISSES":262969929,"PERF_COUNT_HW_INSTRUCTIONS":45001798251,"PERF_COUNT_HW_BRANCH_MISSES":10422567,"PERF_COUNT_HW_CACHE_REFERENCES":381322075,"PERF_COUNT_HW_CPU_CYCLES":28817636660}}
{"runtime":3996,"energy":{"pkg":39.7901611328125,"pp0":20.50537109375,"pp1":0.5084228515625,"dram":0},"perf_counters":{"PERF_COUNT_HW_REF_CPU_CYCLES":57690705209,"PERF_COUNT_HW_BRANCH_INSTRUCTIONS":6829095256,"PERF_COUNT_HW_CACHE_MISSES":264269739,"PERF_COUNT_HW_INSTRUCTIONS":46045579873,"PERF_COUNT_HW_BRANCH_MISSES":11430042,"PERF_COUNT_HW_CACHE_REFERENCES":380258820,"PERF_COUNT_HW_CPU_CYCLES":29177856017}}
{"runtime":3925,"energy":{"pkg":38.9576416015625,"pp0":20.015869140625,"pp1":0.4969482421875,"dram":0},"perf_counters":{"PERF_COUNT_HW_REF_CPU_CYCLES":55689659066,"PERF_COUNT_HW_BRANCH_INSTRUCTIONS":6675071785,"PERF_COUNT_HW_CACHE_MISSES":262387320,"PERF_COUNT_HW_INSTRUCTIONS":45037887109,"PERF_COUNT_HW_BRANCH_MISSES":10009258,"PERF_COUNT_HW_CACHE_REFERENCES":379325664,"PERF_COUNT_HW_CPU_CYCLES":28343331014}}
{"runtime":3924,"energy":{"pkg":39.21246337890625,"pp0":20.27471923828125,"pp1":0.5113525390625,"dram":0},"perf_counters":{"PERF_COUNT_HW_REF_CPU_CYCLES":56420604635,"PERF_COUNT_HW_BRANCH_INSTRUCTIONS":6648408704,"PERF_COUNT_HW_CACHE_MISSES":263335792,"PERF_COUNT_HW_INSTRUCTIONS":44708922503,"PERF_COUNT_HW_BRANCH_MISSES":10134771,"PERF_COUNT_HW_CACHE_REFERENCES":381388783,"PERF_COUNT_HW_CPU_CYCLES":29337148957}}
{"runtime":3971,"energy":{"pkg":39.50567626953125,"pp0":20.4058837890625,"pp1":0.4766845703125,"dram":0},"perf_counters":{"PERF_COUNT_HW_REF_CPU_CYCLES":56414921366,"PERF_COUNT_HW_BRANCH_INSTRUCTIONS":6735358230,"PERF_COUNT_HW_CACHE_MISSES":262110911,"PERF_COUNT_HW_INSTRUCTIONS":45324232224,"PERF_COUNT_HW_BRANCH_MISSES":11147868,"PERF_COUNT_HW_CACHE_REFERENCES":380185712,"PERF_COUNT_HW_CPU_CYCLES":29205669150}}
{"runtime":4068,"energy":{"pkg":40.42474365234375,"pp0":20.84967041015625,"pp1":0.500732421875,"dram":0},"perf_counters":{"PERF_COUNT_HW_REF_CPU_CYCLES":58064753632,"PERF_COUNT_HW_BRANCH_INSTRUCTIONS":6872197313,"PERF_COUNT_HW_CACHE_MISSES":265480438,"PERF_COUNT_HW_INSTRUCTIONS":46285770567,"PERF_COUNT_HW_BRANCH_MISSES":11610575,"PERF_COUNT_HW_CACHE_REFERENCES":380412035,"PERF_COUNT_HW_CPU_CYCLES":29757900914}}
{"runtime":3939,"energy":{"pkg":39.4693603515625,"pp0":20.43743896484375,"pp1":0.485595703125,"dram":0},"perf_counters":{"PERF_COUNT_HW_REF_CPU_CYCLES":57156545959,"PERF_COUNT_HW_BRANCH_INSTRUCTIONS":6797624768,"PERF_COUNT_HW_CACHE_MISSES":263369266,"PERF_COUNT_HW_INSTRUCTIONS":45813779013,"PERF_COUNT_HW_BRANCH_MISSES":11249073,"PERF_COUNT_HW_CACHE_REFERENCES":382063685,"PERF_COUNT_HW_CPU_CYCLES":29387107364}}
{"runtime":4041,"energy":{"pkg":40.09967041015625,"pp0":20.64501953125,"pp1":0.5,"dram":0},"perf_counters":{"PERF_COUNT_HW_REF_CPU_CYCLES":57054677890,"PERF_COUNT_HW_BRANCH_INSTRUCTIONS":6971184408,"PERF_COUNT_HW_CACHE_MISSES":261905352,"PERF_COUNT_HW_INSTRUCTIONS":45778280897,"PERF_COUNT_HW_BRANCH_MISSES":11478567,"PERF_COUNT_HW_CACHE_REFERENCES":378888313,"PERF_COUNT_HW_CPU_CYCLES":29079698579}}
{"runtime":3992,"energy":{"pkg":40.00146484375,"pp0":20.7734375,"pp1":0.4798583984375,"dram":0},"perf_counters":{"PERF_COUNT_HW_REF_CPU_CYCLES":57805404853,"PERF_COUNT_HW_BRANCH_INSTRUCTIONS":6929663331,"PERF_COUNT_HW_CACHE_MISSES":263064649,"PERF_COUNT_HW_INSTRUCTIONS":46693293304,"PERF_COUNT_HW_BRANCH_MISSES":10742007,"PERF_COUNT_HW_CACHE_REFERENCES":381473767,"PERF_COUNT_HW_CPU_CYCLES":29896434265}}
{"runtime":3997,"energy":{"pkg":39.75689697265625,"pp0":20.45660400390625,"pp1":0.52880859375,"dram":0},"perf_counters":{"PERF_COUNT_HW_REF_CPU_CYCLES":56711579788,"PERF_COUNT_HW_BRANCH_INSTRUCTIONS":6748514731,"PERF_COUNT_HW_CACHE_MISSES":262408081,"PERF_COUNT_HW_INSTRUCTIONS":45460726138,"PERF_COUNT_HW_BRANCH_MISSES":10522911,"PERF_COUNT_HW_CACHE_REFERENCES":382356052,"PERF_COUNT_HW_CPU_CYCLES":29081073991}}
{"runtime":3894,"energy":{"pkg":39.0357666015625,"pp0":20.23223876953125,"pp1":0.4952392578125,"dram":0},"perf_counters":{"PERF_COUNT_HW_REF_CPU_CYCLES":56743909006,"PERF_COUNT_HW_BRANCH_INSTRUCTIONS":6704201242,"PERF_COUNT_HW_CACHE_MISSES":262952467,"PERF_COUNT_HW_INSTRUCTIONS":45138185030,"PERF_COUNT_HW_BRANCH_MISSES":10784626,"PERF_COUNT_HW_CACHE_REFERENCES":380656641,"PERF_COUNT_HW_CPU_CYCLES":29157904715}}
