{"runtime":2173,"energy":{"pkg":22.0452880859375,"pp0":12.62982177734375,"pp1":0.28564453125,"dram":0},"perf_counters":{"PERF_COUNT_HW_REF_CPU_CYCLES":20876702425,"PERF_COUNT_HW_BRANCH_INSTRUCTIONS":2304420834,"PERF_COUNT_HW_CACHE_MISSES":2311609,"PERF_COUNT_HW_INSTRUCTIONS":15511031643,"PERF_COUNT_HW_BRANCH_MISSES":176685850,"PERF_COUNT_HW_CACHE_REFERENCES":50967814,"PERF_COUNT_HW_CPU_CYCLES":15023151062}}
{"runtime":2209,"energy":{"pkg":22.064208984375,"pp0":12.5245361328125,"pp1":0.24951171875,"dram":0},"perf_counters":{"PERF_COUNT_HW_REF_CPU_CYCLES":21565303614,"PERF_COUNT_HW_BRANCH_INSTRUCTIONS":2310422853,"PERF_COUNT_HW_CACHE_MISSES":2405897,"PERF_COUNT_HW_INSTRUCTIONS":15537688805,"PERF_COUNT_HW_BRANCH_MISSES":179796368,"PERF_COUNT_HW_CACHE_REFERENCES":52179295,"PERF_COUNT_HW_CPU_CYCLES":15004838046}}
{"runtime":2179,"energy":{"pkg":21.80596923828125,"pp0":12.35992431640625,"pp1":0.2760009765625,"dram":0},"perf_counters":{"PERF_COUNT_HW_REF_CPU_CYCLES":21142679604,"PERF_COUNT_HW_BRANCH_INSTRUCTIONS":2296419459,"PERF_COUNT_HW_CACHE_MISSES":2190930,"PERF_COUNT_HW_INSTRUCTIONS":15885765566,"PERF_COUNT_HW_BRANCH_MISSES":178806900,"PERF_COUNT_HW_CACHE_REFERENCES":49993808,"PERF_COUNT_HW_CPU_CYCLES":14877591738}}
{"runtime":2218,"energy":{"pkg":22.06634521484375,"pp0":12.43756103515625,"pp1":0.28857421875,"dram":0},"perf_counters":{"PERF_COUNT_HW_REF_CPU_CYCLES":21356602089,"PERF_COUNT_HW_BRANCH_INSTRUCTIONS":2299218488,"PERF_COUNT_HW_CACHE_MISSES":2283050,"PERF_COUNT_HW_INSTRUCTIONS":15486975300,"PERF_COUNT_HW_BRANCH_MISSES":176296583,"PERF_COUNT_HW_CACHE_REFERENCES":50513497,"PERF_COUNT_HW_CPU_CYCLES":15112369328}}
{"runtime":2206,"energy":{"pkg":22.04168701171875,"pp0":12.47344970703125,"pp1":0.2803955078125,"dram":0},"perf_counters":{"PERF_COUNT_HW_REF_CPU_CYCLES":20699166352,"PERF_COUNT_HW_BRANCH_INSTRUCTIONS":2301808076,"PERF_COUNT_HW_CACHE_MISSES":2232422,"PERF_COUNT_HW_INSTRUCTIONS":15509602246,"PERF_COUNT_HW_BRANCH_MISSES":177415053,"PERF_COUNT_HW_CACHE_REFERENCES":48301668,"PERF_COUNT_HW_CPU_CYCLES":15040748532}}
{"runtime":2174,"energy":{"pkg":21.9385986328125,"pp0":12.53009033203125,"pp1":0.2860107421875,"dram":0},"perf_counters":{"PERF_COUNT_HW_REF_CPU_CYCLES":21607687414,"PERF_COUNT_HW_BRANCH_INSTRUCTIONS":2319370242,"PERF_COUNT_HW_CACHE_MISSES":2352515,"PERF_COUNT_HW_INSTRUCTIONS":16002572416,"PERF_COUNT_HW_BRANCH_MISSES":179824456,"PERF_COUNT_HW_CACHE_REFERENCES":50648726,"PERF_COUNT_HW_CPU_CYCLES":14986119081}}
{"runtime":2203,"energy":{"pkg":21.95098876953125,"pp0":12.39691162109375,"pp1":0.3070068359375,"dram":0},"perf_counters":{"PERF_COUNT_HW_REF_CPU_CYCLES":21714801409,"PERF_COUNT_HW_BRANCH_INSTRUCTIONS":2304298113,"PERF_COUNT_HW_CACHE_MISSES":2209822,"PERF_COUNT_HW_INSTRUCTIONS":15513325860,"PERF_COUNT_HW_BRANCH_MISSES":176362453,"PERF_COUNT_HW_CACHE_REFERENCES":50707451,"PERF_COUNT_HW_CPU_CYCLES":15073080367}}
{"runtime":2178,"energy":{"pkg":21.78167724609375,"pp0":12.33721923828125,"pp1":0.2843017578125,"dram":0},"perf_counters":{"PERF_COUNT_HW_REF_CPU_CYCLES":21017350576,"PERF_COUNT_HW_BRANCH_INSTRUCTIONS":2291638218,"PERF_COUNT_HW_CACHE_MISSES":2352545,"PERF_COUNT_HW_INSTRUCTIONS":15437088422,"PERF_COUNT_HW_BRANCH_MISSES":176666727,"PERF_COUNT_HW_CACHE_REFERENCES":50720716,"PERF_COUNT_HW_CPU_CYCLES":14844791333}}
{"runtime":2187,"energy":{"pkg":21.80706787109375,"pp0":12.32989501953125,"pp1":0.2913818359375,"dram":0},"perf_counters":{"PERF_COUNT_HW_REF_CPU_CYCLES":21389790882,"PERF_COUNT_HW_BRANCH_INSTRUCTIONS":2302392576,"PERF_COUNT_HW_CACHE_MISSES":2373547,"PERF_COUNT_HW_INSTRUCTIONS":15496531801,"PERF_COUNT_HW_BRANCH_MISSES":176772653,"PERF_COUNT_HW_CACHE_REFERENCES":51233358,"PERF_COUNT_HW_CPU_CYCLES":14900409626}}
{"runtime":2204,"energy":{"pkg":22.05352783203125,"pp0":12.52996826171875,"pp1":0.2576904296875,"dram":0},"perf_counters":{"PERF_COUNT_HW_REF_CPU_CYCLES":21788800049,"PERF_COUNT_HW_BRANCH_INSTRUCTIONS":2297674295,"PERF_COUNT_HW_CACHE_MISSES":2292340,"PERF_COUNT_HW_INSTRUCTIONS":15492744313,"PERF_COUNT_HW_BRANCH_MISSES":176400256,"PERF_COUNT_HW_CACHE_REFERENCES":51554338,"PERF_COUNT_HW_CPU_CYCLES":15351611399}}
{"runtime":2223,"energy":{"pkg":22.07489013671875,"pp0":12.43585205078125,"pp1":0.294921875,"dram":0},"perf_counters":{"PERF_COUNT_HW_REF_CPU_CYCLES":21429806708,"PERF_COUNT_HW_BRANCH_INSTRUCTIONS":2302333392,"PERF_COUNT_HW_CACHE_MISSES":2377108,"PERF_COUNT_HW_INSTRUCTIONS":15507522121,"PERF_COUNT_HW_BRANCH_MISSES":177369100,"PERF_COUNT_HW_CACHE_REFERENCES":51074924,"PERF_COUNT_HW_CPU_CYCLES":14942411418}}
