{"runtime":5420,"energy":{"pkg":53.89752197265625,"pp0":30.7845458984375,"pp1":0.6409912109375,"dram":0},"perf_counters":{"PERF_COUNT_HW_REF_CPU_CYCLES":110163234127,"PERF_COUNT_HW_BRANCH_INSTRUCTIONS":9763081589,"PERF_COUNT_HW_CACHE_MISSES":3907559,"PERF_COUNT_HW_INSTRUCTIONS":80420001299,"PERF_COUNT_HW_BRANCH_MISSES":68283937,"PERF_COUNT_HW_CACHE_REFERENCES":15228425,"PERF_COUNT_HW_CPU_CYCLES":65973904380}}
{"runtime":5393,"energy":{"pkg":53.71142578125,"pp0":30.49420166015625,"pp1":0.866455078125,"dram":0},"perf_counters":{"PERF_COUNT_HW_REF_CPU_CYCLES":109678689911,"PERF_COUNT_HW_BRANCH_INSTRUCTIONS":9763336688,"PERF_COUNT_HW_CACHE_MISSES":3774751,"PERF_COUNT_HW_INSTRUCTIONS":80200868027,"PERF_COUNT_HW_BRANCH_MISSES":67910397,"PERF_COUNT_HW_CACHE_REFERENCES":14561363,"PERF_COUNT_HW_CPU_CYCLES":65544721689}}
{"runtime":5390,"energy":{"pkg":53.7147216796875,"pp0":30.7279052734375,"pp1":0.65478515625,"dram":0},"perf_counters":{"PERF_COUNT_HW_REF_CPU_CYCLES":109720828358,"PERF_COUNT_HW_BRANCH_INSTRUCTIONS":9769175547,"PERF_COUNT_HW_CACHE_MISSES":3838774,"PERF_COUNT_HW_INSTRUCTIONS":80450322227,"PERF_COUNT_HW_BRANCH_MISSES":68267795,"PERF_COUNT_HW_CACHE_REFERENCES":14741790,"PERF_COUNT_HW_CPU_CYCLES":65757238512}}
{"runtime":5380,"energy":{"pkg":53.63995361328125,"pp0":30.66497802734375,"pp1":0.673828125,"dram":0},"perf_counters":{"PERF_COUNT_HW_REF_CPU_CYCLES":109580134801,"PERF_COUNT_HW_BRANCH_INSTRUCTIONS":9762530029,"PERF_COUNT_HW_CACHE_MISSES":3817508,"PERF_COUNT_HW_INSTRUCTIONS":80422171562,"PERF_COUNT_HW_BRANCH_MISSES":67674022,"PERF_COUNT_HW_CACHE_REFERENCES":14898397,"PERF_COUNT_HW_CPU_CYCLES":65800363263}}
{"runtime":5432,"energy":{"pkg":54.01776123046875,"pp0":30.615478515625,"pp1":0.8673095703125,"dram":0},"perf_counters":{"PERF_COUNT_HW_REF_CPU_CYCLES":110405018595,"PERF_COUNT_HW_BRANCH_INSTRUCTIONS":9764693959,"PERF_COUNT_HW_CACHE_MISSES":3827132,"PERF_COUNT_HW_INSTRUCTIONS":80432437060,"PERF_COUNT_HW_BRANCH_MISSES":68445378,"PERF_COUNT_HW_CACHE_REFERENCES":14948773,"PERF_COUNT_HW_CPU_CYCLES":65868128999}}
{"runtime":5425,"energy":{"pkg":54.1512451171875,"pp0":30.8487548828125,"pp1":0.7901611328125,"dram":0},"perf_counters":{"PERF_COUNT_HW_REF_CPU_CYCLES":110390343332,"PERF_COUNT_HW_BRANCH_INSTRUCTIONS":9773575632,"PERF_COUNT_HW_CACHE_MISSES":3870021,"PERF_COUNT_HW_INSTRUCTIONS":80481199203,"PERF_COUNT_HW_BRANCH_MISSES":68337560,"PERF_COUNT_HW_CACHE_REFERENCES":14822142,"PERF_COUNT_HW_CPU_CYCLES":66206084448}}
{"runtime":5270,"energy":{"pkg":52.5225830078125,"pp0":29.96771240234375,"pp1":0.6595458984375,"dram":0},"perf_counters":{"PERF_COUNT_HW_REF_CPU_CYCLES":107407466534,"PERF_COUNT_HW_BRANCH_INSTRUCTIONS":9763372548,"PERF_COUNT_HW_CACHE_MISSES":3798633,"PERF_COUNT_HW_INSTRUCTIONS":80201102622,"PERF_COUNT_HW_BRANCH_MISSES":69377546,"PERF_COUNT_HW_CACHE_REFERENCES":14581266,"PERF_COUNT_HW_CPU_CYCLES":64509058667}}
{"runtime":5394,"energy":{"pkg":53.7628173828125,"pp0":30.56146240234375,"pp1":0.8009033203125,"dram":0},"perf_counters":{"PERF_COUNT_HW_REF_CPU_CYCLES":109707300728,"PERF_COUNT_HW_BRANCH_INSTRUCTIONS":9756161712,"PERF_COUNT_HW_CACHE_MISSES":3708742,"PERF_COUNT_HW_INSTRUCTIONS":80167989521,"PERF_COUNT_HW_BRANCH_MISSES":67761543,"PERF_COUNT_HW_CACHE_REFERENCES":14783976,"PERF_COUNT_HW_CPU_CYCLES":65708119302}}
{"runtime":5300,"energy":{"pkg":52.759521484375,"pp0":29.8856201171875,"pp1":0.8343505859375,"dram":0},"perf_counters":{"PERF_COUNT_HW_REF_CPU_CYCLES":107617537539,"PERF_COUNT_HW_BRANCH_INSTRUCTIONS":9762982713,"PERF_COUNT_HW_CACHE_MISSES":3862288,"PERF_COUNT_HW_INSTRUCTIONS":80200378103,"PERF_COUNT_HW_BRANCH_MISSES":69449355,"PERF_COUNT_HW_CACHE_REFERENCES":14943362,"PERF_COUNT_HW_CPU_CYCLES":64625779048}}
{"runtime":5381,"energy":{"pkg":53.667724609375,"pp0":30.5213623046875,"pp1":0.8074951171875,"dram":0},"perf_counters":{"PERF_COUNT_HW_REF_CPU_CYCLES":109657392526,"PERF_COUNT_HW_BRANCH_INSTRUCTIONS":9761103639,"PERF_COUNT_HW_CACHE_MISSES":3869799,"PERF_COUNT_HW_INSTRUCTIONS":80201055987,"PERF_COUNT_HW_BRANCH_MISSES":67574871,"PERF_COUNT_HW_CACHE_REFERENCES":14719865,"PERF_COUNT_HW_CPU_CYCLES":65843500550}}
{"runtime":5273,"energy":{"pkg":52.62615966796875,"pp0":29.86346435546875,"pp1":0.8359375,"dram":0},"perf_counters":{"PERF_COUNT_HW_REF_CPU_CYCLES":107548766429,"PERF_COUNT_HW_BRANCH_INSTRUCTIONS":9759938405,"PERF_COUNT_HW_CACHE_MISSES":3903403,"PERF_COUNT_HW_INSTRUCTIONS":80194517169,"PERF_COUNT_HW_BRANCH_MISSES":69059650,"PERF_COUNT_HW_CACHE_REFERENCES":14484846,"PERF_COUNT_HW_CPU_CYCLES":64596691444}}
