{"runtime":8989,"energy":{"pkg":89.44146728515625,"pp0":49.989990234375,"pp1":1.330322265625,"dram":0},"perf_counters":{"PERF_COUNT_HW_REF_CPU_CYCLES":112706102111,"PERF_COUNT_HW_BRANCH_INSTRUCTIONS":26399470149,"PERF_COUNT_HW_CACHE_MISSES":57992501,"PERF_COUNT_HW_INSTRUCTIONS":139314293835,"PERF_COUNT_HW_BRANCH_MISSES":332781431,"PERF_COUNT_HW_CACHE_REFERENCES":119958887,"PERF_COUNT_HW_CPU_CYCLES":62855367207}}
{"runtime":9155,"energy":{"pkg":90.99029541015625,"pp0":50.78289794921875,"pp1":1.371826171875,"dram":0},"perf_counters":{"PERF_COUNT_HW_REF_CPU_CYCLES":114261065256,"PERF_COUNT_HW_BRANCH_INSTRUCTIONS":26713310295,"PERF_COUNT_HW_CACHE_MISSES":56926367,"PERF_COUNT_HW_INSTRUCTIONS":141146508161,"PERF_COUNT_HW_BRANCH_MISSES":329777882,"PERF_COUNT_HW_CACHE_REFERENCES":120391229,"PERF_COUNT_HW_CPU_CYCLES":63990098935}}
{"runtime":9300,"energy":{"pkg":92.571533203125,"pp0":51.75616455078125,"pp1":1.3509521484375,"dram":0},"perf_counters":{"PERF_COUNT_HW_REF_CPU_CYCLES":113500340359,"PERF_COUNT_HW_BRANCH_INSTRUCTIONS":25764550916,"PERF_COUNT_HW_CACHE_MISSES":57275147,"PERF_COUNT_HW_INSTRUCTIONS":140439409910,"PERF_COUNT_HW_BRANCH_MISSES":329983152,"PERF_COUNT_HW_CACHE_REFERENCES":122100623,"PERF_COUNT_HW_CPU_CYCLES":64299917341}}
{"runtime":8939,"energy":{"pkg":89.0198974609375,"pp0":49.7330322265625,"pp1":1.322021484375,"dram":0},"perf_counters":{"PERF_COUNT_HW_REF_CPU_CYCLES":112831852860,"PERF_COUNT_HW_BRANCH_INSTRUCTIONS":26361639782,"PERF_COUNT_HW_CACHE_MISSES":56649234,"PERF_COUNT_HW_INSTRUCTIONS":138239434308,"PERF_COUNT_HW_BRANCH_MISSES":332854227,"PERF_COUNT_HW_CACHE_REFERENCES":118575689,"PERF_COUNT_HW_CPU_CYCLES":62383631314}}
{"runtime":9157,"energy":{"pkg":90.994384765625,"pp0":50.74346923828125,"pp1":1.371337890625,"dram":0},"perf_counters":{"PERF_COUNT_HW_REF_CPU_CYCLES":115542492437,"PERF_COUNT_HW_BRANCH_INSTRUCTIONS":26570993140,"PERF_COUNT_HW_CACHE_MISSES":57114369,"PERF_COUNT_HW_INSTRUCTIONS":141962416910,"PERF_COUNT_HW_BRANCH_MISSES":334328778,"PERF_COUNT_HW_CACHE_REFERENCES":123782420,"PERF_COUNT_HW_CPU_CYCLES":64492125896}}
{"runtime":9057,"energy":{"pkg":90.2181396484375,"pp0":50.4642333984375,"pp1":1.3282470703125,"dram":0},"perf_counters":{"PERF_COUNT_HW_REF_CPU_CYCLES":114134557643,"PERF_COUNT_HW_BRANCH_INSTRUCTIONS":27083447289,"PERF_COUNT_HW_CACHE_MISSES":55255292,"PERF_COUNT_HW_INSTRUCTIONS":143403261943,"PERF_COUNT_HW_BRANCH_MISSES":334943975,"PERF_COUNT_HW_CACHE_REFERENCES":117613678,"PERF_COUNT_HW_CPU_CYCLES":63470700219}}
{"runtime":9050,"energy":{"pkg":90.060791015625,"pp0":50.19647216796875,"pp1":1.4512939453125,"dram":0},"perf_counters":{"PERF_COUNT_HW_REF_CPU_CYCLES":116085845380,"PERF_COUNT_HW_BRANCH_INSTRUCTIONS":26533620246,"PERF_COUNT_HW_CACHE_MISSES":56082991,"PERF_COUNT_HW_INSTRUCTIONS":143195988306,"PERF_COUNT_HW_BRANCH_MISSES":335110953,"PERF_COUNT_HW_CACHE_REFERENCES":119330977,"PERF_COUNT_HW_CPU_CYCLES":63196827729}}
{"runtime":9142,"energy":{"pkg":90.9818115234375,"pp0":50.9681396484375,"pp1":1.2115478515625,"dram":0},"perf_counters":{"PERF_COUNT_HW_REF_CPU_CYCLES":114430176472,"PERF_COUNT_HW_BRANCH_INSTRUCTIONS":26620209107,"PERF_COUNT_HW_CACHE_MISSES":55918640,"PERF_COUNT_HW_INSTRUCTIONS":140753626637,"PERF_COUNT_HW_BRANCH_MISSES":331570760,"PERF_COUNT_HW_CACHE_REFERENCES":117116841,"PERF_COUNT_HW_CPU_CYCLES":63357969081}}
{"runtime":9150,"energy":{"pkg":91.06500244140625,"pp0":50.79571533203125,"pp1":1.3948974609375,"dram":0},"perf_counters":{"PERF_COUNT_HW_REF_CPU_CYCLES":114660108879,"PERF_COUNT_HW_BRANCH_INSTRUCTIONS":26326988971,"PERF_COUNT_HW_CACHE_MISSES":56912511,"PERF_COUNT_HW_INSTRUCTIONS":139707334738,"PERF_COUNT_HW_BRANCH_MISSES":332140188,"PERF_COUNT_HW_CACHE_REFERENCES":121641408,"PERF_COUNT_HW_CPU_CYCLES":63812678976}}
{"runtime":8673,"energy":{"pkg":86.41070556640625,"pp0":48.387939453125,"pp1":1.17236328125,"dram":0},"perf_counters":{"PERF_COUNT_HW_REF_CPU_CYCLES":109723089606,"PERF_COUNT_HW_BRANCH_INSTRUCTIONS":24995599341,"PERF_COUNT_HW_CACHE_MISSES":58084786,"PERF_COUNT_HW_INSTRUCTIONS":133386420620,"PERF_COUNT_HW_BRANCH_MISSES":343460671,"PERF_COUNT_HW_CACHE_REFERENCES":122043949,"PERF_COUNT_HW_CPU_CYCLES":62560558958}}
{"runtime":9520,"energy":{"pkg":94.5654296875,"pp0":52.6614990234375,"pp1":1.5030517578125,"dram":0},"perf_counters":{"PERF_COUNT_HW_REF_CPU_CYCLES":118257746417,"PERF_COUNT_HW_BRANCH_INSTRUCTIONS":26561432966,"PERF_COUNT_HW_CACHE_MISSES":57830095,"PERF_COUNT_HW_INSTRUCTIONS":144703714735,"PERF_COUNT_HW_BRANCH_MISSES":331388944,"PERF_COUNT_HW_CACHE_REFERENCES":116052825,"PERF_COUNT_HW_CPU_CYCLES":65239086207}}
