{"runtime":60101,"energy":{"pkg":597.9788208007812,"pp0":323.878173828125,"pp1":9.29052734375,"dram":0},"perf_counters":{"PERF_COUNT_HW_REF_CPU_CYCLES":764842918031,"PERF_COUNT_HW_BRANCH_INSTRUCTIONS":156164703121,"PERF_COUNT_HW_CACHE_MISSES":732135056,"PERF_COUNT_HW_INSTRUCTIONS":723919536324,"PERF_COUNT_HW_BRANCH_MISSES":629058985,"PERF_COUNT_HW_CACHE_REFERENCES":1451864679,"PERF_COUNT_HW_CPU_CYCLES":388022757838}}
{"runtime":59989,"energy":{"pkg":596.9904174804688,"pp0":323.39349365234375,"pp1":9.072998046875,"dram":0},"perf_counters":{"PERF_COUNT_HW_REF_CPU_CYCLES":769177892653,"PERF_COUNT_HW_BRANCH_INSTRUCTIONS":156164353183,"PERF_COUNT_HW_CACHE_MISSES":730212803,"PERF_COUNT_HW_INSTRUCTIONS":723918264400,"PERF_COUNT_HW_BRANCH_MISSES":633336904,"PERF_COUNT_HW_CACHE_REFERENCES":1454145432,"PERF_COUNT_HW_CPU_CYCLES":386011504072}}
{"runtime":60196,"energy":{"pkg":599.0797729492188,"pp0":324.25494384765625,"pp1":9.572998046875,"dram":0},"perf_counters":{"PERF_COUNT_HW_REF_CPU_CYCLES":768733137890,"PERF_COUNT_HW_BRANCH_INSTRUCTIONS":156131411010,"PERF_COUNT_HW_CACHE_MISSES":730203891,"PERF_COUNT_HW_INSTRUCTIONS":723757053502,"PERF_COUNT_HW_BRANCH_MISSES":630612196,"PERF_COUNT_HW_CACHE_REFERENCES":1445440171,"PERF_COUNT_HW_CPU_CYCLES":387550046230}}
{"runtime":59425,"energy":{"pkg":591.1875610351562,"pp0":320.52447509765625,"pp1":8.686279296875,"dram":0},"perf_counters":{"PERF_COUNT_HW_REF_CPU_CYCLES":748855371991,"PERF_COUNT_HW_BRANCH_INSTRUCTIONS":156142929247,"PERF_COUNT_HW_CACHE_MISSES":731662310,"PERF_COUNT_HW_INSTRUCTIONS":723813362464,"PERF_COUNT_HW_BRANCH_MISSES":628797765,"PERF_COUNT_HW_CACHE_REFERENCES":1469652787,"PERF_COUNT_HW_CPU_CYCLES":379877323429}}
{"runtime":59820,"energy":{"pkg":595.3262329101562,"pp0":322.21380615234375,"pp1":9.1033935546875,"dram":0},"perf_counters":{"PERF_COUNT_HW_REF_CPU_CYCLES":774117594530,"PERF_COUNT_HW_BRANCH_INSTRUCTIONS":156199740543,"PERF_COUNT_HW_CACHE_MISSES":737201689,"PERF_COUNT_HW_INSTRUCTIONS":724088044518,"PERF_COUNT_HW_BRANCH_MISSES":649469136,"PERF_COUNT_HW_CACHE_REFERENCES":1468630995,"PERF_COUNT_HW_CPU_CYCLES":389347760556}}
{"runtime":60596,"energy":{"pkg":603.0432739257812,"pp0":327.101806640625,"pp1":8.99072265625,"dram":0},"perf_counters":{"PERF_COUNT_HW_REF_CPU_CYCLES":770866968770,"PERF_COUNT_HW_BRANCH_INSTRUCTIONS":156142204024,"PERF_COUNT_HW_CACHE_MISSES":734982066,"PERF_COUNT_HW_INSTRUCTIONS":723808482737,"PERF_COUNT_HW_BRANCH_MISSES":630497483,"PERF_COUNT_HW_CACHE_REFERENCES":1445036205,"PERF_COUNT_HW_CPU_CYCLES":392989424904}}
{"runtime":60022,"energy":{"pkg":597.2018432617188,"pp0":323.39654541015625,"pp1":8.6116943359375,"dram":0},"perf_counters":{"PERF_COUNT_HW_REF_CPU_CYCLES":792650048028,"PERF_COUNT_HW_BRANCH_INSTRUCTIONS":156165549501,"PERF_COUNT_HW_CACHE_MISSES":742135516,"PERF_COUNT_HW_INSTRUCTIONS":723925724229,"PERF_COUNT_HW_BRANCH_MISSES":631378130,"PERF_COUNT_HW_CACHE_REFERENCES":1464303046,"PERF_COUNT_HW_CPU_CYCLES":393873590679}}
{"runtime":59496,"energy":{"pkg":592.0640869140625,"pp0":319.4781494140625,"pp1":10.4073486328125,"dram":0},"perf_counters":{"PERF_COUNT_HW_REF_CPU_CYCLES":754750002709,"PERF_COUNT_HW_BRANCH_INSTRUCTIONS":156169587723,"PERF_COUNT_HW_CACHE_MISSES":736662248,"PERF_COUNT_HW_INSTRUCTIONS":723942313344,"PERF_COUNT_HW_BRANCH_MISSES":626746011,"PERF_COUNT_HW_CACHE_REFERENCES":1450595403,"PERF_COUNT_HW_CPU_CYCLES":383355211746}}
{"runtime":60002,"energy":{"pkg":596.9908447265625,"pp0":323.63433837890625,"pp1":9.1004638671875,"dram":0},"perf_counters":{"PERF_COUNT_HW_REF_CPU_CYCLES":760578117360,"PERF_COUNT_HW_BRANCH_INSTRUCTIONS":156160359542,"PERF_COUNT_HW_CACHE_MISSES":735503396,"PERF_COUNT_HW_INSTRUCTIONS":723896982958,"PERF_COUNT_HW_BRANCH_MISSES":631366267,"PERF_COUNT_HW_CACHE_REFERENCES":1463396935,"PERF_COUNT_HW_CPU_CYCLES":383168032525}}
{"runtime":60245,"energy":{"pkg":599.6519775390625,"pp0":325.82110595703125,"pp1":8.75146484375,"dram":0},"perf_counters":{"PERF_COUNT_HW_REF_CPU_CYCLES":771269739481,"PERF_COUNT_HW_BRANCH_INSTRUCTIONS":156156831951,"PERF_COUNT_HW_CACHE_MISSES":734756014,"PERF_COUNT_HW_INSTRUCTIONS":723879120457,"PERF_COUNT_HW_BRANCH_MISSES":628769230,"PERF_COUNT_HW_CACHE_REFERENCES":1498826669,"PERF_COUNT_HW_CPU_CYCLES":389185634986}}
{"runtime":59519,"energy":{"pkg":592.2119140625,"pp0":320.751220703125,"pp1":9.3212890625,"dram":0},"perf_counters":{"PERF_COUNT_HW_REF_CPU_CYCLES":754029448252,"PERF_COUNT_HW_BRANCH_INSTRUCTIONS":156161047146,"PERF_COUNT_HW_CACHE_MISSES":732245753,"PERF_COUNT_HW_INSTRUCTIONS":723899305672,"PERF_COUNT_HW_BRANCH_MISSES":629922378,"PERF_COUNT_HW_CACHE_REFERENCES":1468615838,"PERF_COUNT_HW_CPU_CYCLES":382344576146}}
