{"runtime":39246,"energy":{"pkg":390.2586669921875,"pp0":213.7451171875,"pp1":6.0177001953125,"dram":0},"perf_counters":{"PERF_COUNT_HW_REF_CPU_CYCLES":583599800714,"PERF_COUNT_HW_BRANCH_INSTRUCTIONS":117963924602,"PERF_COUNT_HW_CACHE_MISSES":252383210,"PERF_COUNT_HW_INSTRUCTIONS":524150123083,"PERF_COUNT_HW_BRANCH_MISSES":408109791,"PERF_COUNT_HW_CACHE_REFERENCES":911896103,"PERF_COUNT_HW_CPU_CYCLES":280394958857}}
{"runtime":39027,"energy":{"pkg":389.38995361328125,"pp0":213.93017578125,"pp1":5.96240234375,"dram":0},"perf_counters":{"PERF_COUNT_HW_REF_CPU_CYCLES":577497757213,"PERF_COUNT_HW_BRANCH_INSTRUCTIONS":117972698497,"PERF_COUNT_HW_CACHE_MISSES":257304232,"PERF_COUNT_HW_INSTRUCTIONS":524191986815,"PERF_COUNT_HW_BRANCH_MISSES":408085224,"PERF_COUNT_HW_CACHE_REFERENCES":900228321,"PERF_COUNT_HW_CPU_CYCLES":280121945009}}
{"runtime":39175,"energy":{"pkg":389.7728271484375,"pp0":213.90576171875,"pp1":5.640869140625,"dram":0},"perf_counters":{"PERF_COUNT_HW_REF_CPU_CYCLES":575317578633,"PERF_COUNT_HW_BRANCH_INSTRUCTIONS":117964481919,"PERF_COUNT_HW_CACHE_MISSES":259221661,"PERF_COUNT_HW_INSTRUCTIONS":524152780583,"PERF_COUNT_HW_BRANCH_MISSES":408730382,"PERF_COUNT_HW_CACHE_REFERENCES":911602831,"PERF_COUNT_HW_CPU_CYCLES":281132126075}}
{"runtime":39402,"energy":{"pkg":392.17889404296875,"pp0":215.0390625,"pp1":5.8260498046875,"dram":0},"perf_counters":{"PERF_COUNT_HW_REF_CPU_CYCLES":572484034504,"PERF_COUNT_HW_BRANCH_INSTRUCTIONS":117975043186,"PERF_COUNT_HW_CACHE_MISSES":260782196,"PERF_COUNT_HW_INSTRUCTIONS":524202241022,"PERF_COUNT_HW_BRANCH_MISSES":409729321,"PERF_COUNT_HW_CACHE_REFERENCES":918706627,"PERF_COUNT_HW_CPU_CYCLES":277962144887}}
{"runtime":39376,"energy":{"pkg":391.12103271484375,"pp0":214.58319091796875,"pp1":5.747802734375,"dram":0},"perf_counters":{"PERF_COUNT_HW_REF_CPU_CYCLES":571758559263,"PERF_COUNT_HW_BRANCH_INSTRUCTIONS":117974456908,"PERF_COUNT_HW_CACHE_MISSES":256862379,"PERF_COUNT_HW_INSTRUCTIONS":524200612135,"PERF_COUNT_HW_BRANCH_MISSES":407587314,"PERF_COUNT_HW_CACHE_REFERENCES":907796153,"PERF_COUNT_HW_CPU_CYCLES":278004593831}}
{"runtime":39378,"energy":{"pkg":392.24151611328125,"pp0":215.596923828125,"pp1":5.724365234375,"dram":0},"perf_counters":{"PERF_COUNT_HW_REF_CPU_CYCLES":579136604293,"PERF_COUNT_HW_BRANCH_INSTRUCTIONS":117971016190,"PERF_COUNT_HW_CACHE_MISSES":260847830,"PERF_COUNT_HW_INSTRUCTIONS":524184103354,"PERF_COUNT_HW_BRANCH_MISSES":407282253,"PERF_COUNT_HW_CACHE_REFERENCES":896490820,"PERF_COUNT_HW_CPU_CYCLES":282553489227}}
{"runtime":38783,"energy":{"pkg":385.46356201171875,"pp0":211.20281982421875,"pp1":5.64453125,"dram":0},"perf_counters":{"PERF_COUNT_HW_REF_CPU_CYCLES":569405706702,"PERF_COUNT_HW_BRANCH_INSTRUCTIONS":117977451594,"PERF_COUNT_HW_CACHE_MISSES":247696564,"PERF_COUNT_HW_INSTRUCTIONS":524214581327,"PERF_COUNT_HW_BRANCH_MISSES":410012185,"PERF_COUNT_HW_CACHE_REFERENCES":907374436,"PERF_COUNT_HW_CPU_CYCLES":274395985571}}
{"runtime":38732,"energy":{"pkg":385.238037109375,"pp0":211.0391845703125,"pp1":5.5931396484375,"dram":0},"perf_counters":{"PERF_COUNT_HW_REF_CPU_CYCLES":587096045340,"PERF_COUNT_HW_BRANCH_INSTRUCTIONS":117973745111,"PERF_COUNT_HW_CACHE_MISSES":252247410,"PERF_COUNT_HW_INSTRUCTIONS":524197555965,"PERF_COUNT_HW_BRANCH_MISSES":410749358,"PERF_COUNT_HW_CACHE_REFERENCES":909618769,"PERF_COUNT_HW_CPU_CYCLES":281416501814}}
{"runtime":38914,"energy":{"pkg":387.31353759765625,"pp0":211.06103515625,"pp1":6.5850830078125,"dram":0},"perf_counters":{"PERF_COUNT_HW_REF_CPU_CYCLES":591705614134,"PERF_COUNT_HW_BRANCH_INSTRUCTIONS":117977696543,"PERF_COUNT_HW_CACHE_MISSES":254602442,"PERF_COUNT_HW_INSTRUCTIONS":524218274477,"PERF_COUNT_HW_BRANCH_MISSES":412286232,"PERF_COUNT_HW_CACHE_REFERENCES":916528932,"PERF_COUNT_HW_CPU_CYCLES":282152611562}}
{"runtime":39260,"energy":{"pkg":390.99609375,"pp0":214.7738037109375,"pp1":5.8817138671875,"dram":0},"perf_counters":{"PERF_COUNT_HW_REF_CPU_CYCLES":572661678544,"PERF_COUNT_HW_BRANCH_INSTRUCTIONS":117959936270,"PERF_COUNT_HW_CACHE_MISSES":258031224,"PERF_COUNT_HW_INSTRUCTIONS":524128485805,"PERF_COUNT_HW_BRANCH_MISSES":408313844,"PERF_COUNT_HW_CACHE_REFERENCES":904495416,"PERF_COUNT_HW_CPU_CYCLES":280158455431}}
{"runtime":38738,"energy":{"pkg":385.28912353515625,"pp0":212.330078125,"pp1":5.6300048828125,"dram":0},"perf_counters":{"PERF_COUNT_HW_REF_CPU_CYCLES":598249199522,"PERF_COUNT_HW_BRANCH_INSTRUCTIONS":117968953801,"PERF_COUNT_HW_CACHE_MISSES":244271924,"PERF_COUNT_HW_INSTRUCTIONS":524174868119,"PERF_COUNT_HW_BRANCH_MISSES":408985547,"PERF_COUNT_HW_CACHE_REFERENCES":914554482,"PERF_COUNT_HW_CPU_CYCLES":285887386826}}
