{"runtime":117935,"energy":{"pkg":1173.3297119140625,"pp0":669.914306640625,"pp1":15.9671630859375,"dram":0},"perf_counters":{"PERF_COUNT_HW_REF_CPU_CYCLES":2427019873048,"PERF_COUNT_HW_BRANCH_INSTRUCTIONS":469231937237,"PERF_COUNT_HW_CACHE_MISSES":21506539,"PERF_COUNT_HW_INSTRUCTIONS":2152542783332,"PERF_COUNT_HW_BRANCH_MISSES":241820280,"PERF_COUNT_HW_CACHE_REFERENCES":60666853,"PERF_COUNT_HW_CPU_CYCLES":1072427963429}}
{"runtime":110304,"energy":{"pkg":1098.2886962890625,"pp0":626.81591796875,"pp1":14.923828125,"dram":0},"perf_counters":{"PERF_COUNT_HW_REF_CPU_CYCLES":2278574322167,"PERF_COUNT_HW_BRANCH_INSTRUCTIONS":469189339225,"PERF_COUNT_HW_CACHE_MISSES":22190146,"PERF_COUNT_HW_INSTRUCTIONS":2152321306658,"PERF_COUNT_HW_BRANCH_MISSES":240642022,"PERF_COUNT_HW_CACHE_REFERENCES":59133562,"PERF_COUNT_HW_CPU_CYCLES":1014484488426}}
{"runtime":110241,"energy":{"pkg":1097.2531127929688,"pp0":626.4081420898438,"pp1":14.56494140625,"dram":0},"perf_counters":{"PERF_COUNT_HW_REF_CPU_CYCLES":2283396538866,"PERF_COUNT_HW_BRANCH_INSTRUCTIONS":469185400785,"PERF_COUNT_HW_CACHE_MISSES":21491182,"PERF_COUNT_HW_INSTRUCTIONS":2152300329513,"PERF_COUNT_HW_BRANCH_MISSES":241366489,"PERF_COUNT_HW_CACHE_REFERENCES":58726904,"PERF_COUNT_HW_CPU_CYCLES":1015071136200}}
{"runtime":110227,"energy":{"pkg":1097.5390625,"pp0":626.47119140625,"pp1":15.0228271484375,"dram":0},"perf_counters":{"PERF_COUNT_HW_REF_CPU_CYCLES":2284527768766,"PERF_COUNT_HW_BRANCH_INSTRUCTIONS":469192811895,"PERF_COUNT_HW_CACHE_MISSES":22649449,"PERF_COUNT_HW_INSTRUCTIONS":2152338276257,"PERF_COUNT_HW_BRANCH_MISSES":241584171,"PERF_COUNT_HW_CACHE_REFERENCES":59689483,"PERF_COUNT_HW_CPU_CYCLES":1015721843107}}
{"runtime":110525,"energy":{"pkg":1099.2767944335938,"pp0":626.9734497070312,"pp1":15.145263671875,"dram":0},"perf_counters":{"PERF_COUNT_HW_REF_CPU_CYCLES":2278645117494,"PERF_COUNT_HW_BRANCH_INSTRUCTIONS":469195457557,"PERF_COUNT_HW_CACHE_MISSES":23111887,"PERF_COUNT_HW_INSTRUCTIONS":2152350135190,"PERF_COUNT_HW_BRANCH_MISSES":241298455,"PERF_COUNT_HW_CACHE_REFERENCES":60888518,"PERF_COUNT_HW_CPU_CYCLES":1014130572340}}
{"runtime":110136,"energy":{"pkg":1095.9004516601562,"pp0":625.8478393554688,"pp1":15.0977783203125,"dram":0},"perf_counters":{"PERF_COUNT_HW_REF_CPU_CYCLES":2273790908764,"PERF_COUNT_HW_BRANCH_INSTRUCTIONS":469182883205,"PERF_COUNT_HW_CACHE_MISSES":21981592,"PERF_COUNT_HW_INSTRUCTIONS":2152288628418,"PERF_COUNT_HW_BRANCH_MISSES":240928112,"PERF_COUNT_HW_CACHE_REFERENCES":58494823,"PERF_COUNT_HW_CPU_CYCLES":1013221169604}}
{"runtime":111999,"energy":{"pkg":1115.2750854492188,"pp0":636.2049560546875,"pp1":16.056884765625,"dram":0},"perf_counters":{"PERF_COUNT_HW_REF_CPU_CYCLES":2309536441646,"PERF_COUNT_HW_BRANCH_INSTRUCTIONS":469207832050,"PERF_COUNT_HW_CACHE_MISSES":22234133,"PERF_COUNT_HW_INSTRUCTIONS":2152414588992,"PERF_COUNT_HW_BRANCH_MISSES":241310032,"PERF_COUNT_HW_CACHE_REFERENCES":59212268,"PERF_COUNT_HW_CPU_CYCLES":1028409755556}}
{"runtime":117532,"energy":{"pkg":1168.9926147460938,"pp0":666.6548461914062,"pp1":15.9989013671875,"dram":0},"perf_counters":{"PERF_COUNT_HW_REF_CPU_CYCLES":2425639806807,"PERF_COUNT_HW_BRANCH_INSTRUCTIONS":469238229552,"PERF_COUNT_HW_CACHE_MISSES":23392535,"PERF_COUNT_HW_INSTRUCTIONS":2152572008244,"PERF_COUNT_HW_BRANCH_MISSES":243030006,"PERF_COUNT_HW_CACHE_REFERENCES":63968009,"PERF_COUNT_HW_CPU_CYCLES":1073911252359}}
{"runtime":110266,"energy":{"pkg":1097.6377563476562,"pp0":625.9332275390625,"pp1":15.0338134765625,"dram":0},"perf_counters":{"PERF_COUNT_HW_REF_CPU_CYCLES":2279190769791,"PERF_COUNT_HW_BRANCH_INSTRUCTIONS":469183541585,"PERF_COUNT_HW_CACHE_MISSES":23183497,"PERF_COUNT_HW_INSTRUCTIONS":2152291555590,"PERF_COUNT_HW_BRANCH_MISSES":242477120,"PERF_COUNT_HW_CACHE_REFERENCES":59586563,"PERF_COUNT_HW_CPU_CYCLES":1015400938714}}
{"runtime":110381,"energy":{"pkg":1098.405029296875,"pp0":626.95361328125,"pp1":15.3232421875,"dram":0},"perf_counters":{"PERF_COUNT_HW_REF_CPU_CYCLES":2278405602158,"PERF_COUNT_HW_BRANCH_INSTRUCTIONS":469187150558,"PERF_COUNT_HW_CACHE_MISSES":22953018,"PERF_COUNT_HW_INSTRUCTIONS":2152311573948,"PERF_COUNT_HW_BRANCH_MISSES":241130216,"PERF_COUNT_HW_CACHE_REFERENCES":59211910,"PERF_COUNT_HW_CPU_CYCLES":1014836467285}}
{"runtime":110513,"energy":{"pkg":1099.2950439453125,"pp0":626.8229370117188,"pp1":15.715576171875,"dram":0},"perf_counters":{"PERF_COUNT_HW_REF_CPU_CYCLES":2275741071717,"PERF_COUNT_HW_BRANCH_INSTRUCTIONS":469199873653,"PERF_COUNT_HW_CACHE_MISSES":22292468,"PERF_COUNT_HW_INSTRUCTIONS":2152374513549,"PERF_COUNT_HW_BRANCH_MISSES":242451330,"PERF_COUNT_HW_CACHE_REFERENCES":58008876,"PERF_COUNT_HW_CPU_CYCLES":1013331911402}}
