{"runtime":112637,"energy":{"pkg":1120.9881591796875,"pp0":625.46533203125,"pp1":21.361572265625,"dram":0},"perf_counters":{"PERF_COUNT_HW_REF_CPU_CYCLES":315733416900,"PERF_COUNT_HW_BRANCH_INSTRUCTIONS":290330049232,"PERF_COUNT_HW_CACHE_MISSES":761514,"PERF_COUNT_HW_INSTRUCTIONS":1252632149525,"PERF_COUNT_HW_BRANCH_MISSES":102326380,"PERF_COUNT_HW_CACHE_REFERENCES":3807459,"PERF_COUNT_HW_CPU_CYCLES":314236611281}}
{"runtime":112126,"energy":{"pkg":1115.7828369140625,"pp0":622.8260498046875,"pp1":20.85546875,"dram":0},"perf_counters":{"PERF_COUNT_HW_REF_CPU_CYCLES":314305940882,"PERF_COUNT_HW_BRANCH_INSTRUCTIONS":290329427980,"PERF_COUNT_HW_CACHE_MISSES":652232,"PERF_COUNT_HW_INSTRUCTIONS":1252628982155,"PERF_COUNT_HW_BRANCH_MISSES":102278255,"PERF_COUNT_HW_CACHE_REFERENCES":3954329,"PERF_COUNT_HW_CPU_CYCLES":312800723492}}
{"runtime":112371,"energy":{"pkg":1118.2527465820312,"pp0":623.9078979492188,"pp1":20.6207275390625,"dram":0},"perf_counters":{"PERF_COUNT_HW_REF_CPU_CYCLES":314992378716,"PERF_COUNT_HW_BRANCH_INSTRUCTIONS":290329982400,"PERF_COUNT_HW_CACHE_MISSES":693502,"PERF_COUNT_HW_INSTRUCTIONS":1252631481392,"PERF_COUNT_HW_BRANCH_MISSES":101651305,"PERF_COUNT_HW_CACHE_REFERENCES":4097046,"PERF_COUNT_HW_CPU_CYCLES":313300094831}}
{"runtime":113050,"energy":{"pkg":1124.9388427734375,"pp0":627.0568237304688,"pp1":21.036865234375,"dram":0},"perf_counters":{"PERF_COUNT_HW_REF_CPU_CYCLES":316890010285,"PERF_COUNT_HW_BRANCH_INSTRUCTIONS":290329974293,"PERF_COUNT_HW_CACHE_MISSES":670980,"PERF_COUNT_HW_INSTRUCTIONS":1252631780231,"PERF_COUNT_HW_BRANCH_MISSES":104538090,"PERF_COUNT_HW_CACHE_REFERENCES":3752083,"PERF_COUNT_HW_CPU_CYCLES":314885015064}}
{"runtime":114843,"energy":{"pkg":1142.8303833007812,"pp0":636.652099609375,"pp1":22.443603515625,"dram":0},"perf_counters":{"PERF_COUNT_HW_REF_CPU_CYCLES":321906403480,"PERF_COUNT_HW_BRANCH_INSTRUCTIONS":290331156955,"PERF_COUNT_HW_CACHE_MISSES":935872,"PERF_COUNT_HW_INSTRUCTIONS":1252638193563,"PERF_COUNT_HW_BRANCH_MISSES":101906591,"PERF_COUNT_HW_CACHE_REFERENCES":4451870,"PERF_COUNT_HW_CPU_CYCLES":322110396122}}
{"runtime":114363,"energy":{"pkg":1138.155029296875,"pp0":635.0336303710938,"pp1":22.04443359375,"dram":0},"perf_counters":{"PERF_COUNT_HW_REF_CPU_CYCLES":320573360627,"PERF_COUNT_HW_BRANCH_INSTRUCTIONS":290330554049,"PERF_COUNT_HW_CACHE_MISSES":781818,"PERF_COUNT_HW_INSTRUCTIONS":1252635262437,"PERF_COUNT_HW_BRANCH_MISSES":102607913,"PERF_COUNT_HW_CACHE_REFERENCES":4299397,"PERF_COUNT_HW_CPU_CYCLES":320482913697}}
{"runtime":112661,"energy":{"pkg":1121.1928100585938,"pp0":624.8922729492188,"pp1":20.9764404296875,"dram":0},"perf_counters":{"PERF_COUNT_HW_REF_CPU_CYCLES":315798941043,"PERF_COUNT_HW_BRANCH_INSTRUCTIONS":290329917042,"PERF_COUNT_HW_CACHE_MISSES":726764,"PERF_COUNT_HW_INSTRUCTIONS":1252631466804,"PERF_COUNT_HW_BRANCH_MISSES":103845060,"PERF_COUNT_HW_CACHE_REFERENCES":3896064,"PERF_COUNT_HW_CPU_CYCLES":314058114997}}
{"runtime":114792,"energy":{"pkg":1142.3048706054688,"pp0":636.5340576171875,"pp1":21.356689453125,"dram":0},"perf_counters":{"PERF_COUNT_HW_REF_CPU_CYCLES":321775178242,"PERF_COUNT_HW_BRANCH_INSTRUCTIONS":290330396101,"PERF_COUNT_HW_CACHE_MISSES":749812,"PERF_COUNT_HW_INSTRUCTIONS":1252634545907,"PERF_COUNT_HW_BRANCH_MISSES":102584421,"PERF_COUNT_HW_CACHE_REFERENCES":4118420,"PERF_COUNT_HW_CPU_CYCLES":319482970667}}
{"runtime":111633,"energy":{"pkg":1110.8386840820312,"pp0":619.9862670898438,"pp1":21.3297119140625,"dram":0},"perf_counters":{"PERF_COUNT_HW_REF_CPU_CYCLES":312927211855,"PERF_COUNT_HW_BRANCH_INSTRUCTIONS":290329318806,"PERF_COUNT_HW_CACHE_MISSES":646879,"PERF_COUNT_HW_INSTRUCTIONS":1252628214511,"PERF_COUNT_HW_BRANCH_MISSES":101379109,"PERF_COUNT_HW_CACHE_REFERENCES":3605286,"PERF_COUNT_HW_CPU_CYCLES":312231924272}}
{"runtime":113068,"energy":{"pkg":1125.2163696289062,"pp0":627.59375,"pp1":21.3482666015625,"dram":0},"perf_counters":{"PERF_COUNT_HW_REF_CPU_CYCLES":316949930291,"PERF_COUNT_HW_BRANCH_INSTRUCTIONS":290329808533,"PERF_COUNT_HW_CACHE_MISSES":649970,"PERF_COUNT_HW_INSTRUCTIONS":1252631102217,"PERF_COUNT_HW_BRANCH_MISSES":102378589,"PERF_COUNT_HW_CACHE_REFERENCES":3914263,"PERF_COUNT_HW_CPU_CYCLES":316307366318}}
{"runtime":113263,"energy":{"pkg":1127.0607299804688,"pp0":628.356689453125,"pp1":21.841552734375,"dram":0},"perf_counters":{"PERF_COUNT_HW_REF_CPU_CYCLES":317494311877,"PERF_COUNT_HW_BRANCH_INSTRUCTIONS":290329912994,"PERF_COUNT_HW_CACHE_MISSES":719709,"PERF_COUNT_HW_INSTRUCTIONS":1252631694237,"PERF_COUNT_HW_BRANCH_MISSES":102578869,"PERF_COUNT_HW_CACHE_REFERENCES":3908042,"PERF_COUNT_HW_CPU_CYCLES":317767081180}}
