{"runtime":2200,"energy":{"pkg":21.83013916015625,"pp0":12.0458984375,"pp1":0.321533203125,"dram":0},"perf_counters":{"PERF_COUNT_HW_REF_CPU_CYCLES":13509524978,"PERF_COUNT_HW_BRANCH_INSTRUCTIONS":3268701296,"PERF_COUNT_HW_CACHE_MISSES":16491769,"PERF_COUNT_HW_INSTRUCTIONS":16227215301,"PERF_COUNT_HW_BRANCH_MISSES":170952881,"PERF_COUNT_HW_CACHE_REFERENCES":32906421,"PERF_COUNT_HW_CPU_CYCLES":10760238613}}
{"runtime":2185,"energy":{"pkg":21.6514892578125,"pp0":11.9432373046875,"pp1":0.3060302734375,"dram":0},"perf_counters":{"PERF_COUNT_HW_REF_CPU_CYCLES":13569235839,"PERF_COUNT_HW_BRANCH_INSTRUCTIONS":3268581104,"PERF_COUNT_HW_CACHE_MISSES":16619489,"PERF_COUNT_HW_INSTRUCTIONS":16226545289,"PERF_COUNT_HW_BRANCH_MISSES":172325277,"PERF_COUNT_HW_CACHE_REFERENCES":32991339,"PERF_COUNT_HW_CPU_CYCLES":10775784069}}
{"runtime":2197,"energy":{"pkg":21.79278564453125,"pp0":12.06634521484375,"pp1":0.29248046875,"dram":0},"perf_counters":{"PERF_COUNT_HW_REF_CPU_CYCLES":13338152003,"PERF_COUNT_HW_BRANCH_INSTRUCTIONS":3268592139,"PERF_COUNT_HW_CACHE_MISSES":16410602,"PERF_COUNT_HW_INSTRUCTIONS":16226788035,"PERF_COUNT_HW_BRANCH_MISSES":171277909,"PERF_COUNT_HW_CACHE_REFERENCES":32851009,"PERF_COUNT_HW_CPU_CYCLES":10760994389}}
{"runtime":2160,"energy":{"pkg":21.49700927734375,"pp0":11.92742919921875,"pp1":0.306396484375,"dram":0},"perf_counters":{"PERF_COUNT_HW_REF_CPU_CYCLES":13289868343,"PERF_COUNT_HW_BRANCH_INSTRUCTIONS":3262390367,"PERF_COUNT_HW_CACHE_MISSES":16067449,"PERF_COUNT_HW_INSTRUCTIONS":16187077502,"PERF_COUNT_HW_BRANCH_MISSES":171631299,"PERF_COUNT_HW_CACHE_REFERENCES":32105171,"PERF_COUNT_HW_CPU_CYCLES":10682207471}}
{"runtime":2200,"energy":{"pkg":21.87628173828125,"pp0":12.10491943359375,"pp1":0.310791015625,"dram":0},"perf_counters":{"PERF_COUNT_HW_REF_CPU_CYCLES":13350069618,"PERF_COUNT_HW_BRANCH_INSTRUCTIONS":3268301704,"PERF_COUNT_HW_CACHE_MISSES":16600461,"PERF_COUNT_HW_INSTRUCTIONS":16224646420,"PERF_COUNT_HW_BRANCH_MISSES":171861800,"PERF_COUNT_HW_CACHE_REFERENCES":32981490,"PERF_COUNT_HW_CPU_CYCLES":10733187105}}
{"runtime":2170,"energy":{"pkg":21.6112060546875,"pp0":12.0101318359375,"pp1":0.2672119140625,"dram":0},"perf_counters":{"PERF_COUNT_HW_REF_CPU_CYCLES":13430059587,"PERF_COUNT_HW_BRANCH_INSTRUCTIONS":3268270680,"PERF_COUNT_HW_CACHE_MISSES":16561968,"PERF_COUNT_HW_INSTRUCTIONS":16224411966,"PERF_COUNT_HW_BRANCH_MISSES":171278823,"PERF_COUNT_HW_CACHE_REFERENCES":32941952,"PERF_COUNT_HW_CPU_CYCLES":10744464129}}
{"runtime":2184,"energy":{"pkg":21.70050048828125,"pp0":12.02655029296875,"pp1":0.2982177734375,"dram":0},"perf_counters":{"PERF_COUNT_HW_REF_CPU_CYCLES":13370372597,"PERF_COUNT_HW_BRANCH_INSTRUCTIONS":3262260192,"PERF_COUNT_HW_CACHE_MISSES":16090680,"PERF_COUNT_HW_INSTRUCTIONS":16186184928,"PERF_COUNT_HW_BRANCH_MISSES":171556690,"PERF_COUNT_HW_CACHE_REFERENCES":32066576,"PERF_COUNT_HW_CPU_CYCLES":10724043232}}
{"runtime":2190,"energy":{"pkg":21.7764892578125,"pp0":12.05877685546875,"pp1":0.2935791015625,"dram":0},"perf_counters":{"PERF_COUNT_HW_REF_CPU_CYCLES":13330884999,"PERF_COUNT_HW_BRANCH_INSTRUCTIONS":3262236057,"PERF_COUNT_HW_CACHE_MISSES":16074700,"PERF_COUNT_HW_INSTRUCTIONS":16186091706,"PERF_COUNT_HW_BRANCH_MISSES":171630512,"PERF_COUNT_HW_CACHE_REFERENCES":31781556,"PERF_COUNT_HW_CPU_CYCLES":10936333051}}
{"runtime":2171,"energy":{"pkg":21.580322265625,"pp0":11.9512939453125,"pp1":0.317138671875,"dram":0},"perf_counters":{"PERF_COUNT_HW_REF_CPU_CYCLES":13246230111,"PERF_COUNT_HW_BRANCH_INSTRUCTIONS":3262437949,"PERF_COUNT_HW_CACHE_MISSES":16008547,"PERF_COUNT_HW_INSTRUCTIONS":16187233215,"PERF_COUNT_HW_BRANCH_MISSES":171136090,"PERF_COUNT_HW_CACHE_REFERENCES":32111716,"PERF_COUNT_HW_CPU_CYCLES":10645582392}}
{"runtime":2190,"energy":{"pkg":21.6915283203125,"pp0":12.01605224609375,"pp1":0.304931640625,"dram":0},"perf_counters":{"PERF_COUNT_HW_REF_CPU_CYCLES":13306203480,"PERF_COUNT_HW_BRANCH_INSTRUCTIONS":3268341931,"PERF_COUNT_HW_CACHE_MISSES":16607419,"PERF_COUNT_HW_INSTRUCTIONS":16224851342,"PERF_COUNT_HW_BRANCH_MISSES":171604781,"PERF_COUNT_HW_CACHE_REFERENCES":32900004,"PERF_COUNT_HW_CPU_CYCLES":10754215105}}
{"runtime":2154,"energy":{"pkg":21.50677490234375,"pp0":11.9586181640625,"pp1":0.3118896484375,"dram":0},"perf_counters":{"PERF_COUNT_HW_REF_CPU_CYCLES":13282406648,"PERF_COUNT_HW_BRANCH_INSTRUCTIONS":3268481330,"PERF_COUNT_HW_CACHE_MISSES":16583902,"PERF_COUNT_HW_INSTRUCTIONS":16226164731,"PERF_COUNT_HW_BRANCH_MISSES":171363566,"PERF_COUNT_HW_CACHE_REFERENCES":32768671,"PERF_COUNT_HW_CPU_CYCLES":10754225955}}
