{"runtime":34161,"energy":{"pkg":340.0872802734375,"pp0":192.40020751953125,"pp1":5.7259521484375,"dram":0},"perf_counters":{"PERF_COUNT_HW_REF_CPU_CYCLES":649446720514,"PERF_COUNT_HW_BRANCH_INSTRUCTIONS":134670509069,"PERF_COUNT_HW_CACHE_MISSES":7377763,"PERF_COUNT_HW_INSTRUCTIONS":618913902289,"PERF_COUNT_HW_BRANCH_MISSES":3921638,"PERF_COUNT_HW_CACHE_REFERENCES":30287122,"PERF_COUNT_HW_CPU_CYCLES":296250227693}}
{"runtime":34353,"energy":{"pkg":341.929443359375,"pp0":192.9805908203125,"pp1":6.1468505859375,"dram":0},"perf_counters":{"PERF_COUNT_HW_REF_CPU_CYCLES":646056474370,"PERF_COUNT_HW_BRANCH_INSTRUCTIONS":134670468503,"PERF_COUNT_HW_CACHE_MISSES":7399373,"PERF_COUNT_HW_INSTRUCTIONS":618913621007,"PERF_COUNT_HW_BRANCH_MISSES":3379662,"PERF_COUNT_HW_CACHE_REFERENCES":30533321,"PERF_COUNT_HW_CPU_CYCLES":296081846363}}
{"runtime":34373,"energy":{"pkg":341.7779541015625,"pp0":193.0887451171875,"pp1":5.808837890625,"dram":0},"perf_counters":{"PERF_COUNT_HW_REF_CPU_CYCLES":647310047598,"PERF_COUNT_HW_BRANCH_INSTRUCTIONS":134668788114,"PERF_COUNT_HW_CACHE_MISSES":7351814,"PERF_COUNT_HW_INSTRUCTIONS":618905991314,"PERF_COUNT_HW_BRANCH_MISSES":3664526,"PERF_COUNT_HW_CACHE_REFERENCES":30441761,"PERF_COUNT_HW_CPU_CYCLES":296374043539}}
{"runtime":34106,"energy":{"pkg":339.88720703125,"pp0":191.985595703125,"pp1":6.0853271484375,"dram":0},"perf_counters":{"PERF_COUNT_HW_REF_CPU_CYCLES":650863681977,"PERF_COUNT_HW_BRANCH_INSTRUCTIONS":134672642687,"PERF_COUNT_HW_CACHE_MISSES":7314546,"PERF_COUNT_HW_INSTRUCTIONS":618924428872,"PERF_COUNT_HW_BRANCH_MISSES":3355672,"PERF_COUNT_HW_CACHE_REFERENCES":30255936,"PERF_COUNT_HW_CPU_CYCLES":296582696872}}
{"runtime":34210,"energy":{"pkg":340.49981689453125,"pp0":192.468994140625,"pp1":5.7462158203125,"dram":0},"perf_counters":{"PERF_COUNT_HW_REF_CPU_CYCLES":648270723510,"PERF_COUNT_HW_BRANCH_INSTRUCTIONS":134667755423,"PERF_COUNT_HW_CACHE_MISSES":7378540,"PERF_COUNT_HW_INSTRUCTIONS":618900663821,"PERF_COUNT_HW_BRANCH_MISSES":3308588,"PERF_COUNT_HW_CACHE_REFERENCES":30227765,"PERF_COUNT_HW_CPU_CYCLES":296294500642}}
{"runtime":34267,"energy":{"pkg":341.11822509765625,"pp0":192.8973388671875,"pp1":5.7901611328125,"dram":0},"perf_counters":{"PERF_COUNT_HW_REF_CPU_CYCLES":645456474157,"PERF_COUNT_HW_BRANCH_INSTRUCTIONS":134668637257,"PERF_COUNT_HW_CACHE_MISSES":7308037,"PERF_COUNT_HW_INSTRUCTIONS":618904554561,"PERF_COUNT_HW_BRANCH_MISSES":3931857,"PERF_COUNT_HW_CACHE_REFERENCES":30037441,"PERF_COUNT_HW_CPU_CYCLES":296005900167}}
{"runtime":34907,"energy":{"pkg":347.36669921875,"pp0":196.259765625,"pp1":6.091552734375,"dram":0},"perf_counters":{"PERF_COUNT_HW_REF_CPU_CYCLES":663658059170,"PERF_COUNT_HW_BRANCH_INSTRUCTIONS":134674601440,"PERF_COUNT_HW_CACHE_MISSES":7378933,"PERF_COUNT_HW_INSTRUCTIONS":618935493426,"PERF_COUNT_HW_BRANCH_MISSES":3234626,"PERF_COUNT_HW_CACHE_REFERENCES":30282825,"PERF_COUNT_HW_CPU_CYCLES":298491997264}}
{"runtime":34307,"energy":{"pkg":341.43218994140625,"pp0":193.00537109375,"pp1":5.852294921875,"dram":0},"perf_counters":{"PERF_COUNT_HW_REF_CPU_CYCLES":648102918337,"PERF_COUNT_HW_BRANCH_INSTRUCTIONS":134670197005,"PERF_COUNT_HW_CACHE_MISSES":7312646,"PERF_COUNT_HW_INSTRUCTIONS":618913123556,"PERF_COUNT_HW_BRANCH_MISSES":3755821,"PERF_COUNT_HW_CACHE_REFERENCES":30203566,"PERF_COUNT_HW_CPU_CYCLES":296946884866}}
{"runtime":34149,"energy":{"pkg":340.0152587890625,"pp0":192.27935791015625,"pp1":5.8902587890625,"dram":0},"perf_counters":{"PERF_COUNT_HW_REF_CPU_CYCLES":642459069045,"PERF_COUNT_HW_BRANCH_INSTRUCTIONS":134668265183,"PERF_COUNT_HW_CACHE_MISSES":7270353,"PERF_COUNT_HW_INSTRUCTIONS":618902908388,"PERF_COUNT_HW_BRANCH_MISSES":3617994,"PERF_COUNT_HW_CACHE_REFERENCES":29853548,"PERF_COUNT_HW_CPU_CYCLES":296221838353}}
{"runtime":34167,"energy":{"pkg":340.31243896484375,"pp0":192.73956298828125,"pp1":5.8167724609375,"dram":0},"perf_counters":{"PERF_COUNT_HW_REF_CPU_CYCLES":640985855899,"PERF_COUNT_HW_BRANCH_INSTRUCTIONS":134667784300,"PERF_COUNT_HW_CACHE_MISSES":7410537,"PERF_COUNT_HW_INSTRUCTIONS":618899871962,"PERF_COUNT_HW_BRANCH_MISSES":3185564,"PERF_COUNT_HW_CACHE_REFERENCES":30316383,"PERF_COUNT_HW_CPU_CYCLES":295402963327}}
{"runtime":34936,"energy":{"pkg":347.738037109375,"pp0":196.46044921875,"pp1":6.20458984375,"dram":0},"perf_counters":{"PERF_COUNT_HW_REF_CPU_CYCLES":660918319822,"PERF_COUNT_HW_BRANCH_INSTRUCTIONS":134676448914,"PERF_COUNT_HW_CACHE_MISSES":7525602,"PERF_COUNT_HW_INSTRUCTIONS":618944672013,"PERF_COUNT_HW_BRANCH_MISSES":3228592,"PERF_COUNT_HW_CACHE_REFERENCES":30997914,"PERF_COUNT_HW_CPU_CYCLES":298540900383}}
