{"runtime":1112,"energy":{"pkg":52.08502197265625,"pp0":0,"dram":14.89898681640625},"cycles":10847048710}
{"runtime":956,"energy":{"pkg":53.582275390625,"pp0":0,"dram":13.00128173828125},"cycles":10921141190}
{"runtime":962,"energy":{"pkg":52.99810791015625,"pp0":0,"dram":12.92462158203125},"cycles":10920958021}
{"runtime":883,"energy":{"pkg":52.5272216796875,"pp0":0,"dram":12.14715576171875},"cycles":10961435673}
{"runtime":1160,"energy":{"pkg":56.85247802734375,"pp0":0,"dram":14.79400634765625},"cycles":10814528518}
{"runtime":878,"energy":{"pkg":52.04437255859375,"pp0":0,"dram":12.0989990234375},"cycles":10993411692}
{"runtime":953,"energy":{"pkg":54.461669921875,"pp0":0,"dram":12.98614501953125},"cycles":10894024176}
{"runtime":1038,"energy":{"pkg":55.49005126953125,"pp0":0,"dram":13.69561767578125},"cycles":10821616561}
{"runtime":998,"energy":{"pkg":54.267578125,"pp0":0,"dram":13.3392333984375},"cycles":10888297818}
{"runtime":888,"energy":{"pkg":53.150390625,"pp0":0,"dram":12.1409912109375},"cycles":10959950189}
{"runtime":1220,"energy":{"pkg":58.62164306640625,"pp0":0,"dram":15.83807373046875},"cycles":10824065673}
{"runtime":1209,"energy":{"pkg":57.82080078125,"pp0":0,"dram":15.875},"cycles":10804410501}
{"runtime":882,"energy":{"pkg":52.675537109375,"pp0":0,"dram":12.2822265625},"cycles":11004030013}
{"runtime":962,"energy":{"pkg":53.5902099609375,"pp0":0,"dram":13.2572021484375},"cycles":10973840829}
{"runtime":869,"energy":{"pkg":53.25738525390625,"pp0":0,"dram":12.034423828125},"cycles":11013713723}
{"runtime":1131,"energy":{"pkg":56.13507080078125,"pp0":0,"dram":14.82659912109375},"cycles":10851970198}
{"runtime":866,"energy":{"pkg":53.28662109375,"pp0":0,"dram":12.45135498046875},"cycles":11060660629}
{"runtime":1201,"energy":{"pkg":59.70037841796875,"pp0":0,"dram":15.3201904296875},"cycles":10799413295}
{"runtime":863,"energy":{"pkg":53.98626708984375,"pp0":0,"dram":12.08221435546875},"cycles":10993998134}
{"runtime":951,"energy":{"pkg":53.74273681640625,"pp0":0,"dram":13.26385498046875},"cycles":11306005151}
{"runtime":959,"energy":{"pkg":56.085205078125,"pp0":0,"dram":13.05670166015625},"cycles":10895621223}
{"runtime":1072,"energy":{"pkg":56.9833984375,"pp0":0,"dram":13.84552001953125},"cycles":10908078338}
{"runtime":1136,"energy":{"pkg":60.8814697265625,"pp0":0,"dram":14.28204345703125},"cycles":10896847779}
{"runtime":908,"energy":{"pkg":54.557373046875,"pp0":0,"dram":12.5338134765625},"cycles":10919395590}
{"runtime":949,"energy":{"pkg":56.4014892578125,"pp0":0,"dram":12.6280517578125},"cycles":11008989769}
{"runtime":966,"energy":{"pkg":56.63812255859375,"pp0":0,"dram":13.1175537109375},"cycles":10891897171}
{"runtime":1211,"energy":{"pkg":59.9356689453125,"pp0":0,"dram":15.20477294921875},"cycles":10818528014}
{"runtime":1238,"energy":{"pkg":56.6793212890625,"pp0":0,"dram":16.375},"cycles":10794156249}
{"runtime":871,"energy":{"pkg":54.044921875,"pp0":0,"dram":12.05364990234375},"cycles":11047580159}
{"runtime":894,"energy":{"pkg":54.98370361328125,"pp0":0,"dram":12.428466796875},"cycles":10965986981}
{"runtime":947,"energy":{"pkg":56.0108642578125,"pp0":0,"dram":12.939453125},"cycles":10858148504}
{"runtime":894,"energy":{"pkg":54.15179443359375,"pp0":0,"dram":12.263916015625},"cycles":10967342714}
{"runtime":916,"energy":{"pkg":53.43359375,"pp0":0,"dram":12.6827392578125},"cycles":10953977816}
{"runtime":1230,"energy":{"pkg":59.64959716796875,"pp0":0,"dram":16.23236083984375},"cycles":10795065844}
{"runtime":864,"energy":{"pkg":53.4815673828125,"pp0":0,"dram":12.0418701171875},"cycles":10976483303}
{"runtime":852,"energy":{"pkg":52.9801025390625,"pp0":0,"dram":12.075439453125},"cycles":11009176665}
{"runtime":976,"energy":{"pkg":54.89715576171875,"pp0":0,"dram":13.3541259765625},"cycles":10898023913}
{"runtime":1034,"energy":{"pkg":54.2144775390625,"pp0":0,"dram":13.91546630859375},"cycles":10861761670}
{"runtime":1128,"energy":{"pkg":57.958251953125,"pp0":0,"dram":14.9190673828125},"cycles":10897614038}
{"runtime":1105,"energy":{"pkg":60.4483642578125,"pp0":0,"dram":15.0347900390625},"cycles":11941409582}
{"runtime":1140,"energy":{"pkg":59.13690185546875,"pp0":0,"dram":14.5504150390625},"cycles":10979815810}
{"runtime":1062,"energy":{"pkg":56.6690673828125,"pp0":0,"dram":13.85443115234375},"cycles":10947904735}
{"runtime":952,"energy":{"pkg":54.0120849609375,"pp0":0,"dram":13.01495361328125},"cycles":10910895289}
{"runtime":1134,"energy":{"pkg":58.165771484375,"pp0":0,"dram":14.8037109375},"cycles":10863268371}
{"runtime":1021,"energy":{"pkg":56.83514404296875,"pp0":0,"dram":13.77423095703125},"cycles":10924799638}
{"runtime":1085,"energy":{"pkg":56.66510009765625,"pp0":0,"dram":14.0111083984375},"cycles":10948244308}
{"runtime":979,"energy":{"pkg":56.232177734375,"pp0":0,"dram":13.2158203125},"cycles":10887532719}
{"runtime":862,"energy":{"pkg":53.44085693359375,"pp0":0,"dram":11.94207763671875},"cycles":10973030900}
{"runtime":872,"energy":{"pkg":54.2943115234375,"pp0":0,"dram":12.05364990234375},"cycles":11025297719}
{"runtime":937,"energy":{"pkg":55.32147216796875,"pp0":0,"dram":12.88665771484375},"cycles":10898172743}
{"runtime":987,"energy":{"pkg":56.51513671875,"pp0":0,"dram":13.27960205078125},"cycles":10908917452}
{"runtime":891,"energy":{"pkg":51.53985595703125,"pp0":0,"dram":12.48565673828125},"cycles":10997555813}
{"runtime":1056,"energy":{"pkg":55.249755859375,"pp0":0,"dram":14.14776611328125},"cycles":10867010002}
{"runtime":1006,"energy":{"pkg":55.67266845703125,"pp0":0,"dram":13.4949951171875},"cycles":10903704693}
{"runtime":1210,"energy":{"pkg":59.8751220703125,"pp0":0,"dram":15.3719482421875},"cycles":10846304577}
{"runtime":886,"energy":{"pkg":54.30194091796875,"pp0":0,"dram":12.22576904296875},"cycles":11000808266}
{"runtime":896,"energy":{"pkg":54.3582763671875,"pp0":0,"dram":12.37115478515625},"cycles":11022898103}
{"runtime":968,"energy":{"pkg":52.526611328125,"pp0":0,"dram":13.10498046875},"cycles":10918728185}
{"runtime":1370,"energy":{"pkg":59.90423583984375,"pp0":0,"dram":17.42974853515625},"cycles":10763897674}
{"runtime":1231,"energy":{"pkg":58.7510986328125,"pp0":0,"dram":15.70538330078125},"cycles":10808058734}
{"runtime":1057,"energy":{"pkg":56.51336669921875,"pp0":0,"dram":13.96795654296875},"cycles":10842629475}
{"runtime":1016,"energy":{"pkg":56.4039306640625,"pp0":0,"dram":13.51177978515625},"cycles":10917451606}
{"runtime":1031,"energy":{"pkg":54.32037353515625,"pp0":0,"dram":13.90313720703125},"cycles":10895299082}
{"runtime":896,"energy":{"pkg":53.96844482421875,"pp0":0,"dram":12.28045654296875},"cycles":10970924690}
{"runtime":1245,"energy":{"pkg":56.5650634765625,"pp0":0,"dram":16.4107666015625},"cycles":10796552816}
{"runtime":959,"energy":{"pkg":56.398193359375,"pp0":0,"dram":13.07635498046875},"cycles":10927800405}
{"runtime":875,"energy":{"pkg":53.54962158203125,"pp0":0,"dram":12.16796875},"cycles":11000650014}
{"runtime":1025,"energy":{"pkg":56.0531005859375,"pp0":0,"dram":13.765869140625},"cycles":10874092298}
{"runtime":1244,"energy":{"pkg":58.8521728515625,"pp0":0,"dram":16.12664794921875},"cycles":10832940038}
{"runtime":1044,"energy":{"pkg":55.08111572265625,"pp0":0,"dram":14.20806884765625},"cycles":10876908075}
{"runtime":1052,"energy":{"pkg":57.15771484375,"pp0":0,"dram":13.94915771484375},"cycles":10852715012}
{"runtime":869,"energy":{"pkg":53.7510986328125,"pp0":0,"dram":11.9986572265625},"cycles":11005361348}
{"runtime":1015,"energy":{"pkg":54.41448974609375,"pp0":0,"dram":13.76617431640625},"cycles":10849802918}
{"runtime":1072,"energy":{"pkg":56.0504150390625,"pp0":0,"dram":13.953125},"cycles":10927911738}
{"runtime":1003,"energy":{"pkg":56.24951171875,"pp0":0,"dram":13.2181396484375},"cycles":10893164910}
{"runtime":1158,"energy":{"pkg":58.33203125,"pp0":0,"dram":14.88641357421875},"cycles":10829768031}
{"runtime":999,"energy":{"pkg":56.02850341796875,"pp0":0,"dram":13.3621826171875},"cycles":10910254575}
{"runtime":1017,"energy":{"pkg":56.30548095703125,