{"runtime":933,"energy":{"pkg":38.76470947265625,"pp0":0,"dram":7.11639404296875},"cycles":14102904397}
{"runtime":915,"energy":{"pkg":38.82977294921875,"pp0":0,"dram":6.94012451171875},"cycles":14121460280}
{"runtime":1009,"energy":{"pkg":41.73333740234375,"pp0":0,"dram":7.67803955078125},"cycles":14107205196}
{"runtime":943,"energy":{"pkg":40.49591064453125,"pp0":0,"dram":6.99639892578125},"cycles":14367510982}
{"runtime":1325,"energy":{"pkg":52.47039794921875,"pp0":0,"dram":9.86053466796875},"cycles":16256396155}
{"runtime":946,"energy":{"pkg":41.3004150390625,"pp0":0,"dram":7.0960693359375},"cycles":14516875103}
{"runtime":1126,"energy":{"pkg":47.5670166015625,"pp0":0,"dram":8.50714111328125},"cycles":16344579586}
{"runtime":1156,"energy":{"pkg":48.49676513671875,"pp0":0,"dram":8.70556640625},"cycles":15937716856}
{"runtime":1088,"energy":{"pkg":46.943603515625,"pp0":0,"dram":8.1588134765625},"cycles":16296837153}
{"runtime":1065,"energy":{"pkg":45.56280517578125,"pp0":0,"dram":7.84429931640625},"cycles":15720998639}
{"runtime":1108,"energy":{"pkg":47.1319580078125,"pp0":0,"dram":8.25250244140625},"cycles":15710237583}
{"runtime":918,"energy":{"pkg":40.39141845703125,"pp0":0,"dram":6.96124267578125},"cycles":14652921247}
{"runtime":903,"energy":{"pkg":39.298828125,"pp0":0,"dram":6.8861083984375},"cycles":13932371811}
{"runtime":846,"energy":{"pkg":37.71575927734375,"pp0":0,"dram":6.38885498046875},"cycles":13793064176}
{"runtime":983,"energy":{"pkg":43.138427734375,"pp0":0,"dram":7.50189208984375},"cycles":14672285265}
{"runtime":968,"energy":{"pkg":41.47930908203125,"pp0":0,"dram":7.32940673828125},"cycles":14370420962}
{"runtime":916,"energy":{"pkg":40.463623046875,"pp0":0,"dram":6.919189453125},"cycles":14259198747}
{"runtime":942,"energy":{"pkg":42.77203369140625,"pp0":0,"dram":7.18292236328125},"cycles":15067469531}
{"runtime":952,"energy":{"pkg":42.11865234375,"pp0":0,"dram":7.253662109375},"cycles":14400748186}
{"runtime":1169,"energy":{"pkg":50.55889892578125,"pp0":0,"dram":9.1385498046875},"cycles":15671462285}
{"runtime":927,"energy":{"pkg":40.9459228515625,"pp0":0,"dram":7.1031494140625},"cycles":14074250935}
{"runtime":907,"energy":{"pkg":40.8717041015625,"pp0":0,"dram":6.95208740234375},"cycles":14163251703}
{"runtime":1116,"energy":{"pkg":48.43780517578125,"pp0":0,"dram":8.6663818359375},"cycles":15762521185}
{"runtime":1025,"energy":{"pkg":44.78369140625,"pp0":0,"dram":7.78173828125},"cycles":14710694248}
{"runtime":909,"energy":{"pkg":40.80706787109375,"pp0":0,"dram":6.97076416015625},"cycles":14221833211}
{"runtime":930,"energy":{"pkg":41.39703369140625,"pp0":0,"dram":7.27490234375},"cycles":14244694058}
{"runtime":928,"energy":{"pkg":42.68231201171875,"pp0":0,"dram":7.1114501953125},"cycles":15023343575}
{"runtime":927,"energy":{"pkg":41.94781494140625,"pp0":0,"dram":7.169921875},"cycles":14792272351}
{"runtime":898,"energy":{"pkg":40.2313232421875,"pp0":0,"dram":6.82623291015625},"cycles":14034129847}
{"runtime":976,"energy":{"pkg":42.8865966796875,"pp0":0,"dram":7.5220947265625},"cycles":14455567805}
{"runtime":926,"energy":{"pkg":42.28668212890625,"pp0":0,"dram":7.02337646484375},"cycles":14963933877}
{"runtime":978,"energy":{"pkg":42.95977783203125,"pp0":0,"dram":7.46649169921875},"cycles":14477374399}
{"runtime":945,"energy":{"pkg":42.1373291015625,"pp0":0,"dram":7.2926025390625},"cycles":14186967104}
{"runtime":949,"energy":{"pkg":41.7935791015625,"pp0":0,"dram":7.30059814453125},"cycles":14879684539}
{"runtime":938,"energy":{"pkg":41.65545654296875,"pp0":0,"dram":7.1553955078125},"cycles":14331251754}
{"runtime":918,"energy":{"pkg":40.63604736328125,"pp0":0,"dram":6.850830078125},"cycles":14098830530}
{"runtime":1050,"energy":{"pkg":46.7108154296875,"pp0":0,"dram":8.0980224609375},"cycles":15386021118}
{"runtime":953,"energy":{"pkg":42.37298583984375,"pp0":0,"dram":7.42425537109375},"cycles":14525819503}
{"runtime":1110,"energy":{"pkg":46.6602783203125,"pp0":0,"dram":8.404052734375},"cycles":14422181336}
{"runtime":1128,"energy":{"pkg":47.9620361328125,"pp0":0,"dram":8.69384765625},"cycles":14940201686}
{"runtime":992,"energy":{"pkg":42.27020263671875,"pp0":0,"dram":7.6258544921875},"cycles":13721725860}
{"runtime":956,"energy":{"pkg":42.49639892578125,"pp0":0,"dram":7.4154052734375},"cycles":14657932860}
{"runtime":1005,"energy":{"pkg":43.52862548828125,"pp0":0,"dram":7.5889892578125},"cycles":14454748456}
{"runtime":1096,"energy":{"pkg":46.669189453125,"pp0":0,"dram":8.3443603515625},"cycles":14658470321}
{"runtime":1056,"energy":{"pkg":45.9031982421875,"pp0":0,"dram":8.2110595703125},"cycles":15784218732}
{"runtime":994,"energy":{"pkg":43.07568359375,"pp0":0,"dram":7.6380615234375},"cycles":14647434510}
{"runtime":903,"energy":{"pkg":40.22637939453125,"pp0":0,"dram":7.014404296875},"cycles":14062768383}
{"runtime":964,"energy":{"pkg":42.853759765625,"pp0":0,"dram":7.4229736328125},"cycles":14616088083}
{"runtime":917,"energy":{"pkg":40.826904296875,"pp0":0,"dram":7.01129150390625},"cycles":14280715725}
{"runtime":1035,"energy":{"pkg":45.09906005859375,"pp0":0,"dram":7.8603515625},"cycles":14989581522}
{"runtime":948,"energy":{"pkg":41.6739501953125,"pp0":0,"dram":7.16522216796875},"cycles":14333467381}
{"runtime":934,"energy":{"pkg":41.138916015625,"pp0":0,"dram":7.15557861328125},"cycles":14027155743}
{"runtime":911,"energy":{"pkg":40.122802734375,"pp0":0,"dram":6.8916015625},"cycles":13962442493}
{"runtime":1048,"energy":{"pkg":45.56048583984375,"pp0":0,"dram":7.99041748046875},"cycles":14845019280}
{"runtime":924,"energy":{"pkg":41.64605712890625,"pp0":0,"dram":7.03216552734375},"cycles":14880754773}
{"runtime":1048,"energy":{"pkg":45.7908935546875,"pp0":0,"dram":8.0206298828125},"cycles":14762019854}
{"runtime":978,"energy":{"pkg":43.59979248046875,"pp0":0,"dram":7.45147705078125},"cycles":14645071178}
{"runtime":1086,"energy":{"pkg":46.731689453125,"pp0":0,"dram":8.11590576171875},"cycles":15396831875}
{"runtime":951,"energy":{"pkg":42.3902587890625,"pp0":0,"dram":7.312744140625},"cycles":14973404725}
{"runtime":923,"energy":{"pkg":41.623046875,"pp0":0,"dram":7.0828857421875},"cycles":14863711554}
{"runtime":1019,"energy":{"pkg":43.81427001953125,"pp0":0,"dram":7.83734130859375},"cycles":14195268372}
{"runtime":1108,"energy":{"pkg":47.318603515625,"pp0":0,"dram":8.4591064453125},"cycles":15409598035}
{"runtime":937,"energy":{"pkg":40.91485595703125,"pp0":0,"dram":7.2913818359375},"cycles":13973161616}
{"runtime":968,"energy":{"pkg":42.1724853515625,"pp0":0,"dram":7.49749755859375},"cycles":14295329996}
{"runtime":961,"energy":{"pkg":42.59893798828125,"pp0":0,"dram":7.26995849609375},"cycles":15068817107}
{"runtime":908,"energy":{"pkg":40.27734375,"pp0":0,"dram":6.99151611328125},"cycles":14029545476}
{"runtime":951,"energy":{"pkg":41.783203125,"pp0":0,"dram":7.1751708984375},"cycles":14271166410}
{"runtime":1070,"energy":{"pkg":45.81915283203125,"pp0":0,"dram":8.236572265625},"cycles":14634254820}
{"runtime":951,"energy":{"pkg":42.49273681640625,"pp0":0,"dram":7.29486083984375},"cycles":15099037262}
{"runtime":1026,"energy":{"pkg":44.4510498046875,"pp0":0,"dram":7.82440185546875},"cycles":15154999781}
{"runtime":1028,"energy":{"pkg":44.87493896484375,"pp0":0,"dram":7.8272705078125},"cycles":15474756726}
{"runtime":951,"energy":{"pkg":42.46820068359375,"pp0":0,"dram":7.30999755859375},"cycles":14413496662}
{"runtime":1035,"energy":{"pkg":44.865966796875,"pp0":0,"dram":7.92437744140625},"cycles":15103943028}
{"runtime":917,"energy":{"pkg":40.6241455078125,"pp0":0,"dram":6.9805908203125},"cycles":14187438049}
{"runtime":912,"energy":{"pkg":40.39373779296875,"pp0":0,"dram":6.94329833984375},"cycles":14054857241}
{"runtime":984,"energy":{"pkg":42.64801025390625,"pp0":0,"dram":7.5811767578125},"cycles":14478119355}
{"runtime":1104,"energy":{"pkg":47.41156005859375,"pp0":0,"dram":8.35113525390625},"cycles":15479850872}
{"runtime":917,"energy":{"pkg":41.72845458984375,"pp0":0,"dram":7.10882568359375},