{"runtime":2814,"energy":{"pkg":220.30352783203125,"pp0":0,"dram":25.10687255859375},"cycles":79170979445}
{"runtime":3278,"energy":{"pkg":232.88031005859375,"pp0":0,"dram":29.3525390625},"cycles":79179805317}
{"runtime":3297,"energy":{"pkg":228.13433837890625,"pp0":0,"dram":29.47186279296875},"cycles":79264497906}
{"runtime":2861,"energy":{"pkg":223.8221435546875,"pp0":0,"dram":25.7547607421875},"cycles":79164722226}
{"runtime":3044,"energy":{"pkg":224.49517822265625,"pp0":0,"dram":26.878662109375},"cycles":79209502871}
{"runtime":2806,"energy":{"pkg":224.1917724609375,"pp0":0,"dram":24.759521484375},"cycles":79186211145}
{"runtime":2752,"energy":{"pkg":223.98712158203125,"pp0":0,"dram":24.49517822265625},"cycles":79159389616}
{"runtime":2918,"energy":{"pkg":229.4322509765625,"pp0":0,"dram":25.98345947265625},"cycles":79127259472}
{"runtime":3290,"energy":{"pkg":237.97027587890625,"pp0":0,"dram":29.0966796875},"cycles":79243370194}
{"runtime":3488,"energy":{"pkg":245.67974853515625,"pp0":0,"dram":30.2763671875},"cycles":79208164119}
{"runtime":2865,"energy":{"pkg":228.47503662109375,"pp0":0,"dram":25.43450927734375},"cycles":79131431261}
{"runtime":3359,"energy":{"pkg":238.7298583984375,"pp0":0,"dram":30.05224609375},"cycles":79280089434}
{"runtime":2879,"energy":{"pkg":229.894287109375,"pp0":0,"dram":25.72344970703125},"cycles":79092985272}
{"runtime":2890,"energy":{"pkg":230.12347412109375,"pp0":0,"dram":25.60748291015625},"cycles":79112828410}
{"runtime":3011,"energy":{"pkg":230.70538330078125,"pp0":0,"dram":26.79736328125},"cycles":79228770346}
{"runtime":2819,"energy":{"pkg":229.601806640625,"pp0":0,"dram":25.127685546875},"cycles":79045661995}
{"runtime":2879,"energy":{"pkg":232.77789306640625,"pp0":0,"dram":25.90692138671875},"cycles":79201559416}
{"runtime":2858,"energy":{"pkg":234.16790771484375,"pp0":0,"dram":25.62750244140625},"cycles":79125315892}
{"runtime":2861,"energy":{"pkg":233.0928955078125,"pp0":0,"dram":25.78875732421875},"cycles":79163708826}
{"runtime":2831,"energy":{"pkg":234.61370849609375,"pp0":0,"dram":25.61669921875},"cycles":79355723297}
{"runtime":3279,"energy":{"pkg":244.3077392578125,"pp0":0,"dram":29.55450439453125},"cycles":79219472506}
{"runtime":2833,"energy":{"pkg":232.471435546875,"pp0":0,"dram":25.7177734375},"cycles":79185396163}
{"runtime":2857,"energy":{"pkg":232.1778564453125,"pp0":0,"dram":25.6182861328125},"cycles":79197372020}
{"runtime":3270,"energy":{"pkg":241.55731201171875,"pp0":0,"dram":29.6490478515625},"cycles":79163059119}
{"runtime":2904,"energy":{"pkg":235.43194580078125,"pp0":0,"dram":26.1943359375},"cycles":79249446506}
{"runtime":3372,"energy":{"pkg":244.1712646484375,"pp0":0,"dram":30.57867431640625},"cycles":79071193231}
{"runtime":3223,"energy":{"pkg":242.06903076171875,"pp0":0,"dram":29.10186767578125},"cycles":79169227463}
{"runtime":2776,"energy":{"pkg":231.40203857421875,"pp0":0,"dram":24.95404052734375},"cycles":79121295618}
{"runtime":2867,"energy":{"pkg":231.8292236328125,"pp0":0,"dram":25.89581298828125},"cycles":79166563154}
{"runtime":2943,"energy":{"pkg":236.44781494140625,"pp0":0,"dram":26.462890625},"cycles":79318567261}
{"runtime":2779,"energy":{"pkg":230.7493896484375,"pp0":0,"dram":24.9403076171875},"cycles":79114616242}
{"runtime":3239,"energy":{"pkg":240.27349853515625,"pp0":0,"dram":29.088134765625},"cycles":79139736428}
{"runtime":2837,"energy":{"pkg":231.923583984375,"pp0":0,"dram":25.46893310546875},"cycles":79143704166}
{"runtime":3271,"energy":{"pkg":247.14495849609375,"pp0":0,"dram":29.39727783203125},"cycles":79283661999}
{"runtime":2809,"energy":{"pkg":230.41278076171875,"pp0":0,"dram":25.24896240234375},"cycles":79193670671}
{"runtime":2803,"energy":{"pkg":229.69647216796875,"pp0":0,"dram":25.1688232421875},"cycles":79163874218}
{"runtime":2813,"energy":{"pkg":229.380615234375,"pp0":0,"dram":25.24932861328125},"cycles":79188142294}
{"runtime":2821,"energy":{"pkg":230.5067138671875,"pp0":0,"dram":25.21588134765625},"cycles":79048069537}
{"runtime":2784,"energy":{"pkg":230.94403076171875,"pp0":0,"dram":24.92529296875},"cycles":79267675075}
{"runtime":2925,"energy":{"pkg":235.33941650390625,"pp0":0,"dram":26.23040771484375},"cycles":79226275617}
{"runtime":3287,"energy":{"pkg":238.612060546875,"pp0":0,"dram":29.219482421875},"cycles":79184270907}
{"runtime":2847,"energy":{"pkg":231.84588623046875,"pp0":0,"dram":25.6790771484375},"cycles":79227065916}
{"runtime":3295,"energy":{"pkg":247.9627685546875,"pp0":0,"dram":29.40618896484375},"cycles":79130499807}
{"runtime":2821,"energy":{"pkg":231.184814453125,"pp0":0,"dram":25.4544677734375},"cycles":79194889850}
{"runtime":2729,"energy":{"pkg":229.09033203125,"pp0":0,"dram":24.65234375},"cycles":79026331559}
{"runtime":3174,"energy":{"pkg":238.11737060546875,"pp0":0,"dram":28.1002197265625},"cycles":79198160581}
{"runtime":3287,"energy":{"pkg":235.37335205078125,"pp0":0,"dram":29.65313720703125},"cycles":79230086403}
{"runtime":2884,"energy":{"pkg":232.6025390625,"pp0":0,"dram":25.97918701171875},"cycles":79017063529}
{"runtime":2801,"energy":{"pkg":230.0626220703125,"pp0":0,"dram":25.160400390625},"cycles":79152730930}
{"runtime":3297,"energy":{"pkg":249.29327392578125,"pp0":0,"dram":29.305908203125},"cycles":79136652081}
{"runtime":3287,"energy":{"pkg":240.12579345703125,"pp0":0,"dram":29.45477294921875},"cycles":79153777548}
{"runtime":2883,"energy":{"pkg":232.96185302734375,"pp0":0,"dram":25.9566650390625},"cycles":79198606951}
{"runtime":2829,"energy":{"pkg":230.63800048828125,"pp0":0,"dram":25.42144775390625},"cycles":79172942564}
{"runtime":3431,"energy":{"pkg":245.7593994140625,"pp0":0,"dram":30.43310546875},"cycles":79213404791}
{"runtime":2781,"energy":{"pkg":230.238525390625,"pp0":0,"dram":24.92120361328125},"cycles":79166235822}
{"runtime":3294,"energy":{"pkg":241.344482421875,"pp0":0,"dram":29.5341796875},"cycles":79157770201}
{"runtime":3200,"energy":{"pkg":240.2293701171875,"pp0":0,"dram":28.27618408203125},"cycles":79076037722}
{"runtime":3171,"energy":{"pkg":243.8411865234375,"pp0":0,"dram":27.63800048828125},"cycles":79236105999}
{"runtime":2927,"energy":{"pkg":235.8006591796875,"pp0":0,"dram":26.062255859375},"cycles":79151090979}
{"runtime":3194,"energy":{"pkg":244.8917236328125,"pp0":0,"dram":28.07147216796875},"cycles":79190000264}
{"runtime":3173,"energy":{"pkg":245.7144775390625,"pp0":0,"dram":28.6246337890625},"cycles":79157540752}
{"runtime":2725,"energy":{"pkg":228.6571044921875,"pp0":0,"dram":24.449462890625},"cycles":79182504227}
{"runtime":2815,"energy":{"pkg":229.616455078125,"pp0":0,"dram":25.4578857421875},"cycles":79186823949}
{"runtime":2971,"energy":{"pkg":236.546875,"pp0":0,"dram":26.95928955078125},"cycles":79257501860}
{"runtime":2732,"energy":{"pkg":228.7801513671875,"pp0":0,"dram":24.6593017578125},"cycles":79149091779}
{"runtime":3270,"energy":{"pkg":241.86163330078125,"pp0":0,"dram":29.4541015625},"cycles":79091991560}
{"runtime":2841,"energy":{"pkg":230.4676513671875,"pp0":0,"dram":25.5205078125},"cycles":79185482850}
{"runtime":3287,"energy":{"pkg":241.843505859375,"pp0":0,"dram":29.54083251953125},"cycles":79217894720}
{"runtime":2730,"energy":{"pkg":228.5203857421875,"pp0":0,"dram":24.5113525390625},"cycles":79182359648}
{"runtime":3295,"energy":{"pkg":235.79217529296875,"pp0":0,"dram":29.56988525390625},"cycles":79231619015}
{"runtime":3372,"energy":{"pkg":244.23199462890625,"pp0":0,"dram":30.333740234375},"cycles":79168110289}
{"runtime":2818,"energy":{"pkg":231.1748046875,"pp0":0,"dram":25.32781982421875},"cycles":79203692438}
{"runtime":3279,"energy":{"pkg":248.3990478515625,"pp0":0,"dram":29.51849365234375},"cycles":79196359134}
{"runtime":2813,"energy":{"pkg":230.209228515625,"pp0":0,"dram":25.2540283203125},"cycles":79165641272}
{"runtime":3248,"energy":{"pkg":241.1326904296875,"pp0":0,"dram":29.174072265625},"cycles":79206827444}
{"runtime":2748,"energy":{"pkg":229.7972412109375,"pp0":0,"dram":24.67449951171875},"cycles":79122363445}
{"runtime":2730,