{"runtime":3777,"energy":{"pkg":141.9505615234375,"pp0":0,"dram":27.8724365234375},"cycles":10796752721}
{"runtime":3985,"energy":{"pkg":148.600830078125,"pp0":0,"dram":29.70751953125},"cycles":10937489183}
{"runtime":3807,"energy":{"pkg":143.35418701171875,"pp0":0,"dram":28.3349609375},"cycles":10800948020}
{"runtime":3635,"energy":{"pkg":139.71856689453125,"pp0":0,"dram":26.69732666015625},"cycles":10819223098}
{"runtime":3638,"energy":{"pkg":139.8853759765625,"pp0":0,"dram":26.45562744140625},"cycles":10800982746}
{"runtime":3793,"energy":{"pkg":144.8748779296875,"pp0":0,"dram":27.5458984375},"cycles":10859163862}
{"runtime":3921,"energy":{"pkg":148.46124267578125,"pp0":0,"dram":28.78411865234375},"cycles":10801019676}
{"runtime":3627,"energy":{"pkg":140.015869140625,"pp0":0,"dram":26.7337646484375},"cycles":10800101594}
{"runtime":3794,"energy":{"pkg":145.5440673828125,"pp0":0,"dram":27.5042724609375},"cycles":10846013974}
{"runtime":3691,"energy":{"pkg":142.032470703125,"pp0":0,"dram":27.18267822265625},"cycles":10792401152}
{"runtime":3922,"energy":{"pkg":149.55194091796875,"pp0":0,"dram":28.80767822265625},"cycles":10803187388}
{"runtime":3806,"energy":{"pkg":145.893310546875,"pp0":0,"dram":28.27325439453125},"cycles":10800635481}
{"runtime":3645,"energy":{"pkg":141.50933837890625,"pp0":0,"dram":27.013427734375},"cycles":10846859203}
{"runtime":3644,"energy":{"pkg":141.3349609375,"pp0":0,"dram":26.92083740234375},"cycles":10846215802}
{"runtime":3638,"energy":{"pkg":141.06805419921875,"pp0":0,"dram":27.04595947265625},"cycles":10795730270}
{"runtime":3641,"energy":{"pkg":141.6328125,"pp0":0,"dram":27.0977783203125},"cycles":10803572985}
{"runtime":3900,"energy":{"pkg":149.47686767578125,"pp0":0,"dram":28.96966552734375},"cycles":10796874574}
{"runtime":3962,"energy":{"pkg":153.0682373046875,"pp0":0,"dram":29.63372802734375},"cycles":10795858564}
{"runtime":3636,"energy":{"pkg":144.29400634765625,"pp0":0,"dram":27.2501220703125},"cycles":10805044154}
{"runtime":3644,"energy":{"pkg":144.94195556640625,"pp0":0,"dram":27.2969970703125},"cycles":10844933125}
{"runtime":3908,"energy":{"pkg":153.0025634765625,"pp0":0,"dram":29.31695556640625},"cycles":10788735131}
{"runtime":3778,"energy":{"pkg":149.49603271484375,"pp0":0,"dram":28.34283447265625},"cycles":10801697859}
{"runtime":3636,"energy":{"pkg":145.81768798828125,"pp0":0,"dram":27.28680419921875},"cycles":10804954029}
{"runtime":3925,"energy":{"pkg":152.86248779296875,"pp0":0,"dram":29.723876953125},"cycles":10798155530}
{"runtime":3643,"energy":{"pkg":143.9307861328125,"pp0":0,"dram":27.3017578125},"cycles":10843138205}
{"runtime":3628,"energy":{"pkg":142.8162841796875,"pp0":0,"dram":27.46307373046875},"cycles":10801350789}
{"runtime":3843,"energy":{"pkg":151.03271484375,"pp0":0,"dram":28.6573486328125},"cycles":10799283159}
{"runtime":3632,"energy":{"pkg":142.33807373046875,"pp0":0,"dram":27.24932861328125},"cycles":10799944434}
{"runtime":3628,"energy":{"pkg":142.65863037109375,"pp0":0,"dram":27.5245361328125},"cycles":10800886308}
{"runtime":3835,"energy":{"pkg":149.21612548828125,"pp0":0,"dram":28.9696044921875},"cycles":10799463607}
{"runtime":4005,"energy":{"pkg":154.04022216796875,"pp0":0,"dram":29.6878662109375},"cycles":10804934866}
{"runtime":3639,"energy":{"pkg":143.28826904296875,"pp0":0,"dram":27.360595703125},"cycles":10799911350}
{"runtime":3770,"energy":{"pkg":146.2177734375,"pp0":0,"dram":28.50408935546875},"cycles":10795953238}
{"runtime":3804,"energy":{"pkg":148.06524658203125,"pp0":0,"dram":28.74041748046875},"cycles":10800618387}
{"runtime":3778,"energy":{"pkg":147.4853515625,"pp0":0,"dram":28.22265625},"cycles":10798659119}
{"runtime":3774,"energy":{"pkg":148.05816650390625,"pp0":0,"dram":28.0313720703125},"cycles":10794115601}
{"runtime":3637,"energy":{"pkg":144.727783203125,"pp0":0,"dram":26.98760986328125},"cycles":10802830587}
{"runtime":3631,"energy":{"pkg":142.32684326171875,"pp0":0,"dram":27.23956298828125},"cycles":10797721920}
{"runtime":3905,"energy":{"pkg":152.4410400390625,"pp0":0,"dram":29.08984375},"cycles":10799504747}
{"runtime":3846,"energy":{"pkg":149.96484375,"pp0":0,"dram":28.90118408203125},"cycles":10803805820}
{"runtime":3646,"energy":{"pkg":142.921630859375,"pp0":0,"dram":27.02984619140625},"cycles":10798543535}
{"runtime":4008,"energy":{"pkg":153.64166259765625,"pp0":0,"dram":29.902099609375},"cycles":10794543126}
{"runtime":3641,"energy":{"pkg":142.786376953125,"pp0":0,"dram":27.2235107421875},"cycles":10800204838}
{"runtime":3924,"energy":{"pkg":151.20855712890625,"pp0":0,"dram":29.71075439453125},"cycles":10858767530}
{"runtime":3627,"energy":{"pkg":142.21484375,"pp0":0,"dram":27.35302734375},"cycles":10792800008}
{"runtime":4019,"energy":{"pkg":155.59722900390625,"pp0":0,"dram":30.09674072265625},"cycles":10804018940}
{"runtime":3634,"energy":{"pkg":141.6865234375,"pp0":0,"dram":27.305908203125},"cycles":10803501668}
{"runtime":3623,"energy":{"pkg":141.9146728515625,"pp0":0,"dram":27.26605224609375},"cycles":10800985287}
{"runtime":3777,"energy":{"pkg":147.89471435546875,"pp0":0,"dram":28.1588134765625},"cycles":10799439262}
{"runtime":3634,"energy":{"pkg":145.0850830078125,"pp0":0,"dram":27.34075927734375},"cycles":10804234496}
{"runtime":3826,"energy":{"pkg":148.19158935546875,"pp0":0,"dram":28.694580078125},"cycles":10796064784}
{"runtime":3631,"energy":{"pkg":142.791748046875,"pp0":0,"dram":27.2646484375},"cycles":10800379354}
{"runtime":3774,"energy":{"pkg":146.7611083984375,"pp0":0,"dram":28.15863037109375},"cycles":10799200795}
{"runtime":3634,"energy":{"pkg":142.5738525390625,"pp0":0,"dram":27.229248046875},"cycles":10797252852}
{"runtime":3993,"energy":{"pkg":153.42913818359375,"pp0":0,"dram":29.943115234375},"cycles":10798496683}
{"runtime":3906,"energy":{"pkg":151.0037841796875,"pp0":0,"dram":29.1358642578125},"cycles":10797989860}
{"runtime":3978,"energy":{"pkg":153.40582275390625,"pp0":0,"dram":29.48724365234375},"cycles":10799646516}
{"runtime":3959,"energy":{"pkg":151.646484375,"pp0":0,"dram":29.72491455078125},"cycles":10801042405}
{"runtime":3639,"energy":{"pkg":142.959716796875,"pp0":0,"dram":27.2969970703125},"cycles":10803606326}
{"runtime":3642,"energy":{"pkg":144.3358154296875,"pp0":0,"dram":27.28814697265625},"cycles":10804191813}
{"runtime":3937,"energy":{"pkg":153.9332275390625,"pp0":0,"dram":29.60125732421875},"cycles":10799902577}
{"runtime":3635,"energy":{"pkg":144.91180419921875,"pp0":0,"dram":27.1414794921875},"cycles":10797455477}
{"runtime":3877,"energy":{"pkg":149.148681640625,"pp0":0,"dram":29.3623046875},"cycles":10793638764}
{"runtime":3785,"energy":{"pkg":146.82891845703125,"pp0":0,"dram":28.49615478515625},"cycles":10803893615}
{"runtime":3635,"energy":{"pkg":142.61407470703125,"pp0":0,"dram":27.37274169921875},"cycles":10795681588}
{"runtime":3917,"energy":{"pkg":152.64068603515625,"pp0":0,"dram":29.48297119140625},"cycles":10800058016}
{"runtime":3771,"energy":{"pkg":146.72943115234375,"pp0":0,"dram":28.1082763671875},"cycles":10801589984}
{"runtime":3634,"energy":{"pkg":142.7491455078125,"pp0":0,"dram":27.3990478515625},"cycles":10795726605}
{"runtime":3652,"energy":{"pkg":145.619384765625,"pp0":0,"dram":27.25311279296875},"cycles":10847000351}
{"runtime":3629,"energy":{"pkg":142.51287841796875,"pp0":0,"dram":27.41973876953125},"cycles":10802090644}
{"runtime":3780,"energy":{"pkg":147.2392578125,"pp0":0,"dram":28.46734619140625},"cycles":10801030051}
{"runtime":3777,"energy":{"pkg":146.732177734375,"pp0":0,"dram":28.665771484375},"cycles":10801071904}
{"runtime":3869,"energy":{"pkg":148.76824951171875,"pp0":0,"dram":29.23699951171875},"cycles":10844362522}
{"runtime":3639,"energy":{"pkg":143.44476318359375,"pp0":0,"dram":27.34027099609375},"cycles":10804088164}
{"runtime":3641,"energy":{"pkg":143.1353759765625,"pp0":0,"dram":27.32257080078125},"cycles":10797747443}
{"runtime":3792,"energy":{"pkg":147.2540283203125,"pp0":0,"dram":28.6640625},"cycles":10846717445}
{"runtime":3780,