{"runtime":777,"energy":{"pkg":29.32427978515625,"pp0":0,"dram":5.8802490234375},"cycles":2304945677}
{"runtime":1181,"energy":{"pkg":35.076904296875,"pp0":0,"dram":8.7252197265625},"cycles":2302812863}
{"runtime":986,"energy":{"pkg":35.54071044921875,"pp0":0,"dram":7.3533935546875},"cycles":2316379879}
{"runtime":1089,"energy":{"pkg":35.0345458984375,"pp0":0,"dram":8.03564453125},"cycles":2349630100}
{"runtime":1097,"energy":{"pkg":35.15191650390625,"pp0":0,"dram":7.981689453125},"cycles":2343636009}
{"runtime":1313,"energy":{"pkg":38.5894775390625,"pp0":0,"dram":9.56524658203125},"cycles":2326311966}
{"runtime":1254,"energy":{"pkg":37.565673828125,"pp0":0,"dram":9.22857666015625},"cycles":2299592322}
{"runtime":982,"energy":{"pkg":35.85174560546875,"pp0":0,"dram":7.2730712890625},"cycles":2297517320}
{"runtime":1151,"energy":{"pkg":36.38482666015625,"pp0":0,"dram":8.37554931640625},"cycles":2301916140}
{"runtime":819,"energy":{"pkg":30.98516845703125,"pp0":0,"dram":6.09869384765625},"cycles":2369788395}
{"runtime":802,"energy":{"pkg":30.4718017578125,"pp0":0,"dram":5.92315673828125},"cycles":2298586900}
{"runtime":774,"energy":{"pkg":30.07928466796875,"pp0":0,"dram":5.79595947265625},"cycles":2301120021}
{"runtime":793,"energy":{"pkg":30.8359375,"pp0":0,"dram":5.93035888671875},"cycles":2315469515}
{"runtime":1388,"energy":{"pkg":40.7000732421875,"pp0":0,"dram":10.29052734375},"cycles":2305990322}
{"runtime":790,"energy":{"pkg":30.72100830078125,"pp0":0,"dram":5.94329833984375},"cycles":2348774624}
{"runtime":984,"energy":{"pkg":36.2274169921875,"pp0":0,"dram":7.361328125},"cycles":2317355205}
{"runtime":818,"energy":{"pkg":31.92181396484375,"pp0":0,"dram":6.20086669921875},"cycles":2435111632}
{"runtime":810,"energy":{"pkg":31.90557861328125,"pp0":0,"dram":6.06146240234375},"cycles":2410104028}
{"runtime":779,"energy":{"pkg":30.9732666015625,"pp0":0,"dram":5.927734375},"cycles":2298090600}
{"runtime":789,"energy":{"pkg":31.06085205078125,"pp0":0,"dram":5.96356201171875},"cycles":2322000340}
{"runtime":773,"energy":{"pkg":30.515869140625,"pp0":0,"dram":5.90899658203125},"cycles":2296010428}
{"runtime":1320,"energy":{"pkg":40.11285400390625,"pp0":0,"dram":9.94989013671875},"cycles":2323852565}
{"runtime":843,"energy":{"pkg":32.66046142578125,"pp0":0,"dram":6.31121826171875},"cycles":2417321058}
{"runtime":773,"energy":{"pkg":30.70452880859375,"pp0":0,"dram":5.8372802734375},"cycles":2304703504}
{"runtime":1384,"energy":{"pkg":41.631103515625,"pp0":0,"dram":10.39349365234375},"cycles":2298665533}
{"runtime":801,"energy":{"pkg":30.81231689453125,"pp0":0,"dram":6.19012451171875},"cycles":2299426933}
{"runtime":1002,"energy":{"pkg":36.98968505859375,"pp0":0,"dram":7.61163330078125},"cycles":2312410534}
{"runtime":844,"energy":{"pkg":32.7513427734375,"pp0":0,"dram":6.4090576171875},"cycles":2424694679}
{"runtime":1009,"energy":{"pkg":37.65216064453125,"pp0":0,"dram":7.6395263671875},"cycles":2375282630}
{"runtime":804,"energy":{"pkg":32.0283203125,"pp0":0,"dram":6.076904296875},"cycles":2364997137}
{"runtime":977,"energy":{"pkg":36.4075927734375,"pp0":0,"dram":7.2705078125},"cycles":2301429894}
{"runtime":997,"energy":{"pkg":37.163818359375,"pp0":0,"dram":7.54254150390625},"cycles":2297687100}
{"runtime":788,"energy":{"pkg":31.0574951171875,"pp0":0,"dram":5.926513671875},"cycles":2343908917}
{"runtime":782,"energy":{"pkg":31.04193115234375,"pp0":0,"dram":5.8768310546875},"cycles":2303899394}
{"runtime":1141,"energy":{"pkg":37.23291015625,"pp0":0,"dram":8.585693359375},"cycles":2337803628}
{"runtime":795,"energy":{"pkg":31.32940673828125,"pp0":0,"dram":5.91839599609375},"cycles":2363241080}
{"runtime":1182,"energy":{"pkg":37.92193603515625,"pp0":0,"dram":8.8233642578125},"cycles":2315856400}
{"runtime":995,"energy":{"pkg":36.666259765625,"pp0":0,"dram":7.29327392578125},"cycles":2313309454}
{"runtime":1373,"energy":{"pkg":40.90228271484375,"pp0":0,"dram":10.32171630859375},"cycles":2302806528}
{"runtime":774,"energy":{"pkg":30.6802978515625,"pp0":0,"dram":5.865234375},"cycles":2300688937}
{"runtime":783,"energy":{"pkg":30.86163330078125,"pp0":0,"dram":5.91156005859375},"cycles":2307739766}
{"runtime":771,"energy":{"pkg":30.40460205078125,"pp0":0,"dram":5.808837890625},"cycles":2298008900}
{"runtime":774,"energy":{"pkg":30.5718994140625,"pp0":0,"dram":5.732421875},"cycles":2299317200}
{"runtime":807,"energy":{"pkg":31.8062744140625,"pp0":0,"dram":6.1651611328125},"cycles":2404199788}
{"runtime":1006,"energy":{"pkg":37.723876953125,"pp0":0,"dram":7.6446533203125},"cycles":2318141562}
{"runtime":795,"energy":{"pkg":30.96429443359375,"pp0":0,"dram":6.0194091796875},"cycles":2312959317}
{"runtime":775,"energy":{"pkg":30.51171875,"pp0":0,"dram":5.7547607421875},"cycles":2305548101}
{"runtime":788,"energy":{"pkg":30.9996337890625,"pp0":0,"dram":6.00018310546875},"cycles":2321326025}
{"runtime":810,"energy":{"pkg":31.57952880859375,"pp0":0,"dram":6.1143798828125},"cycles":2303859604}
{"runtime":810,"energy":{"pkg":31.25115966796875,"pp0":0,"dram":6.1151123046875},"cycles":2315403164}
{"runtime":990,"energy":{"pkg":36.71771240234375,"pp0":0,"dram":7.43218994140625},"cycles":2294507454}
{"runtime":1335,"energy":{"pkg":40.5289306640625,"pp0":0,"dram":10.0511474609375},"cycles":2311391790}
{"runtime":1267,"energy":{"pkg":38.902099609375,"pp0":0,"dram":9.45703125},"cycles":2306820714}
{"runtime":1120,"energy":{"pkg":37.12493896484375,"pp0":0,"dram":8.47100830078125},"cycles":2345418609}
{"runtime":846,"energy":{"pkg":32.5216064453125,"pp0":0,"dram":6.30401611328125},"cycles":2405128755}
{"runtime":1004,"energy":{"pkg":37.54815673828125,"pp0":0,"dram":7.57891845703125},"cycles":2344521354}
{"runtime":817,"energy":{"pkg":31.89385986328125,"pp0":0,"dram":6.13104248046875},"cycles":2433770063}
{"runtime":794,"energy":{"pkg":30.97186279296875,"pp0":0,"dram":5.93829345703125},"cycles":2360545812}
{"runtime":813,"energy":{"pkg":31.42401123046875,"pp0":0,"dram":6.13677978515625},"cycles":2312840097}
{"runtime":792,"energy":{"pkg":30.56072998046875,"pp0":0,"dram":6.04412841796875},"cycles":2299639963}
{"runtime":1012,"energy":{"pkg":37.6287841796875,"pp0":0,"dram":7.56549072265625},"cycles":2362144887}
{"runtime":809,"energy":{"pkg":31.19488525390625,"pp0":0,"dram":6.09912109375},"cycles":2316541965}
{"runtime":1380,"energy":{"pkg":41.1156005859375,"pp0":0,"dram":10.49444580078125},"cycles":2318033875}
{"runtime":776,"energy":{"pkg":30.4522705078125,"pp0":0,"dram":5.84661865234375},"cycles":2305480876}
{"runtime":779,"energy":{"pkg":30.4881591796875,"pp0":0,"dram":5.8736572265625},"cycles":2304583308}
{"runtime":1019,"energy":{"pkg":37.53778076171875,"pp0":0,"dram":7.70477294921875},"cycles":2364376988}
{"runtime":1123,"energy":{"pkg":36.53656005859375,"pp0":0,"dram":8.41162109375},"cycles":2309511106}
{"runtime":797,"energy":{"pkg":30.8370361328125,"pp0":0,"dram":6.002197265625},"cycles":2306232359}
{"runtime":783,"energy":{"pkg":30.76434326171875,"pp0":0,"dram":5.9464111328125},"cycles":2310006405}
{"runtime":792,"energy":{"pkg":31.08306884765625,"pp0":0,"dram":6.0244140625},"cycles":2313904055}
{"runtime":1326,"energy":{"pkg":40.33148193359375,"pp0":0,"dram":10.10333251953125},"cycles":2324129570}
{"runtime":775,"energy":{"pkg":30.3209228515625,"pp0":0,"dram":5.93292236328125},"cycles":2300453325}
{"runtime":829,"energy":{"pkg":31.76397705078125,"pp0":0,"dram":6.350341796875},"cycles":2397221428}
{"runtime":802,"energy":{"pkg":30.91033935546875,"pp0":0,"dram":6.0845947265625},"cycles":2313299510}
{"runtime":1327,"energy":{"pkg":40.03656005859375,"pp0":0,"dram":10.02850341796875},"cycles":2323114718}
{"runtime":777,"energy":{"pkg":30.6300048828125,"pp0":0,"dram":6.02264404296875},"cycles":2314077700}
{"runtime":1156,"energy":{"pkg":37.4161376953125,"pp0":0,"dram":8.79132080078125},"cycles":2300278450}
{"runtime":1155,"energy":{"pkg":37.40972900390625,"pp0":0,"dram":8.78631591796875},"cycles":2333991721}
{"runtime":850,"energy":{"pkg":32.4498291015625,"pp0":0,