{"runtime":1501,"energy":{"pkg":55.619384765625,"pp0":0,"dram":14.5926513671875},"cycles":11027786877}
{"runtime":1077,"energy":{"pkg":49.23956298828125,"pp0":0,"dram":11.14031982421875},"cycles":10391785975}
{"runtime":1323,"energy":{"pkg":55.57366943359375,"pp0":0,"dram":13.31298828125},"cycles":10665068878}
{"runtime":1037,"energy":{"pkg":48.1771240234375,"pp0":0,"dram":11.007080078125},"cycles":10606429879}
{"runtime":1049,"energy":{"pkg":49.01513671875,"pp0":0,"dram":10.928466796875},"cycles":10268378483}
{"runtime":1378,"energy":{"pkg":53.851806640625,"pp0":0,"dram":13.46563720703125},"cycles":10754283351}
{"runtime":1320,"energy":{"pkg":53.88916015625,"pp0":0,"dram":13.34796142578125},"cycles":10721402288}
{"runtime":1630,"energy":{"pkg":60.93328857421875,"pp0":0,"dram":15.6981201171875},"cycles":10455325718}
{"runtime":1078,"energy":{"pkg":49.6719970703125,"pp0":0,"dram":11.23077392578125},"cycles":10805361051}
{"runtime":1055,"energy":{"pkg":48.7305908203125,"pp0":0,"dram":11.04473876953125},"cycles":10738586490}
{"runtime":1427,"energy":{"pkg":53.16119384765625,"pp0":0,"dram":13.9442138671875},"cycles":11336624531}
{"runtime":1272,"energy":{"pkg":57.164306640625,"pp0":0,"dram":12.8795166015625},"cycles":10505566016}
{"runtime":1105,"energy":{"pkg":51.382080078125,"pp0":0,"dram":11.7010498046875},"cycles":10484411214}
{"runtime":1114,"energy":{"pkg":50.77838134765625,"pp0":0,"dram":11.83526611328125},"cycles":10829757165}
{"runtime":1533,"energy":{"pkg":61.87530517578125,"pp0":0,"dram":14.527587890625},"cycles":11593773020}
{"runtime":1279,"energy":{"pkg":55.03668212890625,"pp0":0,"dram":12.9425048828125},"cycles":11156332556}
{"runtime":1028,"energy":{"pkg":50.452880859375,"pp0":0,"dram":10.88739013671875},"cycles":10368186276}
{"runtime":1039,"energy":{"pkg":51.1827392578125,"pp0":0,"dram":10.89849853515625},"cycles":10400430545}
{"runtime":1273,"energy":{"pkg":54.59368896484375,"pp0":0,"dram":12.71337890625},"cycles":10935425514}
{"runtime":1431,"energy":{"pkg":58.7174072265625,"pp0":0,"dram":14.65478515625},"cycles":10640621763}
{"runtime":1318,"energy":{"pkg":56.19635009765625,"pp0":0,"dram":13.36956787109375},"cycles":10573246768}
{"runtime":1247,"energy":{"pkg":56.17333984375,"pp0":0,"dram":12.822998046875},"cycles":10518792940}
{"runtime":1061,"energy":{"pkg":51.6407470703125,"pp0":0,"dram":11.318359375},"cycles":10859210670}
{"runtime":1277,"energy":{"pkg":58.80157470703125,"pp0":0,"dram":12.8612060546875},"cycles":10393562386}
{"runtime":1322,"energy":{"pkg":58.48858642578125,"pp0":0,"dram":13.3040771484375},"cycles":10427251946}
{"runtime":1037,"energy":{"pkg":50.3634033203125,"pp0":0,"dram":11.01385498046875},"cycles":10717298737}
{"runtime":1202,"energy":{"pkg":52.2381591796875,"pp0":0,"dram":12.00439453125},"cycles":11262695557}
{"runtime":1076,"energy":{"pkg":50.4642333984375,"pp0":0,"dram":11.28173828125},"cycles":10697680719}
{"runtime":1101,"energy":{"pkg":50.2947998046875,"pp0":0,"dram":12.12200927734375},"cycles":11032229714}
{"runtime":1211,"energy":{"pkg":52.58868408203125,"pp0":0,"dram":12.02069091796875},"cycles":11099443379}
{"runtime":1302,"energy":{"pkg":57.617919921875,"pp0":0,"dram":12.99700927734375},"cycles":10764810875}
{"runtime":1107,"energy":{"pkg":51.2984619140625,"pp0":0,"dram":11.6270751953125},"cycles":10722723756}
{"runtime":1191,"energy":{"pkg":52.1915283203125,"pp0":0,"dram":12.27508544921875},"cycles":10801160376}
{"runtime":1465,"energy":{"pkg":59.7457275390625,"pp0":0,"dram":14.22735595703125},"cycles":11052983721}
{"runtime":1052,"energy":{"pkg":48.73284912109375,"pp0":0,"dram":11.12646484375},"cycles":10777227134}
{"runtime":1620,"energy":{"pkg":61.22283935546875,"pp0":0,"dram":15.6588134765625},"cycles":10634575251}
{"runtime":1291,"energy":{"pkg":53.68023681640625,"pp0":0,"dram":12.77752685546875},"cycles":11100556825}
{"runtime":1126,"energy":{"pkg":53.18328857421875,"pp0":0,"dram":11.71990966796875},"cycles":10499506474}
{"runtime":1114,"energy":{"pkg":49.192626953125,"pp0":0,"dram":11.29046630859375},"cycles":10853669949}
{"runtime":1107,"energy":{"pkg":51.94342041015625,"pp0":0,"dram":11.63116455078125},"cycles":10573186505}
{"runtime":1062,"energy":{"pkg":49.86529541015625,"pp0":0,"dram":11.106689453125},"cycles":10726329208}
{"runtime":1091,"energy":{"pkg":51.4822998046875,"pp0":0,"dram":11.24139404296875},"cycles":10663033591}
{"runtime":1149,"energy":{"pkg":53.82666015625,"pp0":0,"dram":11.8878173828125},"cycles":10498087677}
{"runtime":1244,"energy":{"pkg":57.048828125,"pp0":0,"dram":13.7635498046875},"cycles":10390791339}
{"runtime":1043,"energy":{"pkg":49.37823486328125,"pp0":0,"dram":11.0223388671875},"cycles":10984954048}
{"runtime":1684,"energy":{"pkg":60.915283203125,"pp0":0,"dram":16.27392578125},"cycles":10493868114}
{"runtime":1289,"energy":{"pkg":57.0457763671875,"pp0":0,"dram":12.9283447265625},"cycles":10520511018}
{"runtime":1299,"energy":{"pkg":58.2794189453125,"pp0":0,"dram":12.98236083984375},"cycles":10955173074}
{"runtime":1274,"energy":{"pkg":53.45269775390625,"pp0":0,"dram":12.75494384765625},"cycles":11007561776}
{"runtime":1058,"energy":{"pkg":50.92218017578125,"pp0":0,"dram":11.02191162109375},"cycles":10292479186}
{"runtime":1208,"energy":{"pkg":51.24298095703125,"pp0":0,"dram":11.62835693359375},"cycles":11044611119}
{"runtime":1063,"energy":{"pkg":49.81719970703125,"pp0":0,"dram":11.16168212890625},"cycles":10748509778}
{"runtime":1290,"energy":{"pkg":52.9224853515625,"pp0":0,"dram":12.5809326171875},"cycles":11241058350}
{"runtime":1062,"energy":{"pkg":50.2637939453125,"pp0":0,"dram":11.34185791015625},"cycles":10810424741}
{"runtime":1093,"energy":{"pkg":48.7611083984375,"pp0":0,"dram":11.203125},"cycles":10893078960}
{"runtime":1242,"energy":{"pkg":55.30780029296875,"pp0":0,"dram":12.52667236328125},"cycles":10617877267}
{"runtime":1030,"energy":{"pkg":48.81280517578125,"pp0":0,"dram":10.89898681640625},"cycles":11029632721}
{"runtime":1193,"energy":{"pkg":54.310302734375,"pp0":0,"dram":12.16754150390625},"cycles":10723982045}
{"runtime":1304,"energy":{"pkg":57.64141845703125,"pp0":0,"dram":13.17822265625},"cycles":10846938180}
{"runtime":1049,"energy":{"pkg":50.82373046875,"pp0":0,"dram":10.91650390625},"cycles":10900432291}
{"runtime":1251,"energy":{"pkg":55.67352294921875,"pp0":0,"dram":12.71038818359375},"cycles":10594716884}
{"runtime":1412,"energy":{"pkg":58.66253662109375,"pp0":0,"dram":13.975830078125},"cycles":10401184151}
{"runtime":1437,"energy":{"pkg":54.4036865234375,"pp0":0,"dram":14.27197265625},"cycles":11125493950}
{"runtime":1159,"energy":{"pkg":53.84674072265625,"pp0":0,"dram":12.971923828125},"cycles":11127076746}
{"runtime":1270,"energy":{"pkg":57.08563232421875,"pp0":0,"dram":12.7039794921875},"cycles":10628735385}
{"runtime":1303,"energy":{"pkg":57.98956298828125,"pp0":0,"dram":13.1859130859375},"cycles":10995223113}
{"runtime":1400,"energy":{"pkg":57.0562744140625,"pp0":0,"dram":13.8466796875},"cycles":10688790480}
{"runtime":1026,"energy":{"pkg":50.424560546875,"pp0":0,"dram":10.8861083984375},"cycles":10656415034}
{"runtime":1433,"energy":{"pkg":53.97015380859375,"pp0":0,"dram":13.6280517578125},"cycles":10880772347}
{"runtime":1195,"energy":{"pkg":53.0650634765625,"pp0":0,"dram":12.05194091796875},"cycles":10929601449}
{"runtime":1321,"energy":{"pkg":55.2574462890625,"pp0":0,"dram":12.995361328125},"cycles":10445614653}
{"runtime":1635,"energy":{"pkg":62.6199951171875,"pp0":0,"dram":15.80364990234375},"cycles":10365161134}
{"runtime":1259,"energy":{"pkg":54.56317138671875,"pp0":0,"dram":12.5279541015625},"cycles":10990902130}
{"runtime":1092,"energy":{"pkg":50.762451171875,"pp0":0,"dram":11.2764892578125},"cycles":10702839348}
{"runtime":1286,"energy":{"pkg":57.506591796875,"pp0":0,"dram":13.006591796875},"cycles":11188201896}
{"runtime":1203,"energy":{"pkg":53.2916259765625,"pp0":0,"dram":12.343994140625},"cycles":11052671830}
{"runtime":1648,"energy":{"pkg":59.10723876953125,"pp0":0,"dram":15.37994384765625},