{"runtime":300,"energy":{"pkg":11.3070068359375,"pp0":0,"dram":4.1571044921875},"cycles":1216979447}
{"runtime":282,"energy":{"pkg":11.5723876953125,"pp0":0,"dram":4.02386474609375},"cycles":1361926316}
{"runtime":281,"energy":{"pkg":11.27490234375,"pp0":0,"dram":3.91534423828125},"cycles":1364575528}
{"runtime":268,"energy":{"pkg":10.94696044921875,"pp0":0,"dram":3.83685302734375},"cycles":1264866153}
{"runtime":287,"energy":{"pkg":11.30303955078125,"pp0":0,"dram":3.98876953125},"cycles":1382692827}
{"runtime":310,"energy":{"pkg":12.2901611328125,"pp0":0,"dram":4.53656005859375},"cycles":1306793389}
{"runtime":327,"energy":{"pkg":12.3631591796875,"pp0":0,"dram":4.5372314453125},"cycles":1317496076}
{"runtime":346,"energy":{"pkg":12.17425537109375,"pp0":0,"dram":4.62994384765625},"cycles":1254894853}
{"runtime":294,"energy":{"pkg":11.52789306640625,"pp0":0,"dram":4.0233154296875},"cycles":1249132747}
{"runtime":267,"energy":{"pkg":11.0728759765625,"pp0":0,"dram":3.7930908203125},"cycles":1259241741}
{"runtime":435,"energy":{"pkg":14.41607666015625,"pp0":0,"dram":5.48095703125},"cycles":1224832475}
{"runtime":493,"energy":{"pkg":16.38037109375,"pp0":0,"dram":6.1026611328125},"cycles":1218034129}
{"runtime":332,"energy":{"pkg":12.07806396484375,"pp0":0,"dram":4.69000244140625},"cycles":1247529289}
{"runtime":361,"energy":{"pkg":12.67889404296875,"pp0":0,"dram":4.78009033203125},"cycles":1243956694}
{"runtime":358,"energy":{"pkg":14.31219482421875,"pp0":0,"dram":4.98626708984375},"cycles":1281387885}
{"runtime":312,"energy":{"pkg":12.3636474609375,"pp0":0,"dram":4.36981201171875},"cycles":1266466455}
{"runtime":289,"energy":{"pkg":12.0047607421875,"pp0":0,"dram":4.0146484375},"cycles":1385912598}
{"runtime":295,"energy":{"pkg":11.4930419921875,"pp0":0,"dram":4.11456298828125},"cycles":1249477396}
{"runtime":276,"energy":{"pkg":11.70123291015625,"pp0":0,"dram":3.8865966796875},"cycles":1367114282}
{"runtime":281,"energy":{"pkg":11.70611572265625,"pp0":0,"dram":3.97540283203125},"cycles":1360275809}
{"runtime":281,"energy":{"pkg":11.51629638671875,"pp0":0,"dram":3.9649658203125},"cycles":1241875896}
{"runtime":287,"energy":{"pkg":12.215576171875,"pp0":0,"dram":4.0299072265625},"cycles":1353905273}
{"runtime":303,"energy":{"pkg":13.4520263671875,"pp0":0,"dram":4.428466796875},"cycles":1311564851}
{"runtime":481,"energy":{"pkg":17.22900390625,"pp0":0,"dram":5.92694091796875},"cycles":1236903349}
{"runtime":309,"energy":{"pkg":12.8099365234375,"pp0":0,"dram":4.33734130859375},"cycles":1403286152}
{"runtime":269,"energy":{"pkg":11.21282958984375,"pp0":0,"dram":3.81268310546875},"cycles":1290277672}
{"runtime":290,"energy":{"pkg":11.4853515625,"pp0":0,"dram":4.09869384765625},"cycles":1246748256}
{"runtime":283,"energy":{"pkg":11.83978271484375,"pp0":0,"dram":3.9906005859375},"cycles":1367557460}
{"runtime":497,"energy":{"pkg":15.74920654296875,"pp0":0,"dram":5.9322509765625},"cycles":1200669046}
{"runtime":313,"energy":{"pkg":13.73388671875,"pp0":0,"dram":4.59808349609375},"cycles":1299985057}
{"runtime":314,"energy":{"pkg":12.5084228515625,"pp0":0,"dram":4.42718505859375},"cycles":1275453117}
{"runtime":294,"energy":{"pkg":11.56439208984375,"pp0":0,"dram":4.0914306640625},"cycles":1261994599}
{"runtime":305,"energy":{"pkg":12.73822021484375,"pp0":0,"dram":4.47003173828125},"cycles":1283155596}
{"runtime":305,"energy":{"pkg":12.80340576171875,"pp0":0,"dram":4.51580810546875},"cycles":1311367703}
{"runtime":292,"energy":{"pkg":11.60723876953125,"pp0":0,"dram":4.03546142578125},"cycles":1244791127}
{"runtime":356,"energy":{"pkg":13.82061767578125,"pp0":0,"dram":4.7564697265625},"cycles":1271664986}
{"runtime":285,"energy":{"pkg":11.9849853515625,"pp0":0,"dram":3.974853515625},"cycles":1358789796}
{"runtime":282,"energy":{"pkg":11.80340576171875,"pp0":0,"dram":4.1883544921875},"cycles":1373568148}
{"runtime":300,"energy":{"pkg":12.07196044921875,"pp0":0,"dram":4.1376953125},"cycles":1232138676}
{"runtime":356,"energy":{"pkg":12.9678955078125,"pp0":0,"dram":4.921142578125},"cycles":1223753212}
{"runtime":285,"energy":{"pkg":12.09002685546875,"pp0":0,"dram":3.99945068359375},"cycles":1349600982}
{"runtime":286,"energy":{"pkg":11.4677734375,"pp0":0,"dram":4.0294189453125},"cycles":1256402871}
{"runtime":286,"energy":{"pkg":11.97149658203125,"pp0":0,"dram":3.97259521484375},"cycles":1250654440}
{"runtime":300,"energy":{"pkg":13.11968994140625,"pp0":0,"dram":4.42852783203125},"cycles":1321653545}
{"runtime":308,"energy":{"pkg":12.340576171875,"pp0":0,"dram":4.40264892578125},"cycles":1281180031}
{"runtime":320,"energy":{"pkg":13.01068115234375,"pp0":0,"dram":4.66973876953125},"cycles":1294679752}
{"runtime":298,"energy":{"pkg":12.00225830078125,"pp0":0,"dram":4.3148193359375},"cycles":1298384156}
{"runtime":297,"energy":{"pkg":12.67840576171875,"pp0":0,"dram":4.2333984375},"cycles":1288982951}
{"runtime":331,"energy":{"pkg":13.0589599609375,"pp0":0,"dram":4.8621826171875},"cycles":1284140280}
{"runtime":528,"energy":{"pkg":16.60919189453125,"pp0":0,"dram":6.55377197265625},"cycles":1231747139}
{"runtime":293,"energy":{"pkg":12.329833984375,"pp0":0,"dram":4.21466064453125},"cycles":1379425940}
{"runtime":313,"energy":{"pkg":12.10595703125,"pp0":0,"dram":4.24908447265625},"cycles":1200852868}
{"runtime":316,"energy":{"pkg":12.104736328125,"pp0":0,"dram":4.28515625},"cycles":1203474914}
{"runtime":309,"energy":{"pkg":13.2647705078125,"pp0":0,"dram":4.55084228515625},"cycles":1272271082}
{"runtime":295,"energy":{"pkg":12.23895263671875,"pp0":0,"dram":4.2451171875},"cycles":1394733608}
{"runtime":277,"energy":{"pkg":11.38275146484375,"pp0":0,"dram":3.86767578125},"cycles":1264889234}
{"runtime":302,"energy":{"pkg":11.9886474609375,"pp0":0,"dram":4.15142822265625},"cycles":1235205003}
{"runtime":365,"energy":{"pkg":14.449951171875,"pp0":0,"dram":5.01849365234375},"cycles":1260791933}
{"runtime":309,"energy":{"pkg":12.84039306640625,"pp0":0,"dram":4.32684326171875},"cycles":1301477119}
{"runtime":299,"energy":{"pkg":13.6685791015625,"pp0":0,"dram":4.45074462890625},"cycles":1305418814}
{"runtime":279,"energy":{"pkg":11.7049560546875,"pp0":0,"dram":3.89068603515625},"cycles":1358426369}
{"runtime":354,"energy":{"pkg":12.56597900390625,"pp0":0,"dram":4.69000244140625},"cycles":1214239984}
{"runtime":471,"energy":{"pkg":14.7236328125,"pp0":0,"dram":5.76611328125},"cycles":1333774280}
{"runtime":336,"energy":{"pkg":12.374267578125,"pp0":0,"dram":4.48779296875},"cycles":1290482841}
{"runtime":316,"energy":{"pkg":12.26751708984375,"pp0":0,"dram":4.29742431640625},"cycles":1253564515}
{"runtime":275,"energy":{"pkg":11.44097900390625,"pp0":0,"dram":3.90130615234375},"cycles":1286555432}
{"runtime":329,"energy":{"pkg":12.28472900390625,"pp0":0,"dram":4.47576904296875},"cycles":1319775805}
{"runtime":284,"energy":{"pkg":12.43414306640625,"pp0":0,"dram":4.1224365234375},"cycles":1282057952}
{"runtime":415,"energy":{"pkg":14.403564453125,"pp0":0,"dram":5.470947265625},"cycles":1228269187}
{"runtime":279,"energy":{"pkg":11.8187255859375,"pp0":0,"dram":3.931884765625},"cycles":1359829589}
{"runtime":337,"energy":{"pkg":12.51751708984375,"pp0":0,"dram":4.48748779296875},"cycles":1211545626}
{"runtime":467,"energy":{"pkg":14.715087890625,"pp0":0,"dram":5.89630126953125},"cycles":1335157467}
{"runtime":333,"energy":{"pkg":13.14501953125,"pp0":0,"dram":4.47015380859375},"cycles":1201681569}
{"runtime":303,"energy":{"pkg":12.16650390625,"pp0":0,"dram":4.1873779296875},"cycles":1231898867}
{"runtime":278,"energy":{"pkg":12.83038330078125,"pp0":0,"dram":4.052001953125},"cycles":1290852757}
{"runtime":425,"energy":{"pkg":13.48382568359375,"pp0":0,"dram":5.43841552734375},"cycles":1195739904}
{"runtime":339,"energy":{"pkg":13.97698974609375,"pp0":0,"dram":4.78271484375},"cycles":1299446974}
{"runtime":311,"energy":{"pkg":13.31341552734375,"pp0":0,"dram":4.58392333984375},"cycles":1284299329}
{"runtime":285,"energy":{"pkg":11.79791259765625,"pp0":0,"dram":4.0194091796875},