{"runtime":195,"energy":{"pkg":15.7852783203125,"pp0":0,"dram":3.34075927734375},"cycles":6729593572}
{"runtime":201,"energy":{"pkg":16.47772216796875,"pp0":0,"dram":3.57403564453125},"cycles":6989613485}
{"runtime":204,"energy":{"pkg":16.62640380859375,"pp0":0,"dram":3.6148681640625},"cycles":7016779130}
{"runtime":235,"energy":{"pkg":16.82452392578125,"pp0":0,"dram":3.65057373046875},"cycles":6471555476}
{"runtime":241,"energy":{"pkg":16.8358154296875,"pp0":0,"dram":2.6455078125},"cycles":6783638123}
{"runtime":216,"energy":{"pkg":16.8248291015625,"pp0":0,"dram":3.25396728515625},"cycles":7034364947}
{"runtime":241,"energy":{"pkg":16.722900390625,"pp0":0,"dram":2.9205322265625},"cycles":6315049752}
{"runtime":233,"energy":{"pkg":16.2554931640625,"pp0":0,"dram":3.52044677734375},"cycles":6387861661}
{"runtime":189,"energy":{"pkg":15.61541748046875,"pp0":0,"dram":3.18170166015625},"cycles":6590591287}
{"runtime":251,"energy":{"pkg":17.5758056640625,"pp0":0,"dram":3.9361572265625},"cycles":6580425551}
{"runtime":251,"energy":{"pkg":17.95294189453125,"pp0":0,"dram":2.51824951171875},"cycles":7519836800}
{"runtime":258,"energy":{"pkg":17.8157958984375,"pp0":0,"dram":2.62640380859375},"cycles":7404822991}
{"runtime":239,"energy":{"pkg":18.00921630859375,"pp0":0,"dram":3.5384521484375},"cycles":6816630252}
{"runtime":202,"energy":{"pkg":16.47479248046875,"pp0":0,"dram":3.56475830078125},"cycles":6918685558}
{"runtime":187,"energy":{"pkg":15.1348876953125,"pp0":0,"dram":3.0787353515625},"cycles":6422636433}
{"runtime":246,"energy":{"pkg":17.26171875,"pp0":0,"dram":2.6737060546875},"cycles":6904803921}
{"runtime":252,"energy":{"pkg":18.25897216796875,"pp0":0,"dram":3.824951171875},"cycles":6289486884}
{"runtime":254,"energy":{"pkg":18.2786865234375,"pp0":0,"dram":2.54901123046875},"cycles":7154479410}
{"runtime":285,"energy":{"pkg":18.28753662109375,"pp0":0,"dram":4.5765380859375},"cycles":6373699284}
{"runtime":194,"energy":{"pkg":16.26605224609375,"pp0":0,"dram":3.3646240234375},"cycles":6676804019}
{"runtime":199,"energy":{"pkg":16.43359375,"pp0":0,"dram":3.3656005859375},"cycles":6682132326}
{"runtime":235,"energy":{"pkg":17.41741943359375,"pp0":0,"dram":3.53521728515625},"cycles":6157195207}
{"runtime":258,"energy":{"pkg":18.77783203125,"pp0":0,"dram":2.6280517578125},"cycles":7035067936}
{"runtime":243,"energy":{"pkg":18.57537841796875,"pp0":0,"dram":3.210205078125},"cycles":7559456018}
{"runtime":194,"energy":{"pkg":16.4921875,"pp0":0,"dram":3.33489990234375},"cycles":6746972178}
{"runtime":246,"energy":{"pkg":17.45574951171875,"pp0":0,"dram":3.81207275390625},"cycles":6411285615}
{"runtime":226,"energy":{"pkg":16.83026123046875,"pp0":0,"dram":3.507080078125},"cycles":6376779633}
{"runtime":203,"energy":{"pkg":17.07501220703125,"pp0":0,"dram":3.4169921875},"cycles":6971724178}
{"runtime":224,"energy":{"pkg":18.33135986328125,"pp0":0,"dram":3.6884765625},"cycles":7522534263}
{"runtime":197,"energy":{"pkg":17.1507568359375,"pp0":0,"dram":3.314697265625},"cycles":6832537014}
{"runtime":245,"energy":{"pkg":17.65972900390625,"pp0":0,"dram":2.5765380859375},"cycles":7011929884}
{"runtime":227,"energy":{"pkg":16.8431396484375,"pp0":0,"dram":3.55596923828125},"cycles":6374609165}
{"runtime":216,"energy":{"pkg":17.75115966796875,"pp0":0,"dram":3.49200439453125},"cycles":6662752769}
{"runtime":199,"energy":{"pkg":16.47808837890625,"pp0":0,"dram":3.45111083984375},"cycles":6762241743}
{"runtime":200,"energy":{"pkg":16.80303955078125,"pp0":0,"dram":3.4661865234375},"cycles":6921315208}
{"runtime":222,"energy":{"pkg":17.64935302734375,"pp0":0,"dram":3.720703125},"cycles":7488633089}
{"runtime":186,"energy":{"pkg":15.1961669921875,"pp0":0,"dram":3.03009033203125},"cycles":6311337856}
{"runtime":217,"energy":{"pkg":17.1807861328125,"pp0":0,"dram":3.37872314453125},"cycles":6670183734}
{"runtime":226,"energy":{"pkg":17.724853515625,"pp0":0,"dram":3.7325439453125},"cycles":6758191370}
{"runtime":210,"energy":{"pkg":16.65594482421875,"pp0":0,"dram":3.43646240234375},"cycles":6802435829}
{"runtime":196,"energy":{"pkg":16.5787353515625,"pp0":0,"dram":3.3870849609375},"cycles":6848858139}
{"runtime":272,"energy":{"pkg":17.9395751953125,"pp0":0,"dram":4.078125},"cycles":6174167480}
{"runtime":251,"energy":{"pkg":18.24542236328125,"pp0":0,"dram":3.80206298828125},"cycles":6474155970}
{"runtime":201,"energy":{"pkg":17.22314453125,"pp0":0,"dram":3.478271484375},"cycles":6929041052}
{"runtime":191,"energy":{"pkg":15.906982421875,"pp0":0,"dram":2.95819091796875},"cycles":6569121035}
{"runtime":199,"energy":{"pkg":17.07489013671875,"pp0":0,"dram":3.48968505859375},"cycles":6853250120}
{"runtime":206,"energy":{"pkg":17.22406005859375,"pp0":0,"dram":3.61248779296875},"cycles":7095101393}
{"runtime":206,"energy":{"pkg":17.21795654296875,"pp0":0,"dram":3.57379150390625},"cycles":7019680655}
{"runtime":259,"energy":{"pkg":18.99591064453125,"pp0":0,"dram":3.99212646484375},"cycles":6436091600}
{"runtime":206,"energy":{"pkg":16.9696044921875,"pp0":0,"dram":3.5482177734375},"cycles":7040730239}
{"runtime":243,"energy":{"pkg":16.12060546875,"pp0":0,"dram":3.54315185546875},"cycles":5998538373}
{"runtime":194,"energy":{"pkg":16.251220703125,"pp0":0,"dram":3.2213134765625},"cycles":6763167583}
{"runtime":255,"energy":{"pkg":17.1650390625,"pp0":0,"dram":4.025634765625},"cycles":6269021500}
{"runtime":256,"energy":{"pkg":18.07684326171875,"pp0":0,"dram":3.728271484375},"cycles":6159997430}
{"runtime":204,"energy":{"pkg":16.8775634765625,"pp0":0,"dram":3.50970458984375},"cycles":6991708784}
{"runtime":197,"energy":{"pkg":16.307373046875,"pp0":0,"dram":3.4208984375},"cycles":6779329053}
{"runtime":247,"energy":{"pkg":16.76513671875,"pp0":0,"dram":3.64715576171875},"cycles":6149160902}
{"runtime":199,"energy":{"pkg":17.2589111328125,"pp0":0,"dram":3.37896728515625},"cycles":6819137931}
{"runtime":244,"energy":{"pkg":19.11053466796875,"pp0":0,"dram":3.7667236328125},"cycles":6697073596}
{"runtime":244,"energy":{"pkg":17.6563720703125,"pp0":0,"dram":2.9720458984375},"cycles":6524765330}
{"runtime":247,"energy":{"pkg":17.53961181640625,"pp0":0,"dram":2.51544189453125},"cycles":6992689181}
{"runtime":203,"energy":{"pkg":16.77862548828125,"pp0":0,"dram":3.41180419921875},"cycles":6957163454}
{"runtime":288,"energy":{"pkg":18.42291259765625,"pp0":0,"dram":2.6602783203125},"cycles":7935088673}
{"runtime":228,"energy":{"pkg":17.53985595703125,"pp0":0,"dram":3.633056640625},"cycles":6444268529}
{"runtime":220,"energy":{"pkg":17.3221435546875,"pp0":0,"dram":3.381103515625},"cycles":7223475041}
{"runtime":194,"energy":{"pkg":16.1944580078125,"pp0":0,"dram":3.25274658203125},"cycles":6685289591}
{"runtime":240,"energy":{"pkg":17.73834228515625,"pp0":0,"dram":3.7137451171875},"cycles":6665265748}
{"runtime":219,"energy":{"pkg":16.92193603515625,"pp0":0,"dram":3.4171142578125},"cycles":6503124103}
{"runtime":238,"energy":{"pkg":18.004150390625,"pp0":0,"dram":2.987060546875},"cycles":7707111955}
{"runtime":256,"energy":{"pkg":17.40728759765625,"pp0":0,"dram":3.9337158203125},"cycles":6226674657}
{"runtime":216,"energy":{"pkg":17.3343505859375,"pp0":0,"dram":3.44140625},"cycles":7256959348}
{"runtime":217,"energy":{"pkg":16.73883056640625,"pp0":0,"dram":2.90673828125},"cycles":6960035421}
{"runtime":197,"energy":{"pkg":16.496337890625,"pp0":0,"dram":3.43133544921875},"cycles":6870456138}
{"runtime":254,"energy":{"pkg":18.300048828125,"pp0":0,"dram":2.55828857421875},"cycles":7330197778}
{"runtime":242,"energy":{"pkg":17.95794677734375,"pp0":0,"dram":3.58984375},"cycles":6099026012}
{"runtime":243,"energy":{"pkg":16.99853515625,"pp0":0,"dram":2.71246337890625},"cycles":6899369762}
{"runtime":199,"energy":{"pkg":16.74176025390625,"pp0":0,"dram":3.41552734375},"cycles":6847192301}
{"runtime":194,"energy":{"pkg":15.973876953125,"pp0":0,"dram":3.21954345703125},"cycles":6611737742}
{"runtime":190,"energy":{"pkg":15.650390625,"pp0":0,"dram":3.14825439453125},"cycles":6472362514}
{"runtime":221,