{"runtime":6585,"energy":{"pkg":216.92474365234375,"pp0":0,"dram":48.46063232421875},"cycles":13870018764}
{"runtime":6590,"energy":{"pkg":231.72412109375,"pp0":0,"dram":48.85260009765625},"cycles":13907488665}
{"runtime":5648,"energy":{"pkg":213.858154296875,"pp0":0,"dram":41.4615478515625},"cycles":11927468259}
{"runtime":6495,"energy":{"pkg":228.96319580078125,"pp0":0,"dram":48.52850341796875},"cycles":13698612207}
{"runtime":6560,"energy":{"pkg":231.25225830078125,"pp0":0,"dram":49.36383056640625},"cycles":13843963119}
{"runtime":5926,"energy":{"pkg":223.2342529296875,"pp0":0,"dram":43.35064697265625},"cycles":12507589815}
{"runtime":6540,"energy":{"pkg":232.16156005859375,"pp0":0,"dram":49.32110595703125},"cycles":13811491680}
