{"runtime":56490,"energy":{"pkg":2149.8238525390625,"pp0":0,"dram":411.2298583984375},"cycles":118403373921}
{"runtime":55500,"energy":{"pkg":2119.2354125976562,"pp0":0,"dram":409.14703369140625},"cycles":116343225600}
{"runtime":56473,"energy":{"pkg":2140.7384033203125,"pp0":0,"dram":410.09881591796875},"cycles":118379087904}
{"runtime":58122,"energy":{"pkg":2200.8651733398438,"pp0":0,"dram":431.34661865234375},"cycles":121980802419}
{"runtime":56375,"energy":{"pkg":2134.4353637695312,"pp0":0,"dram":417.14422607421875},"cycles":118192783800}
{"runtime":55841,"energy":{"pkg":2129.575927734375,"pp0":0,"dram":411.39984130859375},"cycles":117038558973}
{"runtime":55807,"energy":{"pkg":2128.3844604492188,"pp0":0,"dram":413.64337158203125},"cycles":116995967781}
