{"runtime":61711,"energy":{"pkg":2365.2385864257812,"pp0":0,"dram":450.26214599609375},"cycles":129382981602}
{"runtime":62166,"energy":{"pkg":2355.6763305664062,"pp0":0,"dram":459.42559814453125},"cycles":130227808137}
{"runtime":61851,"energy":{"pkg":2357.9705810546875,"pp0":0,"dram":453.00164794921875},"cycles":129590134170}
{"runtime":61383,"energy":{"pkg":2347.7078247070312,"pp0":0,"dram":456.07305908203125},"cycles":128654475453}
{"runtime":61809,"energy":{"pkg":2352.9590454101562,"pp0":0,"dram":457.466552734375},"cycles":129570103488}
{"runtime":62082,"energy":{"pkg":2348.0529174804688,"pp0":0,"dram":454.38525390625},"cycles":130216338126}
{"runtime":61843,"energy":{"pkg":2352.4635620117188,"pp0":0,"dram":459.53143310546875},"cycles":129640003500}
