{"runtime":67378,"energy":{"pkg":2574.1779174804688,"pp0":0,"dram":497.574951171875},"cycles":141204664335}
{"runtime":68162,"energy":{"pkg":2584.8751220703125,"pp0":0,"dram":506.5394287109375},"cycles":142880089842}
{"runtime":68223,"energy":{"pkg":2587.7633666992188,"pp0":0,"dram":498.38427734375},"cycles":142972280325}
{"runtime":66916,"energy":{"pkg":2558.0902099609375,"pp0":0,"dram":494.61199951171875},"cycles":140218799490}
{"runtime":67381,"energy":{"pkg":2566.6851806640625,"pp0":0,"dram":500.9774169921875},"cycles":141165524325}
{"runtime":67314,"energy":{"pkg":2556.268798828125,"pp0":0,"dram":495.49615478515625},"cycles":141076184298}
{"runtime":68980,"energy":{"pkg":2608.772705078125,"pp0":0,"dram":515.3096923828125},"cycles":144740720292}
