{"runtime":78126,"energy":{"pkg":2995.0780639648438,"pp0":0,"dram":576.3012084960938},"cycles":163684213980}
{"runtime":78909,"energy":{"pkg":2994.19091796875,"pp0":0,"dram":575.2625122070312},"cycles":165403229880}
{"runtime":78161,"energy":{"pkg":2973.778564453125,"pp0":0,"dram":568.9774169921875},"cycles":163744599795}
{"runtime":78698,"energy":{"pkg":3059.4627075195312,"pp0":0,"dram":602.5445556640625},"cycles":164847645144}
{"runtime":79040,"energy":{"pkg":2990.6995849609375,"pp0":0,"dram":575.616943359375},"cycles":165592538202}
{"runtime":78570,"energy":{"pkg":2986.063232421875,"pp0":0,"dram":579.8404541015625},"cycles":164643562146}
{"runtime":78444,"energy":{"pkg":2984.6705932617188,"pp0":0,"dram":578.3402709960938},"cycles":164325652890}
