{"runtime":84277,"energy":{"pkg":3217.595458984375,"pp0":0,"dram":621.8204345703125},"cycles":176552550573}
{"runtime":83765,"energy":{"pkg":3191.8016357421875,"pp0":0,"dram":610.7362060546875},"cycles":175488121977}
{"runtime":83755,"energy":{"pkg":3184.2402954101562,"pp0":0,"dram":612.1928100585938},"cycles":175609951440}
{"runtime":84897,"energy":{"pkg":3217.440185546875,"pp0":0,"dram":626.098388671875},"cycles":177814204491}
{"runtime":84030,"energy":{"pkg":3200.1935424804688,"pp0":0,"dram":618.5910034179688},"cycles":176031793434}
{"runtime":83616,"energy":{"pkg":3187.7932739257812,"pp0":0,"dram":613.5454711914062},"cycles":175212556638}
{"runtime":85279,"energy":{"pkg":3239.598388671875,"pp0":0,"dram":632.1520385742188},"cycles":178830828351}
