{"runtime":94805,"energy":{"pkg":3632.5308837890625,"pp0":0,"dram":698.2777099609375},"cycles":198783702600}
{"runtime":95480,"energy":{"pkg":3626.1907348632812,"pp0":0,"dram":699.9217529296875},"cycles":200037689838}
{"runtime":95308,"energy":{"pkg":3626.4385986328125,"pp0":0,"dram":702.6222534179688},"cycles":199813465530}
{"runtime":95801,"energy":{"pkg":3643.014404296875,"pp0":0,"dram":708.1873168945312},"cycles":200762027109}
{"runtime":94993,"energy":{"pkg":3621.1235961914062,"pp0":0,"dram":706.6748046875},"cycles":198958618299}
{"runtime":94970,"energy":{"pkg":3613.8038940429688,"pp0":0,"dram":696.2088623046875},"cycles":198996352170}
{"runtime":94588,"energy":{"pkg":3612.9198608398438,"pp0":0,"dram":704.3709716796875},"cycles":198235041627}
