{"runtime":106317,"energy":{"pkg":4065.8851928710938,"pp0":0,"dram":785.3526611328125},"cycles":222761089887}
{"runtime":106016,"energy":{"pkg":4052.1987915039062,"pp0":0,"dram":775.2369384765625},"cycles":222047579859}
{"runtime":105540,"energy":{"pkg":4034.9404296875,"pp0":0,"dram":767.9236450195312},"cycles":221249567280}
{"runtime":107334,"energy":{"pkg":4071.2196655273438,"pp0":0,"dram":787.8385620117188},"cycles":224992806696}
{"runtime":106587,"energy":{"pkg":4046.129150390625,"pp0":0,"dram":785.0877685546875},"cycles":223315068984}
{"runtime":106346,"energy":{"pkg":4039.3746337890625,"pp0":0,"dram":785.3661499023438},"cycles":222774942054}
{"runtime":105606,"energy":{"pkg":4020.9224243164062,"pp0":0,"dram":777.4270629882812},"cycles":221316770640}
