{"runtime":117107,"energy":{"pkg":4486.538635253906,"pp0":0,"dram":862.8694458007812},"cycles":245280433461}
{"runtime":116787,"energy":{"pkg":4471.6029052734375,"pp0":0,"dram":856.1095581054688},"cycles":244657823991}
{"runtime":118399,"energy":{"pkg":4525.2830810546875,"pp0":0,"dram":864.6016845703125},"cycles":248176924779}
{"runtime":117298,"energy":{"pkg":4469.158752441406,"pp0":0,"dram":858.8081665039062},"cycles":245694881922}
{"runtime":116846,"energy":{"pkg":4454.301208496094,"pp0":0,"dram":864.669921875},"cycles":244711136208}
{"runtime":117277,"energy":{"pkg":4462.761169433594,"pp0":0,"dram":862.6107788085938},"cycles":245836179267}
{"runtime":117203,"energy":{"pkg":4452.172790527344,"pp0":0,"dram":857.381591796875},"cycles":245604116856}
