{"runtime":122851,"energy":{"pkg":4695.337158203125,"pp0":0,"dram":903.9127197265625},"cycles":257496522066}
{"runtime":123181,"energy":{"pkg":4709.180847167969,"pp0":0,"dram":913.3536987304688},"cycles":258182431563}
{"runtime":128048,"energy":{"pkg":4869.790954589844,"pp0":0,"dram":935.6463012695312},"cycles":268489585014}
{"runtime":123477,"energy":{"pkg":4697.387939453125,"pp0":0,"dram":905.1134643554688},"cycles":258559856604}
{"runtime":124056,"energy":{"pkg":4707.6422119140625,"pp0":0,"dram":914.131103515625},"cycles":259967635683}
{"runtime":123029,"energy":{"pkg":4678.617004394531,"pp0":0,"dram":906.0480346679688},"cycles":257677516278}
{"runtime":129121,"energy":{"pkg":4860.109130859375,"pp0":0,"dram":954.7521362304688},"cycles":270807556425}
