{"runtime":133426,"energy":{"pkg":5120.027038574219,"pp0":0,"dram":970.5338745117188},"cycles":279385013397}
{"runtime":134374,"energy":{"pkg":5135.277404785156,"pp0":0,"dram":983.024169921875},"cycles":281378562402}
{"runtime":133420,"energy":{"pkg":5122.564270019531,"pp0":0,"dram":968.0763549804688},"cycles":279429973410}
{"runtime":134398,"energy":{"pkg":5108.700256347656,"pp0":0,"dram":988.1140747070312},"cycles":281410910928}
{"runtime":133737,"energy":{"pkg":5098.500061035156,"pp0":0,"dram":975.9507446289062},"cycles":280060135446}
{"runtime":133450,"energy":{"pkg":5096.200012207031,"pp0":0,"dram":985.0755615234375},"cycles":279427228899}
{"runtime":140568,"energy":{"pkg":5304.9046630859375,"pp0":0,"dram":1030.8248901367188},"cycles":294756744912}
