{"runtime":138887,"energy":{"pkg":5327.8363037109375,"pp0":0,"dram":1017.8132934570312},"cycles":290932626243}
{"runtime":139054,"energy":{"pkg":5331.296325683594,"pp0":0,"dram":1015.5006713867188},"cycles":291480696843}
{"runtime":143002,"energy":{"pkg":5435.396911621094,"pp0":0,"dram":1049.1190795898438},"cycles":299805402897}
{"runtime":139235,"energy":{"pkg":5324.103942871094,"pp0":0,"dram":1021.59814453125},"cycles":291562458075}
{"runtime":139216,"energy":{"pkg":5308.231994628906,"pp0":0,"dram":1026.9150390625},"cycles":291515965461}
{"runtime":139600,"energy":{"pkg":5310.3839111328125,"pp0":0,"dram":1027.7981567382812},"cycles":292303182381}
{"runtime":139993,"energy":{"pkg":5317.9495849609375,"pp0":0,"dram":1032.4187622070312},"cycles":293429619147}
