{"runtime":145451,"energy":{"pkg":5574.6337890625,"pp0":0,"dram":1062.798095703125},"cycles":304464802950}
{"runtime":144996,"energy":{"pkg":5558.595397949219,"pp0":0,"dram":1059.428466796875},"cycles":303712207428}
{"runtime":144565,"energy":{"pkg":5530.008850097656,"pp0":0,"dram":1055.8863525390625},"cycles":302642036697}
{"runtime":144298,"energy":{"pkg":5535.580078125,"pp0":0,"dram":1049.3306884765625},"cycles":302157204006}
{"runtime":145318,"energy":{"pkg":5533.929748535156,"pp0":0,"dram":1072.6202392578125},"cycles":304354363005}
{"runtime":144318,"energy":{"pkg":5508.109619140625,"pp0":0,"dram":1057.9950561523438},"cycles":302391706134}
{"runtime":144416,"energy":{"pkg":5514.135070800781,"pp0":0,"dram":1068.8818359375},"cycles":302415482880}
