{"runtime":150061,"energy":{"pkg":5756.857421875,"pp0":0,"dram":1111.7048950195312},"cycles":314534316138}
{"runtime":151581,"energy":{"pkg":5774.9381103515625,"pp0":0,"dram":1107.1145629882812},"cycles":317664719316}
{"runtime":149969,"energy":{"pkg":5730.425048828125,"pp0":0,"dram":1100.13037109375},"cycles":314004693345}
{"runtime":149888,"energy":{"pkg":5749.892761230469,"pp0":0,"dram":1094.8311767578125},"cycles":313827175032}
{"runtime":150921,"energy":{"pkg":5751.4071044921875,"pp0":0,"dram":1108.4823608398438},"cycles":316009581909}
{"runtime":150007,"energy":{"pkg":5746.3109130859375,"pp0":0,"dram":1096.9937744140625},"cycles":314089720161}
{"runtime":150901,"energy":{"pkg":5737.104797363281,"pp0":0,"dram":1117.9479370117188},"cycles":316025710329}
