{"runtime":156142,"energy":{"pkg":5979.500305175781,"pp0":0,"dram":1145.9093017578125},"cycles":326982534816}
{"runtime":156760,"energy":{"pkg":5968.0540771484375,"pp0":0,"dram":1145.6936645507812},"cycles":328232979123}
{"runtime":156757,"energy":{"pkg":5950.145690917969,"pp0":0,"dram":1150.6038818359375},"cycles":328279329966}
{"runtime":156647,"energy":{"pkg":5990.732360839844,"pp0":0,"dram":1153.7868041992188},"cycles":328052135649}
{"runtime":156691,"energy":{"pkg":5975.641052246094,"pp0":0,"dram":1150.5032348632812},"cycles":328032583998}
{"runtime":155506,"energy":{"pkg":5969.4576416015625,"pp0":0,"dram":1142.271484375},"cycles":325626766731}
{"runtime":159686,"energy":{"pkg":6043.94775390625,"pp0":0,"dram":1188.1588745117188},"cycles":334725663027}
