{"runtime":162955,"energy":{"pkg":6226.638244628906,"pp0":0,"dram":1182.1583251953125},"cycles":341230670445}
{"runtime":166340,"energy":{"pkg":6302.918640136719,"pp0":0,"dram":1225.1787719726562},"cycles":348687430665}
{"runtime":165545,"energy":{"pkg":6269.080139160156,"pp0":0,"dram":1219.0762329101562},"cycles":347070607800}
{"runtime":161760,"energy":{"pkg":6200.963134765625,"pp0":0,"dram":1198.46484375},"cycles":338736436794}
{"runtime":161137,"energy":{"pkg":6159.916442871094,"pp0":0,"dram":1174.0887451171875},"cycles":337385078982}
{"runtime":161893,"energy":{"pkg":6194.924743652344,"pp0":0,"dram":1196.2899169921875},"cycles":339001539933}
{"runtime":161749,"energy":{"pkg":6151.7830810546875,"pp0":0,"dram":1205.73828125},"cycles":338759334039}
