{"runtime":16925,"energy":{"pkg":618.083740234375,"pp0":0,"dram":124.7452392578125},"cycles":35581789572}
{"runtime":16899,"energy":{"pkg":646.2909545898438,"pp0":0,"dram":123.41290283203125},"cycles":35497377426}
{"runtime":17419,"energy":{"pkg":654.8026733398438,"pp0":0,"dram":128.245849609375},"cycles":36622691952}
{"runtime":17825,"energy":{"pkg":662.238037109375,"pp0":0,"dram":132.52484130859375},"cycles":37485624099}
{"runtime":16875,"energy":{"pkg":645.6082763671875,"pp0":0,"dram":126.318603515625},"cycles":35498273559}
{"runtime":17159,"energy":{"pkg":654.0037231445312,"pp0":0,"dram":125.96038818359375},"cycles":36074886813}
{"runtime":17819,"energy":{"pkg":662.910888671875,"pp0":0,"dram":134.37872314453125},"cycles":37451477742}
