{"runtime":166611,"energy":{"pkg":6393.184020996094,"pp0":0,"dram":1224.2697143554688},"cycles":348954512970}
{"runtime":167105,"energy":{"pkg":6372.712219238281,"pp0":0,"dram":1222.86669921875},"cycles":349958862855}
{"runtime":167662,"energy":{"pkg":6364.680358886719,"pp0":0,"dram":1239.604248046875},"cycles":351247634346}
{"runtime":168814,"energy":{"pkg":6446.297668457031,"pp0":0,"dram":1241.260986328125},"cycles":353714251863}
{"runtime":167576,"energy":{"pkg":6397.575927734375,"pp0":0,"dram":1230.698974609375},"cycles":350986767957}
{"runtime":166511,"energy":{"pkg":6393.0045166015625,"pp0":0,"dram":1231.695068359375},"cycles":348758335926}
{"runtime":167472,"energy":{"pkg":6358.412841796875,"pp0":0,"dram":1243.52783203125},"cycles":350839739628}
