{"runtime":23325,"energy":{"pkg":837.7487182617188,"pp0":0,"dram":172.94451904296875},"cycles":48991629855}
{"runtime":23040,"energy":{"pkg":867.992919921875,"pp0":0,"dram":168.8204345703125},"cycles":48393770271}
{"runtime":22791,"energy":{"pkg":866.8639526367188,"pp0":0,"dram":166.49371337890625},"cycles":47901125580}
{"runtime":23232,"energy":{"pkg":871.3428344726562,"pp0":0,"dram":174.86749267578125},"cycles":48837081258}
{"runtime":23334,"energy":{"pkg":873.341552734375,"pp0":0,"dram":173.3160400390625},"cycles":49005940914}
{"runtime":22664,"energy":{"pkg":864.999755859375,"pp0":0,"dram":167.24090576171875},"cycles":47603648862}
{"runtime":23310,"energy":{"pkg":873.1357421875,"pp0":0,"dram":174.8531494140625},"cycles":48959935731}
