{"runtime":50145,"energy":{"pkg":1921.810302734375,"pp0":0,"dram":362.55010986328125},"cycles":105110380893}
{"runtime":51188,"energy":{"pkg":1940.819580078125,"pp0":0,"dram":372.459716796875},"cycles":107313680523}
{"runtime":50602,"energy":{"pkg":1922.1704711914062,"pp0":0,"dram":367.16839599609375},"cycles":106066958571}
{"runtime":50356,"energy":{"pkg":1922.9868774414062,"pp0":0,"dram":368.98406982421875},"cycles":105529773741}
{"runtime":50317,"energy":{"pkg":1918.8092651367188,"pp0":0,"dram":370.79559326171875},"cycles":105440599719}
{"runtime":51217,"energy":{"pkg":1934.2714233398438,"pp0":0,"dram":377.41949462890625},"cycles":107436451899}
{"runtime":50305,"energy":{"pkg":1917.965576171875,"pp0":0,"dram":375.34002685546875},"cycles":105473921091}
