{"runtime":248968,"energy":{"pkg":2476.4010009765625,"pp0":1343.56640625,"pp1":48.1209716796875,"dram":0},"perf_counters":{"PERF_COUNT_HW_REF_CPU_CYCLES":5191069168296,"PERF_COUNT_HW_BRANCH_INSTRUCTIONS":867465483036,"PERF_COUNT_HW_CACHE_MISSES":12568961,"PERF_COUNT_HW_INSTRUCTIONS":3923005677325,"PERF_COUNT_HW_BRANCH_MISSES":2927378837,"PERF_COUNT_HW_CACHE_REFERENCES":48536785,"PERF_COUNT_HW_CPU_CYCLES":2116345409713}}
{"runtime":247226,"energy":{"pkg":2460.3397827148438,"pp0":1336.01318359375,"pp1":48.5782470703125,"dram":0},"perf_counters":{"PERF_COUNT_HW_REF_CPU_CYCLES":5147866241866,"PERF_COUNT_HW_BRANCH_INSTRUCTIONS":867460468276,"PERF_COUNT_HW_CACHE_MISSES":12309014,"PERF_COUNT_HW_INSTRUCTIONS":3922976118728,"PERF_COUNT_HW_BRANCH_MISSES":2904805970,"PERF_COUNT_HW_CACHE_REFERENCES":47826555,"PERF_COUNT_HW_CPU_CYCLES":2102195357935}}
{"runtime":246155,"energy":{"pkg":2450.5806884765625,"pp0":1331.199951171875,"pp1":49.0997314453125,"dram":0},"perf_counters":{"PERF_COUNT_HW_REF_CPU_CYCLES":5150572007671,"PERF_COUNT_HW_BRANCH_INSTRUCTIONS":867460431868,"PERF_COUNT_HW_CACHE_MISSES":12463179,"PERF_COUNT_HW_INSTRUCTIONS":3922975903039,"PERF_COUNT_HW_BRANCH_MISSES":2911048761,"PERF_COUNT_HW_CACHE_REFERENCES":48096923,"PERF_COUNT_HW_CPU_CYCLES":2115236688577}}
{"runtime":244920,"energy":{"pkg":2435.9216918945312,"pp0":1323.5397338867188,"pp1":46.861572265625,"dram":0},"perf_counters":{"PERF_COUNT_HW_REF_CPU_CYCLES":5092256205798,"PERF_COUNT_HW_BRANCH_INSTRUCTIONS":867455558210,"PERF_COUNT_HW_CACHE_MISSES":12390799,"PERF_COUNT_HW_INSTRUCTIONS":3922947568033,"PERF_COUNT_HW_BRANCH_MISSES":2907714517,"PERF_COUNT_HW_CACHE_REFERENCES":47593680,"PERF_COUNT_HW_CPU_CYCLES":2112047611484}}
{"runtime":243507,"energy":{"pkg":2424.0302734375,"pp0":1318.5863037109375,"pp1":46.618408203125,"dram":0},"perf_counters":{"PERF_COUNT_HW_REF_CPU_CYCLES":5084606896929,"PERF_COUNT_HW_BRANCH_INSTRUCTIONS":867454289966,"PERF_COUNT_HW_CACHE_MISSES":12909673,"PERF_COUNT_HW_INSTRUCTIONS":3922941691900,"PERF_COUNT_HW_BRANCH_MISSES":2918096893,"PERF_COUNT_HW_CACHE_REFERENCES":48605288,"PERF_COUNT_HW_CPU_CYCLES":2108866300923}}
{"runtime":244361,"energy":{"pkg":2432.7039184570312,"pp0":1324.0120239257812,"pp1":46.885498046875,"dram":0},"perf_counters":{"PERF_COUNT_HW_REF_CPU_CYCLES":5099817032462,"PERF_COUNT_HW_BRANCH_INSTRUCTIONS":867457840025,"PERF_COUNT_HW_CACHE_MISSES":12504403,"PERF_COUNT_HW_INSTRUCTIONS":3922960527187,"PERF_COUNT_HW_BRANCH_MISSES":2919100147,"PERF_COUNT_HW_CACHE_REFERENCES":47559492,"PERF_COUNT_HW_CPU_CYCLES":2106431664403}}
{"runtime":243949,"energy":{"pkg":2426.0858154296875,"pp0":1317.938720703125,"pp1":49.4268798828125,"dram":0},"perf_counters":{"PERF_COUNT_HW_REF_CPU_CYCLES":5076709000941,"PERF_COUNT_HW_BRANCH_INSTRUCTIONS":867456068135,"PERF_COUNT_HW_CACHE_MISSES":12610855,"PERF_COUNT_HW_INSTRUCTIONS":3922949882242,"PERF_COUNT_HW_BRANCH_MISSES":2910793541,"PERF_COUNT_HW_CACHE_REFERENCES":47681944,"PERF_COUNT_HW_CPU_CYCLES":2108379853641}}
{"runtime":244943,"energy":{"pkg":2437.5833740234375,"pp0":1326.922607421875,"pp1":47.851806640625,"dram":0},"perf_counters":{"PERF_COUNT_HW_REF_CPU_CYCLES":5107139682902,"PERF_COUNT_HW_BRANCH_INSTRUCTIONS":867458531403,"PERF_COUNT_HW_CACHE_MISSES":12489231,"PERF_COUNT_HW_INSTRUCTIONS":3922964494077,"PERF_COUNT_HW_BRANCH_MISSES":2914046218,"PERF_COUNT_HW_CACHE_REFERENCES":47419069,"PERF_COUNT_HW_CPU_CYCLES":2153897700523}}
{"runtime":244785,"energy":{"pkg":2437.16162109375,"pp0":1326.2723999023438,"pp1":49.128173828125,"dram":0},"perf_counters":{"PERF_COUNT_HW_REF_CPU_CYCLES":5111903290018,"PERF_COUNT_HW_BRANCH_INSTRUCTIONS":867458638961,"PERF_COUNT_HW_CACHE_MISSES":12327077,"PERF_COUNT_HW_INSTRUCTIONS":3922964507231,"PERF_COUNT_HW_BRANCH_MISSES":2907592716,"PERF_COUNT_HW_CACHE_REFERENCES":47582249,"PERF_COUNT_HW_CPU_CYCLES":2124140937092}}
{"runtime":242143,"energy":{"pkg":2409.2276611328125,"pp0":1311.3432006835938,"pp1":48.11181640625,"dram":0},"perf_counters":{"PERF_COUNT_HW_REF_CPU_CYCLES":5049902386387,"PERF_COUNT_HW_BRANCH_INSTRUCTIONS":867448203282,"PERF_COUNT_HW_CACHE_MISSES":12415355,"PERF_COUNT_HW_INSTRUCTIONS":3922905222950,"PERF_COUNT_HW_BRANCH_MISSES":2923765113,"PERF_COUNT_HW_CACHE_REFERENCES":47376394,"PERF_COUNT_HW_CPU_CYCLES":2106633659539}}
{"runtime":239841,"energy":{"pkg":2386.0626220703125,"pp0":1300.38427734375,"pp1":46.529052734375,"dram":0},"perf_counters":{"PERF_COUNT_HW_REF_CPU_CYCLES":4997291944920,"PERF_COUNT_HW_BRANCH_INSTRUCTIONS":867444535121,"PERF_COUNT_HW_CACHE_MISSES":12239742,"PERF_COUNT_HW_INSTRUCTIONS":3922883117945,"PERF_COUNT_HW_BRANCH_MISSES":2905809240,"PERF_COUNT_HW_CACHE_REFERENCES":47262909,"PERF_COUNT_HW_CPU_CYCLES":2097485400024}}
