{"runtime":24209,"energy":{"pkg":240.92999267578125,"pp0":129.961181640625,"pp1":4.81640625,"dram":0},"perf_counters":{"PERF_COUNT_HW_REF_CPU_CYCLES":67860777662,"PERF_COUNT_HW_BRANCH_INSTRUCTIONS":50722244832,"PERF_COUNT_HW_CACHE_MISSES":313720,"PERF_COUNT_HW_INSTRUCTIONS":221718172062,"PERF_COUNT_HW_BRANCH_MISSES":180614889,"PERF_COUNT_HW_CACHE_REFERENCES":1041444,"PERF_COUNT_HW_CPU_CYCLES":65627887627}}
{"runtime":24330,"energy":{"pkg":242.10870361328125,"pp0":130.68310546875,"pp1":4.582275390625,"dram":0},"perf_counters":{"PERF_COUNT_HW_REF_CPU_CYCLES":68198195050,"PERF_COUNT_HW_BRANCH_INSTRUCTIONS":50722386712,"PERF_COUNT_HW_CACHE_MISSES":331086,"PERF_COUNT_HW_INSTRUCTIONS":221718842287,"PERF_COUNT_HW_BRANCH_MISSES":181209308,"PERF_COUNT_HW_CACHE_REFERENCES":1027720,"PERF_COUNT_HW_CPU_CYCLES":65774535479}}
{"runtime":24567,"energy":{"pkg":244.46246337890625,"pp0":131.5947265625,"pp1":4.789306640625,"dram":0},"perf_counters":{"PERF_COUNT_HW_REF_CPU_CYCLES":68866487420,"PERF_COUNT_HW_BRANCH_INSTRUCTIONS":50722270380,"PERF_COUNT_HW_CACHE_MISSES":303585,"PERF_COUNT_HW_INSTRUCTIONS":221718269901,"PERF_COUNT_HW_BRANCH_MISSES":183046233,"PERF_COUNT_HW_CACHE_REFERENCES":1095271,"PERF_COUNT_HW_CPU_CYCLES":66807468178}}
{"runtime":24269,"energy":{"pkg":241.5135498046875,"pp0":130.4390869140625,"pp1":4.7672119140625,"dram":0},"perf_counters":{"PERF_COUNT_HW_REF_CPU_CYCLES":68032523229,"PERF_COUNT_HW_BRANCH_INSTRUCTIONS":50722111301,"PERF_COUNT_HW_CACHE_MISSES":331938,"PERF_COUNT_HW_INSTRUCTIONS":221717457741,"PERF_COUNT_HW_BRANCH_MISSES":182854712,"PERF_COUNT_HW_CACHE_REFERENCES":1118659,"PERF_COUNT_HW_CPU_CYCLES":65687105639}}
{"runtime":24681,"energy":{"pkg":245.58563232421875,"pp0":132.54931640625,"pp1":4.8818359375,"dram":0},"perf_counters":{"PERF_COUNT_HW_REF_CPU_CYCLES":69187866708,"PERF_COUNT_HW_BRANCH_INSTRUCTIONS":50722238833,"PERF_COUNT_HW_CACHE_MISSES":314689,"PERF_COUNT_HW_INSTRUCTIONS":221718134284,"PERF_COUNT_HW_BRANCH_MISSES":181360195,"PERF_COUNT_HW_CACHE_REFERENCES":1087390,"PERF_COUNT_HW_CPU_CYCLES":66768412313}}
{"runtime":24384,"energy":{"pkg":242.63897705078125,"pp0":131.0606689453125,"pp1":4.7225341796875,"dram":0},"perf_counters":{"PERF_COUNT_HW_REF_CPU_CYCLES":68352710573,"PERF_COUNT_HW_BRANCH_INSTRUCTIONS":50722217131,"PERF_COUNT_HW_CACHE_MISSES":310927,"PERF_COUNT_HW_INSTRUCTIONS":221717970213,"PERF_COUNT_HW_BRANCH_MISSES":180186815,"PERF_COUNT_HW_CACHE_REFERENCES":1068709,"PERF_COUNT_HW_CPU_CYCLES":65824262181}}
{"runtime":24242,"energy":{"pkg":241.2061767578125,"pp0":130.07427978515625,"pp1":4.8092041015625,"dram":0},"perf_counters":{"PERF_COUNT_HW_REF_CPU_CYCLES":67952243961,"PERF_COUNT_HW_BRANCH_INSTRUCTIONS":50722188731,"PERF_COUNT_HW_CACHE_MISSES":311193,"PERF_COUNT_HW_INSTRUCTIONS":221717847525,"PERF_COUNT_HW_BRANCH_MISSES":181996142,"PERF_COUNT_HW_CACHE_REFERENCES":1114611,"PERF_COUNT_HW_CPU_CYCLES":65590154203}}
{"runtime":24257,"energy":{"pkg":241.37945556640625,"pp0":129.77496337890625,"pp1":4.889892578125,"dram":0},"perf_counters":{"PERF_COUNT_HW_REF_CPU_CYCLES":67994923703,"PERF_COUNT_HW_BRANCH_INSTRUCTIONS":50722385692,"PERF_COUNT_HW_CACHE_MISSES":308075,"PERF_COUNT_HW_INSTRUCTIONS":221718939148,"PERF_COUNT_HW_BRANCH_MISSES":180558094,"PERF_COUNT_HW_CACHE_REFERENCES":1015047,"PERF_COUNT_HW_CPU_CYCLES":65489927489}}
{"runtime":24339,"energy":{"pkg":242.1806640625,"pp0":130.42852783203125,"pp1":4.6593017578125,"dram":0},"perf_counters":{"PERF_COUNT_HW_REF_CPU_CYCLES":68224604698,"PERF_COUNT_HW_BRANCH_INSTRUCTIONS":50722358867,"PERF_COUNT_HW_CACHE_MISSES":309278,"PERF_COUNT_HW_INSTRUCTIONS":221718753617,"PERF_COUNT_HW_BRANCH_MISSES":181811963,"PERF_COUNT_HW_CACHE_REFERENCES":967764,"PERF_COUNT_HW_CPU_CYCLES":65776894906}}
{"runtime":24353,"energy":{"pkg":242.358154296875,"pp0":130.7105712890625,"pp1":4.626220703125,"dram":0},"perf_counters":{"PERF_COUNT_HW_REF_CPU_CYCLES":68263154246,"PERF_COUNT_HW_BRANCH_INSTRUCTIONS":50722437733,"PERF_COUNT_HW_CACHE_MISSES":328182,"PERF_COUNT_HW_INSTRUCTIONS":221719159230,"PERF_COUNT_HW_BRANCH_MISSES":181213408,"PERF_COUNT_HW_CACHE_REFERENCES":996764,"PERF_COUNT_HW_CPU_CYCLES":65913298280}}
{"runtime":24301,"energy":{"pkg":241.8619384765625,"pp0":130.16156005859375,"pp1":4.8736572265625,"dram":0},"perf_counters":{"PERF_COUNT_HW_REF_CPU_CYCLES":68118434739,"PERF_COUNT_HW_BRANCH_INSTRUCTIONS":50722363716,"PERF_COUNT_HW_CACHE_MISSES":324872,"PERF_COUNT_HW_INSTRUCTIONS":221718755036,"PERF_COUNT_HW_BRANCH_MISSES":180507867,"PERF_COUNT_HW_CACHE_REFERENCES":1027406,"PERF_COUNT_HW_CPU_CYCLES":65748019073}}
