{"runtime":40023,"energy":{"pkg":398.6927490234375,"pp0":208.94622802734375,"pp1":9.4503173828125,"dram":0},"perf_counters":{"PERF_COUNT_HW_REF_CPU_CYCLES":638707001540,"PERF_COUNT_HW_BRANCH_INSTRUCTIONS":117959336906,"PERF_COUNT_HW_CACHE_MISSES":246794825,"PERF_COUNT_HW_INSTRUCTIONS":524131692804,"PERF_COUNT_HW_BRANCH_MISSES":406078033,"PERF_COUNT_HW_CACHE_REFERENCES":868515233,"PERF_COUNT_HW_CPU_CYCLES":260346529728}}
{"runtime":40447,"energy":{"pkg":402.04815673828125,"pp0":211.57769775390625,"pp1":8.3837890625,"dram":0},"perf_counters":{"PERF_COUNT_HW_REF_CPU_CYCLES":642423028361,"PERF_COUNT_HW_BRANCH_INSTRUCTIONS":117956228643,"PERF_COUNT_HW_CACHE_MISSES":242786043,"PERF_COUNT_HW_INSTRUCTIONS":524115598444,"PERF_COUNT_HW_BRANCH_MISSES":404927456,"PERF_COUNT_HW_CACHE_REFERENCES":850184066,"PERF_COUNT_HW_CPU_CYCLES":261448303172}}
{"runtime":40116,"energy":{"pkg":400.167724609375,"pp0":211.06365966796875,"pp1":8.0728759765625,"dram":0},"perf_counters":{"PERF_COUNT_HW_REF_CPU_CYCLES":629915399329,"PERF_COUNT_HW_BRANCH_INSTRUCTIONS":117953379862,"PERF_COUNT_HW_CACHE_MISSES":245226297,"PERF_COUNT_HW_INSTRUCTIONS":524099695342,"PERF_COUNT_HW_BRANCH_MISSES":406048948,"PERF_COUNT_HW_CACHE_REFERENCES":839160067,"PERF_COUNT_HW_CPU_CYCLES":260549216213}}
{"runtime":40269,"energy":{"pkg":400.68170166015625,"pp0":210.416015625,"pp1":8.5692138671875,"dram":0},"perf_counters":{"PERF_COUNT_HW_REF_CPU_CYCLES":637122411272,"PERF_COUNT_HW_BRANCH_INSTRUCTIONS":117954020202,"PERF_COUNT_HW_CACHE_MISSES":246590409,"PERF_COUNT_HW_INSTRUCTIONS":524103831932,"PERF_COUNT_HW_BRANCH_MISSES":404036577,"PERF_COUNT_HW_CACHE_REFERENCES":844106238,"PERF_COUNT_HW_CPU_CYCLES":260008186132}}
{"runtime":40591,"energy":{"pkg":403.07623291015625,"pp0":211.7073974609375,"pp1":8.45849609375,"dram":0},"perf_counters":{"PERF_COUNT_HW_REF_CPU_CYCLES":640033919985,"PERF_COUNT_HW_BRANCH_INSTRUCTIONS":117957718534,"PERF_COUNT_HW_CACHE_MISSES":244001280,"PERF_COUNT_HW_INSTRUCTIONS":524123561569,"PERF_COUNT_HW_BRANCH_MISSES":404116870,"PERF_COUNT_HW_CACHE_REFERENCES":852811097,"PERF_COUNT_HW_CPU_CYCLES":261542255028}}
{"runtime":40707,"energy":{"pkg":405.1131591796875,"pp0":212.06182861328125,"pp1":9.6016845703125,"dram":0},"perf_counters":{"PERF_COUNT_HW_REF_CPU_CYCLES":634958036170,"PERF_COUNT_HW_BRANCH_INSTRUCTIONS":117955641081,"PERF_COUNT_HW_CACHE_MISSES":243829083,"PERF_COUNT_HW_INSTRUCTIONS":524112519170,"PERF_COUNT_HW_BRANCH_MISSES":403324679,"PERF_COUNT_HW_CACHE_REFERENCES":848721354,"PERF_COUNT_HW_CPU_CYCLES":258745784515}}
{"runtime":40384,"energy":{"pkg":402.23162841796875,"pp0":211.5994873046875,"pp1":8.4027099609375,"dram":0},"perf_counters":{"PERF_COUNT_HW_REF_CPU_CYCLES":641376558688,"PERF_COUNT_HW_BRANCH_INSTRUCTIONS":117953049329,"PERF_COUNT_HW_CACHE_MISSES":245967634,"PERF_COUNT_HW_INSTRUCTIONS":524098714513,"PERF_COUNT_HW_BRANCH_MISSES":403436370,"PERF_COUNT_HW_CACHE_REFERENCES":849481769,"PERF_COUNT_HW_CPU_CYCLES":259767070508}}
{"runtime":39956,"energy":{"pkg":397.24188232421875,"pp0":209.06842041015625,"pp1":8.3824462890625,"dram":0},"perf_counters":{"PERF_COUNT_HW_REF_CPU_CYCLES":647040079947,"PERF_COUNT_HW_BRANCH_INSTRUCTIONS":117958500402,"PERF_COUNT_HW_CACHE_MISSES":238217753,"PERF_COUNT_HW_INSTRUCTIONS":524127792713,"PERF_COUNT_HW_BRANCH_MISSES":409473877,"PERF_COUNT_HW_CACHE_REFERENCES":877846207,"PERF_COUNT_HW_CPU_CYCLES":264476334422}}
{"runtime":40022,"energy":{"pkg":399.00048828125,"pp0":209.724853515625,"pp1":8.6326904296875,"dram":0},"perf_counters":{"PERF_COUNT_HW_REF_CPU_CYCLES":630929046304,"PERF_COUNT_HW_BRANCH_INSTRUCTIONS":117955058311,"PERF_COUNT_HW_CACHE_MISSES":245698534,"PERF_COUNT_HW_INSTRUCTIONS":524109221931,"PERF_COUNT_HW_BRANCH_MISSES":405915777,"PERF_COUNT_HW_CACHE_REFERENCES":844612674,"PERF_COUNT_HW_CPU_CYCLES":257712546650}}
{"runtime":40598,"energy":{"pkg":403.6185302734375,"pp0":211.3038330078125,"pp1":9.0899658203125,"dram":0},"perf_counters":{"PERF_COUNT_HW_REF_CPU_CYCLES":639800862229,"PERF_COUNT_HW_BRANCH_INSTRUCTIONS":117956942409,"PERF_COUNT_HW_CACHE_MISSES":244548929,"PERF_COUNT_HW_INSTRUCTIONS":524120065007,"PERF_COUNT_HW_BRANCH_MISSES":404666957,"PERF_COUNT_HW_CACHE_REFERENCES":839826824,"PERF_COUNT_HW_CPU_CYCLES":259712775840}}
{"runtime":40764,"energy":{"pkg":405.79345703125,"pp0":212.47821044921875,"pp1":9.406005859375,"dram":0},"perf_counters":{"PERF_COUNT_HW_REF_CPU_CYCLES":642383300958,"PERF_COUNT_HW_BRANCH_INSTRUCTIONS":117957569214,"PERF_COUNT_HW_CACHE_MISSES":243918734,"PERF_COUNT_HW_INSTRUCTIONS":524122676291,"PERF_COUNT_HW_BRANCH_MISSES":404606948,"PERF_COUNT_HW_CACHE_REFERENCES":845928633,"PERF_COUNT_HW_CPU_CYCLES":259119130930}}
