{"runtime":126356,"energy":{"pkg":1256.4456176757812,"pp0":682.1337890625,"pp1":24.67822265625,"dram":0},"perf_counters":{"PERF_COUNT_HW_REF_CPU_CYCLES":2629615455982,"PERF_COUNT_HW_BRANCH_INSTRUCTIONS":468832547716,"PERF_COUNT_HW_CACHE_MISSES":18352330,"PERF_COUNT_HW_INSTRUCTIONS":2150642881105,"PERF_COUNT_HW_BRANCH_MISSES":238641940,"PERF_COUNT_HW_CACHE_REFERENCES":50128259,"PERF_COUNT_HW_CPU_CYCLES":1050000233049}}
{"runtime":122311,"energy":{"pkg":1218.2042846679688,"pp0":667.1582641601562,"pp1":18.6759033203125,"dram":0},"perf_counters":{"PERF_COUNT_HW_REF_CPU_CYCLES":2546174495202,"PERF_COUNT_HW_BRANCH_INSTRUCTIONS":468825026850,"PERF_COUNT_HW_CACHE_MISSES":17647822,"PERF_COUNT_HW_INSTRUCTIONS":2150597256675,"PERF_COUNT_HW_BRANCH_MISSES":238188348,"PERF_COUNT_HW_CACHE_REFERENCES":48463942,"PERF_COUNT_HW_CPU_CYCLES":1015623409432}}
{"runtime":123845,"energy":{"pkg":1231.721435546875,"pp0":668.5013427734375,"pp1":24.593505859375,"dram":0},"perf_counters":{"PERF_COUNT_HW_REF_CPU_CYCLES":2573369858700,"PERF_COUNT_HW_BRANCH_INSTRUCTIONS":468828155353,"PERF_COUNT_HW_CACHE_MISSES":18004107,"PERF_COUNT_HW_INSTRUCTIONS":2150615592107,"PERF_COUNT_HW_BRANCH_MISSES":238571412,"PERF_COUNT_HW_CACHE_REFERENCES":49070024,"PERF_COUNT_HW_CPU_CYCLES":1025509393285}}
{"runtime":121619,"energy":{"pkg":1210.583984375,"pp0":663.1498413085938,"pp1":18.578857421875,"dram":0},"perf_counters":{"PERF_COUNT_HW_REF_CPU_CYCLES":2533241090166,"PERF_COUNT_HW_BRANCH_INSTRUCTIONS":468823150698,"PERF_COUNT_HW_CACHE_MISSES":18966365,"PERF_COUNT_HW_INSTRUCTIONS":2150586739016,"PERF_COUNT_HW_BRANCH_MISSES":238126218,"PERF_COUNT_HW_CACHE_REFERENCES":48388425,"PERF_COUNT_HW_CPU_CYCLES":1013650854053}}
{"runtime":122263,"energy":{"pkg":1216.7149658203125,"pp0":661.584228515625,"pp1":23.942138671875,"dram":0},"perf_counters":{"PERF_COUNT_HW_REF_CPU_CYCLES":2541354003201,"PERF_COUNT_HW_BRANCH_INSTRUCTIONS":468824479794,"PERF_COUNT_HW_CACHE_MISSES":18609278,"PERF_COUNT_HW_INSTRUCTIONS":2150593395740,"PERF_COUNT_HW_BRANCH_MISSES":237976164,"PERF_COUNT_HW_CACHE_REFERENCES":48274162,"PERF_COUNT_HW_CPU_CYCLES":1012624245556}}
{"runtime":122005,"energy":{"pkg":1213.9996948242188,"pp0":660.1929931640625,"pp1":24.1998291015625,"dram":0},"perf_counters":{"PERF_COUNT_HW_REF_CPU_CYCLES":2542837823904,"PERF_COUNT_HW_BRANCH_INSTRUCTIONS":468823703922,"PERF_COUNT_HW_CACHE_MISSES":18858599,"PERF_COUNT_HW_INSTRUCTIONS":2150589868581,"PERF_COUNT_HW_BRANCH_MISSES":238445502,"PERF_COUNT_HW_CACHE_REFERENCES":47848808,"PERF_COUNT_HW_CPU_CYCLES":1014083654561}}
{"runtime":122730,"energy":{"pkg":1221.769287109375,"pp0":664.65087890625,"pp1":24.2655029296875,"dram":0},"perf_counters":{"PERF_COUNT_HW_REF_CPU_CYCLES":2559721823668,"PERF_COUNT_HW_BRANCH_INSTRUCTIONS":468824980412,"PERF_COUNT_HW_CACHE_MISSES":19201134,"PERF_COUNT_HW_INSTRUCTIONS":2150597811021,"PERF_COUNT_HW_BRANCH_MISSES":238247567,"PERF_COUNT_HW_CACHE_REFERENCES":49030394,"PERF_COUNT_HW_CPU_CYCLES":1022482105031}}
{"runtime":122130,"energy":{"pkg":1215.0120849609375,"pp0":660.8935546875,"pp1":23.8333740234375,"dram":0},"perf_counters":{"PERF_COUNT_HW_REF_CPU_CYCLES":2542173489667,"PERF_COUNT_HW_BRANCH_INSTRUCTIONS":468823457313,"PERF_COUNT_HW_CACHE_MISSES":18389002,"PERF_COUNT_HW_INSTRUCTIONS":2150588328565,"PERF_COUNT_HW_BRANCH_MISSES":238085131,"PERF_COUNT_HW_CACHE_REFERENCES":49988240,"PERF_COUNT_HW_CPU_CYCLES":1013009962130}}
{"runtime":121676,"energy":{"pkg":1211.534912109375,"pp0":659.5059814453125,"pp1":24.1160888671875,"dram":0},"perf_counters":{"PERF_COUNT_HW_REF_CPU_CYCLES":2537806601781,"PERF_COUNT_HW_BRANCH_INSTRUCTIONS":468823788394,"PERF_COUNT_HW_CACHE_MISSES":18100106,"PERF_COUNT_HW_INSTRUCTIONS":2150589946984,"PERF_COUNT_HW_BRANCH_MISSES":238107937,"PERF_COUNT_HW_CACHE_REFERENCES":49745470,"PERF_COUNT_HW_CPU_CYCLES":1013914572651}}
{"runtime":121958,"energy":{"pkg":1213.3611450195312,"pp0":660.4287719726562,"pp1":24.135009765625,"dram":0},"perf_counters":{"PERF_COUNT_HW_REF_CPU_CYCLES":2545015611004,"PERF_COUNT_HW_BRANCH_INSTRUCTIONS":468824203802,"PERF_COUNT_HW_CACHE_MISSES":19064725,"PERF_COUNT_HW_INSTRUCTIONS":2150592828025,"PERF_COUNT_HW_BRANCH_MISSES":238699310,"PERF_COUNT_HW_CACHE_REFERENCES":48958148,"PERF_COUNT_HW_CPU_CYCLES":1014616939436}}
{"runtime":121923,"energy":{"pkg":1213.6053466796875,"pp0":660.7392578125,"pp1":24.1072998046875,"dram":0},"perf_counters":{"PERF_COUNT_HW_REF_CPU_CYCLES":2537583372015,"PERF_COUNT_HW_BRANCH_INSTRUCTIONS":468825274947,"PERF_COUNT_HW_CACHE_MISSES":19740513,"PERF_COUNT_HW_INSTRUCTIONS":2150598022375,"PERF_COUNT_HW_BRANCH_MISSES":237999821,"PERF_COUNT_HW_CACHE_REFERENCES":50341237,"PERF_COUNT_HW_CPU_CYCLES":1011894207881}}
