{"runtime":121258,"energy":{"pkg":1206.704345703125,"pp0":648.5690307617188,"pp1":26.3427734375,"dram":0},"perf_counters":{"PERF_COUNT_HW_REF_CPU_CYCLES":339913729580,"PERF_COUNT_HW_BRANCH_INSTRUCTIONS":290331136619,"PERF_COUNT_HW_CACHE_MISSES":634587,"PERF_COUNT_HW_INSTRUCTIONS":1252639721110,"PERF_COUNT_HW_BRANCH_MISSES":101273251,"PERF_COUNT_HW_CACHE_REFERENCES":3303034,"PERF_COUNT_HW_CPU_CYCLES":321751023863}}
{"runtime":119258,"energy":{"pkg":1186.73681640625,"pp0":637.4879150390625,"pp1":25.3668212890625,"dram":0},"perf_counters":{"PERF_COUNT_HW_REF_CPU_CYCLES":334288162116,"PERF_COUNT_HW_BRANCH_INSTRUCTIONS":290332410089,"PERF_COUNT_HW_CACHE_MISSES":794274,"PERF_COUNT_HW_INSTRUCTIONS":1252645870227,"PERF_COUNT_HW_BRANCH_MISSES":102591594,"PERF_COUNT_HW_CACHE_REFERENCES":3490921,"PERF_COUNT_HW_CPU_CYCLES":316031150069}}
{"runtime":117192,"energy":{"pkg":1166.1969604492188,"pp0":627.057373046875,"pp1":25.069091796875,"dram":0},"perf_counters":{"PERF_COUNT_HW_REF_CPU_CYCLES":328511295947,"PERF_COUNT_HW_BRANCH_INSTRUCTIONS":290330098877,"PERF_COUNT_HW_CACHE_MISSES":518702,"PERF_COUNT_HW_INSTRUCTIONS":1252633509354,"PERF_COUNT_HW_BRANCH_MISSES":101424311,"PERF_COUNT_HW_CACHE_REFERENCES":2810452,"PERF_COUNT_HW_CPU_CYCLES":310063974085}}
{"runtime":123164,"energy":{"pkg":1225.6182250976562,"pp0":659.2261352539062,"pp1":26.482666015625,"dram":0},"perf_counters":{"PERF_COUNT_HW_REF_CPU_CYCLES":345257874817,"PERF_COUNT_HW_BRANCH_INSTRUCTIONS":290331782367,"PERF_COUNT_HW_CACHE_MISSES":668718,"PERF_COUNT_HW_INSTRUCTIONS":1252643517692,"PERF_COUNT_HW_BRANCH_MISSES":100679620,"PERF_COUNT_HW_CACHE_REFERENCES":3750388,"PERF_COUNT_HW_CPU_CYCLES":327213753641}}
{"runtime":118746,"energy":{"pkg":1181.5042724609375,"pp0":635.1381225585938,"pp1":25.5177001953125,"dram":0},"perf_counters":{"PERF_COUNT_HW_REF_CPU_CYCLES":332873307214,"PERF_COUNT_HW_BRANCH_INSTRUCTIONS":290330841236,"PERF_COUNT_HW_CACHE_MISSES":684003,"PERF_COUNT_HW_INSTRUCTIONS":1252637553597,"PERF_COUNT_HW_BRANCH_MISSES":102047685,"PERF_COUNT_HW_CACHE_REFERENCES":3814226,"PERF_COUNT_HW_CPU_CYCLES":315335552373}}
{"runtime":123905,"energy":{"pkg":1233.1788940429688,"pp0":661.602783203125,"pp1":26.580810546875,"dram":0},"perf_counters":{"PERF_COUNT_HW_REF_CPU_CYCLES":347332847768,"PERF_COUNT_HW_BRANCH_INSTRUCTIONS":290331837345,"PERF_COUNT_HW_CACHE_MISSES":708370,"PERF_COUNT_HW_INSTRUCTIONS":1252644065772,"PERF_COUNT_HW_BRANCH_MISSES":101025023,"PERF_COUNT_HW_CACHE_REFERENCES":3591130,"PERF_COUNT_HW_CPU_CYCLES":329994230010}}
{"runtime":121198,"energy":{"pkg":1206.0416259765625,"pp0":648.586181640625,"pp1":25.697265625,"dram":0},"perf_counters":{"PERF_COUNT_HW_REF_CPU_CYCLES":339722845676,"PERF_COUNT_HW_BRANCH_INSTRUCTIONS":290332849860,"PERF_COUNT_HW_CACHE_MISSES":867590,"PERF_COUNT_HW_INSTRUCTIONS":1252648610972,"PERF_COUNT_HW_BRANCH_MISSES":102656325,"PERF_COUNT_HW_CACHE_REFERENCES":3877750,"PERF_COUNT_HW_CPU_CYCLES":322210421818}}
{"runtime":117089,"energy":{"pkg":1165.1506958007812,"pp0":627.9928588867188,"pp1":25.4332275390625,"dram":0},"perf_counters":{"PERF_COUNT_HW_REF_CPU_CYCLES":328200826728,"PERF_COUNT_HW_BRANCH_INSTRUCTIONS":290330257338,"PERF_COUNT_HW_CACHE_MISSES":1062105,"PERF_COUNT_HW_INSTRUCTIONS":1252634618740,"PERF_COUNT_HW_BRANCH_MISSES":102454390,"PERF_COUNT_HW_CACHE_REFERENCES":4668767,"PERF_COUNT_HW_CPU_CYCLES":312503281640}}
{"runtime":119394,"energy":{"pkg":1188.1213989257812,"pp0":640.480712890625,"pp1":26.03369140625,"dram":0},"perf_counters":{"PERF_COUNT_HW_REF_CPU_CYCLES":334667739340,"PERF_COUNT_HW_BRANCH_INSTRUCTIONS":290331067501,"PERF_COUNT_HW_CACHE_MISSES":1119283,"PERF_COUNT_HW_INSTRUCTIONS":1252639190532,"PERF_COUNT_HW_BRANCH_MISSES":101416856,"PERF_COUNT_HW_CACHE_REFERENCES":5259050,"PERF_COUNT_HW_CPU_CYCLES":319370413991}}
{"runtime":118548,"energy":{"pkg":1179.6609497070312,"pp0":634.5010986328125,"pp1":25.4693603515625,"dram":0},"perf_counters":{"PERF_COUNT_HW_REF_CPU_CYCLES":332314858090,"PERF_COUNT_HW_BRANCH_INSTRUCTIONS":290330869232,"PERF_COUNT_HW_CACHE_MISSES":600147,"PERF_COUNT_HW_INSTRUCTIONS":1252637619228,"PERF_COUNT_HW_BRANCH_MISSES":101263012,"PERF_COUNT_HW_CACHE_REFERENCES":3177440,"PERF_COUNT_HW_CPU_CYCLES":314244193485}}
{"runtime":118013,"energy":{"pkg":1174.4356689453125,"pp0":631.5712280273438,"pp1":25.2987060546875,"dram":0},"perf_counters":{"PERF_COUNT_HW_REF_CPU_CYCLES":330805887500,"PERF_COUNT_HW_BRANCH_INSTRUCTIONS":290331017370,"PERF_COUNT_HW_CACHE_MISSES":753548,"PERF_COUNT_HW_INSTRUCTIONS":1252638582929,"PERF_COUNT_HW_BRANCH_MISSES":102123624,"PERF_COUNT_HW_CACHE_REFERENCES":4106164,"PERF_COUNT_HW_CPU_CYCLES":312982501456}}
