{"runtime":2293,"energy":{"pkg":22.75177001953125,"pp0":12.04547119140625,"pp1":0.4600830078125,"dram":0},"perf_counters":{"PERF_COUNT_HW_REF_CPU_CYCLES":14398762068,"PERF_COUNT_HW_BRANCH_INSTRUCTIONS":3267489625,"PERF_COUNT_HW_CACHE_MISSES":17249548,"PERF_COUNT_HW_INSTRUCTIONS":16219512904,"PERF_COUNT_HW_BRANCH_MISSES":171524353,"PERF_COUNT_HW_CACHE_REFERENCES":32586105,"PERF_COUNT_HW_CPU_CYCLES":10446512611}}
{"runtime":2357,"energy":{"pkg":23.119384765625,"pp0":12.17620849609375,"pp1":0.4525146484375,"dram":0},"perf_counters":{"PERF_COUNT_HW_REF_CPU_CYCLES":14444544237,"PERF_COUNT_HW_BRANCH_INSTRUCTIONS":3261490159,"PERF_COUNT_HW_CACHE_MISSES":16717675,"PERF_COUNT_HW_INSTRUCTIONS":16181418944,"PERF_COUNT_HW_BRANCH_MISSES":171667397,"PERF_COUNT_HW_CACHE_REFERENCES":31569061,"PERF_COUNT_HW_CPU_CYCLES":10882016345}}
{"runtime":2277,"energy":{"pkg":22.86529541015625,"pp0":12.2264404296875,"pp1":0.4859619140625,"dram":0},"perf_counters":{"PERF_COUNT_HW_REF_CPU_CYCLES":14241736586,"PERF_COUNT_HW_BRANCH_INSTRUCTIONS":3267322006,"PERF_COUNT_HW_CACHE_MISSES":17239740,"PERF_COUNT_HW_INSTRUCTIONS":16218438470,"PERF_COUNT_HW_BRANCH_MISSES":171842736,"PERF_COUNT_HW_CACHE_REFERENCES":32673269,"PERF_COUNT_HW_CPU_CYCLES":10524122946}}
{"runtime":2321,"energy":{"pkg":22.9783935546875,"pp0":12.16351318359375,"pp1":0.471435546875,"dram":0},"perf_counters":{"PERF_COUNT_HW_REF_CPU_CYCLES":14352814043,"PERF_COUNT_HW_BRANCH_INSTRUCTIONS":3267437460,"PERF_COUNT_HW_CACHE_MISSES":17240791,"PERF_COUNT_HW_INSTRUCTIONS":16219028551,"PERF_COUNT_HW_BRANCH_MISSES":171774338,"PERF_COUNT_HW_CACHE_REFERENCES":32501002,"PERF_COUNT_HW_CPU_CYCLES":10566340968}}
{"runtime":2288,"energy":{"pkg":22.83489990234375,"pp0":12.1668701171875,"pp1":0.431884765625,"dram":0},"perf_counters":{"PERF_COUNT_HW_REF_CPU_CYCLES":14054527721,"PERF_COUNT_HW_BRANCH_INSTRUCTIONS":3267343221,"PERF_COUNT_HW_CACHE_MISSES":17366308,"PERF_COUNT_HW_INSTRUCTIONS":16218491024,"PERF_COUNT_HW_BRANCH_MISSES":172147243,"PERF_COUNT_HW_CACHE_REFERENCES":32348227,"PERF_COUNT_HW_CPU_CYCLES":10623217061}}
{"runtime":2277,"energy":{"pkg":22.58685302734375,"pp0":12.03369140625,"pp1":0.38916015625,"dram":0},"perf_counters":{"PERF_COUNT_HW_REF_CPU_CYCLES":14278666118,"PERF_COUNT_HW_BRANCH_INSTRUCTIONS":3261341258,"PERF_COUNT_HW_CACHE_MISSES":16677535,"PERF_COUNT_HW_INSTRUCTIONS":16180236161,"PERF_COUNT_HW_BRANCH_MISSES":171542099,"PERF_COUNT_HW_CACHE_REFERENCES":31707119,"PERF_COUNT_HW_CPU_CYCLES":10443975781}}
{"runtime":2281,"energy":{"pkg":22.64056396484375,"pp0":12.0224609375,"pp1":0.446044921875,"dram":0},"perf_counters":{"PERF_COUNT_HW_REF_CPU_CYCLES":14300356973,"PERF_COUNT_HW_BRANCH_INSTRUCTIONS":3261453555,"PERF_COUNT_HW_CACHE_MISSES":16809655,"PERF_COUNT_HW_INSTRUCTIONS":16181030868,"PERF_COUNT_HW_BRANCH_MISSES":170968006,"PERF_COUNT_HW_CACHE_REFERENCES":31754144,"PERF_COUNT_HW_CPU_CYCLES":10444478978}}
{"runtime":2278,"energy":{"pkg":22.681884765625,"pp0":12.07354736328125,"pp1":0.43994140625,"dram":0},"perf_counters":{"PERF_COUNT_HW_REF_CPU_CYCLES":14326301465,"PERF_COUNT_HW_BRANCH_INSTRUCTIONS":3261355371,"PERF_COUNT_HW_CACHE_MISSES":16738726,"PERF_COUNT_HW_INSTRUCTIONS":16180263610,"PERF_COUNT_HW_BRANCH_MISSES":171873903,"PERF_COUNT_HW_CACHE_REFERENCES":31694932,"PERF_COUNT_HW_CPU_CYCLES":10492226667}}
{"runtime":2282,"energy":{"pkg":22.677978515625,"pp0":12.037109375,"pp1":0.4451904296875,"dram":0},"perf_counters":{"PERF_COUNT_HW_REF_CPU_CYCLES":14295634968,"PERF_COUNT_HW_BRANCH_INSTRUCTIONS":3261448685,"PERF_COUNT_HW_CACHE_MISSES":16737590,"PERF_COUNT_HW_INSTRUCTIONS":16181065446,"PERF_COUNT_HW_BRANCH_MISSES":172039174,"PERF_COUNT_HW_CACHE_REFERENCES":31764651,"PERF_COUNT_HW_CPU_CYCLES":10460026499}}
{"runtime":2293,"energy":{"pkg":22.79840087890625,"pp0":12.07025146484375,"pp1":0.4976806640625,"dram":0},"perf_counters":{"PERF_COUNT_HW_REF_CPU_CYCLES":14291975040,"PERF_COUNT_HW_BRANCH_INSTRUCTIONS":3267231968,"PERF_COUNT_HW_CACHE_MISSES":17174009,"PERF_COUNT_HW_INSTRUCTIONS":16217706268,"PERF_COUNT_HW_BRANCH_MISSES":171407631,"PERF_COUNT_HW_CACHE_REFERENCES":32617972,"PERF_COUNT_HW_CPU_CYCLES":10458304453}}
{"runtime":2316,"energy":{"pkg":22.871337890625,"pp0":12.04498291015625,"pp1":0.5010986328125,"dram":0},"perf_counters":{"PERF_COUNT_HW_REF_CPU_CYCLES":14434162031,"PERF_COUNT_HW_BRANCH_INSTRUCTIONS":3261451731,"PERF_COUNT_HW_CACHE_MISSES":16546079,"PERF_COUNT_HW_INSTRUCTIONS":16181006557,"PERF_COUNT_HW_BRANCH_MISSES":171223749,"PERF_COUNT_HW_CACHE_REFERENCES":31655646,"PERF_COUNT_HW_CPU_CYCLES":10599330643}}
