{"runtime":1723,"energy":{"pkg":17.2127685546875,"pp0":8.96966552734375,"pp1":0.37744140625,"dram":0},"perf_counters":{"PERF_COUNT_HW_REF_CPU_CYCLES":7679725633,"PERF_COUNT_HW_BRANCH_INSTRUCTIONS":4354638649,"PERF_COUNT_HW_CACHE_MISSES":40204802,"PERF_COUNT_HW_INSTRUCTIONS":18078354401,"PERF_COUNT_HW_BRANCH_MISSES":13890538,"PERF_COUNT_HW_CACHE_REFERENCES":74308690,"PERF_COUNT_HW_CPU_CYCLES":6357925624}}
{"runtime":1723,"energy":{"pkg":17.13482666015625,"pp0":8.92138671875,"pp1":0.362060546875,"dram":0},"perf_counters":{"PERF_COUNT_HW_REF_CPU_CYCLES":7787488671,"PERF_COUNT_HW_BRANCH_INSTRUCTIONS":4351755373,"PERF_COUNT_HW_CACHE_MISSES":39831478,"PERF_COUNT_HW_INSTRUCTIONS":18059962668,"PERF_COUNT_HW_BRANCH_MISSES":13818154,"PERF_COUNT_HW_CACHE_REFERENCES":73677077,"PERF_COUNT_HW_CPU_CYCLES":6431394559}}
{"runtime":1725,"energy":{"pkg":17.19744873046875,"pp0":8.9219970703125,"pp1":0.3951416015625,"dram":0},"perf_counters":{"PERF_COUNT_HW_REF_CPU_CYCLES":7699974738,"PERF_COUNT_HW_BRANCH_INSTRUCTIONS":4354703644,"PERF_COUNT_HW_CACHE_MISSES":40000839,"PERF_COUNT_HW_INSTRUCTIONS":18079132249,"PERF_COUNT_HW_BRANCH_MISSES":13891335,"PERF_COUNT_HW_CACHE_REFERENCES":73972907,"PERF_COUNT_HW_CPU_CYCLES":6375492363}}
{"runtime":1721,"energy":{"pkg":17.1068115234375,"pp0":8.91259765625,"pp1":0.339599609375,"dram":0},"perf_counters":{"PERF_COUNT_HW_REF_CPU_CYCLES":7668399391,"PERF_COUNT_HW_BRANCH_INSTRUCTIONS":4352050194,"PERF_COUNT_HW_CACHE_MISSES":40058733,"PERF_COUNT_HW_INSTRUCTIONS":18061720472,"PERF_COUNT_HW_BRANCH_MISSES":13863312,"PERF_COUNT_HW_CACHE_REFERENCES":72363200,"PERF_COUNT_HW_CPU_CYCLES":6333828345}}
{"runtime":1723,"energy":{"pkg":17.1651611328125,"pp0":9.016845703125,"pp1":0.2783203125,"dram":0},"perf_counters":{"PERF_COUNT_HW_REF_CPU_CYCLES":7686498573,"PERF_COUNT_HW_BRANCH_INSTRUCTIONS":4354783798,"PERF_COUNT_HW_CACHE_MISSES":39923831,"PERF_COUNT_HW_INSTRUCTIONS":18079677270,"PERF_COUNT_HW_BRANCH_MISSES":13854666,"PERF_COUNT_HW_CACHE_REFERENCES":74042900,"PERF_COUNT_HW_CPU_CYCLES":6385420864}}
{"runtime":1721,"energy":{"pkg":17.19305419921875,"pp0":9.022216796875,"pp1":0.2899169921875,"dram":0},"perf_counters":{"PERF_COUNT_HW_REF_CPU_CYCLES":7679594963,"PERF_COUNT_HW_BRANCH_INSTRUCTIONS":4355270453,"PERF_COUNT_HW_CACHE_MISSES":40001419,"PERF_COUNT_HW_INSTRUCTIONS":18081488664,"PERF_COUNT_HW_BRANCH_MISSES":13871804,"PERF_COUNT_HW_CACHE_REFERENCES":73934773,"PERF_COUNT_HW_CPU_CYCLES":6360534461}}
{"runtime":1757,"energy":{"pkg":17.48193359375,"pp0":9.13360595703125,"pp1":0.3292236328125,"dram":0},"perf_counters":{"PERF_COUNT_HW_REF_CPU_CYCLES":7911760294,"PERF_COUNT_HW_BRANCH_INSTRUCTIONS":4354689792,"PERF_COUNT_HW_CACHE_MISSES":40138956,"PERF_COUNT_HW_INSTRUCTIONS":18079097118,"PERF_COUNT_HW_BRANCH_MISSES":13870258,"PERF_COUNT_HW_CACHE_REFERENCES":73900571,"PERF_COUNT_HW_CPU_CYCLES":6647916681}}
{"runtime":1738,"energy":{"pkg":17.26953125,"pp0":9.01043701171875,"pp1":0.3377685546875,"dram":0},"perf_counters":{"PERF_COUNT_HW_REF_CPU_CYCLES":7743811457,"PERF_COUNT_HW_BRANCH_INSTRUCTIONS":4351799067,"PERF_COUNT_HW_CACHE_MISSES":39955167,"PERF_COUNT_HW_INSTRUCTIONS":18060728491,"PERF_COUNT_HW_BRANCH_MISSES":13866792,"PERF_COUNT_HW_CACHE_REFERENCES":73982813,"PERF_COUNT_HW_CPU_CYCLES":6381377418}}
{"runtime":1734,"energy":{"pkg":17.29449462890625,"pp0":8.997802734375,"pp1":0.3858642578125,"dram":0},"perf_counters":{"PERF_COUNT_HW_REF_CPU_CYCLES":7755152299,"PERF_COUNT_HW_BRANCH_INSTRUCTIONS":4351958314,"PERF_COUNT_HW_CACHE_MISSES":39959373,"PERF_COUNT_HW_INSTRUCTIONS":18061186578,"PERF_COUNT_HW_BRANCH_MISSES":13857483,"PERF_COUNT_HW_CACHE_REFERENCES":73984613,"PERF_COUNT_HW_CPU_CYCLES":6374257447}}
{"runtime":1731,"energy":{"pkg":17.18255615234375,"pp0":8.9521484375,"pp1":0.3297119140625,"dram":0},"perf_counters":{"PERF_COUNT_HW_REF_CPU_CYCLES":7829380670,"PERF_COUNT_HW_BRANCH_INSTRUCTIONS":4355242544,"PERF_COUNT_HW_CACHE_MISSES":40258252,"PERF_COUNT_HW_INSTRUCTIONS":18081308015,"PERF_COUNT_HW_BRANCH_MISSES":13887186,"PERF_COUNT_HW_CACHE_REFERENCES":74183998,"PERF_COUNT_HW_CPU_CYCLES":6438121586}}
{"runtime":1723,"energy":{"pkg":17.1287841796875,"pp0":8.943359375,"pp1":0.3076171875,"dram":0},"perf_counters":{"PERF_COUNT_HW_REF_CPU_CYCLES":7677413869,"PERF_COUNT_HW_BRANCH_INSTRUCTIONS":4351700768,"PERF_COUNT_HW_CACHE_MISSES":40182424,"PERF_COUNT_HW_INSTRUCTIONS":18059688703,"PERF_COUNT_HW_BRANCH_MISSES":13861702,"PERF_COUNT_HW_CACHE_REFERENCES":74012427,"PERF_COUNT_HW_CPU_CYCLES":6338285282}}
