{"runtime":38702,"energy":{"pkg":385.12872314453125,"pp0":206.92071533203125,"pp1":10.1031494140625,"dram":0},"perf_counters":{"PERF_COUNT_HW_REF_CPU_CYCLES":738871572616,"PERF_COUNT_HW_BRANCH_INSTRUCTIONS":134557186021,"PERF_COUNT_HW_CACHE_MISSES":6936191,"PERF_COUNT_HW_INSTRUCTIONS":618370189602,"PERF_COUNT_HW_BRANCH_MISSES":3107624,"PERF_COUNT_HW_CACHE_REFERENCES":26170523,"PERF_COUNT_HW_CPU_CYCLES":300105283304}}
{"runtime":36806,"energy":{"pkg":366.594970703125,"pp0":197.22015380859375,"pp1":9.4400634765625,"dram":0},"perf_counters":{"PERF_COUNT_HW_REF_CPU_CYCLES":703892737637,"PERF_COUNT_HW_BRANCH_INSTRUCTIONS":134553803497,"PERF_COUNT_HW_CACHE_MISSES":6778354,"PERF_COUNT_HW_INSTRUCTIONS":618350309396,"PERF_COUNT_HW_BRANCH_MISSES":2278468,"PERF_COUNT_HW_CACHE_REFERENCES":25193504,"PERF_COUNT_HW_CPU_CYCLES":296840530207}}
{"runtime":37647,"energy":{"pkg":374.68768310546875,"pp0":201.58392333984375,"pp1":9.472412109375,"dram":0},"perf_counters":{"PERF_COUNT_HW_REF_CPU_CYCLES":723283141593,"PERF_COUNT_HW_BRANCH_INSTRUCTIONS":134556493476,"PERF_COUNT_HW_CACHE_MISSES":6894152,"PERF_COUNT_HW_INSTRUCTIONS":618365703642,"PERF_COUNT_HW_BRANCH_MISSES":2359752,"PERF_COUNT_HW_CACHE_REFERENCES":26212018,"PERF_COUNT_HW_CPU_CYCLES":296988544537}}
{"runtime":37047,"energy":{"pkg":368.6256103515625,"pp0":197.6810302734375,"pp1":9.7535400390625,"dram":0},"perf_counters":{"PERF_COUNT_HW_REF_CPU_CYCLES":710236746135,"PERF_COUNT_HW_BRANCH_INSTRUCTIONS":134554515451,"PERF_COUNT_HW_CACHE_MISSES":6820827,"PERF_COUNT_HW_INSTRUCTIONS":618354506858,"PERF_COUNT_HW_BRANCH_MISSES":2487205,"PERF_COUNT_HW_CACHE_REFERENCES":25622824,"PERF_COUNT_HW_CPU_CYCLES":296749595682}}
{"runtime":37203,"energy":{"pkg":370.183349609375,"pp0":199.13018798828125,"pp1":9.0849609375,"dram":0},"perf_counters":{"PERF_COUNT_HW_REF_CPU_CYCLES":710835035958,"PERF_COUNT_HW_BRANCH_INSTRUCTIONS":134554452348,"PERF_COUNT_HW_CACHE_MISSES":6813846,"PERF_COUNT_HW_INSTRUCTIONS":618354206578,"PERF_COUNT_HW_BRANCH_MISSES":2489813,"PERF_COUNT_HW_CACHE_REFERENCES":25456123,"PERF_COUNT_HW_CPU_CYCLES":296677124808}}
{"runtime":37547,"energy":{"pkg":373.921875,"pp0":200.91827392578125,"pp1":9.51025390625,"dram":0},"perf_counters":{"PERF_COUNT_HW_REF_CPU_CYCLES":717529816318,"PERF_COUNT_HW_BRANCH_INSTRUCTIONS":134555237834,"PERF_COUNT_HW_CACHE_MISSES":6770013,"PERF_COUNT_HW_INSTRUCTIONS":618358842298,"PERF_COUNT_HW_BRANCH_MISSES":2492810,"PERF_COUNT_HW_CACHE_REFERENCES":25541642,"PERF_COUNT_HW_CPU_CYCLES":296814606326}}
{"runtime":37829,"energy":{"pkg":376.43927001953125,"pp0":202.50726318359375,"pp1":9.4071044921875,"dram":0},"perf_counters":{"PERF_COUNT_HW_REF_CPU_CYCLES":720738119525,"PERF_COUNT_HW_BRANCH_INSTRUCTIONS":134555098255,"PERF_COUNT_HW_CACHE_MISSES":6887494,"PERF_COUNT_HW_INSTRUCTIONS":618358297298,"PERF_COUNT_HW_BRANCH_MISSES":2165874,"PERF_COUNT_HW_CACHE_REFERENCES":25608298,"PERF_COUNT_HW_CPU_CYCLES":297024073932}}
{"runtime":36948,"energy":{"pkg":367.88690185546875,"pp0":197.4505615234375,"pp1":9.741455078125,"dram":0},"perf_counters":{"PERF_COUNT_HW_REF_CPU_CYCLES":707078098769,"PERF_COUNT_HW_BRANCH_INSTRUCTIONS":134554180704,"PERF_COUNT_HW_CACHE_MISSES":6875609,"PERF_COUNT_HW_INSTRUCTIONS":618352659232,"PERF_COUNT_HW_BRANCH_MISSES":2557996,"PERF_COUNT_HW_CACHE_REFERENCES":25493770,"PERF_COUNT_HW_CPU_CYCLES":296848179411}}
{"runtime":37146,"energy":{"pkg":369.56219482421875,"pp0":198.81011962890625,"pp1":9.1573486328125,"dram":0},"perf_counters":{"PERF_COUNT_HW_REF_CPU_CYCLES":706238312098,"PERF_COUNT_HW_BRANCH_INSTRUCTIONS":134553928543,"PERF_COUNT_HW_CACHE_MISSES":6813074,"PERF_COUNT_HW_INSTRUCTIONS":618351210563,"PERF_COUNT_HW_BRANCH_MISSES":2280072,"PERF_COUNT_HW_CACHE_REFERENCES":25466229,"PERF_COUNT_HW_CPU_CYCLES":297066108769}}
{"runtime":37015,"energy":{"pkg":368.7037353515625,"pp0":198.04376220703125,"pp1":9.6593017578125,"dram":0},"perf_counters":{"PERF_COUNT_HW_REF_CPU_CYCLES":704434801181,"PERF_COUNT_HW_BRANCH_INSTRUCTIONS":134554105565,"PERF_COUNT_HW_CACHE_MISSES":6844343,"PERF_COUNT_HW_INSTRUCTIONS":618351979508,"PERF_COUNT_HW_BRANCH_MISSES":2836321,"PERF_COUNT_HW_CACHE_REFERENCES":25480941,"PERF_COUNT_HW_CPU_CYCLES":296645912241}}
{"runtime":38216,"energy":{"pkg":380.24090576171875,"pp0":204.1378173828125,"pp1":9.85205078125,"dram":0},"perf_counters":{"PERF_COUNT_HW_REF_CPU_CYCLES":723628026954,"PERF_COUNT_HW_BRANCH_INSTRUCTIONS":134555808689,"PERF_COUNT_HW_CACHE_MISSES":6859712,"PERF_COUNT_HW_INSTRUCTIONS":618362177878,"PERF_COUNT_HW_BRANCH_MISSES":2568149,"PERF_COUNT_HW_CACHE_REFERENCES":25788353,"PERF_COUNT_HW_CPU_CYCLES":297475704165}}
