{"runtime":32559,"energy":{"pkg":2912.24072265625,"pp0":0,"dram":300.7008056640625},"cycles":199197782530}
{"runtime":33388,"energy":{"pkg":2991.241455078125,"pp0":0,"dram":308.04486083984375},"cycles":200092075455}
{"runtime":34016,"energy":{"pkg":3043.0372924804688,"pp0":0,"dram":313.36431884765625},"cycles":199916988435}
{"runtime":32949,"energy":{"pkg":2948.3643798828125,"pp0":0,"dram":303.00689697265625},"cycles":195796566708}
{"runtime":34300,"energy":{"pkg":3069.69921875,"pp0":0,"dram":316.861572265625},"cycles":205575892961}
{"runtime":32365,"energy":{"pkg":2897.8649291992188,"pp0":0,"dram":299.7408447265625},"cycles":197835732037}
{"runtime":33031,"energy":{"pkg":2956.3433227539062,"pp0":0,"dram":303.64971923828125},"cycles":198933698363}
