{"runtime":37192,"energy":{"pkg":3332.0693969726562,"pp0":0,"dram":340.85601806640625},"cycles":221812879561}
{"runtime":37950,"energy":{"pkg":3396.1607055664062,"pp0":0,"dram":349.17578125},"cycles":224455559441}
{"runtime":41235,"energy":{"pkg":3687.4705200195312,"pp0":0,"dram":378.02618408203125},"cycles":251535071648}
{"runtime":38140,"energy":{"pkg":3416.9368896484375,"pp0":0,"dram":352.85260009765625},"cycles":225248485809}
{"runtime":38666,"energy":{"pkg":3458.292236328125,"pp0":0,"dram":357.99072265625},"cycles":234835742118}
{"runtime":38071,"energy":{"pkg":3400.596923828125,"pp0":0,"dram":351.6907958984375},"cycles":231947904819}
{"runtime":37575,"energy":{"pkg":3356.9985961914062,"pp0":0,"dram":340.40704345703125},"cycles":226974483765}
