{"runtime":40812,"energy":{"pkg":3656.4815063476562,"pp0":0,"dram":374.28790283203125},"cycles":240570744307}
{"runtime":39427,"energy":{"pkg":3534.7915649414062,"pp0":0,"dram":363.70880126953125},"cycles":238261803919}
{"runtime":40155,"energy":{"pkg":3602.0233764648438,"pp0":0,"dram":369.64508056640625},"cycles":242051668445}
{"runtime":39773,"energy":{"pkg":3570.2285766601562,"pp0":0,"dram":369.10430908203125},"cycles":239081742407}
{"runtime":39786,"energy":{"pkg":3555.3271484375,"pp0":0,"dram":368.44708251953125},"cycles":239858768759}
{"runtime":39532,"energy":{"pkg":3531.6187744140625,"pp0":0,"dram":364.34991455078125},"cycles":240327358040}
{"runtime":40637,"energy":{"pkg":3633.6912841796875,"pp0":0,"dram":371.3958740234375},"cycles":242612149446}
