{"runtime":51138,"energy":{"pkg":4575.298828125,"pp0":0,"dram":473.92816162109375},"cycles":311088760733}
{"runtime":48839,"energy":{"pkg":4372.0496826171875,"pp0":0,"dram":449.8057861328125},"cycles":287194580291}
{"runtime":46747,"energy":{"pkg":4179.9180908203125,"pp0":0,"dram":430.78271484375},"cycles":281003556440}
{"runtime":46597,"energy":{"pkg":4174.687316894531,"pp0":0,"dram":431.55426025390625},"cycles":279942943282}
{"runtime":46907,"energy":{"pkg":4205.877014160156,"pp0":0,"dram":435.20489501953125},"cycles":280121961510}
{"runtime":45005,"energy":{"pkg":4030.799072265625,"pp0":0,"dram":416.69525146484375},"cycles":273703919179}
{"runtime":45136,"energy":{"pkg":4040.139892578125,"pp0":0,"dram":418.2479248046875},"cycles":275065433890}
