{"runtime":52639,"energy":{"pkg":4709.718933105469,"pp0":0,"dram":484.28948974609375},"cycles":310581891848}
{"runtime":52493,"energy":{"pkg":4699.748107910156,"pp0":0,"dram":484.44708251953125},"cycles":317179699351}
{"runtime":50641,"energy":{"pkg":4535.454833984375,"pp0":0,"dram":467.7027587890625},"cycles":304987360091}
{"runtime":53796,"energy":{"pkg":4815.6875,"pp0":0,"dram":497.4384765625},"cycles":309970620507}
{"runtime":52187,"energy":{"pkg":4674.821228027344,"pp0":0,"dram":482.8037109375},"cycles":313907513132}
{"runtime":52897,"energy":{"pkg":4729.431457519531,"pp0":0,"dram":486.72552490234375},"cycles":312836111436}
{"runtime":52088,"energy":{"pkg":4660.0751953125,"pp0":0,"dram":475.9903564453125},"cycles":311596278671}
