{"runtime":54724,"energy":{"pkg":4902.269836425781,"pp0":0,"dram":505.57623291015625},"cycles":331763465708}
{"runtime":56578,"energy":{"pkg":5067.7276611328125,"pp0":0,"dram":520.5760498046875},"cycles":333036524436}
{"runtime":52942,"energy":{"pkg":4736.408447265625,"pp0":0,"dram":488.32366943359375},"cycles":329620252894}
{"runtime":54690,"energy":{"pkg":4906.947692871094,"pp0":0,"dram":504.99859619140625},"cycles":333680239394}
{"runtime":58503,"energy":{"pkg":5230.4173583984375,"pp0":0,"dram":542.4066772460938},"cycles":356037269100}
{"runtime":53486,"energy":{"pkg":4780.96875,"pp0":0,"dram":492.0411376953125},"cycles":324090875727}
{"runtime":53872,"energy":{"pkg":4827.9486083984375,"pp0":0,"dram":490.49102783203125},"cycles":329776980137}
