{"runtime":58421,"energy":{"pkg":5233.840637207031,"pp0":0,"dram":539.0264892578125},"cycles":348956873496}
{"runtime":58969,"energy":{"pkg":5282.525817871094,"pp0":0,"dram":541.597900390625},"cycles":351745077273}
{"runtime":58282,"energy":{"pkg":5209.542785644531,"pp0":0,"dram":536.0399780273438},"cycles":349965415184}
{"runtime":64202,"energy":{"pkg":5743.656188964844,"pp0":0,"dram":592.1646118164062},"cycles":382716469446}
{"runtime":58622,"energy":{"pkg":5242.861511230469,"pp0":0,"dram":541.0066528320312},"cycles":354007451234}
{"runtime":56564,"energy":{"pkg":5076.2000732421875,"pp0":0,"dram":519.4205932617188},"cycles":347518742260}
{"runtime":58387,"energy":{"pkg":5221.77685546875,"pp0":0,"dram":531.7344970703125},"cycles":351332877578}
