{"runtime":60712,"energy":{"pkg":5442.235168457031,"pp0":0,"dram":562.5942993164062},"cycles":364751166749}
{"runtime":58354,"energy":{"pkg":5234.0391845703125,"pp0":0,"dram":535.6497192382812},"cycles":348934202006}
{"runtime":70874,"energy":{"pkg":6328.4580078125,"pp0":0,"dram":651.7548217773438},"cycles":363522767268}
{"runtime":62120,"energy":{"pkg":5559.5733642578125,"pp0":0,"dram":571.678466796875},"cycles":369515149028}
{"runtime":65439,"energy":{"pkg":5849.531677246094,"pp0":0,"dram":604.0641479492188},"cycles":397143196662}
{"runtime":61768,"energy":{"pkg":5539.6773681640625,"pp0":0,"dram":564.3017578125},"cycles":367085950685}
{"runtime":66471,"energy":{"pkg":5943.349365234375,"pp0":0,"dram":616.3031005859375},"cycles":401516761328}
