{"runtime":62801,"energy":{"pkg":5630.179504394531,"pp0":0,"dram":580.38427734375},"cycles":383070813329}
{"runtime":64739,"energy":{"pkg":5795.906494140625,"pp0":0,"dram":592.5868530273438},"cycles":385011965623}
{"runtime":73352,"energy":{"pkg":6567.87255859375,"pp0":0,"dram":669.523681640625},"cycles":374870740121}
{"runtime":64253,"energy":{"pkg":5754.975891113281,"pp0":0,"dram":593.1165161132812},"cycles":389055770881}
{"runtime":63060,"energy":{"pkg":5647.4642333984375,"pp0":0,"dram":586.5372314453125},"cycles":380985855577}
{"runtime":64382,"energy":{"pkg":5769.717529296875,"pp0":0,"dram":591.594482421875},"cycles":385061169859}
{"runtime":65692,"energy":{"pkg":5877.7059326171875,"pp0":0,"dram":599.45947265625},"cycles":391106547045}
