{"runtime":66857,"energy":{"pkg":5988.3880615234375,"pp0":0,"dram":617.4782104492188},"cycles":402063547649}
{"runtime":66611,"energy":{"pkg":5960.467346191406,"pp0":0,"dram":612.414794921875},"cycles":394388280469}
{"runtime":85144,"energy":{"pkg":7611.201171875,"pp0":0,"dram":782.0446166992188},"cycles":421955621259}
{"runtime":65484,"energy":{"pkg":5859.4981689453125,"pp0":0,"dram":600.7769775390625},"cycles":398980359432}
{"runtime":66887,"energy":{"pkg":5987.855163574219,"pp0":0,"dram":619.71533203125},"cycles":408052150435}
{"runtime":71013,"energy":{"pkg":6351.408996582031,"pp0":0,"dram":652.728515625},"cycles":422755759208}
{"runtime":67708,"energy":{"pkg":6066.7362060546875,"pp0":0,"dram":615.3057250976562},"cycles":411976352998}
