{"runtime":72965,"energy":{"pkg":6533.076843261719,"pp0":0,"dram":672.029296875},"cycles":441375503743}
{"runtime":72760,"energy":{"pkg":6525.23583984375,"pp0":0,"dram":668.5010986328125},"cycles":438582774607}
{"runtime":79040,"energy":{"pkg":7059.0556640625,"pp0":0,"dram":718.990478515625},"cycles":438058389416}
{"runtime":72791,"energy":{"pkg":6522.694091796875,"pp0":0,"dram":671.96875},"cycles":432200663973}
{"runtime":71645,"energy":{"pkg":-255732.0902709961,"pp0":0,"dram":661.307373046875},"cycles":432711360530}
{"runtime":71542,"energy":{"pkg":6401.500732421875,"pp0":0,"dram":656.9036254882812},"cycles":436290105323}
{"runtime":68870,"energy":{"pkg":6169.297119140625,"pp0":0,"dram":630.5234375},"cycles":417196688428}
