{"runtime":77650,"energy":{"pkg":6951.735412597656,"pp0":0,"dram":719.4344482421875},"cycles":470407050708}
{"runtime":80099,"energy":{"pkg":7157.201110839844,"pp0":0,"dram":736.0006103515625},"cycles":481121332730}
{"runtime":83402,"energy":{"pkg":7447.6279296875,"pp0":0,"dram":762.4008178710938},"cycles":496071482992}
{"runtime":80208,"energy":{"pkg":7186.388610839844,"pp0":0,"dram":738.8881225585938},"cycles":476044768265}
{"runtime":76449,"energy":{"pkg":6816.2236328125,"pp0":0,"dram":705.3068237304688},"cycles":453812498473}
{"runtime":76608,"energy":{"pkg":6849.178771972656,"pp0":0,"dram":701.5186767578125},"cycles":471669105454}
{"runtime":81413,"energy":{"pkg":7290.2696533203125,"pp0":0,"dram":750.1328125},"cycles":501687912711}
