{"runtime":81682,"energy":{"pkg":7317.700378417969,"pp0":0,"dram":753.8903198242188},"cycles":494504652943}
{"runtime":81519,"energy":{"pkg":7300.8043212890625,"pp0":0,"dram":746.5968627929688},"cycles":494053766744}
{"runtime":80766,"energy":{"pkg":7224.296447753906,"pp0":0,"dram":738.8226318359375},"cycles":488163574441}
{"runtime":80289,"energy":{"pkg":7188.323669433594,"pp0":0,"dram":740.2271728515625},"cycles":487031565132}
{"runtime":83669,"energy":{"pkg":7467.719970703125,"pp0":0,"dram":771.038818359375},"cycles":506201269572}
{"runtime":81975,"energy":{"pkg":7335.730407714844,"pp0":0,"dram":752.0159912109375},"cycles":490295748228}
{"runtime":90747,"energy":{"pkg":8110.534729003906,"pp0":0,"dram":840.2803955078125},"cycles":556450435075}
