{"runtime":85063,"energy":{"pkg":7627.2708740234375,"pp0":0,"dram":784.4349365234375},"cycles":501096449463}
{"runtime":85292,"energy":{"pkg":7647.230895996094,"pp0":0,"dram":784.4642944335938},"cycles":505509685978}
{"runtime":83917,"energy":{"pkg":-254658.6190185547,"pp0":0,"dram":766.888916015625},"cycles":505264911931}
{"runtime":84826,"energy":{"pkg":7588.13525390625,"pp0":0,"dram":786.3336791992188},"cycles":507171189913}
{"runtime":84371,"energy":{"pkg":7537.3045654296875,"pp0":0,"dram":782.1453857421875},"cycles":515070533209}
{"runtime":102185,"energy":{"pkg":-253045.25994873047,"pp0":0,"dram":940.8994750976562},"cycles":631598491221}
{"runtime":82917,"energy":{"pkg":7426.529113769531,"pp0":0,"dram":764.466796875},"cycles":505263465022}
