{"runtime":94320,"energy":{"pkg":8439.862731933594,"pp0":0,"dram":870.1913452148438},"cycles":558379267600}
{"runtime":92233,"energy":{"pkg":8235.976806640625,"pp0":0,"dram":850.5840454101562},"cycles":550277644556}
{"runtime":87680,"energy":{"pkg":7828.865051269531,"pp0":0,"dram":804.4332275390625},"cycles":528975432920}
{"runtime":83202,"energy":{"pkg":7458.056884765625,"pp0":0,"dram":770.3225708007812},"cycles":495574700495}
{"runtime":86719,"energy":{"pkg":7769.413513183594,"pp0":0,"dram":799.295166015625},"cycles":528671458110}
{"runtime":88289,"energy":{"pkg":7897.408264160156,"pp0":0,"dram":815.7830810546875},"cycles":531098386966}
{"runtime":87402,"energy":{"pkg":7808.672668457031,"pp0":0,"dram":806.29345703125},"cycles":524681520253}
