{"runtime":88697,"energy":{"pkg":7942.7000732421875,"pp0":0,"dram":817.8057861328125},"cycles":537491622423}
{"runtime":100046,"energy":{"pkg":-253196.2192993164,"pp0":0,"dram":920.2887573242188},"cycles":595257099589}
{"runtime":90839,"energy":{"pkg":8131.015808105469,"pp0":0,"dram":835.022216796875},"cycles":546542251008}
{"runtime":90104,"energy":{"pkg":8062.197326660156,"pp0":0,"dram":835.4283447265625},"cycles":539203962186}
{"runtime":90319,"energy":{"pkg":8092.378967285156,"pp0":0,"dram":830.8978271484375},"cycles":550008472609}
{"runtime":90485,"energy":{"pkg":8105.8955078125,"pp0":0,"dram":831.4383544921875},"cycles":545702038129}
{"runtime":88958,"energy":{"pkg":7961.124450683594,"pp0":0,"dram":813.2334594726562},"cycles":536631207534}
