{"runtime":93606,"energy":{"pkg":8386.933654785156,"pp0":0,"dram":864.3255004882812},"cycles":559567486633}
{"runtime":98600,"energy":{"pkg":8833.4755859375,"pp0":0,"dram":-261239.23529052734},"cycles":593503718595}
{"runtime":92487,"energy":{"pkg":8278.299011230469,"pp0":0,"dram":847.4484252929688},"cycles":560493238386}
{"runtime":93282,"energy":{"pkg":8335.918884277344,"pp0":0,"dram":865.507568359375},"cycles":559127226648}
{"runtime":96203,"energy":{"pkg":8613.577758789062,"pp0":0,"dram":880.2911376953125},"cycles":583526177892}
{"runtime":95223,"energy":{"pkg":8527.204223632812,"pp0":0,"dram":874.3367309570312},"cycles":569923790967}
{"runtime":96296,"energy":{"pkg":8608.747009277344,"pp0":0,"dram":883.5885009765625},"cycles":568333632288}
