{"runtime":98399,"energy":{"pkg":8807.630065917969,"pp0":0,"dram":908.6217041015625},"cycles":590032159398}
{"runtime":96850,"energy":{"pkg":8678.0439453125,"pp0":0,"dram":888.8037109375},"cycles":578856038140}
{"runtime":97858,"energy":{"pkg":8734.325805664062,"pp0":0,"dram":903.3510131835938},"cycles":581913557357}
{"runtime":96727,"energy":{"pkg":8663.652282714844,"pp0":0,"dram":897.591552734375},"cycles":581984418483}
{"runtime":97061,"energy":{"pkg":8695.041931152344,"pp0":0,"dram":890.3361206054688},"cycles":585175612094}
{"runtime":96194,"energy":{"pkg":8626.565246582031,"pp0":0,"dram":879.573974609375},"cycles":583761509909}
{"runtime":100377,"energy":{"pkg":8974.953125,"pp0":0,"dram":925.2279052734375},"cycles":603878638611}
