{"runtime":107533,"energy":{"pkg":9622.9443359375,"pp0":0,"dram":996.1842041015625},"cycles":638389623396}
{"runtime":106282,"energy":{"pkg":9515.923095703125,"pp0":0,"dram":974.7490234375},"cycles":637863884399}
{"runtime":104518,"energy":{"pkg":9320.366638183594,"pp0":0,"dram":963.9098510742188},"cycles":630860672283}
{"runtime":108330,"energy":{"pkg":9679.445007324219,"pp0":0,"dram":998.2725219726562},"cycles":647330232907}
{"runtime":95155,"energy":{"pkg":8537.622497558594,"pp0":0,"dram":876.0660400390625},"cycles":583165473468}
{"runtime":103664,"energy":{"pkg":9279.160034179688,"pp0":0,"dram":946.154052734375},"cycles":627537963982}
{"runtime":105166,"energy":{"pkg":9394.388610839844,"pp0":0,"dram":960.21630859375},"cycles":636112693520}
