{"runtime":106875,"energy":{"pkg":9576.808166503906,"pp0":0,"dram":989.8937377929688},"cycles":644281033143}
{"runtime":114659,"energy":{"pkg":10252.495910644531,"pp0":0,"dram":1048.9628295898438},"cycles":682860424991}
{"runtime":109136,"energy":{"pkg":9736.863708496094,"pp0":0,"dram":1004.3046264648438},"cycles":659492292480}
{"runtime":113127,"energy":{"pkg":10109.037475585938,"pp0":0,"dram":1043.4244384765625},"cycles":677771825751}
{"runtime":108311,"energy":{"pkg":9723.041809082031,"pp0":0,"dram":995.1675415039062},"cycles":651362480300}
{"runtime":107942,"energy":{"pkg":9668.306579589844,"pp0":0,"dram":981.35107421875},"cycles":652841817820}
{"runtime":105923,"energy":{"pkg":9487.15625,"pp0":0,"dram":969.9739990234375},"cycles":648628386413}
