{"runtime":111299,"energy":{"pkg":9956.768493652344,"pp0":0,"dram":1032.4093627929688},"cycles":671741887298}
{"runtime":110815,"energy":{"pkg":9920.043579101562,"pp0":0,"dram":1016.4989013671875},"cycles":667303794138}
{"runtime":110302,"energy":{"pkg":9851.610290527344,"pp0":0,"dram":1012.5098876953125},"cycles":658894973739}
{"runtime":117866,"energy":{"pkg":10547.960571289062,"pp0":0,"dram":1088.1133422851562},"cycles":704648054061}
{"runtime":110822,"energy":{"pkg":9927.869140625,"pp0":0,"dram":1022.6527709960938},"cycles":665643610806}
{"runtime":124116,"energy":{"pkg":11101.269958496094,"pp0":0,"dram":1127.3560791015625},"cycles":751063773671}
{"runtime":111044,"energy":{"pkg":9926.167724609375,"pp0":0,"dram":1015.5960083007812},"cycles":671500665955}
