{"runtime":119634,"energy":{"pkg":10718.446594238281,"pp0":0,"dram":1105.411376953125},"cycles":708811372858}
{"runtime":117873,"energy":{"pkg":10541.146301269531,"pp0":0,"dram":1080.8053588867188},"cycles":698929902526}
{"runtime":123524,"energy":{"pkg":11035.101135253906,"pp0":0,"dram":1137.5974731445312},"cycles":736901392797}
{"runtime":120699,"energy":{"pkg":10803.123718261719,"pp0":0,"dram":1117.0590209960938},"cycles":728609159544}
{"runtime":118679,"energy":{"pkg":10632.497802734375,"pp0":0,"dram":1095.9790649414062},"cycles":711900151241}
{"runtime":113974,"energy":{"pkg":10197.302795410156,"pp0":0,"dram":1041.9710083007812},"cycles":694130872157}
{"runtime":116326,"energy":{"pkg":10407.34326171875,"pp0":0,"dram":1067.572021484375},"cycles":702711423073}
