{"runtime":13695,"energy":{"pkg":1223.092041015625,"pp0":0,"dram":127.2486572265625},"cycles":87185867020}
{"runtime":13689,"energy":{"pkg":1224.1720581054688,"pp0":0,"dram":127.2271728515625},"cycles":84458581111}
{"runtime":16056,"energy":{"pkg":1432.9916381835938,"pp0":0,"dram":148.03094482421875},"cycles":85512226519}
{"runtime":14161,"energy":{"pkg":1269.5529174804688,"pp0":0,"dram":131.1650390625},"cycles":82779383452}
{"runtime":13853,"energy":{"pkg":1239.7904052734375,"pp0":0,"dram":128.8583984375},"cycles":84796268232}
{"runtime":14419,"energy":{"pkg":1286.8897094726562,"pp0":0,"dram":133.7445068359375},"cycles":86419419932}
{"runtime":14203,"energy":{"pkg":1269.8253784179688,"pp0":0,"dram":129.97564697265625},"cycles":86474947584}
