{"runtime":119959,"energy":{"pkg":10747.122924804688,"pp0":0,"dram":1109.8776245117188},"cycles":718497162471}
{"runtime":126283,"energy":{"pkg":11308.884826660156,"pp0":0,"dram":1154.7383422851562},"cycles":723548411440}
{"runtime":113637,"energy":{"pkg":10193.913818359375,"pp0":0,"dram":1049.8709716796875},"cycles":678082821527}
{"runtime":120519,"energy":{"pkg":10796.037109375,"pp0":0,"dram":1122.7075805664062},"cycles":724134184160}
{"runtime":120262,"energy":{"pkg":10768.21337890625,"pp0":0,"dram":1106.2403564453125},"cycles":728021378021}
{"runtime":119644,"energy":{"pkg":10712.976440429688,"pp0":0,"dram":1088.6683349609375},"cycles":724281795270}
{"runtime":118899,"energy":{"pkg":10632.784790039062,"pp0":0,"dram":1089.6353149414062},"cycles":726134243103}
