{"runtime":132995,"energy":{"pkg":11895.360473632812,"pp0":0,"dram":1333.8748168945312},"cycles":741604203592}
{"runtime":122321,"energy":{"pkg":10952.458312988281,"pp0":0,"dram":1116.468017578125},"cycles":732178062653}
{"runtime":125463,"energy":{"pkg":11234.612854003906,"pp0":0,"dram":1157.7182006835938},"cycles":752948147526}
{"runtime":115065,"energy":{"pkg":10304.106140136719,"pp0":0,"dram":1070.593017578125},"cycles":691611831199}
{"runtime":127178,"energy":{"pkg":11388.018188476562,"pp0":0,"dram":1167.7042236328125},"cycles":776560476537}
{"runtime":123950,"energy":{"pkg":11095.003234863281,"pp0":0,"dram":1127.73681640625},"cycles":747357344875}
{"runtime":117806,"energy":{"pkg":10530.7900390625,"pp0":0,"dram":1081.0892944335938},"cycles":719915752419}
