{"runtime":129964,"energy":{"pkg":11641.373901367188,"pp0":0,"dram":1210.3370971679688},"cycles":775691801203}
{"runtime":150948,"energy":{"pkg":13508.317687988281,"pp0":0,"dram":1382.802734375},"cycles":760624638656}
{"runtime":131982,"energy":{"pkg":11826.591491699219,"pp0":0,"dram":1218.47265625},"cycles":778335170200}
{"runtime":130235,"energy":{"pkg":11661.96826171875,"pp0":0,"dram":1207.4874267578125},"cycles":782547869495}
{"runtime":128668,"energy":{"pkg":11503.1650390625,"pp0":0,"dram":1175.9014282226562},"cycles":775507738194}
{"runtime":128355,"energy":{"pkg":11509.240905761719,"pp0":0,"dram":1176.0480346679688},"cycles":777471813837}
{"runtime":128668,"energy":{"pkg":11527.04296875,"pp0":0,"dram":1178.873291015625},"cycles":777598869747}
