{"runtime":136779,"energy":{"pkg":12243.135620117188,"pp0":0,"dram":1265.6198120117188},"cycles":816525786561}
{"runtime":149269,"energy":{"pkg":13311.782165527344,"pp0":0,"dram":1378.3931884765625},"cycles":800606887837}
{"runtime":133049,"energy":{"pkg":-250248.73608398438,"pp0":0,"dram":1229.8804931640625},"cycles":805087124420}
{"runtime":134990,"energy":{"pkg":12098.107604980469,"pp0":0,"dram":1250.9423828125},"cycles":821827583622}
{"runtime":134959,"energy":{"pkg":12085.950073242188,"pp0":0,"dram":1245.6309814453125},"cycles":815563393027}
{"runtime":125175,"energy":{"pkg":11220.063232421875,"pp0":0,"dram":1142.1153564453125},"cycles":754942426606}
{"runtime":137419,"energy":{"pkg":12289.731567382812,"pp0":0,"dram":1259.6749267578125},"cycles":821973469002}
