{"runtime":145208,"energy":{"pkg":12968.307067871094,"pp0":0,"dram":1340.6207275390625},"cycles":863917447916}
{"runtime":143402,"energy":{"pkg":12838.510437011719,"pp0":0,"dram":1324.1355590820312},"cycles":823611145695}
{"runtime":153192,"energy":{"pkg":13711.468688964844,"pp0":0,"dram":1415.1188354492188},"cycles":922783898428}
{"runtime":138081,"energy":{"pkg":-249774.88470458984,"pp0":0,"dram":1277.9542236328125},"cycles":827064315034}
{"runtime":138251,"energy":{"pkg":12380.444580078125,"pp0":0,"dram":1278.7836303710938},"cycles":833239277733}
{"runtime":136305,"energy":{"pkg":12210.802307128906,"pp0":0,"dram":1249.276123046875},"cycles":833118869529}
{"runtime":137066,"energy":{"pkg":-249890.41802978516,"pp0":0,"dram":1257.850341796875},"cycles":834086131010}
