{"runtime":140844,"energy":{"pkg":-249557.36248779297,"pp0":0,"dram":1303.0321044921875},"cycles":835139912061}
{"runtime":146971,"energy":{"pkg":13166.679077148438,"pp0":0,"dram":1352.6689453125},"cycles":885891678084}
{"runtime":144073,"energy":{"pkg":12909.723937988281,"pp0":0,"dram":1327.1924438476562},"cycles":856694479893}
{"runtime":143449,"energy":{"pkg":12851.12890625,"pp0":0,"dram":1324.62890625},"cycles":863643956866}
{"runtime":137505,"energy":{"pkg":12329.250671386719,"pp0":0,"dram":1266.27001953125},"cycles":839075013288}
{"runtime":145799,"energy":{"pkg":13039.799377441406,"pp0":0,"dram":1333.1044311523438},"cycles":866606456085}
{"runtime":138251,"energy":{"pkg":12393.768676757812,"pp0":0,"dram":1269.5707397460938},"cycles":839595566757}
