{"runtime":148903,"energy":{"pkg":13325.424438476562,"pp0":0,"dram":1373.4918212890625},"cycles":886413474620}
{"runtime":149023,"energy":{"pkg":13343.410705566406,"pp0":0,"dram":1373.05810546875},"cycles":880220976884}
{"runtime":143927,"energy":{"pkg":12905.724914550781,"pp0":0,"dram":1330.5037841796875},"cycles":854130003185}
{"runtime":146623,"energy":{"pkg":13127.98974609375,"pp0":0,"dram":1352.3291625976562},"cycles":885827323404}
{"runtime":148177,"energy":{"pkg":13266.323852539062,"pp0":0,"dram":1363.4735107421875},"cycles":891831826376}
{"runtime":144271,"energy":{"pkg":12909.682312011719,"pp0":0,"dram":1318.1220703125},"cycles":876040513058}
{"runtime":144275,"energy":{"pkg":12936.139221191406,"pp0":0,"dram":1329.3436889648438},"cycles":879647360928}
