{"runtime":16935,"energy":{"pkg":1513.1951904296875,"pp0":0,"dram":156.610595703125},"cycles":105030504470}
{"runtime":17339,"energy":{"pkg":1553.2449340820312,"pp0":0,"dram":160.07171630859375},"cycles":103627275689}
{"runtime":17713,"energy":{"pkg":1586.4412841796875,"pp0":0,"dram":163.58660888671875},"cycles":106658602534}
{"runtime":17873,"energy":{"pkg":1600.499267578125,"pp0":0,"dram":166.3543701171875},"cycles":105523525261}
{"runtime":17610,"energy":{"pkg":1577.8187866210938,"pp0":0,"dram":163.26177978515625},"cycles":104267864477}
{"runtime":17553,"energy":{"pkg":1569.5150756835938,"pp0":0,"dram":163.39642333984375},"cycles":106298699290}
{"runtime":16977,"energy":{"pkg":1520.54638671875,"pp0":0,"dram":155.600830078125},"cycles":106680905187}
