{"runtime":20315,"energy":{"pkg":1820.400146484375,"pp0":0,"dram":187.01300048828125},"cycles":125308547295}
{"runtime":20456,"energy":{"pkg":1832.778564453125,"pp0":0,"dram":190.08544921875},"cycles":128454438229}
{"runtime":20810,"energy":{"pkg":1860.683837890625,"pp0":0,"dram":192.2122802734375},"cycles":127506404195}
{"runtime":21206,"energy":{"pkg":1899.0115966796875,"pp0":0,"dram":196.2894287109375},"cycles":127782669545}
{"runtime":21511,"energy":{"pkg":1924.7734985351562,"pp0":0,"dram":200.32342529296875},"cycles":130389673411}
{"runtime":20931,"energy":{"pkg":1876.0785522460938,"pp0":0,"dram":194.795654296875},"cycles":124256610296}
{"runtime":21250,"energy":{"pkg":1898.7032470703125,"pp0":0,"dram":193.99993896484375},"cycles":128295656889}
