{"runtime":23770,"energy":{"pkg":2125.219482421875,"pp0":0,"dram":218.536376953125},"cycles":145438698907}
{"runtime":24568,"energy":{"pkg":2206.2921752929688,"pp0":0,"dram":224.9686279296875},"cycles":146450924362}
{"runtime":23928,"energy":{"pkg":2140.0258178710938,"pp0":0,"dram":219.63922119140625},"cycles":142985955113}
{"runtime":24311,"energy":{"pkg":2176.0263671875,"pp0":0,"dram":224.81573486328125},"cycles":145776364748}
{"runtime":24412,"energy":{"pkg":2183.3319091796875,"pp0":0,"dram":227.279296875},"cycles":149159957641}
{"runtime":24326,"energy":{"pkg":2174.6267700195312,"pp0":0,"dram":234.2684326171875},"cycles":148578796901}
{"runtime":24323,"energy":{"pkg":2174.9083251953125,"pp0":0,"dram":224.29803466796875},"cycles":148626645995}
