{"runtime":30410,"energy":{"pkg":2723.392578125,"pp0":0,"dram":281.6229248046875},"cycles":187041006813}
{"runtime":30622,"energy":{"pkg":2744.4942626953125,"pp0":0,"dram":281.81396484375},"cycles":185067980045}
{"runtime":31065,"energy":{"pkg":2775.7489013671875,"pp0":0,"dram":286.3289794921875},"cycles":182435897378}
{"runtime":31891,"energy":{"pkg":2853.03857421875,"pp0":0,"dram":294.76153564453125},"cycles":186138103021}
{"runtime":31345,"energy":{"pkg":2807.0183715820312,"pp0":0,"dram":288.4976806640625},"cycles":187224598069}
{"runtime":30900,"energy":{"pkg":2765.0278930664062,"pp0":0,"dram":285.67950439453125},"cycles":183339748106}
{"runtime":29899,"energy":{"pkg":2673.1126708984375,"pp0":0,"dram":274.20257568359375},"cycles":186457204065}
