{"runtime":32288,"energy":{"pkg":3077.6504516601562,"pp0":0,"dram":800.6966552734375},"cycles":392358919674}
{"runtime":33193,"energy":{"pkg":3166.0640869140625,"pp0":0,"dram":817.7289428710938},"cycles":402324265740}
{"runtime":33759,"energy":{"pkg":3218.3174438476562,"pp0":0,"dram":825.4345092773438},"cycles":421076658766}
{"runtime":33648,"energy":{"pkg":3201.840576171875,"pp0":0,"dram":820.6947631835938},"cycles":398217550421}
{"runtime":34123,"energy":{"pkg":3247.7434692382812,"pp0":0,"dram":813.2508544921875},"cycles":405770088592}
{"runtime":35871,"energy":{"pkg":3400.1641235351562,"pp0":0,"dram":828.062255859375},"cycles":414633938917}
{"runtime":35125,"energy":{"pkg":3336.501708984375,"pp0":0,"dram":834.9742431640625},"cycles":424127000753}
