{"runtime":36280,"energy":{"pkg":3456.930908203125,"pp0":0,"dram":895.6202392578125},"cycles":444646392983}
{"runtime":37463,"energy":{"pkg":3562.6351928710938,"pp0":0,"dram":901.2802734375},"cycles":436330773784}
{"runtime":35935,"energy":{"pkg":3427.8291015625,"pp0":0,"dram":891.750732421875},"cycles":440567804617}
{"runtime":35518,"energy":{"pkg":3390.6358032226562,"pp0":0,"dram":872.9529418945312},"cycles":433547399441}
{"runtime":35788,"energy":{"pkg":3416.6075439453125,"pp0":0,"dram":880.1874389648438},"cycles":447655309548}
{"runtime":36823,"energy":{"pkg":3508.5855102539062,"pp0":0,"dram":860.6556396484375},"cycles":441880551307}
{"runtime":40819,"energy":{"pkg":3863.9844970703125,"pp0":0,"dram":933.4600219726562},"cycles":493173733140}
