{"runtime":37482,"energy":{"pkg":3576.9646606445312,"pp0":0,"dram":915.2400512695312},"cycles":450610877659}
{"runtime":38038,"energy":{"pkg":3625.5079956054688,"pp0":0,"dram":952.1245727539062},"cycles":467878771473}
{"runtime":41764,"energy":{"pkg":3967.1929931640625,"pp0":0,"dram":1009.4889526367188},"cycles":507366895225}
{"runtime":38019,"energy":{"pkg":3625.6560668945312,"pp0":0,"dram":965.7523803710938},"cycles":460426486256}
{"runtime":38673,"energy":{"pkg":3679.822998046875,"pp0":0,"dram":918.1463012695312},"cycles":467803773782}
{"runtime":40439,"energy":{"pkg":3835.7023315429688,"pp0":0,"dram":946.5626220703125},"cycles":489146508215}
{"runtime":38910,"energy":{"pkg":3693.0818481445312,"pp0":0,"dram":946.920166015625},"cycles":458322864140}
