{"runtime":42951,"energy":{"pkg":4101.184753417969,"pp0":0,"dram":1062.736572265625},"cycles":519772799483}
{"runtime":45255,"energy":{"pkg":4298.5693359375,"pp0":0,"dram":1084.1732788085938},"cycles":539331491962}
{"runtime":42582,"energy":{"pkg":4065.375,"pp0":0,"dram":1056.5430908203125},"cycles":517512559681}
{"runtime":43627,"energy":{"pkg":4156.987976074219,"pp0":0,"dram":1049.2410278320312},"cycles":534007251417}
{"runtime":41880,"energy":{"pkg":3992.8445434570312,"pp0":0,"dram":1043.55419921875},"cycles":514040842107}
{"runtime":46116,"energy":{"pkg":4377.1353759765625,"pp0":0,"dram":1085.8723754882812},"cycles":573800042022}
{"runtime":43072,"energy":{"pkg":4090.3103637695312,"pp0":0,"dram":1067.2770385742188},"cycles":526202530044}
