{"runtime":46469,"energy":{"pkg":4418.179016113281,"pp0":0,"dram":1149.914306640625},"cycles":569093733120}
{"runtime":46129,"energy":{"pkg":4379.060119628906,"pp0":0,"dram":1123.8287353515625},"cycles":552897884699}
{"runtime":46900,"energy":{"pkg":4447.473449707031,"pp0":0,"dram":1153.9534912109375},"cycles":564188024406}
{"runtime":45956,"energy":{"pkg":4368.60791015625,"pp0":0,"dram":1108.6712646484375},"cycles":569203342559}
{"runtime":48616,"energy":{"pkg":4601.548156738281,"pp0":0,"dram":1132.096923828125},"cycles":597117583212}
{"runtime":47050,"energy":{"pkg":4472.437683105469,"pp0":0,"dram":1118.3442993164062},"cycles":590520519003}
{"runtime":48416,"energy":{"pkg":4582.755859375,"pp0":0,"dram":1216.5147094726562},"cycles":584028622773}
