{"runtime":52905,"energy":{"pkg":5012.2679443359375,"pp0":0,"dram":1265.7008056640625},"cycles":632502785365}
{"runtime":49274,"energy":{"pkg":4689.242431640625,"pp0":0,"dram":1199.844482421875},"cycles":624036615602}
{"runtime":47505,"energy":{"pkg":4524.3402099609375,"pp0":0,"dram":1162.9095458984375},"cycles":585964784101}
{"runtime":48907,"energy":{"pkg":4659.222900390625,"pp0":0,"dram":1221.9674682617188},"cycles":580980551841}
{"runtime":49205,"energy":{"pkg":4685.7530517578125,"pp0":0,"dram":1274.25732421875},"cycles":608264962320}
{"runtime":48662,"energy":{"pkg":4656.5233154296875,"pp0":0,"dram":1221.7741088867188},"cycles":600223937455}
{"runtime":48987,"energy":{"pkg":4680.101806640625,"pp0":0,"dram":1193.7685546875},"cycles":615973108806}
