{"runtime":53307,"energy":{"pkg":5084.512268066406,"pp0":0,"dram":1295.087158203125},"cycles":642515700398}
{"runtime":52142,"energy":{"pkg":4964.5008544921875,"pp0":0,"dram":1262.6070556640625},"cycles":621327113800}
{"runtime":51225,"energy":{"pkg":4875.634521484375,"pp0":0,"dram":1254.5952758789062},"cycles":612648946542}
{"runtime":51133,"energy":{"pkg":4872.3857421875,"pp0":0,"dram":1276.3631591796875},"cycles":630369604984}
{"runtime":52827,"energy":{"pkg":-257104.44415283203,"pp0":0,"dram":1295.5101928710938},"cycles":652197969648}
{"runtime":52130,"energy":{"pkg":4972.8934326171875,"pp0":0,"dram":1283.8839111328125},"cycles":646675548345}
{"runtime":52877,"energy":{"pkg":5042.8740234375,"pp0":0,"dram":1297.1445922851562},"cycles":645779086478}
