{"runtime":7203,"energy":{"pkg":676.4349365234375,"pp0":0,"dram":147.54083251953125},"cycles":82502739758}
{"runtime":7937,"energy":{"pkg":744.0888671875,"pp0":0,"dram":158.040771484375},"cycles":87475113584}
{"runtime":7298,"energy":{"pkg":685.891845703125,"pp0":0,"dram":145.18499755859375},"cycles":87884527877}
{"runtime":7864,"energy":{"pkg":737.4142456054688,"pp0":0,"dram":152.13275146484375},"cycles":85203544460}
{"runtime":7040,"energy":{"pkg":662.174072265625,"pp0":0,"dram":142.18994140625},"cycles":79841062325}
{"runtime":8252,"energy":{"pkg":772.85107421875,"pp0":0,"dram":158.183837890625},"cycles":83628594417}
{"runtime":7497,"energy":{"pkg":704.014892578125,"pp0":0,"dram":150.50823974609375},"cycles":79816628129}
