{"runtime":58419,"energy":{"pkg":5570.9373779296875,"pp0":0,"dram":1442.6561279296875},"cycles":702201444152}
{"runtime":56674,"energy":{"pkg":5399.61767578125,"pp0":0,"dram":1391.914794921875},"cycles":695937930598}
{"runtime":55766,"energy":{"pkg":5325.9388427734375,"pp0":0,"dram":1391.2628784179688},"cycles":674581255708}
{"runtime":58233,"energy":{"pkg":5553.2998046875,"pp0":0,"dram":1442.1602172851562},"cycles":710530214941}
{"runtime":59305,"energy":{"pkg":5645.552795410156,"pp0":0,"dram":1443.5260620117188},"cycles":716500802138}
{"runtime":56935,"energy":{"pkg":5435.666320800781,"pp0":0,"dram":1388.9869384765625},"cycles":690358243111}
{"runtime":56279,"energy":{"pkg":5366.921569824219,"pp0":0,"dram":1407.0830078125},"cycles":675351607283}
