{"runtime":59314,"energy":{"pkg":5648.579833984375,"pp0":0,"dram":1458.8236083984375},"cycles":713778309703}
{"runtime":56929,"energy":{"pkg":5448.482849121094,"pp0":0,"dram":1431.2820434570312},"cycles":703560415593}
{"runtime":60942,"energy":{"pkg":5811.3939208984375,"pp0":0,"dram":1490.6717529296875},"cycles":744436828280}
{"runtime":61767,"energy":{"pkg":5887.6944580078125,"pp0":0,"dram":1537.1583862304688},"cycles":754234384495}
{"runtime":60141,"energy":{"pkg":5733.8492431640625,"pp0":0,"dram":1505.712158203125},"cycles":726472269433}
{"runtime":58321,"energy":{"pkg":5562.7039794921875,"pp0":0,"dram":1450.5262451171875},"cycles":688408625934}
{"runtime":59057,"energy":{"pkg":5630.621887207031,"pp0":0,"dram":1465.72998046875},"cycles":726187518734}
