{"runtime":61541,"energy":{"pkg":5863.345458984375,"pp0":0,"dram":1528.892333984375},"cycles":761306568668}
{"runtime":62793,"energy":{"pkg":5972.2841796875,"pp0":0,"dram":1538.6754760742188},"cycles":765196250713}
{"runtime":61719,"energy":{"pkg":-256252.771484375,"pp0":0,"dram":1535.1475830078125},"cycles":751613469985}
{"runtime":61382,"energy":{"pkg":5869.565612792969,"pp0":0,"dram":1544.7164306640625},"cycles":765760098754}
{"runtime":63604,"energy":{"pkg":6074.715515136719,"pp0":0,"dram":1573.98095703125},"cycles":784871816923}
{"runtime":62287,"energy":{"pkg":5933.316711425781,"pp0":0,"dram":1523.0765991210938},"cycles":761565144258}
{"runtime":61406,"energy":{"pkg":5852.501403808594,"pp0":0,"dram":1548.0146484375},"cycles":761880901483}
