{"runtime":64405,"energy":{"pkg":6127.606506347656,"pp0":0,"dram":1550.8306274414062},"cycles":811860103890}
{"runtime":62680,"energy":{"pkg":5964.6480712890625,"pp0":0,"dram":1555.6017456054688},"cycles":760779590312}
{"runtime":68086,"energy":{"pkg":6453.676818847656,"pp0":0,"dram":1582.1158447265625},"cycles":826789901137}
{"runtime":64175,"energy":{"pkg":6091.8389892578125,"pp0":0,"dram":1561.0408325195312},"cycles":778904061940}
{"runtime":62133,"energy":{"pkg":5926.5413818359375,"pp0":0,"dram":1566.2214965820312},"cycles":778062929403}
{"runtime":64089,"energy":{"pkg":6113.7803955078125,"pp0":0,"dram":1548.2172241210938},"cycles":793336094586}
{"runtime":64122,"energy":{"pkg":6111.87646484375,"pp0":0,"dram":1561.2196655273438},"cycles":784741785963}
