{"runtime":69248,"energy":{"pkg":6572.852722167969,"pp0":0,"dram":1594.2886962890625},"cycles":865748040899}
{"runtime":70475,"energy":{"pkg":6682.908752441406,"pp0":0,"dram":-260527.7993774414},"cycles":876581948457}
{"runtime":69789,"energy":{"pkg":6626.959533691406,"pp0":0,"dram":1672.6032104492188},"cycles":877202545410}
{"runtime":70339,"energy":{"pkg":6683.131774902344,"pp0":0,"dram":1714.8355712890625},"cycles":875162863190}
{"runtime":65593,"energy":{"pkg":6233.794616699219,"pp0":0,"dram":1601.617919921875},"cycles":811267868072}
{"runtime":70947,"energy":{"pkg":6741.823486328125,"pp0":0,"dram":1766.6727905273438},"cycles":883073834854}
{"runtime":68201,"energy":{"pkg":6473.707580566406,"pp0":0,"dram":1671.78662109375},"cycles":824669167538}
