{"runtime":76153,"energy":{"pkg":7267.224426269531,"pp0":0,"dram":1876.4752197265625},"cycles":926145782696}
{"runtime":76969,"energy":{"pkg":7314.021301269531,"pp0":0,"dram":1826.5108642578125},"cycles":940850918482}
{"runtime":78536,"energy":{"pkg":7433.661865234375,"pp0":0,"dram":1813.5081787109375},"cycles":940817717664}
{"runtime":74280,"energy":{"pkg":7055.250549316406,"pp0":0,"dram":1769.1725463867188},"cycles":898838007849}
{"runtime":74334,"energy":{"pkg":7064.117858886719,"pp0":0,"dram":1800.7222290039062},"cycles":902520154375}
{"runtime":77816,"energy":{"pkg":7399.088195800781,"pp0":0,"dram":1820.202392578125},"cycles":950664049323}
{"runtime":77113,"energy":{"pkg":7324.294738769531,"pp0":0,"dram":1797.4207763671875},"cycles":931795846593}
