{"runtime":76746,"energy":{"pkg":7311.970031738281,"pp0":0,"dram":1849.3509521484375},"cycles":934749690670}
{"runtime":79833,"energy":{"pkg":7598.2117919921875,"pp0":0,"dram":1872.6083374023438},"cycles":974679782265}
{"runtime":76625,"energy":{"pkg":7304.993896484375,"pp0":0,"dram":1853.1285400390625},"cycles":922475542110}
{"runtime":78632,"energy":{"pkg":7496.99560546875,"pp0":0,"dram":1932.5049438476562},"cycles":950391875445}
{"runtime":77063,"energy":{"pkg":7333.4044189453125,"pp0":0,"dram":1990.509033203125},"cycles":941321009043}
{"runtime":78171,"energy":{"pkg":-254696.07568359375,"pp0":0,"dram":1889.7937622070312},"cycles":945822663047}
{"runtime":77470,"energy":{"pkg":7384.152526855469,"pp0":0,"dram":1948.6973266601562},"cycles":935728502366}
