{"runtime":9394,"energy":{"pkg":887.5440063476562,"pp0":0,"dram":208.61676025390625},"cycles":111710330828}
{"runtime":10217,"energy":{"pkg":962.4014892578125,"pp0":0,"dram":212.61083984375},"cycles":108888922745}
{"runtime":11303,"energy":{"pkg":1058.2688598632812,"pp0":0,"dram":239.34356689453125},"cycles":121193572601}
{"runtime":9841,"energy":{"pkg":930.1549682617188,"pp0":0,"dram":210.73193359375},"cycles":108977714809}
{"runtime":8816,"energy":{"pkg":836.9906005859375,"pp0":0,"dram":200.34857177734375},"cycles":102353421147}
{"runtime":10585,"energy":{"pkg":995.4676513671875,"pp0":0,"dram":217.80859375},"cycles":110943987788}
{"runtime":9560,"energy":{"pkg":903.7598876953125,"pp0":0,"dram":210.728515625},"cycles":103978505283}
