{"runtime":80129,"energy":{"pkg":7619.02587890625,"pp0":0,"dram":1930.388916015625},"cycles":962832588625}
{"runtime":78637,"energy":{"pkg":7474.011169433594,"pp0":0,"dram":1881.9815673828125},"cycles":969384540764}
{"runtime":76796,"energy":{"pkg":7311.634094238281,"pp0":0,"dram":1926.3911743164062},"cycles":941751982286}
{"runtime":81125,"energy":{"pkg":7692.760559082031,"pp0":0,"dram":1881.2141723632812},"cycles":999919183016}
{"runtime":81498,"energy":{"pkg":7753.3502197265625,"pp0":0,"dram":1955.8298950195312},"cycles":979047517030}
{"runtime":81415,"energy":{"pkg":7756.009826660156,"pp0":0,"dram":1877.9993896484375},"cycles":1004354474889}
{"runtime":81262,"energy":{"pkg":7749.435791015625,"pp0":0,"dram":1893.752197265625},"cycles":952286070537}
