{"runtime":84318,"energy":{"pkg":8041.922180175781,"pp0":0,"dram":2042.1331176757812},"cycles":1027974242365}
{"runtime":83072,"energy":{"pkg":7939.8001708984375,"pp0":0,"dram":2043.4757690429688},"cycles":1017987703110}
{"runtime":88129,"energy":{"pkg":8404.318603515625,"pp0":0,"dram":2055.5210571289062},"cycles":1065443973171}
{"runtime":86636,"energy":{"pkg":-253890.26831054688,"pp0":0,"dram":2003.7609252929688},"cycles":1059165371715}
{"runtime":82492,"energy":{"pkg":7896.4244384765625,"pp0":0,"dram":2111.98779296875},"cycles":1002279982098}
{"runtime":89464,"energy":{"pkg":8506.982299804688,"pp0":0,"dram":2046.6766357421875},"cycles":1117562186196}
{"runtime":87969,"energy":{"pkg":8393.059997558594,"pp0":0,"dram":2100.8578491210938},"cycles":1075110677167}
