{"runtime":95066,"energy":{"pkg":9052.397277832031,"pp0":0,"dram":2367.4238891601562},"cycles":1184326780830}
{"runtime":91331,"energy":{"pkg":8695.064697265625,"pp0":0,"dram":2249.2913208007812},"cycles":1130543690742}
{"runtime":91999,"energy":{"pkg":8751.876831054688,"pp0":0,"dram":2286.7590942382812},"cycles":1123472120805}
{"runtime":95013,"energy":{"pkg":9052.0126953125,"pp0":0,"dram":2402.697021484375},"cycles":1182778004377}
{"runtime":87525,"energy":{"pkg":8370.967834472656,"pp0":0,"dram":2263.3432006835938},"cycles":1066215814100}
{"runtime":89852,"energy":{"pkg":8576.542846679688,"pp0":0,"dram":2256.8699951171875},"cycles":1107911270297}
{"runtime":93145,"energy":{"pkg":8891.739135742188,"pp0":0,"dram":2363.2802734375},"cycles":1150851232547}
