{"runtime":100338,"energy":{"pkg":9557.650695800781,"pp0":0,"dram":2421.7808837890625},"cycles":1217771005625}
{"runtime":95800,"energy":{"pkg":9146.454650878906,"pp0":0,"dram":2409.4910888671875},"cycles":1204273361624}
{"runtime":97345,"energy":{"pkg":9283.606018066406,"pp0":0,"dram":2451.6072387695312},"cycles":1187713856538}
{"runtime":97954,"energy":{"pkg":9338.861389160156,"pp0":0,"dram":2429.916015625},"cycles":1188964424542}
{"runtime":101942,"energy":{"pkg":9699.85791015625,"pp0":0,"dram":2473.0491333007812},"cycles":1246495958529}
{"runtime":96117,"energy":{"pkg":9170.909973144531,"pp0":0,"dram":2412.5703735351562},"cycles":1174027396591}
{"runtime":100887,"energy":{"pkg":9592.131713867188,"pp0":0,"dram":2408.8062744140625},"cycles":1258011501778}
