{"runtime":103587,"energy":{"pkg":9835.8466796875,"pp0":0,"dram":2520.9713134765625},"cycles":1273438665939}
{"runtime":101049,"energy":{"pkg":9645.008361816406,"pp0":0,"dram":2522.8721923828125},"cycles":1247910256889}
{"runtime":95463,"energy":{"pkg":9130.607727050781,"pp0":0,"dram":2457.2994384765625},"cycles":1186261115928}
{"runtime":101415,"energy":{"pkg":-252476.0756225586,"pp0":0,"dram":2514.34130859375},"cycles":1234772250253}
{"runtime":101992,"energy":{"pkg":9730.926696777344,"pp0":0,"dram":2461.2460327148438},"cycles":1253889388266}
{"runtime":97517,"energy":{"pkg":9336.747924804688,"pp0":0,"dram":2482.6215209960938},"cycles":1191345913366}
{"runtime":96976,"energy":{"pkg":9246.875854492188,"pp0":0,"dram":2395.7820434570312},"cycles":1182662116481}
