{"runtime":100644,"energy":{"pkg":9617.320495605469,"pp0":0,"dram":2551.0100708007812},"cycles":1228799592621}
{"runtime":106662,"energy":{"pkg":10146.134155273438,"pp0":0,"dram":2598.8558959960938},"cycles":1307900251960}
{"runtime":103967,"energy":{"pkg":9917.284423828125,"pp0":0,"dram":2587.1238403320312},"cycles":1272294472727}
{"runtime":102508,"energy":{"pkg":9807.667785644531,"pp0":0,"dram":2611.4209594726562},"cycles":1253512427458}
{"runtime":105338,"energy":{"pkg":10011.185913085938,"pp0":0,"dram":2594.6886596679688},"cycles":1287601426220}
{"runtime":103719,"energy":{"pkg":9899.631408691406,"pp0":0,"dram":2574.3287963867188},"cycles":1274389105497}
{"runtime":104123,"energy":{"pkg":9919.976867675781,"pp0":0,"dram":2549.2603149414062},"cycles":1280522582501}
