{"runtime":105975,"energy":{"pkg":10117.647277832031,"pp0":0,"dram":2689.029296875},"cycles":1299918268397}
{"runtime":106810,"energy":{"pkg":10188.708374023438,"pp0":0,"dram":2632.5468139648438},"cycles":1318824376248}
{"runtime":107610,"energy":{"pkg":10271.205383300781,"pp0":0,"dram":2625.7919311523438},"cycles":1340333004198}
{"runtime":105273,"energy":{"pkg":10056.530883789062,"pp0":0,"dram":2600.220458984375},"cycles":1270821154864}
{"runtime":105142,"energy":{"pkg":10048.541381835938,"pp0":0,"dram":2597.5578002929688},"cycles":1296755696899}
{"runtime":108241,"energy":{"pkg":-251819.0521850586,"pp0":0,"dram":-259457.44110107422},"cycles":1338729311282}
{"runtime":122226,"energy":{"pkg":11627.139892578125,"pp0":0,"dram":2827.2412109375},"cycles":1506108950425}
