{"runtime":109494,"energy":{"pkg":10470.94140625,"pp0":0,"dram":2714.1690673828125},"cycles":1325786233622}
{"runtime":106287,"energy":{"pkg":10142.086364746094,"pp0":0,"dram":2616.1574096679688},"cycles":1313933762295}
{"runtime":106698,"energy":{"pkg":10160.824951171875,"pp0":0,"dram":2626.82861328125},"cycles":1280081376719}
{"runtime":108291,"energy":{"pkg":10283.971435546875,"pp0":0,"dram":2584.7391357421875},"cycles":1286265973740}
{"runtime":109583,"energy":{"pkg":10422.53515625,"pp0":0,"dram":2678.6661376953125},"cycles":1326796334947}
{"runtime":105561,"energy":{"pkg":10064.551513671875,"pp0":0,"dram":2622.525634765625},"cycles":1295799674937}
{"runtime":102077,"energy":{"pkg":9748.200744628906,"pp0":0,"dram":2563.4940795898438},"cycles":1258971784584}
