{"runtime":109374,"energy":{"pkg":10432.691833496094,"pp0":0,"dram":2738.5131225585938},"cycles":1353311420013}
{"runtime":110459,"energy":{"pkg":10530.611572265625,"pp0":0,"dram":2693.720458984375},"cycles":1329892666861}
{"runtime":105439,"energy":{"pkg":10063.449890136719,"pp0":0,"dram":2619.5048217773438},"cycles":1274417507761}
{"runtime":114438,"energy":{"pkg":10888.796997070312,"pp0":0,"dram":2847.5062866210938},"cycles":1392671070002}
{"runtime":115568,"energy":{"pkg":10943.55712890625,"pp0":0,"dram":2670.3196411132812},"cycles":1395507933520}
{"runtime":114401,"energy":{"pkg":10819.317138671875,"pp0":0,"dram":2653.782470703125},"cycles":1389146337478}
{"runtime":111143,"energy":{"pkg":10536.499084472656,"pp0":0,"dram":2627.768798828125},"cycles":1346300366651}
