{"runtime":116345,"energy":{"pkg":11051.300842285156,"pp0":0,"dram":2826.6820068359375},"cycles":1421626604640}
{"runtime":123558,"energy":{"pkg":11695.515625,"pp0":0,"dram":2820.6780395507812},"cycles":1512412097792}
{"runtime":128277,"energy":{"pkg":12123.100463867188,"pp0":0,"dram":2859.5331420898438},"cycles":1562466641359}
{"runtime":121549,"energy":{"pkg":-250615.62377929688,"pp0":0,"dram":2810.6758422851562},"cycles":1498756660890}
{"runtime":117679,"energy":{"pkg":11211.6884765625,"pp0":0,"dram":2810.0096435546875},"cycles":1422563751630}
{"runtime":116142,"energy":{"pkg":11056.929809570312,"pp0":0,"dram":2820.2429809570312},"cycles":1403248130793}
{"runtime":118581,"energy":{"pkg":11266.247863769531,"pp0":0,"dram":2817.30810546875},"cycles":1436166800933}
