{"runtime":117372,"energy":{"pkg":11197.110534667969,"pp0":0,"dram":2953.6038208007812},"cycles":1403845727695}
{"runtime":115219,"energy":{"pkg":10956.920715332031,"pp0":0,"dram":2870.4558715820312},"cycles":1385437008679}
{"runtime":122446,"energy":{"pkg":11601.068420410156,"pp0":0,"dram":2899.0606689453125},"cycles":1495140341674}
{"runtime":128317,"energy":{"pkg":12167.630554199219,"pp0":0,"dram":2956.6867065429688},"cycles":1564930119334}
{"runtime":120962,"energy":{"pkg":11491.920166015625,"pp0":0,"dram":2867.11572265625},"cycles":1466321391896}
{"runtime":120162,"energy":{"pkg":11440.721740722656,"pp0":0,"dram":2918.427001953125},"cycles":1462000286297}
{"runtime":121716,"energy":{"pkg":11561.398132324219,"pp0":0,"dram":2914.6356201171875},"cycles":1483999469736}
