{"runtime":127217,"energy":{"pkg":12054.097839355469,"pp0":0,"dram":3031.3931274414062},"cycles":1529479537889}
{"runtime":123944,"energy":{"pkg":11824.462463378906,"pp0":0,"dram":3170.0723266601562},"cycles":1529405658009}
{"runtime":120103,"energy":{"pkg":11448.058715820312,"pp0":0,"dram":3148.0531616210938},"cycles":1424715312127}
{"runtime":121314,"energy":{"pkg":11598.081909179688,"pp0":0,"dram":3129.69873046875},"cycles":1478392522659}
{"runtime":121479,"energy":{"pkg":11644.698913574219,"pp0":0,"dram":3147.98876953125},"cycles":1508974124191}
{"runtime":124765,"energy":{"pkg":11941.262145996094,"pp0":0,"dram":3203.6195068359375},"cycles":1534218437431}
{"runtime":126092,"energy":{"pkg":12054.992309570312,"pp0":0,"dram":3272.549560546875},"cycles":1543508875641}
