{"runtime":126618,"energy":{"pkg":12137.863220214844,"pp0":0,"dram":3199.75390625},"cycles":1544841865356}
{"runtime":130283,"energy":{"pkg":12459.760009765625,"pp0":0,"dram":3278.5044555664062},"cycles":1627378190838}
{"runtime":127357,"energy":{"pkg":12151.394714355469,"pp0":0,"dram":3292.3692016601562},"cycles":1509710425872}
{"runtime":133094,"energy":{"pkg":12645.024108886719,"pp0":0,"dram":3295.1513061523438},"cycles":1586219595157}
{"runtime":124336,"energy":{"pkg":11918.738830566406,"pp0":0,"dram":3216.0892944335938},"cycles":1547701093136}
{"runtime":122391,"energy":{"pkg":11748.748229980469,"pp0":0,"dram":-258958.18084716797},"cycles":1516602849753}
{"runtime":121984,"energy":{"pkg":11683.156188964844,"pp0":0,"dram":3221.8487548828125},"cycles":1493100894948}
