{"runtime":23558,"energy":{"pkg":1686.907470703125,"pp0":0,"dram":321.22247314453125},"cycles":995326702015}
{"runtime":23423,"energy":{"pkg":1708.4421997070312,"pp0":0,"dram":322.75750732421875},"cycles":991330851758}
{"runtime":24194,"energy":{"pkg":1727.8987426757812,"pp0":0,"dram":328.0255126953125},"cycles":998103549407}
{"runtime":23292,"energy":{"pkg":1712.970458984375,"pp0":0,"dram":320.11529541015625},"cycles":993735044640}
{"runtime":23929,"energy":{"pkg":1727.6550903320312,"pp0":0,"dram":324.55267333984375},"cycles":998888076295}
{"runtime":23601,"energy":{"pkg":1668.2369384765625,"pp0":0,"dram":324.70916748046875},"cycles":981309955376}
{"runtime":24376,"energy":{"pkg":1728.3125,"pp0":0,"dram":328.9178466796875},"cycles":993890829189}
{"runtime":23728,"energy":{"pkg":1717.4697875976562,"pp0":0,"dram":326.6417236328125},"cycles":997208881892}
{"runtime":24806,"energy":{"pkg":1741.1275024414062,"pp0":0,"dram":333.1231689453125},"cycles":986196243319}
{"runtime":23244,"energy":{"pkg":1697.24560546875,"pp0":0,"dram":316.812255859375},"cycles":972186489587}
{"runtime":24514,"energy":{"pkg":1766.9749145507812,"pp0":0,"dram":332.596923828125},"cycles":1014111430701}
{"runtime":23620,"energy":{"pkg":1706.9086303710938,"pp0":0,"dram":321.59112548828125},"cycles":983439386896}
{"runtime":24634,"energy":{"pkg":1749.016357421875,"pp0":0,"dram":331.68218994140625},"cycles":1001530411537}
{"runtime":23623,"energy":{"pkg":1717.0587768554688,"pp0":0,"dram":320.54290771484375},"cycles":990377661627}
{"runtime":23871,"energy":{"pkg":1724.321044921875,"pp0":0,"dram":326.2689208984375},"cycles":994807951892}
{"runtime":23901,"energy":{"pkg":1711.6251220703125,"pp0":0,"dram":321.65972900390625},"cycles":960861439136}
{"runtime":23621,"energy":{"pkg":1711.7402954101562,"pp0":0,"dram":321.7041015625},"cycles":982838344907}
{"runtime":24532,"energy":{"pkg":1735.9983520507812,"pp0":0,"dram":330.94500732421875},"cycles":984854992596}
{"runtime":23544,"energy":{"pkg":1706.5170288085938,"pp0":0,"dram":322.08306884765625},"cycles":979889885431}
{"runtime":23553,"energy":{"pkg":1712.7147216796875,"pp0":0,"dram":321.37353515625},"cycles":980985673947}
{"runtime":23586,"energy":{"pkg":1719.9542846679688,"pp0":0,"dram":324.49957275390625},"cycles":991186607828}
{"runtime":24352,"energy":{"pkg":1740.54931640625,"pp0":0,"dram":330.29058837890625},"cycles":1002146011894}
{"runtime":23236,"energy":{"pkg":1691.4385375976562,"pp0":0,"dram":319.0277099609375},"cycles":975195278316}
{"runtime":23952,"energy":{"pkg":1722.9898071289062,"pp0":0,"dram":329.9022216796875},"cycles":988953869654}
{"runtime":24809,"energy":{"pkg":1754.997802734375,"pp0":0,"dram":332.46209716796875},"cycles":1010789160390}
{"runtime":23575,"energy":{"pkg":1720.3995361328125,"pp0":0,"dram":321.7637939453125},"cycles":986617676994}
{"runtime":23579,"energy":{"pkg":1715.4614868164062,"pp0":0,"dram":320.84149169921875},"cycles":986181598197}
{"runtime":24374,"energy":{"pkg":1733.6880493164062,"pp0":0,"dram":330.12091064453125},"cycles":1000623910469}
{"runtime":23784,"energy":{"pkg":1725.8602905273438,"pp0":0,"dram":323.75970458984375},"cycles":996039203573}
{"runtime":23484,"energy":{"pkg":1711.1660766601562,"pp0":0,"dram":323.60009765625},"cycles":996338130285}
{"runtime":24482,"energy":{"pkg":1746.6832275390625,"pp0":0,"dram":330.5289306640625},"cycles":1012012962867}
{"runtime":23671,"energy":{"pkg":-260425.59240722656,"pp0":0,"dram":324.7572021484375},"cycles":995941074408}
{"runtime":23442,"energy":{"pkg":1727.1350708007812,"pp0":0,"dram":320.98883056640625},"cycles":1008670349632}
{"runtime":24006,"energy":{"pkg":1722.5831298828125,"pp0":0,"dram":328.81170654296875},"cycles":985078871316}
{"runtime":23739,"energy":{"pkg":1724.178955078125,"pp0":0,"dram":323.5755615234375},"cycles":999907302064}
{"runtime":23986,"energy":{"pkg":1722.4304809570312,"pp0":0,"dram":326.32977294921875},"cycles":985522285287}
{"runtime":23660,"energy":{"pkg":1716.5103149414062,"pp0":0,"dram":325.61383056640625},"cycles":988515750870}
{"runtime":23846,"energy":{"pkg":1724.093505859375,"pp0":0,"dram":324.6019287109375},"cycles":971763791669}
{"runtime":23548,"energy":{"pkg":1724.665283203125,"pp0":0,"dram":321.1214599609375},"cycles":998834674293}
{"runtime":24028,"energy":{"pkg":1711.4729614257812,"pp0":0,"dram":324.57806396484375},"cycles":985864642098}
{"runtime":24336,"energy":{"pkg":1732.3949584960938,"pp0":0,"dram":328.15887451171875},"cycles":998089822829}
{"runtime":24219,"energy":{"pkg":1730.3565673828125,"pp0":0,"dram":328.28839111328125},"cycles":1002266266074}
{"runtime":24543,"energy":{"pkg":1737.8623046875,"pp0":0,"dram":330.83953857421875},"cycles":1003304219402}
{"runtime":23616,"energy":{"pkg":1718.153076171875,"pp0":0,"dram":323.6142578125},"cycles":1000800962344}
{"runtime":24664,"energy":{"pkg":1739.3985595703125,"pp0":0,"dram":331.1087646484375},"cycles":997467999349}
{"runtime":24466,"energy":{"pkg":1727.1282958984375,"pp0":0,"dram":328.70770263671875},"cycles":991566405126}
{"runtime":24480,"energy":{"pkg":1737.0540771484375,"pp0":0,"dram":326.53485107421875},"cycles":1001916326032}
{"runtime":23713,"energy":{"pkg":1722.5053100585938,"pp0":0,"dram":323.40618896484375},"cycles":994009980043}
{"runtime":24158,"energy":{"pkg":1721.3856201171875,"pp0":0,"dram":327.93743896484375},"cycles":1004626319492}
{"runtime":23050,"energy":{"pkg":1703.6603393554688,"pp0":0,"dram":318.49945068359375},"cycles":984392393830}
{"runtime":24133,"energy":{"pkg":1727.0870971679688,"pp0":0,"dram":329.0775146484375},"cycles":991635057887}
{"runtime":23600,"energy":{"pkg":1714.4759521484375,"pp0":0,"dram":325.5218505859375},"cycles":995946079432}
{"runtime":23796,"energy":{"pkg":1709.6721801757812,"pp0":0,"dram":324.24530029296875},"cycles":974565253048}
{"runtime":23692,"energy":{"pkg":1711.2886962890625,"pp0":0,"dram":325.801025390625},"cycles":977591871222}
{"runtime":23617,"energy":{"pkg":1716.9158935546875,"pp0":0,"dram":324.34771728515625},"cycles":994098761039}
{"runtime":23792,"energy":{"pkg":1721.21240234375,"pp0":0,"dram":322.67578125},"cycles":998805469234}
{"runtime":23466,"energy":{"pkg":1713.2223510742188,"pp0":0,"dram":322.78839111328125},"cycles":989410959642}
{"runtime":24390,"energy":{"pkg":1743.1605834960938,"pp0":0,"dram":329.6341552734375},"cycles":1005032643935}
{"runtime":24280,"energy":{"pkg":1722.2666015625,"pp0":0,"dram":327.2882080078125},"cycles":985359091754}
{"runtime":24259,"energy":{"pkg":1730.5916748046875,"pp0":0,"dram":329.07037353515625},"cycles":1001906043116}
{"runtime":23494,"energy":{"pkg":1706.7067260742188,"pp0":0,"dram":323.04229736328125},"cycles":999940672204}
{"runtime":23683,"energy":{"pkg":1725.1649780273438,"pp0":0,"dram":324.4666748046875},"cycles":1011629106408}
{"runtime":23221,"energy":{"pkg":1682.5375366210938,"pp0":0,"dram":320.3187255859375},"cycles":984936127216}
{"runtime":23757,"energy":{"pkg":1716.3286743164062,"pp0":0,"dram":328.626220703125},"cycles":994582674996}
{"runtime":23871,"energy":{"pkg":1717.076416015625,"pp0":0,"dram":324.57354736328125},"cycles":990107399618}
{"runtime":24310,"energy":{"pkg":1728.5142211914062,"pp0":0,"dram":331.94573974609375},"cycles":992449473914}
{"runtime":24111,"energy":{"pkg":1719.4990234375,"pp0":0,"dram":326.433349609375},"cycles":986954268796}
{"runtime":23449,"energy":{"pkg":1697.482177734375,"pp0":0,"dram":321.81915283203125},"cycles":973079013791}
{"runtime":23282,"energy":{"pkg":1711.3982543945312,"pp0":0,"dram":319.502685546875},"cycles":986269291247}
{"runtime":24566,"energy":{"pkg":1718.3312377929688,"pp0":0,"dram":333.87225341796875},"cycles":986317964583}
{"runtime":23491,"energy":{"pkg":1726.7783203125,"pp0":0,"dram":324.48846435546875},"cycles":1012479483575}
{"runtime":23655,"energy":{"pkg":1719.0595092773438,"pp0":0,"dram":323.78564453125},"cycles":991785068689}
{"runtime":23579,"energy":{"pkg":1712.9203491210938,"pp0":0,"dram":324.40008544921875},"cycles":992044077154}
{"runtime":23324,