{"runtime":54167,"energy":{"pkg":2162.779296875,"pp0":0,"dram":416.29937744140625},"cycles":160475858084}
{"runtime":54896,"energy":{"pkg":2201.6217041015625,"pp0":0,"dram":417.51702880859375},"cycles":162375249100}
{"runtime":53770,"energy":{"pkg":2170.3438110351562,"pp0":0,"dram":412.0616455078125},"cycles":160276784739}
{"runtime":54689,"energy":{"pkg":2194.2373046875,"pp0":0,"dram":422.51068115234375},"cycles":160980245618}
{"runtime":54594,"energy":{"pkg":2206.4058837890625,"pp0":0,"dram":418.04620361328125},"cycles":162000446942}
{"runtime":54353,"energy":{"pkg":2195.5947265625,"pp0":0,"dram":415.5657958984375},"cycles":160862190894}
{"runtime":54438,"energy":{"pkg":2187.5806884765625,"pp0":0,"dram":417.0186767578125},"cycles":161095707504}
{"runtime":54494,"energy":{"pkg":2195.5144653320312,"pp0":0,"dram":409.7890625},"cycles":161800882743}
{"runtime":54056,"energy":{"pkg":2185.3762817382812,"pp0":0,"dram":399.1845703125},"cycles":160886278073}
{"runtime":54403,"energy":{"pkg":2204.040771484375,"pp0":0,"dram":401.84027099609375},"cycles":162682294695}
{"runtime":54045,"energy":{"pkg":2181.3546142578125,"pp0":0,"dram":399.4619140625},"cycles":161623735460}
{"runtime":54285,"energy":{"pkg":2192.1781005859375,"pp0":0,"dram":402.6705322265625},"cycles":161459586781}
{"runtime":53952,"energy":{"pkg":2167.2761840820312,"pp0":0,"dram":401.36492919921875},"cycles":160921419366}
{"runtime":54208,"energy":{"pkg":2183.2749633789062,"pp0":0,"dram":402.140625},"cycles":161382898284}
{"runtime":54778,"energy":{"pkg":2176.3740234375,"pp0":0,"dram":406.28631591796875},"cycles":160697685450}
{"runtime":54650,"energy":{"pkg":2175.737548828125,"pp0":0,"dram":405.68597412109375},"cycles":160868391485}
{"runtime":53803,"energy":{"pkg":2161.0338134765625,"pp0":0,"dram":398.6395263671875},"cycles":160471366855}
{"runtime":54103,"energy":{"pkg":2185.9159545898438,"pp0":0,"dram":404.42657470703125},"cycles":161819752492}
{"runtime":53640,"energy":{"pkg":2155.1895751953125,"pp0":0,"dram":399.10760498046875},"cycles":160448073319}
{"runtime":53811,"energy":{"pkg":2156.9254150390625,"pp0":0,"dram":400.657470703125},"cycles":160201167061}
{"runtime":53740,"energy":{"pkg":2162.0641479492188,"pp0":0,"dram":402.30474853515625},"cycles":160745070254}
{"runtime":54334,"energy":{"pkg":2174.7703857421875,"pp0":0,"dram":406.15118408203125},"cycles":161916998151}
{"runtime":53611,"energy":{"pkg":2149.7880249023438,"pp0":0,"dram":398.70391845703125},"cycles":160365870495}
{"runtime":54617,"energy":{"pkg":2183.9075927734375,"pp0":0,"dram":406.5751953125},"cycles":160679638379}
{"runtime":53697,"energy":{"pkg":2157.6844482421875,"pp0":0,"dram":400.12548828125},"cycles":160584105625}
{"runtime":54045,"energy":{"pkg":2178.709228515625,"pp0":0,"dram":405.02093505859375},"cycles":160907021613}
{"runtime":54183,"energy":{"pkg":2181.8314208984375,"pp0":0,"dram":404.68841552734375},"cycles":161246388064}
{"runtime":53777,"energy":{"pkg":2161.4091796875,"pp0":0,"dram":400.82275390625},"cycles":160858469224}
{"runtime":55318,"energy":{"pkg":2211.8883666992188,"pp0":0,"dram":413.43695068359375},"cycles":164266405929}
{"runtime":53756,"energy":{"pkg":2158.9113159179688,"pp0":0,"dram":398.54583740234375},"cycles":160687733661}
{"runtime":54290,"energy":{"pkg":2193.1134033203125,"pp0":0,"dram":404.42059326171875},"cycles":162379957304}
{"runtime":53958,"energy":{"pkg":2180.8317260742188,"pp0":0,"dram":402.72552490234375},"cycles":160619194710}
{"runtime":53711,"energy":{"pkg":2178.35986328125,"pp0":0,"dram":397.92828369140625},"cycles":160635427745}
{"runtime":54894,"energy":{"pkg":2203.30419921875,"pp0":0,"dram":407.4539794921875},"cycles":164162723827}
{"runtime":54306,"energy":{"pkg":2188.8679809570312,"pp0":0,"dram":402.64788818359375},"cycles":160848788102}
{"runtime":56334,"energy":{"pkg":2260.0784912109375,"pp0":0,"dram":418.966552734375},"cycles":167544013850}
{"runtime":54521,"energy":{"pkg":2191.7725830078125,"pp0":0,"dram":402.87921142578125},"cycles":160823303948}
{"runtime":53708,"energy":{"pkg":2158.6818237304688,"pp0":0,"dram":398.9769287109375},"cycles":160551670291}
{"runtime":54561,"energy":{"pkg":2176.2340698242188,"pp0":0,"dram":403.38287353515625},"cycles":160960066296}
{"runtime":54057,"energy":{"pkg":2175.3447265625,"pp0":0,"dram":401.4989013671875},"cycles":161622365337}
{"runtime":54236,"energy":{"pkg":2185.3289794921875,"pp0":0,"dram":402.6776123046875},"cycles":160867028568}
{"runtime":54578,"energy":{"pkg":2175.1852416992188,"pp0":0,"dram":403.42266845703125},"cycles":160541518091}
{"runtime":53764,"energy":{"pkg":2178.0374755859375,"pp0":0,"dram":399.84375},"cycles":160377651086}
{"runtime":53714,"energy":{"pkg":2167.870849609375,"pp0":0,"dram":398.4873046875},"cycles":160672549938}
{"runtime":53952,"energy":{"pkg":2183.5324096679688,"pp0":0,"dram":399.0615234375},"cycles":160919637966}
{"runtime":54704,"energy":{"pkg":2189.4873046875,"pp0":0,"dram":404.54522705078125},"cycles":160897649274}
{"runtime":53912,"energy":{"pkg":2169.0177001953125,"pp0":0,"dram":400.612548828125},"cycles":160581661784}
{"runtime":54927,"energy":{"pkg":2182.1372680664062,"pp0":0,"dram":416.736328125},"cycles":160987602428}
{"runtime":54520,"energy":{"pkg":2208.9922485351562,"pp0":0,"dram":413.6280517578125},"cycles":160967142595}
{"runtime":55006,"energy":{"pkg":2214.28125,"pp0":0,"dram":418.40582275390625},"cycles":164144723194}
{"runtime":54137,"energy":{"pkg":2177.508544921875,"pp0":0,"dram":410.37921142578125},"cycles":160853610816}
{"runtime":55535,"energy":{"pkg":2214.161865234375,"pp0":0,"dram":427.65826416015625},"cycles":161806840565}
{"runtime":54656,"energy":{"pkg":2202.2061157226562,"pp0":0,"dram":414.25628662109375},"cycles":162979017122}
{"runtime":53912,"energy":{"pkg":2178.8463745117188,"pp0":0,"dram":412.47088623046875},"cycles":160535962640}
{"runtime":53844,"energy":{"pkg":2164.7984619140625,"pp0":0,"dram":410.2520751953125},"cycles":160513562833}
{"runtime":54947,"energy":{"pkg":2190.0150146484375,"pp0":0,"dram":422.32586669921875},"cycles":161189941890}
{"runtime":54340,"energy":{"pkg":2187.6603393554688,"pp0":0,"dram":412.22662353515625},"cycles":161213032318}
{"runtime":53949,"energy":{"pkg":2168.9483032226562,"pp0":0,"dram":411.08282470703125},"cycles":160452623112}
{"runtime":54220,"energy":{"pkg":2179.6050415039062,"pp0":0,"dram":411.403564453125},"cycles":160573899421}
{"runtime":53965,"energy":{"pkg":2172.7550659179688,"pp0":0,"dram":407.28045654296875},"cycles":160573668076}
{"runtime":54317,"energy":{"pkg":2191.022705078125,"pp0":0,"dram":410.35943603515625},"cycles":161156793374}
{"runtime":53906,"energy":{"pkg":2174.625244140625,"pp0":0,"dram":410.36602783203125},"cycles":160731607067}
{"runtime":53938,"energy":{"pkg":2156.1503295898438,"pp0":0,"dram":405.47381591796875},"cycles":160822980897}
{"runtime":54282,"energy":{"pkg":2186.3798217773438,"pp0":0,"dram":417.31427001953125},"cycles":161449640153}
{"runtime":53951,"energy":{"pkg":2176.3599243164062,"pp0":0,"dram":414.528564453125},"cycles":160731950589}
{"runtime":54105,"energy":{"pkg":2177.9710693359375,"pp0":0,"dram":415.5030517578125},"cycles":160911200796}
{"runtime":54094,"energy":{"pkg":2181.9724731445312,"pp0":0,"dram":412.9969482421875},"cycles":161119052897}
{"runtime":54343,"energy":{"pkg":2185.1432495117188,"pp0":0,"dram":415.2476806640625},"cycles":162112983130}
{"runtime":54071,"energy":{"pkg":2173.6190185546875,"pp0":0,"dram":410.66424560546875},"cycles":160638200442}
{"runtime":54418,"energy":{"pkg":2192.2200927734375,"pp0":0,"dram":423.543701171875},"cycles":161390860924}
{"runtime":53986,"energy":{"pkg":2173.1221923828125,"pp0":0,"dram":414.3233642578125},"cycles":160467369800}
{"runtime":54487,"energy":{"pkg":2204.0345458984375,"pp0":0,"dram":414.259033203125},"cycles":161352348535}
{"runtime":55022,"energy":{"pkg":2204.4544677734375,"pp0":0,"dram":419.8140869140625},"cycles":160786617291}
{"runtime":54145,"energy":{"pkg":2185.301513671875,"pp0":0,"dram":409.80322265625},