{"runtime":14181,"energy":{"pkg":1295.937744140625,"pp0":0,"dram":281.49420166015625},"cycles":901842361912}
{"runtime":13526,"energy":{"pkg":1306.72802734375,"pp0":0,"dram":277.248046875},"cycles":902334589070}
{"runtime":14146,"energy":{"pkg":1311.869384765625,"pp0":0,"dram":282.66839599609375},"cycles":898439173164}
{"runtime":13682,"energy":{"pkg":1304.7372436523438,"pp0":0,"dram":278.6539306640625},"cycles":901176613235}
{"runtime":13497,"energy":{"pkg":1301.2694702148438,"pp0":0,"dram":278.371826171875},"cycles":901591960446}
{"runtime":13530,"energy":{"pkg":1290.0694580078125,"pp0":0,"dram":277.5810546875},"cycles":900995610923}
{"runtime":13995,"energy":{"pkg":1312.29736328125,"pp0":0,"dram":283.3131103515625},"cycles":903369744795}
{"runtime":13478,"energy":{"pkg":1307.2646484375,"pp0":0,"dram":276.56689453125},"cycles":901359619400}
{"runtime":14017,"energy":{"pkg":1311.2698364257812,"pp0":0,"dram":282.70196533203125},"cycles":902625629132}
{"runtime":13618,"energy":{"pkg":1306.8171997070312,"pp0":0,"dram":280.02374267578125},"cycles":906615412353}
{"runtime":13556,"energy":{"pkg":1307.7828369140625,"pp0":0,"dram":279.646484375},"cycles":906192878082}
{"runtime":13735,"energy":{"pkg":1309.0020751953125,"pp0":0,"dram":280.22015380859375},"cycles":901745842196}
{"runtime":13514,"energy":{"pkg":1305.0858154296875,"pp0":0,"dram":278.7705078125},"cycles":904475678008}
{"runtime":13598,"energy":{"pkg":1310.23046875,"pp0":0,"dram":279.67840576171875},"cycles":905630885587}
{"runtime":13588,"energy":{"pkg":1304.7042846679688,"pp0":0,"dram":279.36248779296875},"cycles":902625022776}
{"runtime":13553,"energy":{"pkg":1304.454833984375,"pp0":0,"dram":278.240966796875},"cycles":903468112321}
{"runtime":13530,"energy":{"pkg":1302.54736328125,"pp0":0,"dram":277.65283203125},"cycles":902885364674}
{"runtime":13496,"energy":{"pkg":1296.2713012695312,"pp0":0,"dram":279.71356201171875},"cycles":901836573669}
{"runtime":13553,"energy":{"pkg":1299.6852416992188,"pp0":0,"dram":278.94268798828125},"cycles":900951765295}
{"runtime":13694,"energy":{"pkg":1322.661376953125,"pp0":0,"dram":280.57781982421875},"cycles":910879991078}
{"runtime":13521,"energy":{"pkg":1306.0578002929688,"pp0":0,"dram":278.87060546875},"cycles":902775520142}
{"runtime":14206,"energy":{"pkg":1314.6671752929688,"pp0":0,"dram":285.8486328125},"cycles":903143356441}
{"runtime":14115,"energy":{"pkg":1324.709716796875,"pp0":0,"dram":284.736083984375},"cycles":909808636603}
{"runtime":13549,"energy":{"pkg":1305.908447265625,"pp0":0,"dram":279.821533203125},"cycles":904228944446}
{"runtime":13676,"energy":{"pkg":1312.5133056640625,"pp0":0,"dram":279.80706787109375},"cycles":905594414168}
{"runtime":13523,"energy":{"pkg":1301.033447265625,"pp0":0,"dram":280.01318359375},"cycles":902798656308}
{"runtime":13818,"energy":{"pkg":1315.1838989257812,"pp0":0,"dram":281.19287109375},"cycles":909340930379}
{"runtime":13520,"energy":{"pkg":1301.8355712890625,"pp0":0,"dram":279.37762451171875},"cycles":904233223848}
{"runtime":13755,"energy":{"pkg":1306.9464721679688,"pp0":0,"dram":279.884033203125},"cycles":901608907604}
{"runtime":13630,"energy":{"pkg":1311.2874755859375,"pp0":0,"dram":278.05010986328125},"cycles":909593168425}
{"runtime":13539,"energy":{"pkg":1302.5963134765625,"pp0":0,"dram":279.11968994140625},"cycles":901434065317}
{"runtime":14092,"energy":{"pkg":1330.2201538085938,"pp0":0,"dram":284.3699951171875},"cycles":911557982470}
{"runtime":14249,"energy":{"pkg":1313.955322265625,"pp0":0,"dram":286.1700439453125},"cycles":906161208693}
{"runtime":13505,"energy":{"pkg":1296.4843139648438,"pp0":0,"dram":277.45849609375},"cycles":899087347370}
{"runtime":13574,"energy":{"pkg":1308.2915649414062,"pp0":0,"dram":277.994140625},"cycles":901962163776}
{"runtime":13628,"energy":{"pkg":1312.8399047851562,"pp0":0,"dram":280.010009765625},"cycles":909023119591}
{"runtime":13535,"energy":{"pkg":1299.6294555664062,"pp0":0,"dram":277.72845458984375},"cycles":899923581897}
{"runtime":14145,"energy":{"pkg":1313.6011962890625,"pp0":0,"dram":282.84033203125},"cycles":905065962022}
{"runtime":13596,"energy":{"pkg":1312.7174682617188,"pp0":0,"dram":278.2613525390625},"cycles":906558363785}
{"runtime":13648,"energy":{"pkg":1319.1559448242188,"pp0":0,"dram":279.49652099609375},"cycles":907708431301}
{"runtime":13513,"energy":{"pkg":1297.8984375,"pp0":0,"dram":278.63458251953125},"cycles":902168310267}
{"runtime":13585,"energy":{"pkg":1311.4624633789062,"pp0":0,"dram":279.4366455078125},"cycles":904475192214}
{"runtime":13529,"energy":{"pkg":1301.186767578125,"pp0":0,"dram":278.87310791015625},"cycles":903037096532}
{"runtime":13497,"energy":{"pkg":1299.1649169921875,"pp0":0,"dram":277.21185302734375},"cycles":902942277904}
{"runtime":13573,"energy":{"pkg":1304.1978759765625,"pp0":0,"dram":278.5528564453125},"cycles":903443480928}
{"runtime":13562,"energy":{"pkg":1300.9031372070312,"pp0":0,"dram":277.83282470703125},"cycles":902196746870}
{"runtime":13569,"energy":{"pkg":1308.0172119140625,"pp0":0,"dram":278.93896484375},"cycles":904605774222}
{"runtime":14248,"energy":{"pkg":1323.2078857421875,"pp0":0,"dram":285.96502685546875},"cycles":907269683862}
{"runtime":14196,"energy":{"pkg":1310.1141967773438,"pp0":0,"dram":282.5916748046875},"cycles":902725867445}
{"runtime":13677,"energy":{"pkg":1303.152099609375,"pp0":0,"dram":278.47662353515625},"cycles":902242898698}
{"runtime":14253,"energy":{"pkg":1324.8931884765625,"pp0":0,"dram":284.74468994140625},"cycles":906961475089}
{"runtime":14221,"energy":{"pkg":1321.2442626953125,"pp0":0,"dram":285.3017578125},"cycles":903360072060}
{"runtime":13481,"energy":{"pkg":1297.4151000976562,"pp0":0,"dram":276.2147216796875},"cycles":901674156440}
{"runtime":13539,"energy":{"pkg":1303.2017211914062,"pp0":0,"dram":279.0560302734375},"cycles":903151278513}
{"runtime":13523,"energy":{"pkg":1305.4141235351562,"pp0":0,"dram":277.40289306640625},"cycles":903079766393}
{"runtime":13595,"energy":{"pkg":1314.8167724609375,"pp0":0,"dram":277.7926025390625},"cycles":907809416909}
{"runtime":13566,"energy":{"pkg":1306.78955078125,"pp0":0,"dram":278.56927490234375},"cycles":902994416491}
{"runtime":13853,"energy":{"pkg":1313.00244140625,"pp0":0,"dram":280.87738037109375},"cycles":901154471782}
{"runtime":13874,"energy":{"pkg":1308.1089477539062,"pp0":0,"dram":279.5743408203125},"cycles":900103406057}
{"runtime":13564,"energy":{"pkg":1312.0918579101562,"pp0":0,"dram":277.086181640625},"cycles":903070007556}
{"runtime":13829,"energy":{"pkg":1326.0309448242188,"pp0":0,"dram":280.69464111328125},"cycles":911651919262}
{"runtime":13457,"energy":{"pkg":1298.386474609375,"pp0":0,"dram":276.76409912109375},"cycles":901388495329}
{"runtime":13525,"energy":{"pkg":1298.6937866210938,"pp0":0,"dram":276.66021728515625},"cycles":901620660289}
{"runtime":13683,"energy":{"pkg":1308.6450805664062,"pp0":0,"dram":279.47747802734375},"cycles":902267009931}
{"runtime":13494,"energy":{"pkg":1302.2120361328125,"pp0":0,"dram":277.29754638671875},"cycles":901959961006}
{"runtime":13451,"energy":{"pkg":1301.4827270507812,"pp0":0,"dram":276.45977783203125},"cycles":900917588023}
{"runtime":13940,"energy":{"pkg":1333.6289672851562,"pp0":0,"dram":281.3348388671875},"cycles":913041354955}
{"runtime":13651,"energy":{"pkg":1315.747802734375,"pp0":0,"dram":279.21600341796875},"cycles":906388296277}
{"runtime":13693,"energy":{"pkg":1320.4140625,"pp0":0,"dram":278.9244384765625},"cycles":902814831732}
{"runtime":14179,"energy":{"pkg":1312.9614868164062,"pp0":0,"dram":284.03704833984375},"cycles":901295806834}
{"runtime":13707,"energy":{"pkg":1313.8741455078125,"pp0":0,"dram":279.15521240234375},"cycles":902113837495}
{"runtime":13778,"energy":{"pkg":1314.9695434570312,"pp0":0,"dram":280.57080078125},"cycles":903879370667}
{"runtime":13586,"energy":{"pkg":1314.9884643554688,"pp0":0,"dram":277.0211181640625},"cycles":905453361243}
{"runtime":13936,"energy":{"pkg":1309.1727905273438,"pp0":0,"dram":280.1590576171875},