{"runtime":54844,"energy":{"pkg":5645.806091308594,"pp0":0,"dram":508.9383544921875},"cycles":3999820244477}
{"runtime":54913,"energy":{"pkg":5757.350891113281,"pp0":0,"dram":510.25518798828125},"cycles":4003928192218}
{"runtime":54335,"energy":{"pkg":5655.4097900390625,"pp0":0,"dram":505.888671875},"cycles":3958533732281}
{"runtime":54312,"energy":{"pkg":5647.723815917969,"pp0":0,"dram":507.99810791015625},"cycles":3958327371253}
{"runtime":55073,"energy":{"pkg":5730.339111328125,"pp0":0,"dram":514.7406005859375},"cycles":4011549331085}
{"runtime":54279,"energy":{"pkg":5570.3052978515625,"pp0":0,"dram":504.4609375},"cycles":3958008541332}
{"runtime":54915,"energy":{"pkg":5707.1009521484375,"pp0":0,"dram":511.3956298828125},"cycles":4004986066501}
{"runtime":54865,"energy":{"pkg":5711.05126953125,"pp0":0,"dram":507.8638916015625},"cycles":4000115670734}
{"runtime":54724,"energy":{"pkg":5689.229248046875,"pp0":0,"dram":501.988525390625},"cycles":3987790430306}
{"runtime":54983,"energy":{"pkg":5725.883972167969,"pp0":0,"dram":504.24395751953125},"cycles":4014474100629}
{"runtime":54381,"energy":{"pkg":5660.858154296875,"pp0":0,"dram":498.528076171875},"cycles":3967480505007}
{"runtime":54759,"energy":{"pkg":5682.540344238281,"pp0":0,"dram":506.7899169921875},"cycles":3995617213296}
{"runtime":54486,"energy":{"pkg":5658.6309814453125,"pp0":0,"dram":502.06329345703125},"cycles":3972129798669}
{"runtime":54800,"energy":{"pkg":5674.4981689453125,"pp0":0,"dram":503.19671630859375},"cycles":3997484699946}
{"runtime":54888,"energy":{"pkg":5712.107238769531,"pp0":0,"dram":507.92486572265625},"cycles":4007789035763}
{"runtime":54444,"energy":{"pkg":5662.888916015625,"pp0":0,"dram":502.689453125},"cycles":3965188736374}
{"runtime":54526,"energy":{"pkg":5669.0194091796875,"pp0":0,"dram":504.44329833984375},"cycles":3968094338341}
{"runtime":54426,"energy":{"pkg":5659.12353515625,"pp0":0,"dram":502.98114013671875},"cycles":3969885845950}
{"runtime":55021,"energy":{"pkg":5732.636047363281,"pp0":0,"dram":510.72760009765625},"cycles":4010751592634}
{"runtime":54938,"energy":{"pkg":5711.195861816406,"pp0":0,"dram":506.556884765625},"cycles":4003816627579}
{"runtime":54860,"energy":{"pkg":5713.812805175781,"pp0":0,"dram":509.59423828125},"cycles":4000693306914}
{"runtime":54312,"energy":{"pkg":5637.7713623046875,"pp0":0,"dram":500.80487060546875},"cycles":3960221743661}
{"runtime":54880,"energy":{"pkg":5713.423889160156,"pp0":0,"dram":510.23211669921875},"cycles":4005366273143}
{"runtime":54536,"energy":{"pkg":5678.40087890625,"pp0":0,"dram":508.21026611328125},"cycles":3980853049064}
{"runtime":54655,"energy":{"pkg":5692.452575683594,"pp0":0,"dram":508.54302978515625},"cycles":3987720564400}
{"runtime":54466,"energy":{"pkg":5672.589599609375,"pp0":0,"dram":503.13763427734375},"cycles":3970553469223}
{"runtime":54356,"energy":{"pkg":5657.522033691406,"pp0":0,"dram":502.63189697265625},"cycles":3962587336277}
{"runtime":54803,"energy":{"pkg":5663.74365234375,"pp0":0,"dram":509.827880859375},"cycles":3995948775208}
{"runtime":54463,"energy":{"pkg":5667.657470703125,"pp0":0,"dram":507.125},"cycles":3971061264712}
{"runtime":54528,"energy":{"pkg":5678.1568603515625,"pp0":0,"dram":505.30645751953125},"cycles":3974976758738}
{"runtime":54526,"energy":{"pkg":5662.429016113281,"pp0":0,"dram":502.8214111328125},"cycles":3974456267697}
{"runtime":54304,"energy":{"pkg":5625.801696777344,"pp0":0,"dram":505.2620849609375},"cycles":3959023103783}
{"runtime":54318,"energy":{"pkg":5653.506530761719,"pp0":0,"dram":501.59600830078125},"cycles":3961001898756}
{"runtime":54427,"energy":{"pkg":5668.44775390625,"pp0":0,"dram":506.06884765625},"cycles":3965773421004}
{"runtime":54839,"energy":{"pkg":5705.9158935546875,"pp0":0,"dram":506.76123046875},"cycles":3993616345400}
{"runtime":54431,"energy":{"pkg":5640.37451171875,"pp0":0,"dram":505.044921875},"cycles":3965168957722}
{"runtime":54866,"energy":{"pkg":5708.350036621094,"pp0":0,"dram":509.1072998046875},"cycles":3998510464145}
{"runtime":54804,"energy":{"pkg":5701.102233886719,"pp0":0,"dram":514.4830932617188},"cycles":3968151246621}
{"runtime":54647,"energy":{"pkg":5664.7620849609375,"pp0":0,"dram":504.4425048828125},"cycles":3985082671776}
{"runtime":54374,"energy":{"pkg":5597.048522949219,"pp0":0,"dram":503.74884033203125},"cycles":3965244839881}
{"runtime":54359,"energy":{"pkg":5648.074035644531,"pp0":0,"dram":508.19610595703125},"cycles":3958093279994}
{"runtime":54320,"energy":{"pkg":5654.065124511719,"pp0":0,"dram":502.83770751953125},"cycles":3962600843517}
{"runtime":54273,"energy":{"pkg":5648.252624511719,"pp0":0,"dram":502.47625732421875},"cycles":3947774097463}
{"runtime":55309,"energy":{"pkg":5760.696716308594,"pp0":0,"dram":510.834228515625},"cycles":4031305525342}
{"runtime":56724,"energy":{"pkg":5836.877136230469,"pp0":0,"dram":525.0154418945312},"cycles":4137559711137}
{"runtime":54829,"energy":{"pkg":5694.6656494140625,"pp0":0,"dram":508.0262451171875},"cycles":3998178484025}
{"runtime":54464,"energy":{"pkg":5671.1640625,"pp0":0,"dram":502.90179443359375},"cycles":3968511915231}
{"runtime":54575,"energy":{"pkg":5688.799255371094,"pp0":0,"dram":506.56396484375},"cycles":3978001100758}
{"runtime":54823,"energy":{"pkg":5709.06591796875,"pp0":0,"dram":511.02392578125},"cycles":4003679442649}
{"runtime":54316,"energy":{"pkg":5643.569396972656,"pp0":0,"dram":503.678955078125},"cycles":3957048483589}
{"runtime":54521,"energy":{"pkg":5677.528991699219,"pp0":0,"dram":504.5423583984375},"cycles":3978271190530}
{"runtime":54848,"energy":{"pkg":5706.879150390625,"pp0":0,"dram":512.8514404296875},"cycles":3999555735412}
{"runtime":56024,"energy":{"pkg":5827.152526855469,"pp0":0,"dram":520.436767578125},"cycles":4087673613344}
{"runtime":54741,"energy":{"pkg":5693.8363037109375,"pp0":0,"dram":510.72430419921875},"cycles":3993195797490}
{"runtime":54824,"energy":{"pkg":5690.7159423828125,"pp0":0,"dram":508.273681640625},"cycles":3998043647864}
{"runtime":54546,"energy":{"pkg":5628.699401855469,"pp0":0,"dram":506.78790283203125},"cycles":3978816934145}
{"runtime":54935,"energy":{"pkg":5723.386901855469,"pp0":0,"dram":510.82861328125},"cycles":4000198983920}
{"runtime":54675,"energy":{"pkg":5664.832702636719,"pp0":0,"dram":505.54583740234375},"cycles":3985743078686}
{"runtime":54371,"energy":{"pkg":5671.326599121094,"pp0":0,"dram":503.2757568359375},"cycles":3967171421061}
{"runtime":54776,"energy":{"pkg":5692.9473876953125,"pp0":0,"dram":504.05615234375},"cycles":3994516628746}
{"runtime":54352,"energy":{"pkg":5652.236267089844,"pp0":0,"dram":502.64923095703125},"cycles":3960500667765}
{"runtime":54573,"energy":{"pkg":5681.9744873046875,"pp0":0,"dram":504.05072021484375},"cycles":3978127210507}
{"runtime":54499,"energy":{"pkg":5674.977233886719,"pp0":0,"dram":502.81500244140625},"cycles":3975222843604}
{"runtime":54521,"energy":{"pkg":5679.416198730469,"pp0":0,"dram":508.6910400390625},"cycles":3977718059782}
{"runtime":54301,"energy":{"pkg":5638.775573730469,"pp0":0,"dram":507.86163330078125},"cycles":3958893019220}
{"runtime":54296,"energy":{"pkg":5640.8936767578125,"pp0":0,"dram":506.1612548828125},"cycles":3961148805549}
{"runtime":54421,"energy":{"pkg":5666.270080566406,"pp0":0,"dram":506.94049072265625},"cycles":3968551692696}
{"runtime":54639,"energy":{"pkg":5686.842956542969,"pp0":0,"dram":509.31610107421875},"cycles":3984230855668}
{"runtime":54354,"energy":{"pkg":5662.1397705078125,"pp0":0,"dram":504.8310546875},"cycles":3962556350819}
{"runtime":54807,"energy":{"pkg":5706.0875244140625,"pp0":0,"dram":508.4949951171875},"cycles":3995579913804}
{"runtime":54763,"energy":{"pkg":5697.227722167969,"pp0":0,"dram":509.374755859375},"cycles":3991980891828}
{"runtime":54552,"energy":{"pkg":5681.0614013671875,"pp0":0,"dram":504.9569091796875},"cycles":3979031353848}
{"runtime":54454,"energy":{"pkg":5703.987121582031,"pp0":0,"dram":506.453857421875},"cycles":3969484336019}
{"runtime":54760,"energy":{"pkg":5700.148742675781,"pp0":0,