{"runtime":446959,"energy":{"pkg":18163.29962158203,"pp0":0,"dram":3439.4935302734375},"cycles":1331691454445}
{"runtime":446111,"energy":{"pkg":18443.380615234375,"pp0":0,"dram":3408.9053955078125},"cycles":1328813943809}
{"runtime":458650,"energy":{"pkg":-242997.06768798828,"pp0":0,"dram":3540.6759643554688},"cycles":1363297533466}
{"runtime":448007,"energy":{"pkg":18422.47735595703,"pp0":0,"dram":3470.925048828125},"cycles":1334311870220}
{"runtime":448647,"energy":{"pkg":18341.2099609375,"pp0":0,"dram":3446.24609375},"cycles":1328504133899}
{"runtime":445527,"energy":{"pkg":-243963.771484375,"pp0":0,"dram":3378.2960815429688},"cycles":1326998702064}
{"runtime":444912,"energy":{"pkg":18090.68487548828,"pp0":0,"dram":3388.9110717773438},"cycles":1324320100906}
{"runtime":450302,"energy":{"pkg":18446.704956054688,"pp0":0,"dram":3385.7501220703125},"cycles":1344103425611}
{"runtime":448268,"energy":{"pkg":18184.834533691406,"pp0":0,"dram":3354.4662475585938},"cycles":1332688640526}
{"runtime":442556,"energy":{"pkg":17959.278442382812,"pp0":0,"dram":3312.2620239257812},"cycles":1321733568603}
{"runtime":446483,"energy":{"pkg":18198.04327392578,"pp0":0,"dram":3340.224609375},"cycles":1331438170768}
{"runtime":444822,"energy":{"pkg":17995.00372314453,"pp0":0,"dram":3338.7223510742188},"cycles":1328516838468}
{"runtime":443762,"energy":{"pkg":18049.18359375,"pp0":0,"dram":3338.1807250976562},"cycles":1325956999323}
{"runtime":444362,"energy":{"pkg":18050.489501953125,"pp0":0,"dram":3345.058349609375},"cycles":1327984708392}
{"runtime":449177,"energy":{"pkg":-243806.22204589844,"pp0":0,"dram":3389.0352783203125},"cycles":1342076017327}
{"runtime":450272,"energy":{"pkg":18426.186462402344,"pp0":0,"dram":3383.8291015625},"cycles":1345369409988}
{"runtime":464279,"energy":{"pkg":19386.723266601562,"pp0":0,"dram":3530.3659057617188},"cycles":1384650160800}
{"runtime":448043,"energy":{"pkg":18300.33642578125,"pp0":0,"dram":3386.2813110351562},"cycles":1338285429614}
{"runtime":444924,"energy":{"pkg":18046.27276611328,"pp0":0,"dram":3349.1365356445312},"cycles":1329694032658}
{"runtime":443343,"energy":{"pkg":17929.173217773438,"pp0":0,"dram":3324.9277954101562},"cycles":1324882892426}
{"runtime":447766,"energy":{"pkg":18353.65802001953,"pp0":0,"dram":3389.0087890625},"cycles":1334853943263}
{"runtime":444746,"energy":{"pkg":18067.014587402344,"pp0":0,"dram":3361.9713745117188},"cycles":1329215545978}
{"runtime":454652,"energy":{"pkg":18697.12774658203,"pp0":0,"dram":3435.4457397460938},"cycles":1359109257074}
{"runtime":436201,"energy":{"pkg":17445.431701660156,"pp0":0,"dram":3284.8637084960938},"cycles":1303064958311}
{"runtime":444031,"energy":{"pkg":18021.0048828125,"pp0":0,"dram":3350.8370971679688},"cycles":1327477534004}
{"runtime":452356,"energy":{"pkg":-243791.8575439453,"pp0":0,"dram":3405.913818359375},"cycles":1342782642545}
{"runtime":442909,"energy":{"pkg":17922.52685546875,"pp0":0,"dram":3346.5877075195312},"cycles":1323757775390}
{"runtime":447237,"energy":{"pkg":18245.41046142578,"pp0":0,"dram":3381.1421508789062},"cycles":1336752127711}
{"runtime":445217,"energy":{"pkg":18042.012268066406,"pp0":0,"dram":3368.0872802734375},"cycles":1330094189198}
{"runtime":456442,"energy":{"pkg":18865.79217529297,"pp0":0,"dram":3466.7337036132812},"cycles":1364409292414}
{"runtime":444117,"energy":{"pkg":18002.182983398438,"pp0":0,"dram":3361.3419189453125},"cycles":1326579430715}
{"runtime":445755,"energy":{"pkg":18104.22021484375,"pp0":0,"dram":3355.2516479492188},"cycles":1331609136332}
{"runtime":443385,"energy":{"pkg":18058.92791748047,"pp0":0,"dram":3331.3930053710938},"cycles":1325228487989}
{"runtime":444321,"energy":{"pkg":18094.216247558594,"pp0":0,"dram":3341.86962890625},"cycles":1328285578655}
{"runtime":446799,"energy":{"pkg":18300.355102539062,"pp0":0,"dram":3357.2881469726562},"cycles":1334112368797}
{"runtime":443853,"energy":{"pkg":17951.185974121094,"pp0":0,"dram":3326.7969360351562},"cycles":1326024383917}
{"runtime":447940,"energy":{"pkg":-243880.72399902344,"pp0":0,"dram":3375.2608032226562},"cycles":1338478086913}
{"runtime":446782,"energy":{"pkg":18190.08709716797,"pp0":0,"dram":3372.9819946289062},"cycles":1334640232231}
{"runtime":447340,"energy":{"pkg":18240.80682373047,"pp0":0,"dram":3376.826171875},"cycles":1334787200900}
{"runtime":445350,"energy":{"pkg":18094.394165039062,"pp0":0,"dram":3352.6033935546875},"cycles":1330723176385}
{"runtime":440193,"energy":{"pkg":17720.62841796875,"pp0":0,"dram":3316.218994140625},"cycles":1315684492125}
{"runtime":444179,"energy":{"pkg":17981.254455566406,"pp0":0,"dram":3344.1729125976562},"cycles":1327212850224}
{"runtime":437223,"energy":{"pkg":17548.685302734375,"pp0":0,"dram":3265.2412719726562},"cycles":1304188277928}
{"runtime":449045,"energy":{"pkg":18287.29608154297,"pp0":0,"dram":3359.825439453125},"cycles":1341989544932}
{"runtime":453855,"energy":{"pkg":18718.264892578125,"pp0":0,"dram":3415.3203735351562},"cycles":1356823581068}
{"runtime":443160,"energy":{"pkg":17933.437622070312,"pp0":0,"dram":3330.79345703125},"cycles":1324124205614}
{"runtime":445543,"energy":{"pkg":18119.995239257812,"pp0":0,"dram":3361.7249145507812},"cycles":1331798599751}
{"runtime":473388,"energy":{"pkg":20174.403869628906,"pp0":0,"dram":3646.195556640625},"cycles":1409444165970}
{"runtime":472969,"energy":{"pkg":20142.036987304688,"pp0":0,"dram":3622.1543579101562},"cycles":1407803358006}
{"runtime":445815,"energy":{"pkg":18249.303649902344,"pp0":0,"dram":3382.8482055664062},"cycles":1326578412566}
{"runtime":449456,"energy":{"pkg":18668.136108398438,"pp0":0,"dram":3418.5408935546875},"cycles":1337204098557}
{"runtime":446414,"energy":{"pkg":18300.269958496094,"pp0":0,"dram":3424.6068725585938},"cycles":1329132684154}
{"runtime":454756,"energy":{"pkg":18879.621459960938,"pp0":0,"dram":3493.9773559570312},"cycles":1353552841726}
{"runtime":449915,"energy":{"pkg":18539.811889648438,"pp0":0,"dram":3423.7108154296875},"cycles":1339170911517}
{"runtime":446673,"energy":{"pkg":-243861.71856689453,"pp0":0,"dram":3407.9772338867188},"cycles":1325701104536}
{"runtime":448698,"energy":{"pkg":18420.15704345703,"pp0":0,"dram":3425.9034423828125},"cycles":1335166310344}
{"runtime":462093,"energy":{"pkg":19411.50390625,"pp0":0,"dram":3515.631591796875},"cycles":1375846399143}
{"runtime":449706,"energy":{"pkg":18529.430297851562,"pp0":0,"dram":3402.192626953125},"cycles":1338075385137}
{"runtime":444142,"energy":{"pkg":18181.737426757812,"pp0":0,"dram":3347.415283203125},"cycles":1323962267509}
{"runtime":445928,"energy":{"pkg":18336.06396484375,"pp0":0,"dram":3361.4861450195312},"cycles":1327193504255}
{"runtime":446741,"energy":{"pkg":18346.361938476562,"pp0":0,"dram":3394.7218627929688},"cycles":1328116533122}
{"runtime":448546,"energy":{"pkg":-243816.8247680664,"pp0":0,"dram":3374.2479858398438},"cycles":1337749327113}
{"runtime":457667,"energy":{"pkg":19083.335998535156,"pp0":0,"dram":3512.9848022460938},"cycles":1360852121347}
{"runtime":446573,"energy":{"pkg":18393.67919921875,"pp0":0,"dram":3423.2714233398438},"cycles":1330553466618}
{"runtime":455402,"energy":{"pkg":19111.264404296875,"pp0":0,"dram":3499.5694580078125},"cycles":1355040580638}
{"runtime":452144,"energy":{"pkg":-243292.05206298828,"pp0":0,"dram":3471.8882446289062},"cycles":1345342897354}
{"runtime":456822,"energy":{"pkg":19165.994079589844,"pp0":0,"dram":3512.5441284179688},"cycles":1360648415899}
{"runtime":448853,"energy":{"pkg":18485.66033935547,"pp0":0,"dram":3436.35888671875},"cycles":1335859833998}
{"runtime":451099,"energy":{"pkg":18633.5,"pp0":0,"dram":3436.218017578125},"cycles":1341919455159}
{"runtime":445788,"energy":{"pkg":18427.220642089844,"pp0":0,"dram":3429.7373046875},"cycles":1327539065203}
{"runtime":448867,"energy":{"pkg":18563.676208496094,"pp0":0,"dram":3451.421142578125},"cycles":1338329078900}
{"runtime":452539,"energy":{"pkg":18700.579650878906,"pp0":0,"dram":3434.6836547851562},