{"runtime":3961,"energy":{"pkg":173.6314697265625,"pp0":0,"dram":38.01580810546875},"cycles":7982267493}
{"runtime":1912,"energy":{"pkg":95.73126220703125,"pp0":0,"dram":20.51983642578125},"cycles":7916288549}
{"runtime":2394,"energy":{"pkg":116.66259765625,"pp0":0,"dram":25.07421875},"cycles":7762384670}
{"runtime":2540,"energy":{"pkg":117.368408203125,"pp0":0,"dram":25.93182373046875},"cycles":7838174956}
{"runtime":2423,"energy":{"pkg":111.44586181640625,"pp0":0,"dram":25.9556884765625},"cycles":7656762190}
{"runtime":2452,"energy":{"pkg":119.654296875,"pp0":0,"dram":25.98089599609375},"cycles":7675779098}
{"runtime":2940,"energy":{"pkg":130.4141845703125,"pp0":0,"dram":29.2503662109375},"cycles":7680208213}
{"runtime":3051,"energy":{"pkg":132.31768798828125,"pp0":0,"dram":31.4136962890625},"cycles":7636106741}
{"runtime":2630,"energy":{"pkg":128.83880615234375,"pp0":0,"dram":27.85400390625},"cycles":7612614727}
{"runtime":1972,"energy":{"pkg":97.9940185546875,"pp0":0,"dram":21.6214599609375},"cycles":7873387766}
{"runtime":2647,"energy":{"pkg":129.785400390625,"pp0":0,"dram":27.87255859375},"cycles":7569918231}
{"runtime":2029,"energy":{"pkg":99.9794921875,"pp0":0,"dram":22.2073974609375},"cycles":7866804631}
{"runtime":2980,"energy":{"pkg":137.38427734375,"pp0":0,"dram":30.92205810546875},"cycles":7633707574}
{"runtime":1857,"energy":{"pkg":94.80059814453125,"pp0":0,"dram":20.900634765625},"cycles":7891290180}
{"runtime":1953,"energy":{"pkg":99.97296142578125,"pp0":0,"dram":21.837158203125},"cycles":8340062671}
{"runtime":2248,"energy":{"pkg":106.074462890625,"pp0":0,"dram":24.6099853515625},"cycles":7749381875}
{"runtime":2087,"energy":{"pkg":112.504638671875,"pp0":0,"dram":22.60198974609375},"cycles":7702870142}
{"runtime":2627,"energy":{"pkg":116.642822265625,"pp0":0,"dram":27.29339599609375},"cycles":7691755672}
{"runtime":2629,"energy":{"pkg":116.158447265625,"pp0":0,"dram":27.4071044921875},"cycles":7607932775}
{"runtime":2338,"energy":{"pkg":109.4327392578125,"pp0":0,"dram":25.40753173828125},"cycles":7771763629}
{"runtime":2606,"energy":{"pkg":127.6295166015625,"pp0":0,"dram":27.6318359375},"cycles":7570428595}
{"runtime":1870,"energy":{"pkg":93.57061767578125,"pp0":0,"dram":20.8125},"cycles":7937136516}
{"runtime":2628,"energy":{"pkg":115.94317626953125,"pp0":0,"dram":27.3883056640625},"cycles":7659823499}
{"runtime":2421,"energy":{"pkg":109.85491943359375,"pp0":0,"dram":26.234130859375},"cycles":7755714667}
{"runtime":1859,"energy":{"pkg":93.07598876953125,"pp0":0,"dram":20.75482177734375},"cycles":7904711683}
{"runtime":2012,"energy":{"pkg":107.4852294921875,"pp0":0,"dram":21.95550537109375},"cycles":7665754728}
{"runtime":2599,"energy":{"pkg":114.29144287109375,"pp0":0,"dram":27.2357177734375},"cycles":7612428954}
{"runtime":2025,"energy":{"pkg":101.89178466796875,"pp0":0,"dram":22.5535888671875},"cycles":7775373721}
{"runtime":2016,"energy":{"pkg":99.12347412109375,"pp0":0,"dram":22.22796630859375},"cycles":7833988015}
{"runtime":1858,"energy":{"pkg":92.9964599609375,"pp0":0,"dram":20.90338134765625},"cycles":7874054914}
{"runtime":2450,"energy":{"pkg":112.2100830078125,"pp0":0,"dram":25.96441650390625},"cycles":7762639312}
{"runtime":2714,"energy":{"pkg":120.53253173828125,"pp0":0,"dram":28.09564208984375},"cycles":7630499041}
{"runtime":2373,"energy":{"pkg":109.0162353515625,"pp0":0,"dram":25.5511474609375},"cycles":7742128387}
{"runtime":2442,"energy":{"pkg":110.86859130859375,"pp0":0,"dram":26.26824951171875},"cycles":7883217773}
{"runtime":2015,"energy":{"pkg":106.291748046875,"pp0":0,"dram":22.38818359375},"cycles":7891293880}
{"runtime":2439,"energy":{"pkg":111.5377197265625,"pp0":0,"dram":25.712646484375},"cycles":7713460766}
{"runtime":2478,"energy":{"pkg":113.72967529296875,"pp0":0,"dram":26.26275634765625},"cycles":7677144475}
{"runtime":2479,"energy":{"pkg":114.36700439453125,"pp0":0,"dram":26.76336669921875},"cycles":7832073395}
{"runtime":2481,"energy":{"pkg":114.14434814453125,"pp0":0,"dram":26.23541259765625},"cycles":7735339083}
{"runtime":2088,"energy":{"pkg":98.55206298828125,"pp0":0,"dram":22.53948974609375},"cycles":7776683145}
{"runtime":2390,"energy":{"pkg":109.83612060546875,"pp0":0,"dram":25.31488037109375},"cycles":7718965744}
{"runtime":2439,"energy":{"pkg":110.55181884765625,"pp0":0,"dram":25.53887939453125},"cycles":7712719486}
{"runtime":1877,"energy":{"pkg":95.8427734375,"pp0":0,"dram":21.03192138671875},"cycles":7901063078}
{"runtime":2254,"energy":{"pkg":104.9334716796875,"pp0":0,"dram":24.25445556640625},"cycles":7877546625}
{"runtime":2036,"energy":{"pkg":100.5947265625,"pp0":0,"dram":22.25555419921875},"cycles":7874977133}
{"runtime":2620,"energy":{"pkg":116.0013427734375,"pp0":0,"dram":27.4859619140625},"cycles":7658494201}
{"runtime":2403,"energy":{"pkg":121.685546875,"pp0":0,"dram":25.4678955078125},"cycles":7745269391}
{"runtime":2948,"energy":{"pkg":128.70855712890625,"pp0":0,"dram":29.42901611328125},"cycles":7534437535}
{"runtime":2423,"energy":{"pkg":116.57330322265625,"pp0":0,"dram":25.1043701171875},"cycles":7771655526}
{"runtime":2158,"energy":{"pkg":104.22088623046875,"pp0":0,"dram":22.71539306640625},"cycles":7776773492}
{"runtime":2477,"energy":{"pkg":114.38336181640625,"pp0":0,"dram":26.1953125},"cycles":7688378960}
{"runtime":2339,"energy":{"pkg":110.28594970703125,"pp0":0,"dram":24.6812744140625},"cycles":7772945313}
{"runtime":2496,"energy":{"pkg":115.2928466796875,"pp0":0,"dram":25.07177734375},"cycles":7766519021}
{"runtime":2398,"energy":{"pkg":110.8568115234375,"pp0":0,"dram":24.5177001953125},"cycles":7719070078}
{"runtime":2445,"energy":{"pkg":111.8485107421875,"pp0":0,"dram":25.64300537109375},"cycles":7674622718}
{"runtime":2244,"energy":{"pkg":106.2374267578125,"pp0":0,"dram":23.870361328125},"cycles":7717201403}
{"runtime":2160,"energy":{"pkg":100.34857177734375,"pp0":0,"dram":22.52423095703125},"cycles":7742674101}
{"runtime":2522,"energy":{"pkg":116.333740234375,"pp0":0,"dram":25.32733154296875},"cycles":7754063049}
{"runtime":2128,"energy":{"pkg":103.18963623046875,"pp0":0,"dram":22.13232421875},"cycles":7836551632}
{"runtime":2623,"energy":{"pkg":118.6695556640625,"pp0":0,"dram":26.08502197265625},"cycles":7737942956}
{"runtime":2355,"energy":{"pkg":111.167724609375,"pp0":0,"dram":24.45660400390625},"cycles":7700609855}
{"runtime":2410,"energy":{"pkg":119.32586669921875,"pp0":0,"dram":25.53839111328125},"cycles":7728535325}
{"runtime":1892,"energy":{"pkg":96.96575927734375,"pp0":0,"dram":20.4495849609375},"cycles":7855266989}
{"runtime":2097,"energy":{"pkg":101.4805908203125,"pp0":0,"dram":22.5380859375},"cycles":7785716528}
{"runtime":2366,"energy":{"pkg":120.57598876953125,"pp0":0,"dram":25.3306884765625},"cycles":7621736255}
{"runtime":2403,"energy":{"pkg":117.54425048828125,"pp0":0,"dram":25.258544921875},"cycles":7811066958}
{"runtime":2016,"energy":{"pkg":96.873291015625,"pp0":0,"dram":21.55035400390625},"cycles":7841378773}
{"runtime":1850,"energy":{"pkg":92.796142578125,"pp0":0,"dram":19.8182373046875},"cycles":7888822408}
{"runtime":2510,"energy":{"pkg":113.08026123046875,"pp0":0,"dram":25.1944580078125},"cycles":7786206709}
{"runtime":1927,"energy":{"pkg":92.05657958984375,"pp0":0,"dram":20.45574951171875},"cycles":7837305198}
{"runtime":2388,"energy":{"pkg":111.1177978515625,"pp0":0,"dram":24.28656005859375},"cycles":7743093950}
{"runtime":2371,"energy":{"pkg":109.76043701171875,"pp0":0,"dram":23.94061279296875},"cycles":7718043294}
{"runtime":2465,"energy":{"pkg":113.8916015625,"pp0":0,"dram":24.7393798828125},"cycles":7767824746}
{"runtime":2470,"energy":{"pkg":114.0263671875,"pp0":0,"dram":24.8204345703125},"cycles":7722491155}
{"runtime":2422,"energy":{"pkg":108.75531005859375,"pp0":0,"dram":25.052978515625},"cycles":7652310579}
{"runtime":2001,"energy":{"pkg":100.35369873046875,"pp0":0,"dram":21.12188720703125},"cycles":7763170690}
{"runtime":2164,"energy":{"pkg":102.76617431640625,"pp0":0,"dram":22.61376953125},