{"runtime":111617,"energy":{"pkg":6114.402526855469,"pp0":0,"dram":862.391845703125},"cycles":1169747948136}
{"runtime":109826,"energy":{"pkg":6113.424865722656,"pp0":0,"dram":844.621826171875},"cycles":1174276613486}
{"runtime":113179,"energy":{"pkg":6413.3721923828125,"pp0":0,"dram":888.49609375},"cycles":1179910809546}
{"runtime":110198,"energy":{"pkg":6172.6424560546875,"pp0":0,"dram":855.9389038085938},"cycles":1178484602013}
{"runtime":112904,"energy":{"pkg":6063.553955078125,"pp0":0,"dram":854.950439453125},"cycles":1174294964605}
{"runtime":110743,"energy":{"pkg":6139.89990234375,"pp0":0,"dram":855.212646484375},"cycles":1178242286717}
{"runtime":111621,"energy":{"pkg":6109.04296875,"pp0":0,"dram":853.0780639648438},"cycles":1175744073536}
{"runtime":112413,"energy":{"pkg":6218.887634277344,"pp0":0,"dram":888.2599487304688},"cycles":1176309566445}
{"runtime":112534,"energy":{"pkg":6111.2744140625,"pp0":0,"dram":873.2376098632812},"cycles":1177453800245}
{"runtime":111910,"energy":{"pkg":6116.973693847656,"pp0":0,"dram":879.322998046875},"cycles":1174902516195}
{"runtime":116128,"energy":{"pkg":6559.18310546875,"pp0":0,"dram":941.5031127929688},"cycles":1184229944135}
{"runtime":114991,"energy":{"pkg":6211.962707519531,"pp0":0,"dram":902.7769775390625},"cycles":1178224144884}
{"runtime":115710,"energy":{"pkg":6415.76806640625,"pp0":0,"dram":930.8214111328125},"cycles":1177605732151}
{"runtime":112064,"energy":{"pkg":6165.864562988281,"pp0":0,"dram":887.1470336914062},"cycles":1177331343148}
{"runtime":111099,"energy":{"pkg":6179.064514160156,"pp0":0,"dram":889.1173095703125},"cycles":1175683287385}
{"runtime":117189,"energy":{"pkg":6429.7789306640625,"pp0":0,"dram":919.376953125},"cycles":1188812271624}
{"runtime":111849,"energy":{"pkg":6412.873962402344,"pp0":0,"dram":906.9456176757812},"cycles":1175343223758}
{"runtime":111157,"energy":{"pkg":6175.125183105469,"pp0":0,"dram":880.47412109375},"cycles":1175376934600}
{"runtime":114174,"energy":{"pkg":6283.2501220703125,"pp0":0,"dram":881.587158203125},"cycles":1183558586177}
{"runtime":112869,"energy":{"pkg":6139.539245605469,"pp0":0,"dram":888.2787475585938},"cycles":1177692856395}
{"runtime":111835,"energy":{"pkg":6281.5535888671875,"pp0":0,"dram":906.50390625},"cycles":1175931152646}
{"runtime":111419,"energy":{"pkg":6150.4013671875,"pp0":0,"dram":881.9312133789062},"cycles":1174799024164}
{"runtime":111718,"energy":{"pkg":6286.496643066406,"pp0":0,"dram":902.9907836914062},"cycles":1178002357243}
{"runtime":112072,"energy":{"pkg":6026.756286621094,"pp0":0,"dram":860.4448852539062},"cycles":1179994406660}
{"runtime":111331,"energy":{"pkg":6122.4320068359375,"pp0":0,"dram":859.8383178710938},"cycles":1175270088768}
{"runtime":113061,"energy":{"pkg":6072.379699707031,"pp0":0,"dram":880.048828125},"cycles":1180938496600}
{"runtime":112902,"energy":{"pkg":6159.637451171875,"pp0":0,"dram":893.4097290039062},"cycles":1188852920494}
{"runtime":112790,"energy":{"pkg":6213.301330566406,"pp0":0,"dram":878.1121215820312},"cycles":1181697386057}
{"runtime":113617,"energy":{"pkg":6193.340515136719,"pp0":0,"dram":902.739990234375},"cycles":1176327393857}
{"runtime":111311,"energy":{"pkg":6291.091003417969,"pp0":0,"dram":901.7978515625},"cycles":1175809644063}
{"runtime":113208,"energy":{"pkg":6152.623596191406,"pp0":0,"dram":903.9606323242188},"cycles":1175404392981}
{"runtime":111321,"energy":{"pkg":6140.71142578125,"pp0":0,"dram":883.4053344726562},"cycles":1176217489796}
{"runtime":110475,"energy":{"pkg":6088.616455078125,"pp0":0,"dram":879.93505859375},"cycles":1174997124771}
{"runtime":115252,"energy":{"pkg":6280.377502441406,"pp0":0,"dram":898.9414672851562},"cycles":1180282470201}
{"runtime":113541,"energy":{"pkg":6414.1201171875,"pp0":0,"dram":927.0654907226562},"cycles":1180113468045}
{"runtime":112549,"energy":{"pkg":6140.203552246094,"pp0":0,"dram":894.6427612304688},"cycles":1176328980430}
{"runtime":111692,"energy":{"pkg":6155.241516113281,"pp0":0,"dram":877.791015625},"cycles":1174890828008}
{"runtime":121125,"energy":{"pkg":7179.614196777344,"pp0":0,"dram":-261081.1124267578},"cycles":1182204671261}
{"runtime":119724,"energy":{"pkg":7113.191467285156,"pp0":0,"dram":1055.1544799804688},"cycles":1179841802078}
{"runtime":111717,"energy":{"pkg":6145.7550048828125,"pp0":0,"dram":893.3482666015625},"cycles":1176581280409}
{"runtime":113470,"energy":{"pkg":6131.618103027344,"pp0":0,"dram":908.4398803710938},"cycles":1180043634015}
{"runtime":113155,"energy":{"pkg":6168.2763671875,"pp0":0,"dram":898.0194702148438},"cycles":1176754495377}
{"runtime":112080,"energy":{"pkg":6061.32861328125,"pp0":0,"dram":877.4791259765625},"cycles":1175871819364}
{"runtime":115172,"energy":{"pkg":-255824.02868652344,"pp0":0,"dram":909.9031372070312},"cycles":1177771677667}
{"runtime":112410,"energy":{"pkg":6303.541259765625,"pp0":0,"dram":899.5628662109375},"cycles":1176137242689}
{"runtime":112934,"energy":{"pkg":6156.701843261719,"pp0":0,"dram":895.1134643554688},"cycles":1176437872683}
{"runtime":117790,"energy":{"pkg":6660.039245605469,"pp0":0,"dram":972.8613891601562},"cycles":1179656374991}
{"runtime":110834,"energy":{"pkg":-255578.24389648438,"pp0":0,"dram":894.7447509765625},"cycles":1176974967508}
{"runtime":111591,"energy":{"pkg":6590.265441894531,"pp0":0,"dram":899.5140380859375},"cycles":1174476182364}
{"runtime":110345,"energy":{"pkg":6113.209716796875,"pp0":0,"dram":850.0906372070312},"cycles":1176045478375}
{"runtime":110351,"energy":{"pkg":6187.1533203125,"pp0":0,"dram":862.0009765625},"cycles":1175697429324}
{"runtime":110680,"energy":{"pkg":6158.226867675781,"pp0":0,"dram":859.237548828125},"cycles":1181208534158}
{"runtime":110960,"energy":{"pkg":6298.7822265625,"pp0":0,"dram":868.3978271484375},"cycles":1177039848220}
{"runtime":111567,"energy":{"pkg":6227.37548828125,"pp0":0,"dram":867.2521362304688},"cycles":1174551460592}
{"runtime":122595,"energy":{"pkg":-255024.36560058594,"pp0":0,"dram":1044.3699951171875},"cycles":1186675366088}
{"runtime":110224,"energy":{"pkg":6152.031982421875,"pp0":0,"dram":856.6707153320312},"cycles":1169808048160}
{"runtime":110184,"energy":{"pkg":6394.166931152344,"pp0":0,"dram":871.9442138671875},"cycles":1177996254439}
{"runtime":111373,"energy":{"pkg":6241.6241455078125,"pp0":0,"dram":860.4312133789062},"cycles":1183389304488}
{"runtime":109753,"energy":{"pkg":6104.765563964844,"pp0":0,"dram":842.3446044921875},"cycles":1177353140649}
{"runtime":110851,"energy":{"pkg":6144.29296875,"pp0":0,"dram":848.4586791992188},"cycles":1174561909119}
{"runtime":113629,"energy":{"pkg":6245.591796875,"pp0":0,"dram":870.4713745117188},"cycles":1182224248974}
{"runtime":117443,"energy":{"pkg":6454.1715087890625,"pp0":0,"dram":918.0057983398438},"cycles":1224441345755}
{"runtime":112456,"energy":{"pkg":6402.209228515625,"pp0":0,"dram":889.79931640625},"cycles":1189958127651}
{"runtime":111614,"energy":{"pkg":6186.727233886719,"pp0":0,"dram":867.096435546875},"cycles":1179103839026}
{"runtime":110675,"energy":{"pkg":6318.451599121094,"pp0":0,"dram":874.5557861328125},"cycles":1184181356212}
{"runtime":111826,"energy":{"pkg":6286.758972167969,"pp0":0,"dram":872.323974609375},"cycles":1178533262402}
{"runtime":112935,"energy":{"pkg":6416.980773925781,"pp0":0,"dram":886.1854858398438},"cycles":1191564825045}
{"runtime":109589,"energy":{"pkg":6160.0535888671875,"pp0":0,"dram":848.3807373046875},"cycles":1172676307764}
{"runtime":109318,"energy":{"pkg":6180.11376953125,"pp0":0,"dram":850.521240234375},"cycles":1172276868849}
{"runtime":109918,"energy":{"pkg":6116.6246337890625,"pp0":0,"dram":843.5374755859375},"cycles":1173732318757}
{"runtime":113292,"energy":{"pkg":6289.724304199219,"pp0":0,"dram":876.1349487304688},"cycles":1183400251831}
{"runtime":111675,"energy":{"pkg":6282.195739746094,"pp0":0,"dram":864.7001953125},"cycles":1177239971404}
{"runtime":112044,"energy":{"pkg":6186.073181152344,"pp0":0,"dram":860.2654418945312},"cycles":1175715570779}
{"runtime":114589,