{"runtime":11955,"energy":{"pkg":933.6456909179688,"pp0":0,"dram":116.699462890625},"cycles":764329064814}
{"runtime":11948,"energy":{"pkg":961.481201171875,"pp0":0,"dram":117.562255859375},"cycles":766338770295}
{"runtime":11877,"energy":{"pkg":965.720458984375,"pp0":0,"dram":117.22625732421875},"cycles":762044395119}
{"runtime":11953,"energy":{"pkg":964.4909057617188,"pp0":0,"dram":117.0201416015625},"cycles":763351460088}
{"runtime":11910,"energy":{"pkg":955.1143188476562,"pp0":0,"dram":117.5802001953125},"cycles":762226299534}
{"runtime":11975,"energy":{"pkg":961.4710693359375,"pp0":0,"dram":118.3101806640625},"cycles":764909905116}
{"runtime":12006,"energy":{"pkg":962.0812377929688,"pp0":0,"dram":119.48956298828125},"cycles":763027658253}
