{"runtime":14262,"energy":{"pkg":1111.241943359375,"pp0":0,"dram":138.19683837890625},"cycles":915952471119}
{"runtime":14166,"energy":{"pkg":1154.5657348632812,"pp0":0,"dram":138.76824951171875},"cycles":908669968353}
{"runtime":14361,"energy":{"pkg":1154.3035888671875,"pp0":0,"dram":141.51593017578125},"cycles":915190311672}
{"runtime":14282,"energy":{"pkg":1144.6942138671875,"pp0":0,"dram":139.66558837890625},"cycles":913680378597}
{"runtime":14294,"energy":{"pkg":1157.4882202148438,"pp0":0,"dram":140.20538330078125},"cycles":913185874524}
{"runtime":14162,"energy":{"pkg":1152.0136108398438,"pp0":0,"dram":139.304443359375},"cycles":910794606960}
{"runtime":14217,"energy":{"pkg":1150.2135620117188,"pp0":0,"dram":140.1964111328125},"cycles":908953114356}
