{"runtime":15402,"energy":{"pkg":1212.41845703125,"pp0":0,"dram":147.4580078125},"cycles":988326943023}
{"runtime":15353,"energy":{"pkg":1243.6676025390625,"pp0":0,"dram":149.71759033203125},"cycles":985257522921}
{"runtime":15331,"energy":{"pkg":1247.3463745117188,"pp0":0,"dram":150.22393798828125},"cycles":984598430781}
{"runtime":15341,"energy":{"pkg":1246.45458984375,"pp0":0,"dram":149.82861328125},"cycles":984647885004}
{"runtime":15301,"energy":{"pkg":1244.7389526367188,"pp0":0,"dram":147.631103515625},"cycles":986403057507}
{"runtime":15258,"energy":{"pkg":1234.16748046875,"pp0":0,"dram":150.54217529296875},"cycles":982228520532}
{"runtime":15458,"energy":{"pkg":1240.0630493164062,"pp0":0,"dram":151.59759521484375},"cycles":988652910630}
