{"runtime":17602,"energy":{"pkg":1424.7347412109375,"pp0":0,"dram":170.56524658203125},"cycles":1129959711216}
{"runtime":17652,"energy":{"pkg":1438.6829223632812,"pp0":0,"dram":173.3680419921875},"cycles":1137452576610}
{"runtime":17647,"energy":{"pkg":1424.2338256835938,"pp0":0,"dram":173.0208740234375},"cycles":1128197336616}
{"runtime":17627,"energy":{"pkg":1422.6109008789062,"pp0":0,"dram":171.79852294921875},"cycles":1130048250513}
{"runtime":17487,"energy":{"pkg":1443.9517822265625,"pp0":0,"dram":170.390380859375},"cycles":1118570796252}
{"runtime":17618,"energy":{"pkg":1432.573974609375,"pp0":0,"dram":172.44061279296875},"cycles":1132827020556}
{"runtime":17678,"energy":{"pkg":1437.7396850585938,"pp0":0,"dram":173.2998046875},"cycles":1135849346142}
