{"runtime":18762,"energy":{"pkg":1516.3041381835938,"pp0":0,"dram":183.11932373046875},"cycles":1202123049099}
{"runtime":18984,"energy":{"pkg":1552.0761108398438,"pp0":0,"dram":185.14874267578125},"cycles":1214049784542}
{"runtime":18909,"energy":{"pkg":1532.6272583007812,"pp0":0,"dram":184.81634521484375},"cycles":1202187195069}
{"runtime":18417,"energy":{"pkg":1517.6693115234375,"pp0":0,"dram":179.0006103515625},"cycles":1188448646700}
{"runtime":18605,"energy":{"pkg":1515.2362670898438,"pp0":0,"dram":180.6395263671875},"cycles":1199925511008}
{"runtime":18475,"energy":{"pkg":1522.3434448242188,"pp0":0,"dram":180.73809814453125},"cycles":1191485273727}
{"runtime":18427,"energy":{"pkg":1525.8865966796875,"pp0":0,"dram":178.9293212890625},"cycles":1187775601656}
