{"runtime":20810,"energy":{"pkg":1710.6168212890625,"pp0":0,"dram":202.48956298828125},"cycles":1341013279893}
{"runtime":21057,"energy":{"pkg":1723.8002319335938,"pp0":0,"dram":204.994384765625},"cycles":1351222014933}
{"runtime":20758,"energy":{"pkg":1702.5400390625,"pp0":0,"dram":202.1265869140625},"cycles":1335446779716}
{"runtime":21124,"energy":{"pkg":1702.0008544921875,"pp0":0,"dram":204.68109130859375},"cycles":1351500162978}
{"runtime":20946,"energy":{"pkg":1714.4649658203125,"pp0":0,"dram":202.23822021484375},"cycles":1348753260414}
{"runtime":21077,"energy":{"pkg":1715.9839477539062,"pp0":0,"dram":204.6973876953125},"cycles":1359239044842}
{"runtime":21126,"energy":{"pkg":1715.613037109375,"pp0":0,"dram":205.7039794921875},"cycles":1358953833552}
