{"runtime":22145,"energy":{"pkg":1787.201171875,"pp0":0,"dram":215.4615478515625},"cycles":1427962196934}
{"runtime":21958,"energy":{"pkg":1801.0831298828125,"pp0":0,"dram":212.9339599609375},"cycles":1415708389452}
{"runtime":22233,"energy":{"pkg":1802.376220703125,"pp0":0,"dram":216.74615478515625},"cycles":1423957094490}
{"runtime":22149,"energy":{"pkg":1805.168701171875,"pp0":0,"dram":213.75506591796875},"cycles":1428013925226}
{"runtime":22349,"energy":{"pkg":1816.8330688476562,"pp0":0,"dram":216.59759521484375},"cycles":1425669583254}
{"runtime":22200,"energy":{"pkg":1817.6767578125,"pp0":0,"dram":216.755126953125},"cycles":1428912243864}
{"runtime":22222,"energy":{"pkg":1813.7484741210938,"pp0":0,"dram":216.1097412109375},"cycles":1426065025518}
