{"runtime":2926,"energy":{"pkg":195.37396240234375,"pp0":0,"dram":29.4158935546875},"cycles":179764592217}
{"runtime":2918,"energy":{"pkg":209.12481689453125,"pp0":0,"dram":29.43878173828125},"cycles":179663444730}
{"runtime":2872,"energy":{"pkg":196.947265625,"pp0":0,"dram":28.93292236328125},"cycles":176904354144}
{"runtime":2871,"energy":{"pkg":205.840087890625,"pp0":0,"dram":28.92816162109375},"cycles":178384346511}
{"runtime":2891,"energy":{"pkg":197.41656494140625,"pp0":0,"dram":29.009033203125},"cycles":179068862616}
{"runtime":2758,"energy":{"pkg":200.32122802734375,"pp0":0,"dram":27.6549072265625},"cycles":173074723773}
{"runtime":2923,"energy":{"pkg":201.59808349609375,"pp0":0,"dram":29.609619140625},"cycles":179219256048}
