{"runtime":23202,"energy":{"pkg":1895.187744140625,"pp0":0,"dram":225.53765869140625},"cycles":1493343884949}
{"runtime":23286,"energy":{"pkg":1904.8821411132812,"pp0":0,"dram":224.36834716796875},"cycles":1498862471736}
{"runtime":23321,"energy":{"pkg":1878.9616088867188,"pp0":0,"dram":226.459716796875},"cycles":1498110920817}
{"runtime":23223,"energy":{"pkg":1897.2314453125,"pp0":0,"dram":225.2359619140625},"cycles":1501477009515}
{"runtime":23222,"energy":{"pkg":1899.5328369140625,"pp0":0,"dram":224.7156982421875},"cycles":1490346170775}
{"runtime":23374,"energy":{"pkg":1904.8710327148438,"pp0":0,"dram":226.9901123046875},"cycles":1503465587337}
{"runtime":23373,"energy":{"pkg":1896.4947509765625,"pp0":0,"dram":226.87908935546875},"cycles":1497949597998}
