{"runtime":25563,"energy":{"pkg":2088.5123291015625,"pp0":0,"dram":248.2132568359375},"cycles":1652119281099}
{"runtime":25705,"energy":{"pkg":2090.976806640625,"pp0":0,"dram":248.66845703125},"cycles":1651233436713}
{"runtime":25252,"energy":{"pkg":2111.9000854492188,"pp0":0,"dram":245.25164794921875},"cycles":1624180865580}
{"runtime":25588,"energy":{"pkg":2091.5087280273438,"pp0":0,"dram":245.91351318359375},"cycles":1646067007662}
{"runtime":25482,"energy":{"pkg":2075.673828125,"pp0":0,"dram":246.23211669921875},"cycles":1637168558340}
{"runtime":25267,"energy":{"pkg":2074.479248046875,"pp0":0,"dram":244.82275390625},"cycles":1626945488679}
{"runtime":25557,"energy":{"pkg":2078.6806640625,"pp0":0,"dram":247.24237060546875},"cycles":1646960221704}
