{"runtime":26724,"energy":{"pkg":2184.8568115234375,"pp0":0,"dram":258.3006591796875},"cycles":1715437884846}
{"runtime":26760,"energy":{"pkg":2197.8726196289062,"pp0":0,"dram":261.1920166015625},"cycles":1725097814454}
{"runtime":26403,"energy":{"pkg":2177.4899291992188,"pp0":0,"dram":256.92108154296875},"cycles":1700969193672}
{"runtime":26591,"energy":{"pkg":2194.648681640625,"pp0":0,"dram":254.4688720703125},"cycles":1712003433966}
{"runtime":26818,"energy":{"pkg":2197.914794921875,"pp0":0,"dram":258.41802978515625},"cycles":1718564795850}
{"runtime":26488,"energy":{"pkg":2171.1162109375,"pp0":0,"dram":256.5350341796875},"cycles":1702270978317}
{"runtime":26693,"energy":{"pkg":2173.7285766601562,"pp0":0,"dram":259.49169921875},"cycles":1718213189805}
