{"runtime":27761,"energy":{"pkg":2253.4710693359375,"pp0":0,"dram":267.42523193359375},"cycles":1788112032252}
{"runtime":27454,"energy":{"pkg":2279.7009887695312,"pp0":0,"dram":264.92474365234375},"cycles":1768585453992}
{"runtime":27921,"energy":{"pkg":2270.737060546875,"pp0":0,"dram":270.4658203125},"cycles":1794949538298}
{"runtime":27987,"energy":{"pkg":2276.0835571289062,"pp0":0,"dram":270.538818359375},"cycles":1794640967952}
{"runtime":27741,"energy":{"pkg":2261.0602416992188,"pp0":0,"dram":266.9320068359375},"cycles":1786521659916}
{"runtime":27551,"energy":{"pkg":2252.2111206054688,"pp0":0,"dram":264.83807373046875},"cycles":1776073457928}
{"runtime":27922,"energy":{"pkg":2264.8507690429688,"pp0":0,"dram":271.45367431640625},"cycles":1790091374610}
