{"runtime":30093,"energy":{"pkg":2466.10205078125,"pp0":0,"dram":290.60760498046875},"cycles":1935400845777}
{"runtime":29780,"energy":{"pkg":2475.636474609375,"pp0":0,"dram":284.608154296875},"cycles":1922567440710}
{"runtime":30168,"energy":{"pkg":2469.2794799804688,"pp0":0,"dram":293.43115234375},"cycles":1949114864235}
{"runtime":30052,"energy":{"pkg":2458.5778198242188,"pp0":0,"dram":289.8148193359375},"cycles":1932418549803}
{"runtime":30080,"energy":{"pkg":2472.06005859375,"pp0":0,"dram":288.17901611328125},"cycles":1933030912638}
{"runtime":29976,"energy":{"pkg":2437.2177124023438,"pp0":0,"dram":287.993408203125},"cycles":1932430385718}
{"runtime":30088,"energy":{"pkg":2443.7254028320312,"pp0":0,"dram":290.27886962890625},"cycles":1937310862368}
