{"runtime":31375,"energy":{"pkg":2569.902099609375,"pp0":0,"dram":302.37371826171875},"cycles":2019392661678}
{"runtime":31773,"energy":{"pkg":2607.2776489257812,"pp0":0,"dram":316.201171875},"cycles":1989487853472}
{"runtime":31212,"energy":{"pkg":2551.5083618164062,"pp0":0,"dram":304.9019775390625},"cycles":2014105970583}
{"runtime":31297,"energy":{"pkg":2552.1047973632812,"pp0":0,"dram":300.09521484375},"cycles":2015443400649}
{"runtime":31335,"energy":{"pkg":2550.2579345703125,"pp0":0,"dram":301.68048095703125},"cycles":2006903829084}
{"runtime":30942,"energy":{"pkg":2550.2640380859375,"pp0":0,"dram":298.3648681640625},"cycles":1994257204758}
{"runtime":31228,"energy":{"pkg":2559.7313232421875,"pp0":0,"dram":300.4031982421875},"cycles":2008842682917}
