{"runtime":32089,"energy":{"pkg":2657.904541015625,"pp0":0,"dram":307.9290771484375},"cycles":2070984933045}
{"runtime":32909,"energy":{"pkg":2695.5249633789062,"pp0":0,"dram":326.55670166015625},"cycles":2070871286673}
{"runtime":32025,"energy":{"pkg":2645.8486328125,"pp0":0,"dram":310.4925537109375},"cycles":2066666314356}
{"runtime":32215,"energy":{"pkg":2639.2322998046875,"pp0":0,"dram":308.10113525390625},"cycles":2076689188434}
{"runtime":32125,"energy":{"pkg":2663.6957397460938,"pp0":0,"dram":308.8433837890625},"cycles":2072316081507}
{"runtime":32354,"energy":{"pkg":2637.0374755859375,"pp0":0,"dram":313.47076416015625},"cycles":2082732179871}
{"runtime":32574,"energy":{"pkg":2680.0521850585938,"pp0":0,"dram":314.9033203125},"cycles":2080659544278}
