{"runtime":34651,"energy":{"pkg":2852.7028198242188,"pp0":0,"dram":333.676025390625},"cycles":2227146824301}
{"runtime":34693,"energy":{"pkg":2841.0283813476562,"pp0":0,"dram":332.919189453125},"cycles":2228851625280}
{"runtime":34593,"energy":{"pkg":2832.9135131835938,"pp0":0,"dram":333.74407958984375},"cycles":2229823092273}
{"runtime":34735,"energy":{"pkg":2849.91943359375,"pp0":0,"dram":333.63916015625},"cycles":2224549577460}
{"runtime":34762,"energy":{"pkg":2830.7559204101562,"pp0":0,"dram":336.163818359375},"cycles":2225674889760}
{"runtime":34749,"energy":{"pkg":2847.1695556640625,"pp0":0,"dram":335.64068603515625},"cycles":2232239793693}
{"runtime":34633,"energy":{"pkg":2817.1074829101562,"pp0":0,"dram":334.73736572265625},"cycles":2227848539112}
