{"runtime":5115,"energy":{"pkg":378.1002197265625,"pp0":0,"dram":50.84393310546875},"cycles":324262851234}
{"runtime":5257,"energy":{"pkg":401.81622314453125,"pp0":0,"dram":52.70904541015625},"cycles":330193139913}
{"runtime":4872,"energy":{"pkg":402.38873291015625,"pp0":0,"dram":48.73297119140625},"cycles":308586094740}
{"runtime":5160,"energy":{"pkg":392.87298583984375,"pp0":0,"dram":51.79461669921875},"cycles":325734573381}
{"runtime":4807,"energy":{"pkg":392.47076416015625,"pp0":0,"dram":47.61444091796875},"cycles":306177342597}
{"runtime":5107,"energy":{"pkg":383.83709716796875,"pp0":0,"dram":50.8648681640625},"cycles":322728414918}
{"runtime":4897,"energy":{"pkg":403.091796875,"pp0":0,"dram":49.50054931640625},"cycles":309517356036}
