{"runtime":6321,"energy":{"pkg":471.7969970703125,"pp0":0,"dram":63.32586669921875},"cycles":398531072604}
{"runtime":6009,"energy":{"pkg":493.07342529296875,"pp0":0,"dram":60.2686767578125},"cycles":382095224553}
{"runtime":6275,"energy":{"pkg":493.12518310546875,"pp0":0,"dram":62.49462890625},"cycles":395340071910}
{"runtime":6323,"energy":{"pkg":494.66864013671875,"pp0":0,"dram":62.90704345703125},"cycles":400604438010}
{"runtime":6291,"energy":{"pkg":494.349365234375,"pp0":0,"dram":62.411376953125},"cycles":400107500751}
{"runtime":6315,"energy":{"pkg":494.28173828125,"pp0":0,"dram":63.06866455078125},"cycles":397823010165}
{"runtime":6246,"energy":{"pkg":476.1220703125,"pp0":0,"dram":61.793212890625},"cycles":395458233870}
