{"runtime":7363,"energy":{"pkg":546.6766967773438,"pp0":0,"dram":72.20025634765625},"cycles":471140272827}
{"runtime":7430,"energy":{"pkg":586.9146118164062,"pp0":0,"dram":74.53790283203125},"cycles":470146676538}
{"runtime":7323,"energy":{"pkg":587.0853271484375,"pp0":0,"dram":72.4559326171875},"cycles":467383773003}
{"runtime":7529,"energy":{"pkg":587.5895385742188,"pp0":0,"dram":75.13262939453125},"cycles":475762292733}
{"runtime":7481,"energy":{"pkg":584.1425170898438,"pp0":0,"dram":74.22271728515625},"cycles":472827828837}
{"runtime":7450,"energy":{"pkg":585.144287109375,"pp0":0,"dram":74.58599853515625},"cycles":474752876808}
{"runtime":7399,"energy":{"pkg":580.7388916015625,"pp0":0,"dram":73.8944091796875},"cycles":469630814793}
