{"runtime":8303,"energy":{"pkg":649.908203125,"pp0":0,"dram":81.8177490234375},"cycles":529484223555}
{"runtime":8244,"energy":{"pkg":680.3419189453125,"pp0":0,"dram":81.21240234375},"cycles":529727076060}
{"runtime":8609,"energy":{"pkg":681.9138793945312,"pp0":0,"dram":85.688232421875},"cycles":545616501297}
{"runtime":8690,"energy":{"pkg":681.0526733398438,"pp0":0,"dram":86.4815673828125},"cycles":550373080740}
{"runtime":8724,"energy":{"pkg":685.7706909179688,"pp0":0,"dram":86.63177490234375},"cycles":550743979443}
{"runtime":8630,"energy":{"pkg":686.1577758789062,"pp0":0,"dram":85.604248046875},"cycles":551007064041}
{"runtime":8549,"energy":{"pkg":679.3207397460938,"pp0":0,"dram":84.8790283203125},"cycles":545112770769}
