{"runtime":10642,"energy":{"pkg":835.296142578125,"pp0":0,"dram":104.11669921875},"cycles":683744901903}
{"runtime":10619,"energy":{"pkg":866.7218017578125,"pp0":0,"dram":104.55279541015625},"cycles":683393942658}
{"runtime":10823,"energy":{"pkg":864.2963256835938,"pp0":0,"dram":107.03436279296875},"cycles":690706330020}
{"runtime":10900,"energy":{"pkg":873.2362060546875,"pp0":0,"dram":107.22998046875},"cycles":695614312512}
{"runtime":10541,"energy":{"pkg":865.6803588867188,"pp0":0,"dram":104.2891845703125},"cycles":675261352521}
{"runtime":10915,"energy":{"pkg":869.8414306640625,"pp0":0,"dram":107.5447998046875},"cycles":696800135010}
{"runtime":10961,"energy":{"pkg":877.4551391601562,"pp0":0,"dram":109.5775146484375},"cycles":692992365492}
