{"runtime":1111,"energy":{"pkg":55.44012451171875,"pp0":0,"dram":13.774169921875},"cycles":10960201304}
{"runtime":908,"energy":{"pkg":52.76824951171875,"pp0":0,"dram":12.10626220703125},"cycles":11119019495}
{"runtime":916,"energy":{"pkg":52.61639404296875,"pp0":0,"dram":12.2193603515625},"cycles":11048903616}
{"runtime":1157,"energy":{"pkg":58.35723876953125,"pp0":0,"dram":14.779052734375},"cycles":10837395707}
{"runtime":1187,"energy":{"pkg":59.175048828125,"pp0":0,"dram":14.9814453125},"cycles":10837547134}
{"runtime":1026,"energy":{"pkg":56.7451171875,"pp0":0,"dram":13.0927734375},"cycles":10933772733}
{"runtime":1061,"energy":{"pkg":55.2281494140625,"pp0":0,"dram":13.85614013671875},"cycles":10906848530}
{"runtime":1022,"energy":{"pkg":57.8197021484375,"pp0":0,"dram":13.8216552734375},"cycles":11047543074}
{"runtime":980,"energy":{"pkg":56.8165283203125,"pp0":0,"dram":12.64501953125},"cycles":11399333861}
{"runtime":879,"energy":{"pkg":54.21124267578125,"pp0":0,"dram":11.76116943359375},"cycles":11059315696}
{"runtime":872,"energy":{"pkg":54.20721435546875,"pp0":0,"dram":11.62908935546875},"cycles":11075879621}
{"runtime":987,"energy":{"pkg":54.89544677734375,"pp0":0,"dram":12.95233154296875},"cycles":10971179827}
{"runtime":909,"energy":{"pkg":54.75823974609375,"pp0":0,"dram":12.083740234375},"cycles":10995049908}
{"runtime":960,"energy":{"pkg":56.34161376953125,"pp0":0,"dram":12.6915283203125},"cycles":11004791451}
{"runtime":973,"energy":{"pkg":56.75946044921875,"pp0":0,"dram":13.5137939453125},"cycles":11160471803}
{"runtime":970,"energy":{"pkg":55.26959228515625,"pp0":0,"dram":12.44793701171875},"cycles":11075783384}
{"runtime":942,"energy":{"pkg":55.39404296875,"pp0":0,"dram":12.358642578125},"cycles":11006197564}
{"runtime":921,"energy":{"pkg":55.250244140625,"pp0":0,"dram":12.22149658203125},"cycles":11090645178}
{"runtime":948,"energy":{"pkg":54.70623779296875,"pp0":0,"dram":12.3826904296875},"cycles":10975282287}
{"runtime":1076,"energy":{"pkg":56.229736328125,"pp0":0,"dram":14.26739501953125},"cycles":10958022991}
{"runtime":870,"energy":{"pkg":54.2852783203125,"pp0":0,"dram":11.76507568359375},"cycles":11068473591}
{"runtime":867,"energy":{"pkg":53.8040771484375,"pp0":0,"dram":11.66522216796875},"cycles":11312101314}
{"runtime":877,"energy":{"pkg":54.20489501953125,"pp0":0,"dram":11.70953369140625},"cycles":11034789913}
{"runtime":935,"energy":{"pkg":55.14593505859375,"pp0":0,"dram":12.37054443359375},"cycles":10991239427}
{"runtime":1092,"energy":{"pkg":58.0438232421875,"pp0":0,"dram":13.82928466796875},"cycles":10878239118}
{"runtime":907,"energy":{"pkg":53.29901123046875,"pp0":0,"dram":11.98779296875},"cycles":11002243429}
{"runtime":1072,"energy":{"pkg":57.76611328125,"pp0":0,"dram":13.604248046875},"cycles":10900419866}
{"runtime":1067,"energy":{"pkg":56.98980712890625,"pp0":0,"dram":13.96124267578125},"cycles":10941301098}
{"runtime":1067,"energy":{"pkg":55.991943359375,"pp0":0,"dram":14.014404296875},"cycles":10917585419}
{"runtime":1038,"energy":{"pkg":58.34326171875,"pp0":0,"dram":13.2930908203125},"cycles":10922205686}
{"runtime":1004,"energy":{"pkg":54.8348388671875,"pp0":0,"dram":13.00164794921875},"cycles":10975635697}
{"runtime":909,"energy":{"pkg":54.634521484375,"pp0":0,"dram":12.14837646484375},"cycles":10985429033}
{"runtime":899,"energy":{"pkg":54.70794677734375,"pp0":0,"dram":12.00506591796875},"cycles":11064917009}
{"runtime":1077,"energy":{"pkg":58.7825927734375,"pp0":0,"dram":13.75665283203125},"cycles":10908771392}
{"runtime":898,"energy":{"pkg":54.48712158203125,"pp0":0,"dram":12.00299072265625},"cycles":11007937301}
{"runtime":992,"energy":{"pkg":57.4051513671875,"pp0":0,"dram":13.01031494140625},"cycles":10954577047}
{"runtime":873,"energy":{"pkg":54.44964599609375,"pp0":0,"dram":11.73046875},"cycles":11053312334}
{"runtime":1161,"energy":{"pkg":59.97650146484375,"pp0":0,"dram":14.44744873046875},"cycles":10948231332}
{"runtime":895,"energy":{"pkg":53.97723388671875,"pp0":0,"dram":12.061767578125},"cycles":11088855307}
{"runtime":1296,"energy":{"pkg":61.06060791015625,"pp0":0,"dram":16.16033935546875},"cycles":10814238372}
{"runtime":1092,"energy":{"pkg":56.00823974609375,"pp0":0,"dram":14.3133544921875},"cycles":10948688067}
{"runtime":1296,"energy":{"pkg":61.18853759765625,"pp0":0,"dram":16.171142578125},"cycles":10772399258}
{"runtime":981,"energy":{"pkg":57.361572265625,"pp0":0,"dram":12.8355712890625},"cycles":10943856114}
{"runtime":1185,"energy":{"pkg":58.81634521484375,"pp0":0,"dram":14.66497802734375},"cycles":10892005556}
{"runtime":1158,"energy":{"pkg":59.200927734375,"pp0":0,"dram":14.47088623046875},"cycles":10905500475}
{"runtime":882,"energy":{"pkg":54.23779296875,"pp0":0,"dram":11.813720703125},"cycles":11046628483}
{"runtime":1232,"energy":{"pkg":57.037841796875,"pp0":0,"dram":15.8656005859375},"cycles":10852063277}
{"runtime":1001,"energy":{"pkg":56.26373291015625,"pp0":0,"dram":12.964599609375},"cycles":10940576913}
{"runtime":930,"energy":{"pkg":54.66790771484375,"pp0":0,"dram":12.15167236328125},"cycles":11014250048}
{"runtime":1144,"energy":{"pkg":56.3505859375,"pp0":0,"dram":14.87030029296875},"cycles":10949917206}
{"runtime":953,"energy":{"pkg":56.05084228515625,"pp0":0,"dram":12.35638427734375},"cycles":10978268518}
{"runtime":909,"energy":{"pkg":53.96478271484375,"pp0":0,"dram":12.039794921875},"cycles":11034094826}
{"runtime":1230,"energy":{"pkg":58.8941650390625,"pp0":0,"dram":15.76300048828125},"cycles":10862110035}
{"runtime":1193,"energy":{"pkg":58.1319580078125,"pp0":0,"dram":15.5009765625},"cycles":10890766592}
{"runtime":969,"energy":{"pkg":56.63787841796875,"pp0":0,"dram":12.64691162109375},"cycles":10992824143}
{"runtime":987,"energy":{"pkg":57.20269775390625,"pp0":0,"dram":12.85797119140625},"cycles":11027235304}
{"runtime":988,"energy":{"pkg":57.32305908203125,"pp0":0,"dram":13.00830078125},"cycles":10935700543}
{"runtime":864,"energy":{"pkg":53.69354248046875,"pp0":0,"dram":11.70953369140625},"cycles":11109740265}
{"runtime":1182,"energy":{"pkg":60.0611572265625,"pp0":0,"dram":14.49957275390625},"cycles":10899462543}
{"runtime":864,"energy":{"pkg":53.35162353515625,"pp0":0,"dram":11.83026123046875},"cycles":11114293444}
{"runtime":1178,"energy":{"pkg":59.712646484375,"pp0":0,"dram":14.73895263671875},"cycles":10879653200}
{"runtime":1036,"energy":{"pkg":57.3828125,"pp0":0,"dram":13.23773193359375},"cycles":10995006457}
{"runtime":936,"energy":{"pkg":55.6463623046875,"pp0":0,"dram":12.46600341796875},"cycles":11027960501}
{"runtime":960,"energy":{"pkg":56.33648681640625,"pp0":0,"dram":12.7132568359375},"cycles":10981772686}
{"runtime":866,"energy":{"pkg":53.9013671875,"pp0":0,"dram":11.7037353515625},"cycles":11066475550}
{"runtime":1164,"energy":{"pkg":59.34002685546875,"pp0":0,"dram":14.5989990234375},"cycles":10924975475}
{"runtime":1074,"energy":{"pkg":55.32208251953125,"pp0":0,"dram":14.074951171875},"cycles":10941865765}
{"runtime":1078,"energy":{"pkg":57.4925537109375,"pp0":0,"dram":14.027099609375},"cycles":11107409408}
{"runtime":1140,"energy":{"pkg":59.299560546875,"pp0":0,"dram":14.7845458984375},"cycles":10843536922}
{"runtime":899,"energy":{"pkg":53.0673828125,"pp0":0,"dram":12.1483154296875},"cycles":11055795183}
{"runtime":968,"energy":{"pkg":55.35809326171875,"pp0":0,"dram":12.8629150390625},"cycles":10949228372}
{"runtime":958,"energy":{"pkg":55.63323974609375,"pp0":0,"dram":12.68145751953125},"cycles":10993927117}
{"runtime":941,"energy":{"pkg":54.2537841796875,"pp0":0,"dram":12.5286865234375},"cycles":11019955218}
{"runtime":978,"energy":{"pkg":55.18212890625,"pp0":0,"dram":12.83184814453125},"cycles":11112705771}
{"runtime":991,"energy":{"pkg":56.5784912109375,"pp0":0,"dram":12.9931640625},"cycles":10959496677}
{"runtime":1137,"energy":{"pkg":57.4805908203125,"pp0":0,"dram":14.8878173828125},"cycles":10961816021}
{"runtime":1059,"energy":{"pkg":57.712890625,"pp0":0,"dram":13.44610595703125},"cycles":11034260119}
{"runtime":870,