{"runtime":1317,"energy":{"pkg":115.83343505859375,"pp0":0,"dram":21.49603271484375},"cycles":17894801079}
{"runtime":1493,"energy":{"pkg":130.30511474609375,"pp0":0,"dram":23.957275390625},"cycles":17576405871}
{"runtime":1433,"energy":{"pkg":125.182373046875,"pp0":0,"dram":23.427490234375},"cycles":17775827350}
{"runtime":1553,"energy":{"pkg":134.747802734375,"pp0":0,"dram":23.94049072265625},"cycles":16656537549}
{"runtime":1294,"energy":{"pkg":113.01519775390625,"pp0":0,"dram":20.7572021484375},"cycles":15825576649}
{"runtime":1274,"energy":{"pkg":111.96484375,"pp0":0,"dram":19.055908203125},"cycles":17196927631}
{"runtime":1223,"energy":{"pkg":107.8551025390625,"pp0":0,"dram":20.61065673828125},"cycles":16362972038}
{"runtime":1331,"energy":{"pkg":116.62982177734375,"pp0":0,"dram":20.917236328125},"cycles":16680363616}
{"runtime":1252,"energy":{"pkg":110.7791748046875,"pp0":0,"dram":20.72454833984375},"cycles":17447748578}
{"runtime":1278,"energy":{"pkg":112.819091796875,"pp0":0,"dram":19.75360107421875},"cycles":17515206081}
{"runtime":1401,"energy":{"pkg":121.75634765625,"pp0":0,"dram":22.17987060546875},"cycles":16797566570}
{"runtime":1240,"energy":{"pkg":109.28350830078125,"pp0":0,"dram":19.1290283203125},"cycles":17457426539}
{"runtime":1322,"energy":{"pkg":114.9730224609375,"pp0":0,"dram":19.90679931640625},"cycles":17620863886}
{"runtime":1238,"energy":{"pkg":109.0125732421875,"pp0":0,"dram":19.43524169921875},"cycles":16711070830}
{"runtime":1359,"energy":{"pkg":118.1783447265625,"pp0":0,"dram":21.601318359375},"cycles":16982701747}
{"runtime":1258,"energy":{"pkg":110.913818359375,"pp0":0,"dram":19.98193359375},"cycles":17319643786}
{"runtime":1496,"energy":{"pkg":129.6405029296875,"pp0":0,"dram":22.728759765625},"cycles":17083881785}
{"runtime":1300,"energy":{"pkg":114.6148681640625,"pp0":0,"dram":20.18182373046875},"cycles":17030658534}
{"runtime":1352,"energy":{"pkg":118.1826171875,"pp0":0,"dram":20.72491455078125},"cycles":16832883445}
{"runtime":1353,"energy":{"pkg":117.6376953125,"pp0":0,"dram":18.3782958984375},"cycles":17927463207}
{"runtime":1190,"energy":{"pkg":105.2666015625,"pp0":0,"dram":22.2078857421875},"cycles":15605166610}
{"runtime":1317,"energy":{"pkg":115.1077880859375,"pp0":0,"dram":20.14263916015625},"cycles":17254285363}
{"runtime":1244,"energy":{"pkg":110.08892822265625,"pp0":0,"dram":19.1607666015625},"cycles":17095496547}
{"runtime":1509,"energy":{"pkg":131.2666015625,"pp0":0,"dram":24.04827880859375},"cycles":17246743966}
{"runtime":1355,"energy":{"pkg":119.0904541015625,"pp0":0,"dram":22.68328857421875},"cycles":17603796648}
{"runtime":1265,"energy":{"pkg":111.0460205078125,"pp0":0,"dram":19.9783935546875},"cycles":14984315154}
{"runtime":1277,"energy":{"pkg":112.7117919921875,"pp0":0,"dram":21.16632080078125},"cycles":17403267271}
{"runtime":1262,"energy":{"pkg":110.8876953125,"pp0":0,"dram":20.2685546875},"cycles":17635296336}
{"runtime":1299,"energy":{"pkg":114.35174560546875,"pp0":0,"dram":22.04205322265625},"cycles":17868016737}
{"runtime":1306,"energy":{"pkg":113.68463134765625,"pp0":0,"dram":19.47674560546875},"cycles":15752212147}
{"runtime":1321,"energy":{"pkg":115.8460693359375,"pp0":0,"dram":21.4959716796875},"cycles":16656182877}
{"runtime":1412,"energy":{"pkg":123.2078857421875,"pp0":0,"dram":24.7244873046875},"cycles":18156462567}
{"runtime":1227,"energy":{"pkg":107.9244384765625,"pp0":0,"dram":18.97100830078125},"cycles":16800116361}
{"runtime":1456,"energy":{"pkg":127.068603515625,"pp0":0,"dram":22.720947265625},"cycles":17266471899}
{"runtime":1500,"energy":{"pkg":130.51824951171875,"pp0":0,"dram":23.197998046875},"cycles":18034264255}
{"runtime":1345,"energy":{"pkg":118.7362060546875,"pp0":0,"dram":22.5101318359375},"cycles":18437637352}
{"runtime":1482,"energy":{"pkg":128.80657958984375,"pp0":0,"dram":22.829345703125},"cycles":18575652772}
{"runtime":1372,"energy":{"pkg":119.9873046875,"pp0":0,"dram":21.6033935546875},"cycles":17381009329}
{"runtime":1467,"energy":{"pkg":127.92340087890625,"pp0":0,"dram":22.6429443359375},"cycles":17832086466}
{"runtime":1315,"energy":{"pkg":114.94561767578125,"pp0":0,"dram":17.6446533203125},"cycles":16721813959}
{"runtime":1316,"energy":{"pkg":114.897216796875,"pp0":0,"dram":18.44708251953125},"cycles":16866042585}
{"runtime":1358,"energy":{"pkg":118.44610595703125,"pp0":0,"dram":20.61541748046875},"cycles":15315458210}
{"runtime":1238,"energy":{"pkg":109.11077880859375,"pp0":0,"dram":19.48773193359375},"cycles":16542499583}
{"runtime":1402,"energy":{"pkg":121.48797607421875,"pp0":0,"dram":19.76116943359375},"cycles":16493816840}
{"runtime":1282,"energy":{"pkg":112.787109375,"pp0":0,"dram":20.7979736328125},"cycles":16915887194}
{"runtime":1296,"energy":{"pkg":113.56512451171875,"pp0":0,"dram":21.37054443359375},"cycles":17203093709}
{"runtime":1358,"energy":{"pkg":117.82171630859375,"pp0":0,"dram":19.26226806640625},"cycles":16115791212}
{"runtime":1274,"energy":{"pkg":112.1409912109375,"pp0":0,"dram":19.85150146484375},"cycles":18230063027}
{"runtime":1297,"energy":{"pkg":113.58660888671875,"pp0":0,"dram":19.39288330078125},"cycles":16196557660}
{"runtime":1325,"energy":{"pkg":114.8809814453125,"pp0":0,"dram":19.65936279296875},"cycles":17801204649}
{"runtime":1303,"energy":{"pkg":114.4271240234375,"pp0":0,"dram":19.5556640625},"cycles":17613584621}
{"runtime":1478,"energy":{"pkg":127.455810546875,"pp0":0,"dram":25.8345947265625},"cycles":15475126637}
{"runtime":1239,"energy":{"pkg":108.36798095703125,"pp0":0,"dram":17.98150634765625},"cycles":16852528849}
{"runtime":1475,"energy":{"pkg":127.79571533203125,"pp0":0,"dram":22.29962158203125},"cycles":18285922843}
{"runtime":1322,"energy":{"pkg":115.830078125,"pp0":0,"dram":20.46868896484375},"cycles":17119474272}
{"runtime":1290,"energy":{"pkg":113.7020263671875,"pp0":0,"dram":16.70989990234375},"cycles":17941294530}
{"runtime":1284,"energy":{"pkg":112.37255859375,"pp0":0,"dram":23.640380859375},"cycles":17327926359}
{"runtime":1357,"energy":{"pkg":118.64306640625,"pp0":0,"dram":20.2689208984375},"cycles":17827913853}
{"runtime":1372,"energy":{"pkg":119.901123046875,"pp0":0,"dram":20.44189453125},"cycles":18163795216}
{"runtime":1370,"energy":{"pkg":119.220947265625,"pp0":0,"dram":20.2957763671875},"cycles":17520538122}
{"runtime":1262,"energy":{"pkg":110.67010498046875,"pp0":0,"dram":17.736083984375},"cycles":16101276009}
{"runtime":1382,"energy":{"pkg":119.7679443359375,"pp0":0,"dram":18.06634521484375},"cycles":16690070897}
{"runtime":1472,"energy":{"pkg":127.6922607421875,"pp0":0,"dram":21.67486572265625},"cycles":16546963337}
{"runtime":1353,"energy":{"pkg":118.792724609375,"pp0":0,"dram":21.15533447265625},"cycles":17543517708}
{"runtime":1446,"energy":{"pkg":125.8701171875,"pp0":0,"dram":21.42010498046875},"cycles":16126182870}
{"runtime":1353,"energy":{"pkg":117.651123046875,"pp0":0,"dram":19.272216796875},"cycles":17830458269}
{"runtime":1326,"energy":{"pkg":116.33148193359375,"pp0":0,"dram":20.97979736328125},"cycles":17991515283}
{"runtime":1311,"energy":{"pkg":113.78778076171875,"pp0":0,"dram":19.18145751953125},"cycles":15178395827}
{"runtime":1201,"energy":{"pkg":105.60845947265625,"pp0":0,"dram":18.1533203125},"cycles":17263327378}
{"runtime":1339,"energy":{"pkg":117.380126953125,"pp0":0,"dram":21.75518798828125},"cycles":16412630491}
{"runtime":1348,"energy":{"pkg":117.381591796875,"pp0":0,"dram":20.2491455078125},"cycles":17104336086}
{"runtime":1455,"energy":{"pkg":126.4853515625,"pp0":0,"dram":21.47381591796875},"cycles":15036793986}
{"runtime":1289,"energy":{"pkg":113.28729248046875,"pp0":0,"dram":19.2938232421875},"cycles":17247866060}
{"runtime":1171,"energy":{"pkg":103.50396728515625,"pp0":0,"dram":19.18572998046875},"cycles":15099007569}
{"runtime":1477,"energy":{"pkg":127.702880859375,"pp0":0,"dram":20.2352294921875},"cycles":18193067705}
{"runtime":1455,"energy":{"pkg":127.22747802734375,"pp0":0,"dram":18.20684814453125},"cycles":18230351384}
{"runtime":1391,