{"runtime":1373,"energy":{"pkg":69.08489990234375,"pp0":0,"dram":17.3621826171875},"cycles":14784992599}
{"runtime":1268,"energy":{"pkg":69.0172119140625,"pp0":0,"dram":15.8758544921875},"cycles":14239428164}
{"runtime":1220,"energy":{"pkg":69.35992431640625,"pp0":0,"dram":15.79583740234375},"cycles":14747385338}
{"runtime":1572,"energy":{"pkg":74.4798583984375,"pp0":0,"dram":19.2681884765625},"cycles":14615639651}
{"runtime":1382,"energy":{"pkg":68.39739990234375,"pp0":0,"dram":16.59503173828125},"cycles":14685558249}
{"runtime":1162,"energy":{"pkg":64.800537109375,"pp0":0,"dram":15.0374755859375},"cycles":14429162256}
{"runtime":1502,"energy":{"pkg":72.1737060546875,"pp0":0,"dram":18.31060791015625},"cycles":14411367661}
{"runtime":1681,"energy":{"pkg":76.8812255859375,"pp0":0,"dram":20.11834716796875},"cycles":14446925381}
{"runtime":1463,"energy":{"pkg":72.1263427734375,"pp0":0,"dram":17.20416259765625},"cycles":14727893117}
{"runtime":1478,"energy":{"pkg":74.8408203125,"pp0":0,"dram":18.44183349609375},"cycles":14755815927}
{"runtime":1327,"energy":{"pkg":70.13629150390625,"pp0":0,"dram":16.39898681640625},"cycles":14446736695}
{"runtime":1495,"energy":{"pkg":73.0023193359375,"pp0":0,"dram":18.67169189453125},"cycles":14809692659}
{"runtime":1226,"energy":{"pkg":69.7679443359375,"pp0":0,"dram":16.3779296875},"cycles":14740320261}
{"runtime":1405,"energy":{"pkg":74.0064697265625,"pp0":0,"dram":19.573486328125},"cycles":14547704368}
{"runtime":1402,"energy":{"pkg":69.3465576171875,"pp0":0,"dram":18.278076171875},"cycles":14800285948}
{"runtime":1372,"energy":{"pkg":68.95550537109375,"pp0":0,"dram":17.32379150390625},"cycles":14401235482}
{"runtime":1388,"energy":{"pkg":70.93603515625,"pp0":0,"dram":18.10211181640625},"cycles":14811583926}
{"runtime":1270,"energy":{"pkg":67.23065185546875,"pp0":0,"dram":17.32073974609375},"cycles":14985255872}
{"runtime":1252,"energy":{"pkg":69.90362548828125,"pp0":0,"dram":16.59521484375},"cycles":14521898159}
{"runtime":1415,"energy":{"pkg":75.0826416015625,"pp0":0,"dram":18.25506591796875},"cycles":14731655491}
{"runtime":1572,"energy":{"pkg":73.9141845703125,"pp0":0,"dram":19.86395263671875},"cycles":14734214582}
{"runtime":1421,"energy":{"pkg":71.4578857421875,"pp0":0,"dram":17.91497802734375},"cycles":14605529416}
{"runtime":1243,"energy":{"pkg":67.266357421875,"pp0":0,"dram":15.98773193359375},"cycles":14515076451}
{"runtime":1479,"energy":{"pkg":72.57672119140625,"pp0":0,"dram":18.59600830078125},"cycles":14571327980}
{"runtime":1400,"energy":{"pkg":74.5037841796875,"pp0":0,"dram":18.1624755859375},"cycles":14342799132}
{"runtime":1403,"energy":{"pkg":71.68109130859375,"pp0":0,"dram":18.81085205078125},"cycles":14400182759}
{"runtime":1576,"energy":{"pkg":73.31915283203125,"pp0":0,"dram":20.1680908203125},"cycles":14903422617}
{"runtime":1547,"energy":{"pkg":75.49969482421875,"pp0":0,"dram":19.760498046875},"cycles":14586394360}
{"runtime":1624,"energy":{"pkg":76.12921142578125,"pp0":0,"dram":20.39532470703125},"cycles":14813501586}
{"runtime":1189,"energy":{"pkg":69.40081787109375,"pp0":0,"dram":15.0093994140625},"cycles":14337930715}
{"runtime":1553,"energy":{"pkg":76.67498779296875,"pp0":0,"dram":19.70196533203125},"cycles":14953000558}
{"runtime":1567,"energy":{"pkg":76.3294677734375,"pp0":0,"dram":19.86456298828125},"cycles":15006838063}
{"runtime":1280,"energy":{"pkg":68.21923828125,"pp0":0,"dram":16.96990966796875},"cycles":14722836520}
{"runtime":1258,"energy":{"pkg":67.6636962890625,"pp0":0,"dram":16.4410400390625},"cycles":14424588449}
{"runtime":1512,"energy":{"pkg":76.77679443359375,"pp0":0,"dram":19.47955322265625},"cycles":14345910657}
{"runtime":1300,"energy":{"pkg":69.6781005859375,"pp0":0,"dram":17.26641845703125},"cycles":14847970515}
{"runtime":1352,"energy":{"pkg":71.05181884765625,"pp0":0,"dram":17.020751953125},"cycles":14349065480}
{"runtime":1374,"energy":{"pkg":71.107421875,"pp0":0,"dram":17.62451171875},"cycles":15032082998}
{"runtime":1263,"energy":{"pkg":70.04327392578125,"pp0":0,"dram":16.6519775390625},"cycles":14427056523}
{"runtime":1222,"energy":{"pkg":68.80419921875,"pp0":0,"dram":16.38824462890625},"cycles":14759076288}
{"runtime":1574,"energy":{"pkg":75.2154541015625,"pp0":0,"dram":19.86480712890625},"cycles":14596652679}
{"runtime":1223,"energy":{"pkg":66.2279052734375,"pp0":0,"dram":16.12725830078125},"cycles":14556918097}
{"runtime":1259,"energy":{"pkg":70.60302734375,"pp0":0,"dram":15.86273193359375},"cycles":14409228222}
{"runtime":1312,"energy":{"pkg":70.216552734375,"pp0":0,"dram":17.3253173828125},"cycles":14493212486}
{"runtime":1528,"energy":{"pkg":76.73052978515625,"pp0":0,"dram":19.658203125},"cycles":14711921249}
{"runtime":1199,"energy":{"pkg":67.36859130859375,"pp0":0,"dram":16.635009765625},"cycles":14399918724}
{"runtime":1209,"energy":{"pkg":67.581298828125,"pp0":0,"dram":15.7130126953125},"cycles":14846299335}
{"runtime":1276,"energy":{"pkg":70.17535400390625,"pp0":0,"dram":17.05474853515625},"cycles":14652517319}
{"runtime":1368,"energy":{"pkg":72.069091796875,"pp0":0,"dram":17.9349365234375},"cycles":14894193920}
{"runtime":1643,"energy":{"pkg":78.2054443359375,"pp0":0,"dram":20.583984375},"cycles":14447492123}
{"runtime":1319,"energy":{"pkg":70.3287353515625,"pp0":0,"dram":17.5677490234375},"cycles":14844427521}
{"runtime":1346,"energy":{"pkg":72.46868896484375,"pp0":0,"dram":18.24029541015625},"cycles":14543105080}
{"runtime":1640,"energy":{"pkg":77.96978759765625,"pp0":0,"dram":20.41973876953125},"cycles":14533233753}
{"runtime":1705,"energy":{"pkg":76.7789306640625,"pp0":0,"dram":21.24859619140625},"cycles":14529382611}
{"runtime":1311,"energy":{"pkg":70.629638671875,"pp0":0,"dram":17.55072021484375},"cycles":14633768552}
{"runtime":1334,"energy":{"pkg":72.126953125,"pp0":0,"dram":17.7435302734375},"cycles":14189279618}
{"runtime":1501,"energy":{"pkg":73.0467529296875,"pp0":0,"dram":19.07098388671875},"cycles":14617589435}
{"runtime":1648,"energy":{"pkg":76.17962646484375,"pp0":0,"dram":20.49676513671875},"cycles":14432538265}
{"runtime":1221,"energy":{"pkg":67.362060546875,"pp0":0,"dram":16.2625732421875},"cycles":14587282463}
{"runtime":1378,"energy":{"pkg":71.4326171875,"pp0":0,"dram":17.48358154296875},"cycles":14896459582}
{"runtime":1333,"energy":{"pkg":72.001220703125,"pp0":0,"dram":17.2447509765625},"cycles":14498043030}
{"runtime":1292,"energy":{"pkg":73.05908203125,"pp0":0,"dram":17.3692626953125},"cycles":14838673212}
{"runtime":1282,"energy":{"pkg":69.27093505859375,"pp0":0,"dram":17.18505859375},"cycles":14714066536}
{"runtime":1275,"energy":{"pkg":67.30450439453125,"pp0":0,"dram":16.87188720703125},"cycles":14444222355}
{"runtime":1410,"energy":{"pkg":70.5621337890625,"pp0":0,"dram":18.4766845703125},"cycles":14672988781}
{"runtime":1300,"energy":{"pkg":69.5496826171875,"pp0":0,"dram":17.0565185546875},"cycles":14560287790}
{"runtime":1597,"energy":{"pkg":78.1346435546875,"pp0":0,"dram":20.2608642578125},"cycles":14278805931}
{"runtime":1444,"energy":{"pkg":73.1734619140625,"pp0":0,"dram":18.27471923828125},"cycles":14518436676}
{"runtime":1264,"energy":{"pkg":68.00018310546875,"pp0":0,"dram":16.0509033203125},"cycles":15115995092}
{"runtime":1372,"energy":{"pkg":70.04278564453125,"pp0":0,"dram":17.90814208984375},"cycles":14172132174}
{"runtime":1400,"energy":{"pkg":72.38287353515625,"pp0":0,"dram":18.26605224609375},"cycles":14617984314}
{"runtime":1255,"energy":{"pkg":69.11676025390625,"pp0":0,"dram":16.8057861328125},"cycles":14727439250}
{"runtime":1615,"energy":{"pkg":79.525634765625,"pp0":0,"dram":20.28228759765625},"cycles":14397215541}
{"runtime":1436,"energy":{"pkg":73.38568115234375,"pp0":0,"dram":18.50433349609375},"cycles":14912142993}
{"runtime":1487,"energy":{"pkg":73.5721435546875,"pp0":0,"dram":19.33880615234375},"cycles":14768347492}
{"runtime":1468,"energy":{"pkg":70.68310546875,"pp0":0,"dram":18.95257568359375},"cycles":15128257517}
{"runtime":1398,"energy":{"pkg":72.7467041015625,"pp0":0,