{"runtime":1146,"energy":{"pkg":41.195068359375,"pp0":0,"dram":8.54296875},"cycles":14301685809}
{"runtime":1026,"energy":{"pkg":45.05389404296875,"pp0":0,"dram":7.805908203125},"cycles":16635911200}
{"runtime":1054,"energy":{"pkg":43.866943359375,"pp0":0,"dram":7.93927001953125},"cycles":14580731437}
{"runtime":925,"energy":{"pkg":40.48858642578125,"pp0":0,"dram":7.02398681640625},"cycles":14775878463}
{"runtime":960,"energy":{"pkg":40.9771728515625,"pp0":0,"dram":7.2342529296875},"cycles":14156683084}
{"runtime":1068,"energy":{"pkg":44.8543701171875,"pp0":0,"dram":8.07965087890625},"cycles":15123186021}
{"runtime":1091,"energy":{"pkg":46.26861572265625,"pp0":0,"dram":8.2332763671875},"cycles":15193871615}
{"runtime":884,"energy":{"pkg":37.59710693359375,"pp0":0,"dram":7.02978515625},"cycles":12983710138}
{"runtime":927,"energy":{"pkg":39.57061767578125,"pp0":0,"dram":7.15380859375},"cycles":13548968497}
{"runtime":960,"energy":{"pkg":40.47052001953125,"pp0":0,"dram":7.4661865234375},"cycles":13026765862}
{"runtime":948,"energy":{"pkg":40.52008056640625,"pp0":0,"dram":7.38275146484375},"cycles":13998380505}
{"runtime":1142,"energy":{"pkg":41.95501708984375,"pp0":0,"dram":9.08819580078125},"cycles":14289120022}
{"runtime":1002,"energy":{"pkg":43.08868408203125,"pp0":0,"dram":7.6552734375},"cycles":14528279903}
{"runtime":947,"energy":{"pkg":40.3455810546875,"pp0":0,"dram":7.31219482421875},"cycles":13725227485}
{"runtime":948,"energy":{"pkg":40.50244140625,"pp0":0,"dram":7.3785400390625},"cycles":14353961182}
{"runtime":935,"energy":{"pkg":40.4996337890625,"pp0":0,"dram":7.378662109375},"cycles":13934974943}
{"runtime":908,"energy":{"pkg":39.6553955078125,"pp0":0,"dram":7.2955322265625},"cycles":14031299433}
{"runtime":909,"energy":{"pkg":40.02557373046875,"pp0":0,"dram":6.99945068359375},"cycles":14441245866}
{"runtime":916,"energy":{"pkg":40.91094970703125,"pp0":0,"dram":6.96734619140625},"cycles":14955362973}
{"runtime":1055,"energy":{"pkg":43.09735107421875,"pp0":0,"dram":8.04339599609375},"cycles":13814253828}
{"runtime":1123,"energy":{"pkg":47.57586669921875,"pp0":0,"dram":8.4896240234375},"cycles":14744078197}
{"runtime":916,"energy":{"pkg":39.42584228515625,"pp0":0,"dram":6.98468017578125},"cycles":13915833769}
{"runtime":941,"energy":{"pkg":41.46282958984375,"pp0":0,"dram":7.16058349609375},"cycles":13849220848}
{"runtime":904,"energy":{"pkg":40.35601806640625,"pp0":0,"dram":6.92108154296875},"cycles":14308365556}
{"runtime":1064,"energy":{"pkg":44.502197265625,"pp0":0,"dram":8.0472412109375},"cycles":13975580883}
{"runtime":947,"energy":{"pkg":41.57989501953125,"pp0":0,"dram":7.17333984375},"cycles":14286118793}
{"runtime":922,"energy":{"pkg":40.16107177734375,"pp0":0,"dram":7.00518798828125},"cycles":14678960771}
{"runtime":1082,"energy":{"pkg":46.44781494140625,"pp0":0,"dram":8.4205322265625},"cycles":15789784905}
{"runtime":926,"energy":{"pkg":40.607177734375,"pp0":0,"dram":7.1112060546875},"cycles":13179149010}
{"runtime":936,"energy":{"pkg":41.069091796875,"pp0":0,"dram":7.05133056640625},"cycles":13902609925}
{"runtime":979,"energy":{"pkg":43.378662109375,"pp0":0,"dram":7.4127197265625},"cycles":15141799274}
{"runtime":953,"energy":{"pkg":41.6270751953125,"pp0":0,"dram":7.24053955078125},"cycles":14489238937}
{"runtime":1035,"energy":{"pkg":44.51666259765625,"pp0":0,"dram":8.2568359375},"cycles":14426858151}
{"runtime":921,"energy":{"pkg":42.5751953125,"pp0":0,"dram":7.00811767578125},"cycles":14748458473}
{"runtime":1173,"energy":{"pkg":47.7645263671875,"pp0":0,"dram":8.89654541015625},"cycles":14157981859}
{"runtime":1173,"energy":{"pkg":49.2200927734375,"pp0":0,"dram":8.99658203125},"cycles":15501041979}
{"runtime":925,"energy":{"pkg":41.6453857421875,"pp0":0,"dram":7.150146484375},"cycles":14839587573}
{"runtime":964,"energy":{"pkg":41.6221923828125,"pp0":0,"dram":7.36138916015625},"cycles":13560967321}
{"runtime":1001,"energy":{"pkg":42.1806640625,"pp0":0,"dram":7.642578125},"cycles":13379814802}
{"runtime":1174,"energy":{"pkg":47.46856689453125,"pp0":0,"dram":9.0634765625},"cycles":13496520440}
{"runtime":885,"energy":{"pkg":39.736572265625,"pp0":0,"dram":6.74835205078125},"cycles":14813929405}
{"runtime":952,"energy":{"pkg":41.0108642578125,"pp0":0,"dram":7.32470703125},"cycles":13162012883}
{"runtime":987,"energy":{"pkg":44.03509521484375,"pp0":0,"dram":7.78912353515625},"cycles":15606306931}
{"runtime":1011,"energy":{"pkg":43.8587646484375,"pp0":0,"dram":7.88006591796875},"cycles":14921900747}
{"runtime":949,"energy":{"pkg":40.734619140625,"pp0":0,"dram":7.40191650390625},"cycles":13913299750}
{"runtime":1034,"energy":{"pkg":44.19342041015625,"pp0":0,"dram":7.9498291015625},"cycles":14371036488}
{"runtime":920,"energy":{"pkg":40.62548828125,"pp0":0,"dram":7.31927490234375},"cycles":13735239692}
{"runtime":1124,"energy":{"pkg":47.63250732421875,"pp0":0,"dram":8.72186279296875},"cycles":14533049230}
{"runtime":963,"energy":{"pkg":42.1795654296875,"pp0":0,"dram":7.3963623046875},"cycles":14553116950}
{"runtime":1035,"energy":{"pkg":44.64361572265625,"pp0":0,"dram":7.9757080078125},"cycles":15054238853}
{"runtime":934,"energy":{"pkg":42.16070556640625,"pp0":0,"dram":7.272705078125},"cycles":14466215097}
{"runtime":1146,"energy":{"pkg":48.07977294921875,"pp0":0,"dram":8.909912109375},"cycles":14876569061}
{"runtime":954,"energy":{"pkg":42.43145751953125,"pp0":0,"dram":7.36480712890625},"cycles":14649205515}
{"runtime":916,"energy":{"pkg":40.0755615234375,"pp0":0,"dram":7.117431640625},"cycles":14054606883}
{"runtime":1045,"energy":{"pkg":45.06109619140625,"pp0":0,"dram":7.9970703125},"cycles":14801746123}
{"runtime":1198,"energy":{"pkg":44.0714111328125,"pp0":0,"dram":9.33636474609375},"cycles":13893419132}
{"runtime":1136,"energy":{"pkg":47.558349609375,"pp0":0,"dram":8.680908203125},"cycles":14555368479}
{"runtime":925,"energy":{"pkg":40.92559814453125,"pp0":0,"dram":7.15692138671875},"cycles":14183761586}
{"runtime":1171,"energy":{"pkg":49.058837890625,"pp0":0,"dram":8.941650390625},"cycles":15742793490}
{"runtime":1133,"energy":{"pkg":47.5341796875,"pp0":0,"dram":8.6473388671875},"cycles":14901217983}
{"runtime":908,"energy":{"pkg":40.703857421875,"pp0":0,"dram":6.900390625},"cycles":14460974095}
{"runtime":898,"energy":{"pkg":39.15869140625,"pp0":0,"dram":7.0025634765625},"cycles":13744862076}
{"runtime":1158,"energy":{"pkg":47.10186767578125,"pp0":0,"dram":8.90216064453125},"cycles":14362693241}
{"runtime":950,"energy":{"pkg":40.48492431640625,"pp0":0,"dram":7.316162109375},"cycles":13371673361}
{"runtime":1152,"energy":{"pkg":47.59881591796875,"pp0":0,"dram":8.8662109375},"cycles":14310271159}
{"runtime":962,"energy":{"pkg":41.21624755859375,"pp0":0,"dram":7.40869140625},"cycles":13925234031}
{"runtime":1157,"energy":{"pkg":48.4228515625,"pp0":0,"dram":8.843017578125},"cycles":14830955675}
{"runtime":895,"energy":{"pkg":39.76007080078125,"pp0":0,"dram":6.8270263671875},"cycles":14174453334}
{"runtime":943,"energy":{"pkg":40.88946533203125,"pp0":0,"dram":7.18389892578125},"cycles":14200125468}
{"runtime":911,"energy":{"pkg":40.85565185546875,"pp0":0,"dram":6.9818115234375},"cycles":14537344689}
{"runtime":940,"energy":{"pkg":41.2572021484375,"pp0":0,"dram":7.24444580078125},"cycles":14288754922}
{"runtime":931,"energy":{"pkg":40.77886962890625,"pp0":0,"dram":7.25775146484375},"cycles":14356819837}
{"runtime":934,"energy":{"pkg":40.526611328125,"pp0":0,"dram":7.1539306640625},"cycles":13655230539}
{"runtime":1133,"energy":{"pkg":47.66229248046875,"pp0":0,"dram":8.6900634765625},"cycles":14762386151}
{"runtime":1165,"energy":{"pkg":48.76470947265625,"pp0":0,"dram":8.85174560546875},"cycles":15687423130}
{"runtime":1006,"energy":{"pkg":43.14984130859375,"pp0":0,"dram":7.93994140625},"cycles":14139392108}
{"runtime":1087,"energy":{"pkg":45.6236572265625,"pp0":0,"dram":8.4031982421875},"cycles":14472053418}
{"runtime":1036,"energy":{"pkg":44.1898193359375,"pp0":0,"dram":8.03314208984375},"cycles":14765874642}
{"runtime":888,