{"runtime":909,"energy":{"pkg":75.48345947265625,"pp0":0,"dram":11.8536376953125},"cycles":13070611631}
{"runtime":897,"energy":{"pkg":74.64703369140625,"pp0":0,"dram":10.93878173828125},"cycles":13740499756}
{"runtime":915,"energy":{"pkg":75.3831787109375,"pp0":0,"dram":11.5810546875},"cycles":13542922870}
{"runtime":1021,"energy":{"pkg":84.7984619140625,"pp0":0,"dram":12.6162109375},"cycles":14598759617}
{"runtime":1119,"energy":{"pkg":92.8851318359375,"pp0":0,"dram":13.718505859375},"cycles":16583356834}
{"runtime":1034,"energy":{"pkg":85.64227294921875,"pp0":0,"dram":12.61956787109375},"cycles":14833736144}
{"runtime":954,"energy":{"pkg":79.048828125,"pp0":0,"dram":11.7589111328125},"cycles":14128528404}
{"runtime":906,"energy":{"pkg":74.4068603515625,"pp0":0,"dram":11.036865234375},"cycles":13161225811}
{"runtime":899,"energy":{"pkg":74.0994873046875,"pp0":0,"dram":11.5511474609375},"cycles":13117867795}
{"runtime":903,"energy":{"pkg":74.67034912109375,"pp0":0,"dram":11.94757080078125},"cycles":13197088107}
{"runtime":897,"energy":{"pkg":74.6063232421875,"pp0":0,"dram":11.5211181640625},"cycles":12767134376}
{"runtime":926,"energy":{"pkg":77.051025390625,"pp0":0,"dram":11.685302734375},"cycles":14138370172}
{"runtime":945,"energy":{"pkg":78.51776123046875,"pp0":0,"dram":12.05517578125},"cycles":14103368533}
{"runtime":1058,"energy":{"pkg":87.82928466796875,"pp0":0,"dram":11.60601806640625},"cycles":14954794752}
{"runtime":944,"energy":{"pkg":78.43292236328125,"pp0":0,"dram":12.720458984375},"cycles":13977666627}
{"runtime":904,"energy":{"pkg":74.55291748046875,"pp0":0,"dram":11.42816162109375},"cycles":13068156392}
{"runtime":1109,"energy":{"pkg":92.28704833984375,"pp0":0,"dram":15.831787109375},"cycles":15174162022}
{"runtime":1091,"energy":{"pkg":89.03314208984375,"pp0":0,"dram":13.8133544921875},"cycles":14497376189}
{"runtime":897,"energy":{"pkg":74.5941162109375,"pp0":0,"dram":11.27166748046875},"cycles":12613316128}
{"runtime":1013,"energy":{"pkg":84.025390625,"pp0":0,"dram":12.9578857421875},"cycles":14552119398}
{"runtime":894,"energy":{"pkg":74.76495361328125,"pp0":0,"dram":14.143310546875},"cycles":13043452031}
{"runtime":1111,"energy":{"pkg":91.80609130859375,"pp0":0,"dram":16.0830078125},"cycles":16475489144}
{"runtime":894,"energy":{"pkg":74.1439208984375,"pp0":0,"dram":11.86297607421875},"cycles":13099464946}
{"runtime":903,"energy":{"pkg":74.73773193359375,"pp0":0,"dram":11.49896240234375},"cycles":12646817609}
{"runtime":955,"energy":{"pkg":79.41571044921875,"pp0":0,"dram":11.243408203125},"cycles":14483227433}
{"runtime":1077,"energy":{"pkg":88.35498046875,"pp0":0,"dram":13.859619140625},"cycles":15459882381}
{"runtime":955,"energy":{"pkg":79.52783203125,"pp0":0,"dram":12.1522216796875},"cycles":14312345349}
{"runtime":1133,"energy":{"pkg":94.02716064453125,"pp0":0,"dram":14.50750732421875},"cycles":15568950492}
{"runtime":939,"energy":{"pkg":77.90777587890625,"pp0":0,"dram":12.068603515625},"cycles":14155820843}
{"runtime":1044,"energy":{"pkg":86.641357421875,"pp0":0,"dram":10.18341064453125},"cycles":14951430556}
{"runtime":1031,"energy":{"pkg":85.6959228515625,"pp0":0,"dram":12.690185546875},"cycles":14786738592}
{"runtime":906,"energy":{"pkg":75.22149658203125,"pp0":0,"dram":12.58880615234375},"cycles":12861395624}
{"runtime":1105,"energy":{"pkg":91.91668701171875,"pp0":0,"dram":10.24224853515625},"cycles":14421276682}
{"runtime":1103,"energy":{"pkg":91.43707275390625,"pp0":0,"dram":14.37744140625},"cycles":14403681190}
{"runtime":917,"energy":{"pkg":77.1376953125,"pp0":0,"dram":11.21002197265625},"cycles":12827954380}
{"runtime":897,"energy":{"pkg":74.50634765625,"pp0":0,"dram":13.77056884765625},"cycles":12672074888}
{"runtime":1157,"energy":{"pkg":96.12713623046875,"pp0":0,"dram":14.10601806640625},"cycles":16091038349}
{"runtime":914,"energy":{"pkg":76.2889404296875,"pp0":0,"dram":11.7835693359375},"cycles":13046403920}
{"runtime":920,"energy":{"pkg":76.8804931640625,"pp0":0,"dram":11.093505859375},"cycles":13998348172}
{"runtime":936,"energy":{"pkg":78.22705078125,"pp0":0,"dram":9.09100341796875},"cycles":13933347919}
{"runtime":899,"energy":{"pkg":74.933349609375,"pp0":0,"dram":10.77996826171875},"cycles":13043499674}
{"runtime":939,"energy":{"pkg":78.4547119140625,"pp0":0,"dram":8.66668701171875},"cycles":14352880354}
{"runtime":923,"energy":{"pkg":76.28070068359375,"pp0":0,"dram":8.55084228515625},"cycles":14250905216}
{"runtime":1127,"energy":{"pkg":92.8226318359375,"pp0":0,"dram":10.2877197265625},"cycles":14686376250}
{"runtime":896,"energy":{"pkg":75.07940673828125,"pp0":0,"dram":8.28009033203125},"cycles":13690671366}
{"runtime":921,"energy":{"pkg":76.9686279296875,"pp0":0,"dram":11.64178466796875},"cycles":13880088701}
{"runtime":932,"energy":{"pkg":77.7637939453125,"pp0":0,"dram":8.5389404296875},"cycles":13095114286}
{"runtime":932,"energy":{"pkg":78.18536376953125,"pp0":0,"dram":11.65728759765625},"cycles":14197647096}
{"runtime":926,"energy":{"pkg":77.8184814453125,"pp0":0,"dram":8.45611572265625},"cycles":13757118886}
{"runtime":940,"energy":{"pkg":78.2237548828125,"pp0":0,"dram":11.37493896484375},"cycles":14272878710}
{"runtime":936,"energy":{"pkg":77.877197265625,"pp0":0,"dram":14.00634765625},"cycles":13972778335}
{"runtime":1109,"energy":{"pkg":91.97802734375,"pp0":0,"dram":19.127197265625},"cycles":15681735728}
{"runtime":960,"energy":{"pkg":79.853515625,"pp0":0,"dram":11.65777587890625},"cycles":14102544357}
{"runtime":1036,"energy":{"pkg":86.00677490234375,"pp0":0,"dram":12.9974365234375},"cycles":14887151703}
{"runtime":1072,"energy":{"pkg":89.19744873046875,"pp0":0,"dram":12.21917724609375},"cycles":14192581243}
{"runtime":1079,"energy":{"pkg":89.662353515625,"pp0":0,"dram":10.4793701171875},"cycles":14353174312}
{"runtime":889,"energy":{"pkg":74.36663818359375,"pp0":0,"dram":10.42547607421875},"cycles":12487430788}
{"runtime":1077,"energy":{"pkg":89.36474609375,"pp0":0,"dram":12.80780029296875},"cycles":15202297605}
{"runtime":913,"energy":{"pkg":76.3538818359375,"pp0":0,"dram":11.29345703125},"cycles":12946111250}
{"runtime":931,"energy":{"pkg":78.02178955078125,"pp0":0,"dram":8.74615478515625},"cycles":13102646439}
{"runtime":1053,"energy":{"pkg":87.35736083984375,"pp0":0,"dram":13.18267822265625},"cycles":15055312770}
{"runtime":912,"energy":{"pkg":75.865966796875,"pp0":0,"dram":11.0675048828125},"cycles":12668542101}
{"runtime":906,"energy":{"pkg":75.4228515625,"pp0":0,"dram":12.7579345703125},"cycles":13181881965}
{"runtime":1118,"energy":{"pkg":93.24176025390625,"pp0":0,"dram":10.9921875},"cycles":15145624609}
{"runtime":1109,"energy":{"pkg":92.48699951171875,"pp0":0,"dram":12.012451171875},"cycles":15669316800}
{"runtime":950,"energy":{"pkg":79.14263916015625,"pp0":0,"dram":8.5574951171875},"cycles":13960372108}
{"runtime":932,"energy":{"pkg":77.3226318359375,"pp0":0,"dram":11.35601806640625},"cycles":14038172556}
{"runtime":932,"energy":{"pkg":77.55255126953125,"pp0":0,"dram":11.234619140625},"cycles":14046820179}
{"runtime":932,"energy":{"pkg":77.5478515625,"pp0":0,"dram":8.4892578125},"cycles":14157331260}
{"runtime":898,"energy":{"pkg":75.25927734375,"pp0":0,"dram":8.13616943359375},"cycles":13167800058}
{"runtime":915,"energy":{"pkg":76.371826171875,"pp0":0,"dram":9.96771240234375},"cycles":13881111261}
{"runtime":948,"energy":{"pkg":78.70526123046875,"pp0":0,"dram":11.9140625},"cycles":13527180027}
{"runtime":1082,"energy":{"pkg":90.16387939453125,"pp0":0,"dram":10.20489501953125},"cycles":15359921078}
{"runtime":902,"energy":{"pkg":75.05426025390625,"pp0":0,"dram":10.91900634765625},"cycles":13883152123}
{"runtime":914,"energy":{"pkg":76.37396240234375,"pp0":0,"dram":8.2427978515625},"cycles":13955208871}
{"runtime":1027,"energy":{"pkg":85.554931640625,"pp0":0,"dram":9.84149169921875},"cycles":14989229270}
{"runtime":1078,"energy":{"pkg":89.430419921875,"pp0":0,"dram":9.75},"cycles":15108755136}
{"runtime":1047,"energy":{"pkg":87.03173828125,"pp0":0,"dram":9.4356689453125},