{"runtime":2765,"energy":{"pkg":223.63079833984375,"pp0":0,"dram":23.64239501953125},"cycles":79101309446}
{"runtime":3054,"energy":{"pkg":231.48504638671875,"pp0":0,"dram":26.509033203125},"cycles":79367938541}
{"runtime":2822,"energy":{"pkg":225.80047607421875,"pp0":0,"dram":24.57073974609375},"cycles":79026960854}
{"runtime":3273,"energy":{"pkg":231.43206787109375,"pp0":0,"dram":28.45977783203125},"cycles":79099232733}
{"runtime":3268,"energy":{"pkg":245.8980712890625,"pp0":0,"dram":28.5205078125},"cycles":79270043108}
{"runtime":2810,"energy":{"pkg":229.10870361328125,"pp0":0,"dram":24.44757080078125},"cycles":79123906859}
{"runtime":3062,"energy":{"pkg":238.7137451171875,"pp0":0,"dram":26.5762939453125},"cycles":79142398617}
{"runtime":2813,"energy":{"pkg":229.437255859375,"pp0":0,"dram":24.43316650390625},"cycles":79115433222}
{"runtime":2794,"energy":{"pkg":231.64434814453125,"pp0":0,"dram":24.4329833984375},"cycles":79149241729}
{"runtime":3026,"energy":{"pkg":240.80523681640625,"pp0":0,"dram":26.35357666015625},"cycles":79227909060}
{"runtime":3175,"energy":{"pkg":241.80908203125,"pp0":0,"dram":27.57989501953125},"cycles":79197964121}
{"runtime":2843,"energy":{"pkg":231.66986083984375,"pp0":0,"dram":24.5631103515625},"cycles":79218943183}
{"runtime":3059,"energy":{"pkg":236.2618408203125,"pp0":0,"dram":27.2833251953125},"cycles":79186887423}
{"runtime":3206,"energy":{"pkg":246.5313720703125,"pp0":0,"dram":28.677490234375},"cycles":79161235163}
{"runtime":2793,"energy":{"pkg":231.1971435546875,"pp0":0,"dram":25.03082275390625},"cycles":79247310093}
{"runtime":3174,"energy":{"pkg":240.74615478515625,"pp0":0,"dram":27.83782958984375},"cycles":79072610911}
{"runtime":3277,"energy":{"pkg":242.95849609375,"pp0":0,"dram":29.09478759765625},"cycles":79189582294}
{"runtime":3205,"energy":{"pkg":243.007080078125,"pp0":0,"dram":28.5533447265625},"cycles":79690572135}
{"runtime":3289,"energy":{"pkg":237.74017333984375,"pp0":0,"dram":29.32366943359375},"cycles":79301399254}
{"runtime":2991,"energy":{"pkg":236.51727294921875,"pp0":0,"dram":26.76983642578125},"cycles":79276327399}
{"runtime":2818,"energy":{"pkg":231.15435791015625,"pp0":0,"dram":25.0233154296875},"cycles":79037061625}
{"runtime":3036,"energy":{"pkg":239.20623779296875,"pp0":0,"dram":26.7816162109375},"cycles":79249614894}
{"runtime":2833,"energy":{"pkg":232.74957275390625,"pp0":0,"dram":25.0631103515625},"cycles":79220249175}
{"runtime":2806,"energy":{"pkg":230.9180908203125,"pp0":0,"dram":24.7833251953125},"cycles":79150177927}
{"runtime":2893,"energy":{"pkg":233.23919677734375,"pp0":0,"dram":25.410400390625},"cycles":79214852879}
{"runtime":2959,"energy":{"pkg":237.181396484375,"pp0":0,"dram":25.9049072265625},"cycles":79143276587}
{"runtime":3368,"energy":{"pkg":242.92962646484375,"pp0":0,"dram":29.37078857421875},"cycles":79230658801}
{"runtime":2900,"energy":{"pkg":232.8956298828125,"pp0":0,"dram":25.82537841796875},"cycles":79240013686}
{"runtime":2927,"energy":{"pkg":236.00506591796875,"pp0":0,"dram":25.8565673828125},"cycles":79222732689}
{"runtime":3326,"energy":{"pkg":250.6905517578125,"pp0":0,"dram":28.861572265625},"cycles":79181145558}
{"runtime":3291,"energy":{"pkg":243.533203125,"pp0":0,"dram":29.08660888671875},"cycles":79046489486}
{"runtime":2950,"energy":{"pkg":234.45928955078125,"pp0":0,"dram":25.93572998046875},"cycles":79193355503}
{"runtime":3109,"energy":{"pkg":239.70867919921875,"pp0":0,"dram":27.26434326171875},"cycles":79261933147}
{"runtime":2864,"energy":{"pkg":234.35565185546875,"pp0":0,"dram":25.10577392578125},"cycles":79148479922}
{"runtime":3113,"energy":{"pkg":239.77276611328125,"pp0":0,"dram":27.49835205078125},"cycles":79327754686}
{"runtime":2882,"energy":{"pkg":235.86114501953125,"pp0":0,"dram":25.3558349609375},"cycles":79196476420}
{"runtime":2802,"energy":{"pkg":230.529052734375,"pp0":0,"dram":24.7760009765625},"cycles":79177523805}
{"runtime":2733,"energy":{"pkg":230.03265380859375,"pp0":0,"dram":24.14678955078125},"cycles":79196949237}
{"runtime":3045,"energy":{"pkg":238.60552978515625,"pp0":0,"dram":26.7032470703125},"cycles":79078523280}
{"runtime":2770,"energy":{"pkg":230.70574951171875,"pp0":0,"dram":24.344970703125},"cycles":79053806588}
{"runtime":3101,"energy":{"pkg":242.16693115234375,"pp0":0,"dram":27.085205078125},"cycles":79271726348}
{"runtime":2726,"energy":{"pkg":228.98944091796875,"pp0":0,"dram":24.21142578125},"cycles":79196914589}
{"runtime":2732,"energy":{"pkg":229.369873046875,"pp0":0,"dram":24.078125},"cycles":79132118584}
{"runtime":3153,"energy":{"pkg":244.560791015625,"pp0":0,"dram":27.2259521484375},"cycles":79217037771}
{"runtime":2759,"energy":{"pkg":229.18206787109375,"pp0":0,"dram":24.3416748046875},"cycles":79162692643}
{"runtime":2964,"energy":{"pkg":235.87152099609375,"pp0":0,"dram":26.51708984375},"cycles":79187613892}
{"runtime":2749,"energy":{"pkg":229.56378173828125,"pp0":0,"dram":24.3865966796875},"cycles":79240085270}
{"runtime":3269,"energy":{"pkg":241.53741455078125,"pp0":0,"dram":28.9442138671875},"cycles":79068547132}
{"runtime":3029,"energy":{"pkg":240.44671630859375,"pp0":0,"dram":26.5260009765625},"cycles":79221799222}
{"runtime":2804,"energy":{"pkg":232.50347900390625,"pp0":0,"dram":24.94366455078125},"cycles":79222613103}
{"runtime":2864,"energy":{"pkg":233.10601806640625,"pp0":0,"dram":25.3333740234375},"cycles":79200582801}
{"runtime":3221,"energy":{"pkg":241,"pp0":0,"dram":28.1234130859375},"cycles":79219262518}
{"runtime":2852,"energy":{"pkg":232.03076171875,"pp0":0,"dram":25.2493896484375},"cycles":79189066195}
{"runtime":3333,"energy":{"pkg":246.83984375,"pp0":0,"dram":29.27947998046875},"cycles":79191960495}
{"runtime":2841,"energy":{"pkg":230.695556640625,"pp0":0,"dram":25.0045166015625},"cycles":79225942444}
{"runtime":3050,"energy":{"pkg":241.6363525390625,"pp0":0,"dram":26.66497802734375},"cycles":79577022747}
{"runtime":2789,"energy":{"pkg":232.16888427734375,"pp0":0,"dram":24.5887451171875},"cycles":79169377425}
{"runtime":2893,"energy":{"pkg":233.14495849609375,"pp0":0,"dram":25.47552490234375},"cycles":79199668556}
{"runtime":2806,"energy":{"pkg":231.22332763671875,"pp0":0,"dram":24.93524169921875},"cycles":79194404143}
{"runtime":2945,"energy":{"pkg":237.41058349609375,"pp0":0,"dram":25.84027099609375},"cycles":79179721014}
{"runtime":2822,"energy":{"pkg":232.610595703125,"pp0":0,"dram":25.14752197265625},"cycles":79184123817}
{"runtime":2806,"energy":{"pkg":231.01422119140625,"pp0":0,"dram":24.9674072265625},"cycles":79263437898}
{"runtime":2818,"energy":{"pkg":231.18499755859375,"pp0":0,"dram":25.177734375},"cycles":79188671029}
{"runtime":2919,"energy":{"pkg":234.782958984375,"pp0":0,"dram":26.07196044921875},"cycles":79091943500}
{"runtime":2994,"energy":{"pkg":238.34478759765625,"pp0":0,"dram":26.4180908203125},"cycles":79205111834}
{"runtime":2737,"energy":{"pkg":229.3402099609375,"pp0":0,"dram":24.4871826171875},"cycles":79246114210}
{"runtime":3336,"energy":{"pkg":249.01312255859375,"pp0":0,"dram":29.41461181640625},"cycles":79209966521}
{"runtime":2786,"energy":{"pkg":231.2860107421875,"pp0":0,"dram":24.6011962890625},"cycles":79182546504}
{"runtime":2823,"energy":{"pkg":231.386474609375,"pp0":0,"dram":24.956298828125},"cycles":79072788927}
{"runtime":3021,"energy":{"pkg":235.70050048828125,"pp0":0,"dram":26.8707275390625},"cycles":79250934733}
{"runtime":2981,"energy":{"pkg":228.2342529296875,"pp0":0,"dram":26.71478271484375},"cycles":79059615895}
{"runtime":3277,"energy":{"pkg":246.705810546875,"pp0":0,"dram":28.91107177734375},"cycles":79179168782}
{"runtime":3074,"energy":{"pkg":237.5164794921875,"pp0":0,"dram":27.22967529296875},"cycles":79147341897}
{"runtime":3228,"energy":{"pkg":245.55487060546875,"pp0":0,"dram":28.6824951171875},"cycles":79204095009}
{"runtime":2743,"energy":{"pkg":228.9818115234375,"pp0":0,"dram":24.52777099609375},"cycles":79244282423}
{"runtime":3504,"energy":{"pkg":251.01531982421875,"pp0":0,"dram":31.215087890625},