{"runtime":3517,"energy":{"pkg":251.8917236328125,"pp0":0,"dram":30.72003173828125},"cycles":84604523448}
{"runtime":3271,"energy":{"pkg":248.461181640625,"pp0":0,"dram":28.91485595703125},"cycles":83098261007}
{"runtime":3476,"energy":{"pkg":252.9971923828125,"pp0":0,"dram":30.96514892578125},"cycles":83796718864}
{"runtime":3604,"energy":{"pkg":255.904296875,"pp0":0,"dram":31.213134765625},"cycles":84449090307}
{"runtime":3210,"energy":{"pkg":247.36224365234375,"pp0":0,"dram":28.1099853515625},"cycles":82551811459}
{"runtime":3344,"energy":{"pkg":255.3814697265625,"pp0":0,"dram":29.60662841796875},"cycles":84096109308}
{"runtime":3393,"energy":{"pkg":251.09930419921875,"pp0":0,"dram":30.06939697265625},"cycles":82812254665}
{"runtime":3057,"energy":{"pkg":246.15765380859375,"pp0":0,"dram":27.181884765625},"cycles":82496847408}
{"runtime":3205,"energy":{"pkg":249.09576416015625,"pp0":0,"dram":28.81964111328125},"cycles":83813063145}
{"runtime":3662,"energy":{"pkg":261.37945556640625,"pp0":0,"dram":32.349853515625},"cycles":84748088510}
{"runtime":3519,"energy":{"pkg":257.31243896484375,"pp0":0,"dram":31.34173583984375},"cycles":84771292649}
{"runtime":3595,"energy":{"pkg":257.58740234375,"pp0":0,"dram":32.0721435546875},"cycles":83293858068}
{"runtime":3633,"energy":{"pkg":264.75872802734375,"pp0":0,"dram":32.74969482421875},"cycles":83085410037}
{"runtime":3355,"energy":{"pkg":252.982177734375,"pp0":0,"dram":30.152587890625},"cycles":83785198853}
{"runtime":3546,"energy":{"pkg":259.353515625,"pp0":0,"dram":31.7322998046875},"cycles":84634188995}
{"runtime":3128,"energy":{"pkg":246.67645263671875,"pp0":0,"dram":28.5806884765625},"cycles":83539006958}
{"runtime":3743,"energy":{"pkg":264.989013671875,"pp0":0,"dram":33.4486083984375},"cycles":85433295229}
{"runtime":3777,"energy":{"pkg":263.18701171875,"pp0":0,"dram":33.22955322265625},"cycles":84783316148}
{"runtime":3511,"energy":{"pkg":259.8875732421875,"pp0":0,"dram":30.6573486328125},"cycles":83211869099}
{"runtime":3431,"energy":{"pkg":257.94122314453125,"pp0":0,"dram":30.0853271484375},"cycles":83039296399}
{"runtime":4026,"energy":{"pkg":270.43328857421875,"pp0":0,"dram":34.4173583984375},"cycles":87300645728}
{"runtime":3300,"energy":{"pkg":253.97161865234375,"pp0":0,"dram":29.2708740234375},"cycles":82702028530}
{"runtime":3681,"energy":{"pkg":265.9007568359375,"pp0":0,"dram":32.27349853515625},"cycles":84957838490}
{"runtime":3682,"energy":{"pkg":265.76312255859375,"pp0":0,"dram":32.59930419921875},"cycles":84245241823}
{"runtime":3534,"energy":{"pkg":259.919189453125,"pp0":0,"dram":31.1795654296875},"cycles":83622614436}
{"runtime":3597,"energy":{"pkg":261.794189453125,"pp0":0,"dram":31.4576416015625},"cycles":84386266192}
{"runtime":3657,"energy":{"pkg":261.49298095703125,"pp0":0,"dram":32.11053466796875},"cycles":85467315164}
{"runtime":3560,"energy":{"pkg":260.704833984375,"pp0":0,"dram":31.15625},"cycles":85097966459}
{"runtime":3312,"energy":{"pkg":254.0721435546875,"pp0":0,"dram":29.699951171875},"cycles":83410094330}
{"runtime":3401,"energy":{"pkg":258.0443115234375,"pp0":0,"dram":30.42645263671875},"cycles":84056259660}
{"runtime":3674,"energy":{"pkg":265.31500244140625,"pp0":0,"dram":32.37213134765625},"cycles":83630503329}
{"runtime":3627,"energy":{"pkg":262.96441650390625,"pp0":0,"dram":31.59637451171875},"cycles":84426061937}
{"runtime":3583,"energy":{"pkg":263.63629150390625,"pp0":0,"dram":31.7880859375},"cycles":83798475836}
{"runtime":3456,"energy":{"pkg":258.555419921875,"pp0":0,"dram":30.81854248046875},"cycles":84763728950}
{"runtime":3585,"energy":{"pkg":266.245361328125,"pp0":0,"dram":31.87835693359375},"cycles":84058737222}
{"runtime":3787,"energy":{"pkg":272.14251708984375,"pp0":0,"dram":33.52435302734375},"cycles":85081074071}
{"runtime":3264,"energy":{"pkg":253.32476806640625,"pp0":0,"dram":29.0162353515625},"cycles":83751015793}
{"runtime":3549,"energy":{"pkg":260.53717041015625,"pp0":0,"dram":31.6824951171875},"cycles":84739835717}
{"runtime":3509,"energy":{"pkg":259.6236572265625,"pp0":0,"dram":31.4869384765625},"cycles":83636058111}
{"runtime":3629,"energy":{"pkg":260.73651123046875,"pp0":0,"dram":32.029296875},"cycles":86182493361}
{"runtime":3773,"energy":{"pkg":268.72393798828125,"pp0":0,"dram":33.3267822265625},"cycles":84817106109}
{"runtime":3738,"energy":{"pkg":267.69073486328125,"pp0":0,"dram":33.34820556640625},"cycles":84235193998}
{"runtime":3696,"energy":{"pkg":266.3623046875,"pp0":0,"dram":32.85009765625},"cycles":85386286649}
{"runtime":3314,"energy":{"pkg":254.22747802734375,"pp0":0,"dram":29.771240234375},"cycles":82485714328}
{"runtime":3570,"energy":{"pkg":265.21551513671875,"pp0":0,"dram":32.4393310546875},"cycles":83386420502}
{"runtime":3616,"energy":{"pkg":263.71160888671875,"pp0":0,"dram":32.34576416015625},"cycles":84945985300}
{"runtime":3676,"energy":{"pkg":262.9139404296875,"pp0":0,"dram":32.63897705078125},"cycles":85410255646}
{"runtime":3896,"energy":{"pkg":265.75537109375,"pp0":0,"dram":34.109619140625},"cycles":87913182930}
{"runtime":3556,"energy":{"pkg":262.2864990234375,"pp0":0,"dram":31.597900390625},"cycles":84692467172}
{"runtime":3542,"energy":{"pkg":261.27362060546875,"pp0":0,"dram":31.9002685546875},"cycles":84644889050}
{"runtime":3391,"energy":{"pkg":257.448486328125,"pp0":0,"dram":30.66290283203125},"cycles":83279981484}
{"runtime":3465,"energy":{"pkg":260.46722412109375,"pp0":0,"dram":31.14617919921875},"cycles":83083671719}
{"runtime":3738,"energy":{"pkg":266.351806640625,"pp0":0,"dram":33.4322509765625},"cycles":84586746610}
{"runtime":3791,"energy":{"pkg":264.1290283203125,"pp0":0,"dram":33.365234375},"cycles":85007129863}
{"runtime":3594,"energy":{"pkg":261.76239013671875,"pp0":0,"dram":32.21075439453125},"cycles":84008147146}
{"runtime":3695,"energy":{"pkg":265.244384765625,"pp0":0,"dram":32.76458740234375},"cycles":85000961445}
{"runtime":3634,"energy":{"pkg":258.507568359375,"pp0":0,"dram":31.74407958984375},"cycles":87144518308}
{"runtime":3682,"energy":{"pkg":262.7880859375,"pp0":0,"dram":32.49505615234375},"cycles":84728636440}
{"runtime":3421,"energy":{"pkg":255.8702392578125,"pp0":0,"dram":30.51025390625},"cycles":83172330929}
{"runtime":3739,"energy":{"pkg":259.1961669921875,"pp0":0,"dram":32.29901123046875},"cycles":87237345335}
{"runtime":3596,"energy":{"pkg":259.50677490234375,"pp0":0,"dram":31.6087646484375},"cycles":84814966629}
{"runtime":3592,"energy":{"pkg":259.6470947265625,"pp0":0,"dram":31.53265380859375},"cycles":84904685194}
{"runtime":3758,"energy":{"pkg":262.35430908203125,"pp0":0,"dram":32.839599609375},"cycles":87650943864}
{"runtime":3378,"energy":{"pkg":253.2191162109375,"pp0":0,"dram":30.163330078125},"cycles":83458677836}
{"runtime":3801,"energy":{"pkg":261.5191650390625,"pp0":0,"dram":33.4896240234375},"cycles":86515581679}
{"runtime":3377,"energy":{"pkg":253.1243896484375,"pp0":0,"dram":30.528564453125},"cycles":84733153181}
{"runtime":3576,"energy":{"pkg":259.806884765625,"pp0":0,"dram":31.510498046875},"cycles":84062601144}
{"runtime":3679,"energy":{"pkg":261.407470703125,"pp0":0,"dram":32.322509765625},"cycles":84718665309}
{"runtime":3572,"energy":{"pkg":257.3304443359375,"pp0":0,"dram":31.70831298828125},"cycles":85409305645}
{"runtime":3426,"energy":{"pkg":253.12335205078125,"pp0":0,"dram":30.26800537109375},"cycles":85249125631}
{"runtime":3906,"energy":{"pkg":265.58868408203125,"pp0":0,"dram":34.463623046875},"cycles":84389245458}
{"runtime":3404,"energy":{"pkg":253.26422119140625,"pp0":0,"dram":30.1348876953125},"cycles":84669253892}
{"runtime":3399,"energy":{"pkg":255.38238525390625,"pp0":0,"dram":30.74102783203125},"cycles":84050311800}
{"runtime":3675,"energy":{"pkg":260.3575439453125,"pp0":0,"dram":32.322509765625},"cycles":86016681487}
{"runtime":3580,"energy":{"pkg":260.00787353515625,"pp0":0,"dram":31.23394775390625},"cycles":83435999110}
{"runtime":3488,"energy":{"pkg":255.51605224609375,"pp0":0,"dram":31.20208740234375},"cycles":84419046658}
{"runtime":3157,