{"runtime":1150,"energy":{"pkg":96.211669921875,"pp0":0,"dram":14.7431640625},"cycles":10325359808}
{"runtime":1146,"energy":{"pkg":95.930908203125,"pp0":0,"dram":14.83135986328125},"cycles":10284840174}
{"runtime":1523,"energy":{"pkg":125.7584228515625,"pp0":0,"dram":24.4420166015625},"cycles":13356617032}
{"runtime":1207,"energy":{"pkg":100.8624267578125,"pp0":0,"dram":15.02557373046875},"cycles":11041915680}
{"runtime":1111,"energy":{"pkg":92.78216552734375,"pp0":0,"dram":13.62615966796875},"cycles":10097427413}
{"runtime":1143,"energy":{"pkg":96.38507080078125,"pp0":0,"dram":14.140625},"cycles":10262255556}
{"runtime":1174,"energy":{"pkg":98.30078125,"pp0":0,"dram":14.4189453125},"cycles":10744220107}
{"runtime":1155,"energy":{"pkg":96.6328125,"pp0":0,"dram":14.69598388671875},"cycles":10276231914}
{"runtime":1193,"energy":{"pkg":99.6689453125,"pp0":0,"dram":14.9259033203125},"cycles":10814207901}
{"runtime":1134,"energy":{"pkg":95.00634765625,"pp0":0,"dram":17.99810791015625},"cycles":10406959357}
{"runtime":1113,"energy":{"pkg":93.02606201171875,"pp0":0,"dram":14.25054931640625},"cycles":9983668462}
{"runtime":1151,"energy":{"pkg":95.24176025390625,"pp0":0,"dram":10.54913330078125},"cycles":10132918461}
{"runtime":1180,"energy":{"pkg":98.58795166015625,"pp0":0,"dram":10.8446044921875},"cycles":10697588821}
{"runtime":1069,"energy":{"pkg":89.57220458984375,"pp0":0,"dram":13.42535400390625},"cycles":9682934946}
{"runtime":1127,"energy":{"pkg":93.3494873046875,"pp0":0,"dram":15.77423095703125},"cycles":9957121961}
{"runtime":1159,"energy":{"pkg":96.84893798828125,"pp0":0,"dram":13.36395263671875},"cycles":10400884731}
{"runtime":1205,"energy":{"pkg":100.73736572265625,"pp0":0,"dram":17.09173583984375},"cycles":10830951908}
{"runtime":1135,"energy":{"pkg":94.39111328125,"pp0":0,"dram":10.47216796875},"cycles":9968106700}
{"runtime":1129,"energy":{"pkg":94.7265625,"pp0":0,"dram":14.47967529296875},"cycles":10137595125}
{"runtime":1181,"energy":{"pkg":98.50762939453125,"pp0":0,"dram":15.103759765625},"cycles":10606509104}
{"runtime":1110,"energy":{"pkg":92.53997802734375,"pp0":0,"dram":16.17266845703125},"cycles":9962520416}
{"runtime":1222,"energy":{"pkg":102.141845703125,"pp0":0,"dram":19.65478515625},"cycles":11085482976}
{"runtime":1128,"energy":{"pkg":93.93890380859375,"pp0":0,"dram":18.09527587890625},"cycles":10131666700}
{"runtime":1209,"energy":{"pkg":101.260498046875,"pp0":0,"dram":15.63128662109375},"cycles":10826052430}
{"runtime":1133,"energy":{"pkg":95.30908203125,"pp0":0,"dram":10.44696044921875},"cycles":9964303398}
{"runtime":1120,"energy":{"pkg":93.69927978515625,"pp0":0,"dram":14.3172607421875},"cycles":10243322600}
{"runtime":1121,"energy":{"pkg":94.42431640625,"pp0":0,"dram":14.70458984375},"cycles":10257291986}
{"runtime":1197,"energy":{"pkg":100.44696044921875,"pp0":0,"dram":14.901611328125},"cycles":10954953083}
{"runtime":1117,"energy":{"pkg":93.51361083984375,"pp0":0,"dram":14.66693115234375},"cycles":10077858242}
{"runtime":1236,"energy":{"pkg":103.3822021484375,"pp0":0,"dram":11.44696044921875},"cycles":11025123108}
{"runtime":1142,"energy":{"pkg":-262048.05236816406,"pp0":0,"dram":14.12078857421875},"cycles":10349955648}
{"runtime":1150,"energy":{"pkg":96.27117919921875,"pp0":0,"dram":17.36492919921875},"cycles":10136581546}
{"runtime":1101,"energy":{"pkg":92.6982421875,"pp0":0,"dram":10.03570556640625},"cycles":9978583616}
{"runtime":1122,"energy":{"pkg":93.5682373046875,"pp0":0,"dram":17.535400390625},"cycles":10271166334}
{"runtime":1211,"energy":{"pkg":101.78302001953125,"pp0":0,"dram":15.036865234375},"cycles":10982872985}
{"runtime":1161,"energy":{"pkg":96.60247802734375,"pp0":0,"dram":18.49261474609375},"cycles":10516582853}
{"runtime":1151,"energy":{"pkg":96.76763916015625,"pp0":0,"dram":14.3824462890625},"cycles":10335577298}
{"runtime":1139,"energy":{"pkg":95.4444580078125,"pp0":0,"dram":14.27667236328125},"cycles":10327733054}
{"runtime":1154,"energy":{"pkg":96.4681396484375,"pp0":0,"dram":11.40069580078125},"cycles":10564327494}
{"runtime":1181,"energy":{"pkg":98.95147705078125,"pp0":0,"dram":13.24029541015625},"cycles":10515183069}
{"runtime":1110,"energy":{"pkg":93.65545654296875,"pp0":0,"dram":10.1610107421875},"cycles":10155146369}
{"runtime":1133,"energy":{"pkg":95.197265625,"pp0":0,"dram":10.342529296875},"cycles":9962963103}
{"runtime":1090,"energy":{"pkg":90.851318359375,"pp0":0,"dram":13.1690673828125},"cycles":9964333216}
{"runtime":1139,"energy":{"pkg":94.59820556640625,"pp0":0,"dram":14.23828125},"cycles":10024517334}
{"runtime":1152,"energy":{"pkg":96.17138671875,"pp0":0,"dram":10.54461669921875},"cycles":10140373138}
{"runtime":1175,"energy":{"pkg":97.90093994140625,"pp0":0,"dram":14.638671875},"cycles":10419397106}
{"runtime":1091,"energy":{"pkg":91.32904052734375,"pp0":0,"dram":9.98291015625},"cycles":9971142306}
{"runtime":1156,"energy":{"pkg":97.06597900390625,"pp0":0,"dram":14.24481201171875},"cycles":10378194514}
{"runtime":1118,"energy":{"pkg":93.84515380859375,"pp0":0,"dram":10.079833984375},"cycles":10125765946}
{"runtime":1164,"energy":{"pkg":97.3126220703125,"pp0":0,"dram":11.61932373046875},"cycles":10556796911}
{"runtime":1126,"energy":{"pkg":93.39813232421875,"pp0":0,"dram":15.1341552734375},"cycles":10004662635}
{"runtime":1111,"energy":{"pkg":92.348388671875,"pp0":0,"dram":17.682373046875},"cycles":9965099540}
{"runtime":1104,"energy":{"pkg":91.9649658203125,"pp0":0,"dram":13.619140625},"cycles":10004381759}
{"runtime":1121,"energy":{"pkg":94.27203369140625,"pp0":0,"dram":13.9000244140625},"cycles":10255331295}
{"runtime":1276,"energy":{"pkg":106.18182373046875,"pp0":0,"dram":11.568603515625},"cycles":10482764058}
{"runtime":1189,"energy":{"pkg":99.10614013671875,"pp0":0,"dram":10.964599609375},"cycles":10583825811}
{"runtime":1151,"energy":{"pkg":96.2833251953125,"pp0":0,"dram":10.54095458984375},"cycles":10131306700}
{"runtime":1152,"energy":{"pkg":96.3697509765625,"pp0":0,"dram":10.429931640625},"cycles":10144663171}
{"runtime":1257,"energy":{"pkg":105.09033203125,"pp0":0,"dram":15.04193115234375},"cycles":11389178526}
{"runtime":1112,"energy":{"pkg":92.785400390625,"pp0":0,"dram":13.76434326171875},"cycles":10177142906}
{"runtime":1176,"energy":{"pkg":98.16827392578125,"pp0":0,"dram":10.7236328125},"cycles":10460962616}
{"runtime":1131,"energy":{"pkg":94.597412109375,"pp0":0,"dram":10.24786376953125},"cycles":9953092009}
{"runtime":1131,"energy":{"pkg":94.31536865234375,"pp0":0,"dram":10.29095458984375},"cycles":9946141684}
{"runtime":1221,"energy":{"pkg":102.248779296875,"pp0":0,"dram":15.2900390625},"cycles":10880535074}
{"runtime":1187,"energy":{"pkg":99.77587890625,"pp0":0,"dram":10.7828369140625},"cycles":10566780190}
{"runtime":1132,"energy":{"pkg":94.02130126953125,"pp0":0,"dram":10.1346435546875},"cycles":9954492794}
{"runtime":1092,"energy":{"pkg":90.114990234375,"pp0":0,"dram":9.780029296875},"cycles":9887750533}
{"runtime":1153,"energy":{"pkg":96.5076904296875,"pp0":0,"dram":10.46783447265625},"cycles":10155078982}
{"runtime":1131,"energy":{"pkg":93.1805419921875,"pp0":0,"dram":14.06939697265625},"cycles":9900430055}
{"runtime":1204,"energy":{"pkg":100.41485595703125,"pp0":0,"dram":14.7579345703125},"cycles":11024084482}
{"runtime":1131,"energy":{"pkg":94.9678955078125,"pp0":0,"dram":10.18450927734375},"cycles":9955183613}
{"runtime":1141,"energy":{"pkg":95.23675537109375,"pp0":0,"dram":18.8017578125},"cycles":10038325762}
{"runtime":1168,"energy":{"pkg":97.82159423828125,"pp0":0,"dram":14.33306884765625},"cycles":10628049372}
{"runtime":1214,"energy":{"pkg":100.65911865234375,"pp0":0,"dram":10.93853759765625},"cycles":10773405106}
{"runtime":1112,"energy":{"pkg":92.68060302734375,"pp0":0,"dram":10.06304931640625},"cycles":10077929357}
{"runtime":1110,"energy":{"pkg":92.385009765625,"pp0":0,"dram":14.1478271484375},"cycles":10051998478}
{"runtime":1169,"energy":{"pkg":98.48272705078125,"pp0":0,"dram":10.63800048828125},"cycles":10594858885}
{"runtime":1172,