{"runtime":1119,"energy":{"pkg":55.94732666015625,"pp0":0,"dram":9.84759521484375},"cycles":10422725763}
{"runtime":1291,"energy":{"pkg":60.74603271484375,"pp0":0,"dram":11.43292236328125},"cycles":10512080040}
{"runtime":1265,"energy":{"pkg":56.423583984375,"pp0":0,"dram":11.17962646484375},"cycles":10474953877}
{"runtime":1113,"energy":{"pkg":56.98101806640625,"pp0":0,"dram":9.8321533203125},"cycles":10177033115}
{"runtime":1281,"energy":{"pkg":59.07763671875,"pp0":0,"dram":11.28594970703125},"cycles":10651067624}
{"runtime":1172,"energy":{"pkg":56.76080322265625,"pp0":0,"dram":10.28857421875},"cycles":10227194925}
{"runtime":1239,"energy":{"pkg":61.542724609375,"pp0":0,"dram":10.8743896484375},"cycles":10436617452}
{"runtime":1010,"energy":{"pkg":53.50140380859375,"pp0":0,"dram":8.8795166015625},"cycles":10087558490}
{"runtime":975,"energy":{"pkg":52.4090576171875,"pp0":0,"dram":8.76727294921875},"cycles":10128399043}
{"runtime":1055,"energy":{"pkg":54.700927734375,"pp0":0,"dram":9.360107421875},"cycles":10122406678}
{"runtime":1060,"energy":{"pkg":54.947021484375,"pp0":0,"dram":9.53363037109375},"cycles":10167922653}
{"runtime":1154,"energy":{"pkg":56.34619140625,"pp0":0,"dram":10.53912353515625},"cycles":10336175286}
{"runtime":1115,"energy":{"pkg":57.62109375,"pp0":0,"dram":9.948974609375},"cycles":10498700795}
{"runtime":1086,"energy":{"pkg":57.42669677734375,"pp0":0,"dram":9.7515869140625},"cycles":10713362565}
{"runtime":1276,"energy":{"pkg":56.286865234375,"pp0":0,"dram":11.64166259765625},"cycles":10086259689}
{"runtime":1160,"energy":{"pkg":58.63238525390625,"pp0":0,"dram":10.625244140625},"cycles":10364725902}
{"runtime":1277,"energy":{"pkg":57.80438232421875,"pp0":0,"dram":11.6541748046875},"cycles":10780232234}
{"runtime":1248,"energy":{"pkg":57.0892333984375,"pp0":0,"dram":11.38507080078125},"cycles":10668795519}
{"runtime":1077,"energy":{"pkg":57.13677978515625,"pp0":0,"dram":9.69061279296875},"cycles":10711257776}
{"runtime":1014,"energy":{"pkg":54.284423828125,"pp0":0,"dram":9.17889404296875},"cycles":10266646129}
{"runtime":1074,"energy":{"pkg":56.659912109375,"pp0":0,"dram":9.67431640625},"cycles":10593791435}
{"runtime":1043,"energy":{"pkg":55.9149169921875,"pp0":0,"dram":9.41448974609375},"cycles":10493945949}
{"runtime":1227,"energy":{"pkg":57.45367431640625,"pp0":0,"dram":10.918212890625},"cycles":10649837911}
{"runtime":1051,"energy":{"pkg":55.16253662109375,"pp0":0,"dram":9.376953125},"cycles":10107986400}
{"runtime":1012,"energy":{"pkg":54.42034912109375,"pp0":0,"dram":9.083251953125},"cycles":10294115736}
{"runtime":1281,"energy":{"pkg":63.5235595703125,"pp0":0,"dram":11.3082275390625},"cycles":10603947264}
{"runtime":1122,"energy":{"pkg":58.00433349609375,"pp0":0,"dram":10.01092529296875},"cycles":10260247887}
{"runtime":1065,"energy":{"pkg":57.376953125,"pp0":0,"dram":9.51220703125},"cycles":10642071731}
{"runtime":1299,"energy":{"pkg":58.893310546875,"pp0":0,"dram":11.72760009765625},"cycles":10834206140}
{"runtime":1075,"energy":{"pkg":57.274169921875,"pp0":0,"dram":9.59979248046875},"cycles":10572878247}
{"runtime":1315,"energy":{"pkg":58.4200439453125,"pp0":0,"dram":11.5723876953125},"cycles":10248293656}
{"runtime":1288,"energy":{"pkg":60.1259765625,"pp0":0,"dram":11.70343017578125},"cycles":10133254798}
{"runtime":1334,"energy":{"pkg":60.92559814453125,"pp0":0,"dram":11.95306396484375},"cycles":10525543927}
{"runtime":924,"energy":{"pkg":47.0382080078125,"pp0":0,"dram":7.59771728515625},"cycles":9949807257}
{"runtime":1196,"energy":{"pkg":56.59539794921875,"pp0":0,"dram":10.73846435546875},"cycles":10175521039}
{"runtime":1257,"energy":{"pkg":57.65234375,"pp0":0,"dram":11.20166015625},"cycles":10467114878}
{"runtime":1128,"energy":{"pkg":54.70379638671875,"pp0":0,"dram":10.11004638671875},"cycles":10193214719}
{"runtime":1317,"energy":{"pkg":58.34271240234375,"pp0":0,"dram":11.9410400390625},"cycles":10380642306}
{"runtime":1132,"energy":{"pkg":58.51409912109375,"pp0":0,"dram":10.21441650390625},"cycles":10287718891}
{"runtime":1122,"energy":{"pkg":53.1177978515625,"pp0":0,"dram":9.32794189453125},"cycles":10185110163}
{"runtime":1122,"energy":{"pkg":57.67138671875,"pp0":0,"dram":10.08978271484375},"cycles":10289094244}
{"runtime":1026,"energy":{"pkg":54.20361328125,"pp0":0,"dram":9.3250732421875},"cycles":10029765508}
{"runtime":1270,"energy":{"pkg":62.9334716796875,"pp0":0,"dram":11.5509033203125},"cycles":10436989946}
{"runtime":1024,"energy":{"pkg":55.18743896484375,"pp0":0,"dram":9.31207275390625},"cycles":10388175326}
{"runtime":1115,"energy":{"pkg":55.96978759765625,"pp0":0,"dram":10.15545654296875},"cycles":10451341440}
{"runtime":1031,"energy":{"pkg":55.69476318359375,"pp0":0,"dram":9.32513427734375},"cycles":10557385756}
{"runtime":1329,"energy":{"pkg":54.5198974609375,"pp0":0,"dram":11.3870849609375},"cycles":10160989383}
{"runtime":1020,"energy":{"pkg":54.45562744140625,"pp0":0,"dram":9.2132568359375},"cycles":10367207215}
{"runtime":1172,"energy":{"pkg":59.4044189453125,"pp0":0,"dram":10.61602783203125},"cycles":10326049636}
{"runtime":1329,"energy":{"pkg":55.7347412109375,"pp0":0,"dram":11.33807373046875},"cycles":10232628102}
{"runtime":1239,"energy":{"pkg":57.51116943359375,"pp0":0,"dram":11.2237548828125},"cycles":10620419527}
{"runtime":1006,"energy":{"pkg":54.10711669921875,"pp0":0,"dram":9.09552001953125},"cycles":10229439539}
{"runtime":1239,"energy":{"pkg":56.3035888671875,"pp0":0,"dram":11.30474853515625},"cycles":10550290564}
{"runtime":1337,"energy":{"pkg":57.61224365234375,"pp0":0,"dram":11.66058349609375},"cycles":10240355313}
{"runtime":1251,"energy":{"pkg":58.0946044921875,"pp0":0,"dram":11.42083740234375},"cycles":10691065500}
{"runtime":1440,"energy":{"pkg":58.0345458984375,"pp0":0,"dram":12.7515869140625},"cycles":10072928271}
{"runtime":1063,"energy":{"pkg":55.1409912109375,"pp0":0,"dram":9.48687744140625},"cycles":10116491977}
{"runtime":1241,"energy":{"pkg":57.29937744140625,"pp0":0,"dram":11.16943359375},"cycles":10666320978}
{"runtime":1028,"energy":{"pkg":55.24371337890625,"pp0":0,"dram":9.18951416015625},"cycles":10387713283}
{"runtime":1155,"energy":{"pkg":54.8748779296875,"pp0":0,"dram":10.33111572265625},"cycles":10090169803}
{"runtime":1119,"energy":{"pkg":57.9996337890625,"pp0":0,"dram":10.06884765625},"cycles":10344736849}
{"runtime":1032,"energy":{"pkg":53.69146728515625,"pp0":0,"dram":9.32177734375},"cycles":10064217772}
{"runtime":1337,"energy":{"pkg":62.33453369140625,"pp0":0,"dram":12.0382080078125},"cycles":10697690152}
{"runtime":1265,"energy":{"pkg":57.8468017578125,"pp0":0,"dram":11.4200439453125},"cycles":10693969439}
{"runtime":1038,"energy":{"pkg":55.3209228515625,"pp0":0,"dram":9.44512939453125},"cycles":10389990391}
{"runtime":1151,"energy":{"pkg":59.259033203125,"pp0":0,"dram":10.41229248046875},"cycles":10146043804}
{"runtime":1124,"energy":{"pkg":52.91845703125,"pp0":0,"dram":9.38104248046875},"cycles":10077570997}
{"runtime":1093,"energy":{"pkg":55.4683837890625,"pp0":0,"dram":9.8726806640625},"cycles":10157342575}
{"runtime":1202,"energy":{"pkg":58.35284423828125,"pp0":0,"dram":10.75006103515625},"cycles":10459958645}
{"runtime":1267,"energy":{"pkg":60.21044921875,"pp0":0,"dram":11.4268798828125},"cycles":10451803631}
{"runtime":1076,"energy":{"pkg":56.39874267578125,"pp0":0,"dram":9.68505859375},"cycles":10530259843}
{"runtime":1141,"energy":{"pkg":59.3809814453125,"pp0":0,"dram":10.30084228515625},"cycles":11046966896}
{"runtime":1080,"energy":{"pkg":57.89385986328125,"pp0":0,"dram":9.8065185546875},"cycles":10890467123}
{"runtime":1164,"energy":{"pkg":55.1246337890625,"pp0":0,"dram":9.8304443359375},"cycles":10314317404}
{"runtime":1112,"energy":{"pkg":56.6064453125,"pp0":0,"dram":10.0791015625},"cycles":10285640844}
{"runtime":1285,"energy":{"pkg":56.4754638671875,"pp0":0,"dram":11.673583984375},"cycles":10286327522}
{"runtime":1073,"energy":{"pkg":55.1046142578125,"pp0":0,"dram":9.72906494140625},"cycles":10226156675}
{"runtime":1052,