{"runtime":552,"energy":{"pkg":49.27545166015625,"pp0":0,"dram":7.0406494140625},"cycles":20609872524}
{"runtime":480,"energy":{"pkg":43.3433837890625,"pp0":0,"dram":5.9815673828125},"cycles":20815054527}
{"runtime":522,"energy":{"pkg":46.72528076171875,"pp0":0,"dram":7.2645263671875},"cycles":21399336370}
{"runtime":510,"energy":{"pkg":45.60260009765625,"pp0":0,"dram":5.70697021484375},"cycles":20889828530}
{"runtime":535,"energy":{"pkg":48.1357421875,"pp0":0,"dram":6.40594482421875},"cycles":21095490702}
{"runtime":499,"energy":{"pkg":44.70050048828125,"pp0":0,"dram":5.7572021484375},"cycles":21044158723}
{"runtime":442,"energy":{"pkg":40.15631103515625,"pp0":0,"dram":4.98114013671875},"cycles":21064865566}
{"runtime":528,"energy":{"pkg":47.322021484375,"pp0":0,"dram":6.4041748046875},"cycles":20342419317}
{"runtime":501,"energy":{"pkg":45.47247314453125,"pp0":0,"dram":6.10308837890625},"cycles":19973263978}
{"runtime":480,"energy":{"pkg":43.302734375,"pp0":0,"dram":6.57904052734375},"cycles":20476757724}
{"runtime":502,"energy":{"pkg":45.07989501953125,"pp0":0,"dram":6.28680419921875},"cycles":21306613667}
{"runtime":504,"energy":{"pkg":45.20928955078125,"pp0":0,"dram":4.77215576171875},"cycles":21406743952}
{"runtime":495,"energy":{"pkg":44.62994384765625,"pp0":0,"dram":4.7005615234375},"cycles":21276776771}
{"runtime":527,"energy":{"pkg":46.8056640625,"pp0":0,"dram":6.85205078125},"cycles":22285401547}
{"runtime":522,"energy":{"pkg":46.463623046875,"pp0":0,"dram":7.0640869140625},"cycles":20960572294}
{"runtime":519,"energy":{"pkg":46.5750732421875,"pp0":0,"dram":4.906494140625},"cycles":21316997246}
{"runtime":441,"energy":{"pkg":40.0150146484375,"pp0":0,"dram":6.31732177734375},"cycles":20464114235}
{"runtime":488,"energy":{"pkg":43.82611083984375,"pp0":0,"dram":4.615966796875},"cycles":21896812945}
{"runtime":507,"energy":{"pkg":45.46539306640625,"pp0":0,"dram":6.40875244140625},"cycles":20469381961}
{"runtime":457,"energy":{"pkg":41.6038818359375,"pp0":0,"dram":5.2166748046875},"cycles":20899634641}
{"runtime":543,"energy":{"pkg":47.9713134765625,"pp0":0,"dram":7.681884765625},"cycles":22041485725}
{"runtime":476,"energy":{"pkg":42.890869140625,"pp0":0,"dram":6.52008056640625},"cycles":20809169129}
{"runtime":484,"energy":{"pkg":43.51898193359375,"pp0":0,"dram":5.75628662109375},"cycles":22245001268}
{"runtime":503,"energy":{"pkg":45.21331787109375,"pp0":0,"dram":5.4901123046875},"cycles":20436556606}
{"runtime":458,"energy":{"pkg":41.171875,"pp0":0,"dram":4.3450927734375},"cycles":22667865487}
{"runtime":468,"energy":{"pkg":42.4683837890625,"pp0":0,"dram":5.181396484375},"cycles":20340849963}
{"runtime":528,"energy":{"pkg":47.3182373046875,"pp0":0,"dram":6.64837646484375},"cycles":20372405774}
{"runtime":501,"energy":{"pkg":45.2520751953125,"pp0":0,"dram":5.62420654296875},"cycles":20697376718}
{"runtime":589,"energy":{"pkg":52.14501953125,"pp0":0,"dram":7.35980224609375},"cycles":22846827074}
{"runtime":472,"energy":{"pkg":42.76873779296875,"pp0":0,"dram":4.490234375},"cycles":20626678924}
{"runtime":499,"energy":{"pkg":44.98016357421875,"pp0":0,"dram":5.64276123046875},"cycles":20222851247}
{"runtime":517,"energy":{"pkg":46.1292724609375,"pp0":0,"dram":7.173095703125},"cycles":21499042756}
{"runtime":494,"energy":{"pkg":44.017578125,"pp0":0,"dram":5.89312744140625},"cycles":21543451458}
{"runtime":519,"energy":{"pkg":46.1649169921875,"pp0":0,"dram":7.31146240234375},"cycles":21845397253}
{"runtime":486,"energy":{"pkg":43.7364501953125,"pp0":0,"dram":5.30035400390625},"cycles":20792097471}
{"runtime":533,"energy":{"pkg":47.451904296875,"pp0":0,"dram":7.336669921875},"cycles":21333541492}
{"runtime":540,"energy":{"pkg":48.17041015625,"pp0":0,"dram":6.12860107421875},"cycles":21249545125}
{"runtime":439,"energy":{"pkg":40.04473876953125,"pp0":0,"dram":4.8182373046875},"cycles":21017012152}
{"runtime":534,"energy":{"pkg":47.4998779296875,"pp0":0,"dram":5.052978515625},"cycles":21820648652}
{"runtime":546,"energy":{"pkg":48.670166015625,"pp0":0,"dram":5.19635009765625},"cycles":21958501970}
{"runtime":541,"energy":{"pkg":48.53424072265625,"pp0":0,"dram":5.03240966796875},"cycles":21348369300}
{"runtime":541,"energy":{"pkg":48.1810302734375,"pp0":0,"dram":5.04986572265625},"cycles":21608877597}
{"runtime":485,"energy":{"pkg":43.991455078125,"pp0":0,"dram":5.78692626953125},"cycles":20083383109}
{"runtime":561,"energy":{"pkg":49.25970458984375,"pp0":0,"dram":6.57464599609375},"cycles":21875770981}
{"runtime":555,"energy":{"pkg":49.4522705078125,"pp0":0,"dram":5.1966552734375},"cycles":21500747375}
{"runtime":531,"energy":{"pkg":47.39093017578125,"pp0":0,"dram":5.89569091796875},"cycles":21505771865}
{"runtime":502,"energy":{"pkg":44.834228515625,"pp0":0,"dram":4.69134521484375},"cycles":21859197093}
{"runtime":471,"energy":{"pkg":42.69097900390625,"pp0":0,"dram":4.944580078125},"cycles":20683378281}
{"runtime":560,"energy":{"pkg":49.71905517578125,"pp0":0,"dram":5.19390869140625},"cycles":21989838976}
{"runtime":548,"energy":{"pkg":48.64227294921875,"pp0":0,"dram":5.13079833984375},"cycles":21471936729}
{"runtime":530,"energy":{"pkg":47.2103271484375,"pp0":0,"dram":7.05609130859375},"cycles":21655631155}
{"runtime":568,"energy":{"pkg":50.3736572265625,"pp0":0,"dram":6.01318359375},"cycles":20497735402}
{"runtime":492,"energy":{"pkg":43.96826171875,"pp0":0,"dram":5.67254638671875},"cycles":21337317160}
{"runtime":517,"energy":{"pkg":46.296142578125,"pp0":0,"dram":5.80975341796875},"cycles":20944472341}
{"runtime":536,"energy":{"pkg":47.7999267578125,"pp0":0,"dram":5.0391845703125},"cycles":21618145064}
{"runtime":529,"energy":{"pkg":47.00628662109375,"pp0":0,"dram":4.9281005859375},"cycles":22421104272}
{"runtime":507,"energy":{"pkg":45.63421630859375,"pp0":0,"dram":4.76593017578125},"cycles":21623853413}
{"runtime":494,"energy":{"pkg":44.64361572265625,"pp0":0,"dram":4.5888671875},"cycles":20662836116}
{"runtime":531,"energy":{"pkg":47.34674072265625,"pp0":0,"dram":6.2711181640625},"cycles":20830511392}
{"runtime":512,"energy":{"pkg":45.7022705078125,"pp0":0,"dram":5.834716796875},"cycles":22101496478}
{"runtime":502,"energy":{"pkg":45.21697998046875,"pp0":0,"dram":4.69171142578125},"cycles":20850141941}
{"runtime":504,"energy":{"pkg":45.307861328125,"pp0":0,"dram":4.70867919921875},"cycles":21225647021}
{"runtime":583,"energy":{"pkg":51.8948974609375,"pp0":0,"dram":5.46649169921875},"cycles":22475960857}
{"runtime":514,"energy":{"pkg":46.04779052734375,"pp0":0,"dram":5.321044921875},"cycles":20948820239}
{"runtime":550,"energy":{"pkg":48.86529541015625,"pp0":0,"dram":5.08758544921875},"cycles":21481836515}
{"runtime":526,"energy":{"pkg":47.10101318359375,"pp0":0,"dram":4.85906982421875},"cycles":21007628679}
{"runtime":546,"energy":{"pkg":48.18017578125,"pp0":0,"dram":5.05963134765625},"cycles":22108162579}
{"runtime":477,"energy":{"pkg":43.07269287109375,"pp0":0,"dram":4.4864501953125},"cycles":21907215394}
{"runtime":565,"energy":{"pkg":49.84405517578125,"pp0":0,"dram":6.8623046875},"cycles":22230241472}
{"runtime":514,"energy":{"pkg":46.3240966796875,"pp0":0,"dram":7.18603515625},"cycles":20688959225}
{"runtime":486,"energy":{"pkg":43.5416259765625,"pp0":0,"dram":5.45379638671875},"cycles":21667766892}
{"runtime":496,"energy":{"pkg":44.297119140625,"pp0":0,"dram":7.09552001953125},"cycles":22031343392}
{"runtime":486,"energy":{"pkg":43.6634521484375,"pp0":0,"dram":5.11688232421875},"cycles":21072465602}
{"runtime":496,"energy":{"pkg":44.4034423828125,"pp0":0,"dram":4.60992431640625},"cycles":21817209555}
{"runtime":488,"energy":{"pkg":43.900146484375,"pp0":0,"dram":4.5458984375},"cycles":21409711303}
{"runtime":564,"energy":{"pkg":50.19818115234375,"pp0":0,"dram":6.98101806640625},"cycles":21287183559}
{"runtime":500,"energy":{"pkg":45.1019287109375,"pp0":0,"dram":4.619384765625},"cycles":20690497802}
{"runtime":446,"energy":{"pkg":40.5771484375,"pp0":0,"dram":4.16204833984375},"cycles":20756337508}
{"runtime":502,