{"runtime":404,"energy":{"pkg":32.5621337890625,"pp0":0,"dram":3.64923095703125},"cycles":28493552760}
{"runtime":402,"energy":{"pkg":32.6527099609375,"pp0":0,"dram":3.63970947265625},"cycles":28636983648}
{"runtime":392,"energy":{"pkg":32.40032958984375,"pp0":0,"dram":3.54547119140625},"cycles":28476544500}
{"runtime":421,"energy":{"pkg":33.6474609375,"pp0":0,"dram":3.8048095703125},"cycles":28631004315}
{"runtime":409,"energy":{"pkg":33.56268310546875,"pp0":0,"dram":3.715087890625},"cycles":28624747427}
{"runtime":394,"energy":{"pkg":33.1192626953125,"pp0":0,"dram":3.58697509765625},"cycles":28594741297}
{"runtime":403,"energy":{"pkg":33.2935791015625,"pp0":0,"dram":3.675048828125},"cycles":28605257404}
{"runtime":393,"energy":{"pkg":32.90576171875,"pp0":0,"dram":3.602783203125},"cycles":28547137427}
{"runtime":392,"energy":{"pkg":33.04345703125,"pp0":0,"dram":3.5797119140625},"cycles":28476402460}
{"runtime":404,"energy":{"pkg":33.22454833984375,"pp0":0,"dram":3.6212158203125},"cycles":28481659732}
{"runtime":395,"energy":{"pkg":33.41534423828125,"pp0":0,"dram":3.56451416015625},"cycles":28607536016}
{"runtime":392,"energy":{"pkg":32.90167236328125,"pp0":0,"dram":3.5802001953125},"cycles":28475136409}
{"runtime":397,"energy":{"pkg":33.2530517578125,"pp0":0,"dram":3.6668701171875},"cycles":28636843098}
{"runtime":404,"energy":{"pkg":33.59820556640625,"pp0":0,"dram":3.72869873046875},"cycles":28515821957}
{"runtime":401,"energy":{"pkg":33.373779296875,"pp0":0,"dram":3.69866943359375},"cycles":28598345093}
{"runtime":393,"energy":{"pkg":32.8990478515625,"pp0":0,"dram":3.63262939453125},"cycles":28495442899}
{"runtime":419,"energy":{"pkg":34.04876708984375,"pp0":0,"dram":3.86370849609375},"cycles":28475513563}
{"runtime":400,"energy":{"pkg":33.256591796875,"pp0":0,"dram":3.713623046875},"cycles":28480441433}
{"runtime":409,"energy":{"pkg":33.67828369140625,"pp0":0,"dram":3.7569580078125},"cycles":28479881312}
{"runtime":407,"energy":{"pkg":33.84307861328125,"pp0":0,"dram":3.80108642578125},"cycles":28624088418}
{"runtime":393,"energy":{"pkg":32.819580078125,"pp0":0,"dram":3.60223388671875},"cycles":28482003187}
{"runtime":425,"energy":{"pkg":34.3197021484375,"pp0":0,"dram":3.8782958984375},"cycles":28499310444}
{"runtime":394,"energy":{"pkg":33.2630615234375,"pp0":0,"dram":3.64886474609375},"cycles":28571437883}
{"runtime":394,"energy":{"pkg":33.25469970703125,"pp0":0,"dram":3.62774658203125},"cycles":28477842753}
{"runtime":397,"energy":{"pkg":33.16302490234375,"pp0":0,"dram":3.63763427734375},"cycles":28495347500}
{"runtime":407,"energy":{"pkg":33.737060546875,"pp0":0,"dram":3.7310791015625},"cycles":28586762164}
{"runtime":406,"energy":{"pkg":33.5767822265625,"pp0":0,"dram":3.7271728515625},"cycles":28559445435}
{"runtime":402,"energy":{"pkg":33.509765625,"pp0":0,"dram":3.686279296875},"cycles":28492659848}
{"runtime":407,"energy":{"pkg":33.80548095703125,"pp0":0,"dram":3.7489013671875},"cycles":28476704457}
{"runtime":408,"energy":{"pkg":33.4024658203125,"pp0":0,"dram":3.8358154296875},"cycles":28475037170}
{"runtime":408,"energy":{"pkg":33.66839599609375,"pp0":0,"dram":3.74700927734375},"cycles":28485838744}
{"runtime":415,"energy":{"pkg":33.91241455078125,"pp0":0,"dram":3.7733154296875},"cycles":28521480409}
{"runtime":393,"energy":{"pkg":32.94366455078125,"pp0":0,"dram":3.5931396484375},"cycles":28491489617}
{"runtime":412,"energy":{"pkg":33.96014404296875,"pp0":0,"dram":3.76531982421875},"cycles":28478473155}
{"runtime":396,"energy":{"pkg":33.25665283203125,"pp0":0,"dram":3.66253662109375},"cycles":28624553512}
{"runtime":393,"energy":{"pkg":33.01312255859375,"pp0":0,"dram":3.63616943359375},"cycles":28489104393}
{"runtime":392,"energy":{"pkg":32.9996337890625,"pp0":0,"dram":3.618896484375},"cycles":28481219920}
{"runtime":420,"energy":{"pkg":34.2261962890625,"pp0":0,"dram":3.89703369140625},"cycles":28613104444}
{"runtime":407,"energy":{"pkg":33.5009765625,"pp0":0,"dram":3.73388671875},"cycles":28634575350}
{"runtime":395,"energy":{"pkg":33.07501220703125,"pp0":0,"dram":3.631103515625},"cycles":28485208890}
{"runtime":414,"energy":{"pkg":33.86932373046875,"pp0":0,"dram":3.85479736328125},"cycles":28589016382}
{"runtime":399,"energy":{"pkg":33.08319091796875,"pp0":0,"dram":3.66192626953125},"cycles":28596907647}
{"runtime":394,"energy":{"pkg":33.07861328125,"pp0":0,"dram":3.62353515625},"cycles":28484136761}
{"runtime":413,"energy":{"pkg":33.76068115234375,"pp0":0,"dram":3.8043212890625},"cycles":28569104779}
{"runtime":396,"energy":{"pkg":33.22406005859375,"pp0":0,"dram":3.62884521484375},"cycles":28612641584}
{"runtime":410,"energy":{"pkg":33.642822265625,"pp0":0,"dram":3.8416748046875},"cycles":28478172197}
{"runtime":414,"energy":{"pkg":33.97235107421875,"pp0":0,"dram":3.805419921875},"cycles":28551287921}
{"runtime":401,"energy":{"pkg":33.3912353515625,"pp0":0,"dram":3.71978759765625},"cycles":28477841863}
{"runtime":394,"energy":{"pkg":32.98486328125,"pp0":0,"dram":3.6651611328125},"cycles":28473592723}
{"runtime":412,"energy":{"pkg":34.02862548828125,"pp0":0,"dram":3.7989501953125},"cycles":28587301958}
{"runtime":395,"energy":{"pkg":33.107421875,"pp0":0,"dram":3.6795654296875},"cycles":28607652591}
{"runtime":398,"energy":{"pkg":33.15277099609375,"pp0":0,"dram":3.6085205078125},"cycles":28498900514}
{"runtime":394,"energy":{"pkg":33.07928466796875,"pp0":0,"dram":3.5975341796875},"cycles":28505609198}
{"runtime":394,"energy":{"pkg":32.79449462890625,"pp0":0,"dram":3.6375732421875},"cycles":28474352516}
{"runtime":393,"energy":{"pkg":32.97467041015625,"pp0":0,"dram":3.611083984375},"cycles":28529143045}
{"runtime":393,"energy":{"pkg":32.94744873046875,"pp0":0,"dram":3.58807373046875},"cycles":28481131432}
{"runtime":408,"energy":{"pkg":33.24334716796875,"pp0":0,"dram":3.712646484375},"cycles":28533513258}
{"runtime":410,"energy":{"pkg":33.760986328125,"pp0":0,"dram":3.753662109375},"cycles":28622374082}
{"runtime":397,"energy":{"pkg":33.321044921875,"pp0":0,"dram":3.72857666015625},"cycles":28609793288}
{"runtime":416,"energy":{"pkg":34.052734375,"pp0":0,"dram":3.83038330078125},"cycles":28617699301}
{"runtime":393,"energy":{"pkg":33.06915283203125,"pp0":0,"dram":3.63275146484375},"cycles":28480841088}
{"runtime":411,"energy":{"pkg":33.89898681640625,"pp0":0,"dram":3.83428955078125},"cycles":28573964133}
{"runtime":404,"energy":{"pkg":33.50872802734375,"pp0":0,"dram":3.7550048828125},"cycles":28626284943}
{"runtime":394,"energy":{"pkg":33.1307373046875,"pp0":0,"dram":3.66259765625},"cycles":28630702146}
{"runtime":423,"energy":{"pkg":34.157470703125,"pp0":0,"dram":3.9119873046875},"cycles":28506616118}
{"runtime":411,"energy":{"pkg":33.90167236328125,"pp0":0,"dram":3.80767822265625},"cycles":28489848789}
{"runtime":394,"energy":{"pkg":32.99847412109375,"pp0":0,"dram":3.63458251953125},"cycles":28477716888}
{"runtime":418,"energy":{"pkg":33.8135986328125,"pp0":0,"dram":3.8662109375},"cycles":28591150284}
{"runtime":394,"energy":{"pkg":32.97723388671875,"pp0":0,"dram":3.59332275390625},"cycles":28528655463}
{"runtime":392,"energy":{"pkg":32.6551513671875,"pp0":0,"dram":3.671630859375},"cycles":28482784063}
{"runtime":400,"energy":{"pkg":33.044677734375,"pp0":0,"dram":3.70062255859375},"cycles":28627479928}
{"runtime":415,"energy":{"pkg":33.8369140625,"pp0":0,"dram":3.8515625},"cycles":28535759451}
{"runtime":401,"energy":{"pkg":33.03179931640625,"pp0":0,"dram":3.6932373046875},"cycles":28486782887}
{"runtime":400,"energy":{"pkg":33.20623779296875,"pp0":0,"dram":3.673583984375},"cycles":28484416213}
{"runtime":419,"energy":{"pkg":34.0947265625,"pp0":0,"dram":3.93017578125},"cycles":28477160079}
{"runtime":394,"energy":{"pkg":32.92974853515625,"pp0":0,"dram":3.68756103515625},"cycles":28504399955}
{"runtime":397,"energy":{"pkg":33.24359130859375,"pp0":0,"dram":3.6767578125},"cycles":28619163027}
{"runtime":392,"energy":{"pkg":32.96697998046875,"pp0":0,"dram":3.63812255859375},"cycles":28476199295}
{"runtime":392,