{"runtime":4730,"energy":{"pkg":391.70361328125,"pp0":0,"dram":60.78167724609375},"cycles":10806992839}
{"runtime":4778,"energy":{"pkg":394.48321533203125,"pp0":0,"dram":61.8433837890625},"cycles":10928103289}
{"runtime":4753,"energy":{"pkg":393.50396728515625,"pp0":0,"dram":62.3165283203125},"cycles":10859234061}
{"runtime":4709,"energy":{"pkg":386.7904052734375,"pp0":0,"dram":58.1031494140625},"cycles":10804462592}
{"runtime":4697,"energy":{"pkg":387.59771728515625,"pp0":0,"dram":57.47637939453125},"cycles":10786960816}
{"runtime":4737,"energy":{"pkg":389.77642822265625,"pp0":0,"dram":58.07757568359375},"cycles":10824313953}
{"runtime":4707,"energy":{"pkg":387.8878173828125,"pp0":0,"dram":58.95159912109375},"cycles":10804659357}
{"runtime":4751,"energy":{"pkg":391.98956298828125,"pp0":0,"dram":61.09130859375},"cycles":10806954640}
{"runtime":4773,"energy":{"pkg":394.20306396484375,"pp0":0,"dram":61.5025634765625},"cycles":10807651364}
{"runtime":4751,"energy":{"pkg":389.81097412109375,"pp0":0,"dram":75.08380126953125},"cycles":10805088160}
{"runtime":4729,"energy":{"pkg":390.50360107421875,"pp0":0,"dram":59.49688720703125},"cycles":10812782157}
{"runtime":4722,"energy":{"pkg":389.948486328125,"pp0":0,"dram":59.31951904296875},"cycles":10805442172}
{"runtime":4707,"energy":{"pkg":388.96343994140625,"pp0":0,"dram":56.62225341796875},"cycles":10807291962}
{"runtime":4778,"energy":{"pkg":394.33258056640625,"pp0":0,"dram":59.7138671875},"cycles":10815538858}
{"runtime":4799,"energy":{"pkg":392.0469970703125,"pp0":0,"dram":60.5069580078125},"cycles":10805714419}
{"runtime":4806,"energy":{"pkg":397.17279052734375,"pp0":0,"dram":62.683837890625},"cycles":10807667540}
{"runtime":4728,"energy":{"pkg":391.6512451171875,"pp0":0,"dram":59.54302978515625},"cycles":10804279513}
{"runtime":4793,"energy":{"pkg":395.5499267578125,"pp0":0,"dram":60.15863037109375},"cycles":10804750285}
{"runtime":4748,"energy":{"pkg":389.09112548828125,"pp0":0,"dram":59.52001953125},"cycles":10803954648}
{"runtime":4704,"energy":{"pkg":388.3341064453125,"pp0":0,"dram":58.34661865234375},"cycles":10802248187}
{"runtime":4728,"energy":{"pkg":389.56329345703125,"pp0":0,"dram":61.734130859375},"cycles":10804573289}
{"runtime":4735,"energy":{"pkg":388.984375,"pp0":0,"dram":76.69219970703125},"cycles":10869217428}
{"runtime":4729,"energy":{"pkg":392.752197265625,"pp0":0,"dram":60.8836669921875},"cycles":10806003506}
{"runtime":4753,"energy":{"pkg":390.199462890625,"pp0":0,"dram":61.9539794921875},"cycles":10808556387}
{"runtime":4778,"energy":{"pkg":394.0616455078125,"pp0":0,"dram":59.8638916015625},"cycles":10871051171}
{"runtime":4780,"energy":{"pkg":396.29559326171875,"pp0":0,"dram":60.673095703125},"cycles":10804623324}
{"runtime":4751,"energy":{"pkg":393.6800537109375,"pp0":0,"dram":61.57611083984375},"cycles":10808632133}
{"runtime":4713,"energy":{"pkg":388.75274658203125,"pp0":0,"dram":60.4254150390625},"cycles":10820008086}
{"runtime":4738,"energy":{"pkg":389.88427734375,"pp0":0,"dram":58.735595703125},"cycles":10803392897}
{"runtime":4766,"energy":{"pkg":394.28759765625,"pp0":0,"dram":43.8853759765625},"cycles":10809277301}
{"runtime":4838,"energy":{"pkg":397.188232421875,"pp0":0,"dram":60.66217041015625},"cycles":10806524419}
{"runtime":4759,"energy":{"pkg":391.388671875,"pp0":0,"dram":58.8746337890625},"cycles":10823540550}
{"runtime":4750,"energy":{"pkg":389.72979736328125,"pp0":0,"dram":58.4764404296875},"cycles":10804107804}
{"runtime":4715,"energy":{"pkg":387.54119873046875,"pp0":0,"dram":60.2481689453125},"cycles":10800763264}
{"runtime":4729,"energy":{"pkg":390.17010498046875,"pp0":0,"dram":59.447509765625},"cycles":10804572018}
{"runtime":4743,"energy":{"pkg":390.57452392578125,"pp0":0,"dram":59.7001953125},"cycles":10803442009}
{"runtime":4753,"energy":{"pkg":390.67315673828125,"pp0":0,"dram":57.8084716796875},"cycles":10822950851}
{"runtime":4731,"energy":{"pkg":389.72222900390625,"pp0":0,"dram":59.87115478515625},"cycles":10858152439}
{"runtime":4726,"energy":{"pkg":390.0999755859375,"pp0":0,"dram":43.35858154296875},"cycles":10805472820}
{"runtime":4756,"energy":{"pkg":391.0875244140625,"pp0":0,"dram":57.6671142578125},"cycles":10803434008}
{"runtime":4774,"energy":{"pkg":391.406494140625,"pp0":0,"dram":57.85546875},"cycles":10816997623}
{"runtime":4838,"energy":{"pkg":399.37652587890625,"pp0":0,"dram":44.076416015625},"cycles":10819986907}
{"runtime":4728,"energy":{"pkg":390.16815185546875,"pp0":0,"dram":60.21844482421875},"cycles":10803563953}
{"runtime":4713,"energy":{"pkg":386.6751708984375,"pp0":0,"dram":56.18597412109375},"cycles":10805862854}
{"runtime":4719,"energy":{"pkg":388.95477294921875,"pp0":0,"dram":58.004638671875},"cycles":10800066552}
{"runtime":4783,"energy":{"pkg":394.6912841796875,"pp0":0,"dram":60.7430419921875},"cycles":10806083021}
{"runtime":4778,"energy":{"pkg":392.5474853515625,"pp0":0,"dram":59.36444091796875},"cycles":10843009221}
{"runtime":4820,"energy":{"pkg":396.0771484375,"pp0":0,"dram":52.2935791015625},"cycles":10826481282}
{"runtime":4790,"energy":{"pkg":392.17584228515625,"pp0":0,"dram":57.38433837890625},"cycles":10839468825}
{"runtime":4766,"energy":{"pkg":391.7576904296875,"pp0":0,"dram":58.179443359375},"cycles":10825998539}
{"runtime":4703,"energy":{"pkg":387.82391357421875,"pp0":0,"dram":64.69818115234375},"cycles":10804282664}
{"runtime":4811,"energy":{"pkg":394.34686279296875,"pp0":0,"dram":58.172607421875},"cycles":10803816789}
{"runtime":4732,"energy":{"pkg":389.63433837890625,"pp0":0,"dram":57.8834228515625},"cycles":10810544422}
{"runtime":4781,"energy":{"pkg":393.4212646484375,"pp0":0,"dram":60.069580078125},"cycles":10821844460}
{"runtime":4795,"energy":{"pkg":394.44610595703125,"pp0":0,"dram":43.941162109375},"cycles":10805270663}
{"runtime":4685,"energy":{"pkg":384.05224609375,"pp0":0,"dram":56.52978515625},"cycles":10803581193}
{"runtime":4729,"energy":{"pkg":388.2239990234375,"pp0":0,"dram":58.12969970703125},"cycles":10811673768}
{"runtime":4706,"energy":{"pkg":385.933837890625,"pp0":0,"dram":42.3580322265625},"cycles":10793891730}
{"runtime":4709,"energy":{"pkg":387.54693603515625,"pp0":0,"dram":57.572509765625},"cycles":10810684355}
{"runtime":5065,"energy":{"pkg":413.1650390625,"pp0":0,"dram":61.783935546875},"cycles":10903459220}
{"runtime":4748,"energy":{"pkg":390.482666015625,"pp0":0,"dram":59.2193603515625},"cycles":10815757813}
{"runtime":4708,"energy":{"pkg":386.3701171875,"pp0":0,"dram":57.24237060546875},"cycles":10806006969}
{"runtime":4781,"energy":{"pkg":392.20831298828125,"pp0":0,"dram":57.6693115234375},"cycles":10803292570}
{"runtime":4777,"energy":{"pkg":392.66229248046875,"pp0":0,"dram":57.67852783203125},"cycles":10805298986}
{"runtime":4745,"energy":{"pkg":390.100341796875,"pp0":0,"dram":57.7669677734375},"cycles":10814479052}
{"runtime":4744,"energy":{"pkg":389.74261474609375,"pp0":0,"dram":57.60101318359375},"cycles":10803922855}
{"runtime":4813,"energy":{"pkg":395.42181396484375,"pp0":0,"dram":60.13427734375},"cycles":10804175904}
{"runtime":4828,"energy":{"pkg":397.08074951171875,"pp0":0,"dram":59.91461181640625},"cycles":10983312414}
{"runtime":4703,"energy":{"pkg":385.70245361328125,"pp0":0,"dram":57.13702392578125},"cycles":10788743710}
{"runtime":4735,"energy":{"pkg":387.31317138671875,"pp0":0,"dram":58.3048095703125},"cycles":10806919176}
{"runtime":4707,"energy":{"pkg":387.68212890625,"pp0":0,"dram":57.49273681640625},"cycles":10804931869}
{"runtime":4750,"energy":{"pkg":390.99713134765625,"pp0":0,"dram":57.62762451171875},"cycles":10805071442}
{"runtime":4796,"energy":{"pkg":394.18359375,"pp0":0,"dram":58.222412109375},"cycles":10804134354}
{"runtime":4804,"energy":{"pkg":393.03314208984375,"pp0":0,"dram":57.5621337890625},"cycles":10805764391}
{"runtime":4751,"energy":{"pkg":394.5576171875,"pp0":0,"dram":42.6978759765625},"cycles":10856703166}
{"runtime":4723,"energy":{"pkg":389.87078857421875,"pp0":0,"dram":43.19671630859375},"cycles":10805518698}
{"runtime":4749,