{"runtime":3479,"energy":{"pkg":134.89532470703125,"pp0":0,"dram":25.79217529296875},"cycles":10375173823}
{"runtime":3471,"energy":{"pkg":135.343994140625,"pp0":0,"dram":25.7261962890625},"cycles":10368103761}
{"runtime":3474,"energy":{"pkg":136.07574462890625,"pp0":0,"dram":25.652587890625},"cycles":10370880968}
{"runtime":3474,"energy":{"pkg":137.820556640625,"pp0":0,"dram":25.7242431640625},"cycles":10369231416}
{"runtime":3476,"energy":{"pkg":137.61474609375,"pp0":0,"dram":25.729248046875},"cycles":10366926133}
{"runtime":3626,"energy":{"pkg":143.1470947265625,"pp0":0,"dram":26.8682861328125},"cycles":10377067226}
{"runtime":3478,"energy":{"pkg":138.53497314453125,"pp0":0,"dram":25.53436279296875},"cycles":10375420392}
{"runtime":3478,"energy":{"pkg":138.6068115234375,"pp0":0,"dram":25.74652099609375},"cycles":10377122645}
{"runtime":3478,"energy":{"pkg":138.71533203125,"pp0":0,"dram":25.66253662109375},"cycles":10367649660}
{"runtime":3475,"energy":{"pkg":138.47265625,"pp0":0,"dram":25.74176025390625},"cycles":10365115558}
{"runtime":3472,"energy":{"pkg":138.413330078125,"pp0":0,"dram":25.80450439453125},"cycles":10368103804}
{"runtime":3849,"energy":{"pkg":145.5506591796875,"pp0":0,"dram":28.572509765625},"cycles":10385412322}
{"runtime":3477,"energy":{"pkg":138.75079345703125,"pp0":0,"dram":25.89556884765625},"cycles":10373816722}
{"runtime":3481,"energy":{"pkg":135.52008056640625,"pp0":0,"dram":26.43829345703125},"cycles":10355454387}
{"runtime":3487,"energy":{"pkg":135.67718505859375,"pp0":0,"dram":26.61505126953125},"cycles":10362838643}
{"runtime":3632,"energy":{"pkg":140.33648681640625,"pp0":0,"dram":27.85479736328125},"cycles":10377988968}
{"runtime":3738,"energy":{"pkg":143.28314208984375,"pp0":0,"dram":28.3426513671875},"cycles":10374618093}
{"runtime":3489,"energy":{"pkg":135.7508544921875,"pp0":0,"dram":26.65472412109375},"cycles":10368613331}
{"runtime":3635,"energy":{"pkg":140.348388671875,"pp0":0,"dram":27.3355712890625},"cycles":10377683383}
{"runtime":3485,"energy":{"pkg":137.22796630859375,"pp0":0,"dram":26.127685546875},"cycles":10360073220}
{"runtime":3477,"energy":{"pkg":136.5146484375,"pp0":0,"dram":26.14935302734375},"cycles":10349006626}
{"runtime":3567,"energy":{"pkg":139.6898193359375,"pp0":0,"dram":26.65533447265625},"cycles":10586939814}
{"runtime":3736,"energy":{"pkg":143.17889404296875,"pp0":0,"dram":27.80621337890625},"cycles":10366384389}
{"runtime":3487,"energy":{"pkg":137.4423828125,"pp0":0,"dram":25.8173828125},"cycles":10377372106}
{"runtime":3486,"energy":{"pkg":138.46722412109375,"pp0":0,"dram":25.85028076171875},"cycles":10366553251}
{"runtime":3633,"energy":{"pkg":142.707763671875,"pp0":0,"dram":26.90460205078125},"cycles":10371282740}
{"runtime":3489,"energy":{"pkg":139.8974609375,"pp0":0,"dram":26.09649658203125},"cycles":10380203873}
{"runtime":3481,"energy":{"pkg":139.47918701171875,"pp0":0,"dram":26.16400146484375},"cycles":10365673556}
{"runtime":3486,"energy":{"pkg":139.577392578125,"pp0":0,"dram":26.430908203125},"cycles":10372741167}
{"runtime":3478,"energy":{"pkg":138.82568359375,"pp0":0,"dram":26.1708984375},"cycles":10354011352}
{"runtime":3775,"energy":{"pkg":147.39459228515625,"pp0":0,"dram":28.2342529296875},"cycles":10378238842}
{"runtime":3484,"energy":{"pkg":138.8922119140625,"pp0":0,"dram":26.24609375},"cycles":10363647543}
{"runtime":3642,"energy":{"pkg":143.6329345703125,"pp0":0,"dram":27.1988525390625},"cycles":10381558973}
{"runtime":3706,"energy":{"pkg":145.6993408203125,"pp0":0,"dram":27.85107421875},"cycles":10380983292}
{"runtime":3728,"energy":{"pkg":143.38262939453125,"pp0":0,"dram":28.0760498046875},"cycles":10381545947}
{"runtime":3480,"energy":{"pkg":139.14654541015625,"pp0":0,"dram":25.96844482421875},"cycles":10369673049}
{"runtime":3486,"energy":{"pkg":138.79937744140625,"pp0":0,"dram":26.2567138671875},"cycles":10359974308}
{"runtime":3482,"energy":{"pkg":139.04754638671875,"pp0":0,"dram":26.24072265625},"cycles":10373108013}
{"runtime":3483,"energy":{"pkg":139.0301513671875,"pp0":0,"dram":26.373291015625},"cycles":10358369551}
{"runtime":3639,"energy":{"pkg":143.53619384765625,"pp0":0,"dram":27.74853515625},"cycles":10368809688}
{"runtime":3921,"energy":{"pkg":147.00933837890625,"pp0":0,"dram":29.5501708984375},"cycles":10390550021}
{"runtime":3490,"energy":{"pkg":138.98150634765625,"pp0":0,"dram":26.36895751953125},"cycles":10373597172}
{"runtime":3482,"energy":{"pkg":138.6153564453125,"pp0":0,"dram":26.25006103515625},"cycles":10366580922}
{"runtime":3489,"energy":{"pkg":138.67578125,"pp0":0,"dram":26.6859130859375},"cycles":10362730547}
{"runtime":3483,"energy":{"pkg":139.2154541015625,"pp0":0,"dram":26.616943359375},"cycles":10378054351}
{"runtime":3486,"energy":{"pkg":139.42401123046875,"pp0":0,"dram":26.336181640625},"cycles":10349403190}
{"runtime":3498,"energy":{"pkg":139.155029296875,"pp0":0,"dram":26.641845703125},"cycles":10375521005}
{"runtime":3633,"energy":{"pkg":143.385986328125,"pp0":0,"dram":27.60516357421875},"cycles":10368263097}
{"runtime":3745,"energy":{"pkg":143.4822998046875,"pp0":0,"dram":28.43243408203125},"cycles":10368817416}
{"runtime":3489,"energy":{"pkg":138.5870361328125,"pp0":0,"dram":26.63787841796875},"cycles":10374523864}
{"runtime":3482,"energy":{"pkg":138.78265380859375,"pp0":0,"dram":26.48309326171875},"cycles":10360298415}
{"runtime":3487,"energy":{"pkg":138.72235107421875,"pp0":0,"dram":26.4288330078125},"cycles":10367275110}
{"runtime":3487,"energy":{"pkg":138.4981689453125,"pp0":0,"dram":26.6455078125},"cycles":10365790429}
{"runtime":3736,"energy":{"pkg":145.89434814453125,"pp0":0,"dram":28.58685302734375},"cycles":10378421227}
{"runtime":3484,"energy":{"pkg":138.88079833984375,"pp0":0,"dram":26.4471435546875},"cycles":10364082480}
{"runtime":3484,"energy":{"pkg":138.397216796875,"pp0":0,"dram":26.48974609375},"cycles":10349972819}
{"runtime":3486,"energy":{"pkg":139.06689453125,"pp0":0,"dram":26.2283935546875},"cycles":10372223243}
{"runtime":4368,"energy":{"pkg":154.63934326171875,"pp0":0,"dram":32.8663330078125},"cycles":10378664001}
{"runtime":3485,"energy":{"pkg":138.153076171875,"pp0":0,"dram":26.25897216796875},"cycles":10362467027}
{"runtime":3636,"energy":{"pkg":143.08905029296875,"pp0":0,"dram":27.14862060546875},"cycles":10379619519}
{"runtime":3635,"energy":{"pkg":142.81585693359375,"pp0":0,"dram":27.390625},"cycles":10349005850}
{"runtime":3485,"energy":{"pkg":137.28399658203125,"pp0":0,"dram":26.2044677734375},"cycles":10369059087}
{"runtime":3494,"energy":{"pkg":137.62884521484375,"pp0":0,"dram":26.144775390625},"cycles":10378133360}
{"runtime":3786,"energy":{"pkg":147.22540283203125,"pp0":0,"dram":28.4891357421875},"cycles":10360010139}
{"runtime":3482,"energy":{"pkg":137.6483154296875,"pp0":0,"dram":26.31146240234375},"cycles":10375397442}
{"runtime":4146,"energy":{"pkg":154.50927734375,"pp0":0,"dram":31.44891357421875},"cycles":10383550958}
{"runtime":3713,"energy":{"pkg":141.634521484375,"pp0":0,"dram":27.87493896484375},"cycles":10385247265}
{"runtime":3711,"energy":{"pkg":145.91778564453125,"pp0":0,"dram":28.20416259765625},"cycles":10592730169}
{"runtime":3492,"energy":{"pkg":138.53619384765625,"pp0":0,"dram":26.29022216796875},"cycles":10366879540}
{"runtime":3489,"energy":{"pkg":138.74591064453125,"pp0":0,"dram":26.4312744140625},"cycles":10373626280}
{"runtime":3643,"energy":{"pkg":141.18206787109375,"pp0":0,"dram":27.4886474609375},"cycles":10371480818}
{"runtime":3637,"energy":{"pkg":142.20770263671875,"pp0":0,"dram":27.503173828125},"cycles":10369794082}
{"runtime":3489,"energy":{"pkg":138.5279541015625,"pp0":0,"dram":26.1993408203125},"cycles":10371981189}
{"runtime":3473,"energy":{"pkg":137.160888671875,"pp0":0,"dram":26.19842529296875},"cycles":10349862785}
{"runtime":3641,"energy":{"pkg":142.5426025390625,"pp0":0,"dram":27.6343994140625},"cycles":10380493174}
{"runtime":3789,"energy":{"pkg":146.92901611328125,"pp0":0,"dram":28.67236328125},"cycles":10379212483}
{"runtime":3487,