{"runtime":999,"energy":{"pkg":37.15380859375,"pp0":0,"dram":7.468994140625},"cycles":2307485323}
{"runtime":973,"energy":{"pkg":36.49908447265625,"pp0":0,"dram":7.23126220703125},"cycles":2305092592}
{"runtime":778,"energy":{"pkg":30.36724853515625,"pp0":0,"dram":5.82000732421875},"cycles":2303207222}
{"runtime":792,"energy":{"pkg":31.3673095703125,"pp0":0,"dram":5.88330078125},"cycles":2349212460}
{"runtime":979,"energy":{"pkg":37.0794677734375,"pp0":0,"dram":7.31207275390625},"cycles":2304017034}
{"runtime":819,"energy":{"pkg":31.39959716796875,"pp0":0,"dram":6.13214111328125},"cycles":2299631741}
{"runtime":1006,"energy":{"pkg":37.25457763671875,"pp0":0,"dram":7.46282958984375},"cycles":2303335412}
{"runtime":1033,"energy":{"pkg":38.35211181640625,"pp0":0,"dram":7.67694091796875},"cycles":2379619867}
{"runtime":991,"energy":{"pkg":36.93927001953125,"pp0":0,"dram":7.387939453125},"cycles":2303423646}
{"runtime":976,"energy":{"pkg":37.14453125,"pp0":0,"dram":7.25054931640625},"cycles":2308759797}
{"runtime":969,"energy":{"pkg":36.8453369140625,"pp0":0,"dram":7.21575927734375},"cycles":2303875180}
{"runtime":997,"energy":{"pkg":37.548583984375,"pp0":0,"dram":7.42730712890625},"cycles":2305902679}
{"runtime":784,"energy":{"pkg":31.0289306640625,"pp0":0,"dram":5.83966064453125},"cycles":2318213136}
{"runtime":807,"energy":{"pkg":31.18975830078125,"pp0":0,"dram":6.2132568359375},"cycles":2386931426}
{"runtime":954,"energy":{"pkg":35.41015625,"pp0":0,"dram":7.44488525390625},"cycles":2300681855}
{"runtime":776,"energy":{"pkg":30.08721923828125,"pp0":0,"dram":5.96563720703125},"cycles":2298729917}
{"runtime":819,"energy":{"pkg":30.690673828125,"pp0":0,"dram":6.24725341796875},"cycles":2300098561}
{"runtime":1084,"energy":{"pkg":35.63983154296875,"pp0":0,"dram":8.368408203125},"cycles":2302379963}
{"runtime":1384,"energy":{"pkg":40.373291015625,"pp0":0,"dram":10.4130859375},"cycles":2306604552}
{"runtime":947,"energy":{"pkg":35.268798828125,"pp0":0,"dram":7.06103515625},"cycles":2306435695}
{"runtime":1073,"energy":{"pkg":35.73583984375,"pp0":0,"dram":8.053955078125},"cycles":2301462812}
{"runtime":1012,"energy":{"pkg":36.78125,"pp0":0,"dram":7.57330322265625},"cycles":2300061404}
{"runtime":774,"energy":{"pkg":30.2049560546875,"pp0":0,"dram":5.834228515625},"cycles":2304979183}
{"runtime":1241,"energy":{"pkg":39.11431884765625,"pp0":0,"dram":9.24395751953125},"cycles":2302496739}
{"runtime":970,"energy":{"pkg":35.91387939453125,"pp0":0,"dram":7.2235107421875},"cycles":2302644222}
{"runtime":781,"energy":{"pkg":30.56024169921875,"pp0":0,"dram":5.77362060546875},"cycles":2309774248}
{"runtime":1392,"energy":{"pkg":41.07122802734375,"pp0":0,"dram":10.33709716796875},"cycles":2305526004}
{"runtime":814,"energy":{"pkg":32.15802001953125,"pp0":0,"dram":6.13787841796875},"cycles":2402130002}
{"runtime":972,"energy":{"pkg":36.8341064453125,"pp0":0,"dram":7.3441162109375},"cycles":2304441062}
{"runtime":970,"energy":{"pkg":37.6123046875,"pp0":0,"dram":7.3353271484375},"cycles":2300143002}
{"runtime":780,"energy":{"pkg":30.66363525390625,"pp0":0,"dram":5.947998046875},"cycles":2301865686}
{"runtime":986,"energy":{"pkg":36.720458984375,"pp0":0,"dram":7.52130126953125},"cycles":2300661402}
{"runtime":982,"energy":{"pkg":36.6612548828125,"pp0":0,"dram":7.37359619140625},"cycles":2305531382}
{"runtime":784,"energy":{"pkg":30.90533447265625,"pp0":0,"dram":6.0015869140625},"cycles":2306624163}
{"runtime":782,"energy":{"pkg":30.84698486328125,"pp0":0,"dram":5.91204833984375},"cycles":2305544744}
{"runtime":781,"energy":{"pkg":30.73779296875,"pp0":0,"dram":5.9259033203125},"cycles":2306886857}
{"runtime":828,"energy":{"pkg":31.7015380859375,"pp0":0,"dram":6.26873779296875},"cycles":2304457581}
{"runtime":1089,"energy":{"pkg":36.40863037109375,"pp0":0,"dram":8.31427001953125},"cycles":2307900803}
{"runtime":818,"energy":{"pkg":32.218505859375,"pp0":0,"dram":6.31317138671875},"cycles":2424279114}
{"runtime":996,"energy":{"pkg":36.95111083984375,"pp0":0,"dram":7.5670166015625},"cycles":2300476745}
{"runtime":1389,"energy":{"pkg":41.52227783203125,"pp0":0,"dram":10.6326904296875},"cycles":2307939192}
{"runtime":996,"energy":{"pkg":37.56451416015625,"pp0":0,"dram":7.66009521484375},"cycles":2306947741}
{"runtime":1019,"energy":{"pkg":37.82208251953125,"pp0":0,"dram":7.76397705078125},"cycles":2307539518}
{"runtime":820,"energy":{"pkg":32.3355712890625,"pp0":0,"dram":6.32464599609375},"cycles":2410083626}
{"runtime":781,"energy":{"pkg":30.80657958984375,"pp0":0,"dram":6.049560546875},"cycles":2309649730}
{"runtime":821,"energy":{"pkg":31.5322265625,"pp0":0,"dram":6.25030517578125},"cycles":2301653873}
{"runtime":1172,"energy":{"pkg":37.84283447265625,"pp0":0,"dram":9.10888671875},"cycles":2305205891}
{"runtime":1335,"energy":{"pkg":40.73681640625,"pp0":0,"dram":10.24560546875},"cycles":2305040460}
{"runtime":782,"energy":{"pkg":31.23260498046875,"pp0":0,"dram":6.0133056640625},"cycles":2307260752}
{"runtime":979,"energy":{"pkg":36.9603271484375,"pp0":0,"dram":7.50244140625},"cycles":2305534190}
{"runtime":958,"energy":{"pkg":36.37261962890625,"pp0":0,"dram":7.19970703125},"cycles":2307477844}
{"runtime":1004,"energy":{"pkg":37.321533203125,"pp0":0,"dram":7.6180419921875},"cycles":2301560276}
{"runtime":1220,"energy":{"pkg":38.6441650390625,"pp0":0,"dram":9.2666015625},"cycles":2307419027}
{"runtime":778,"energy":{"pkg":30.76690673828125,"pp0":0,"dram":6.0260009765625},"cycles":2302633268}
{"runtime":1004,"energy":{"pkg":37.1337890625,"pp0":0,"dram":7.62322998046875},"cycles":2304293300}
{"runtime":781,"energy":{"pkg":30.80499267578125,"pp0":0,"dram":5.9859619140625},"cycles":2302957034}
{"runtime":1283,"energy":{"pkg":39.09521484375,"pp0":0,"dram":9.72705078125},"cycles":2313836213}
{"runtime":817,"energy":{"pkg":31.5587158203125,"pp0":0,"dram":6.149169921875},"cycles":2321981769}
{"runtime":1000,"energy":{"pkg":36.91961669921875,"pp0":0,"dram":7.5654296875},"cycles":2301766415}
{"runtime":780,"energy":{"pkg":30.49029541015625,"pp0":0,"dram":5.88946533203125},"cycles":2300745116}
{"runtime":781,"energy":{"pkg":30.6761474609375,"pp0":0,"dram":5.96881103515625},"cycles":2302899833}
{"runtime":1005,"energy":{"pkg":37.135498046875,"pp0":0,"dram":7.6058349609375},"cycles":2303511127}
{"runtime":1395,"energy":{"pkg":41.6466064453125,"pp0":0,"dram":10.56915283203125},"cycles":2312070195}
{"runtime":1389,"energy":{"pkg":40.954345703125,"pp0":0,"dram":10.51031494140625},"cycles":2302325053}
{"runtime":994,"energy":{"pkg":36.59765625,"pp0":0,"dram":7.5836181640625},"cycles":2299388231}
{"runtime":783,"energy":{"pkg":30.64141845703125,"pp0":0,"dram":6.06597900390625},"cycles":2303420887}
{"runtime":1013,"energy":{"pkg":37.2203369140625,"pp0":0,"dram":7.65155029296875},"cycles":2309271705}
{"runtime":782,"energy":{"pkg":30.751708984375,"pp0":0,"dram":5.95611572265625},"cycles":2300936180}
{"runtime":783,"energy":{"pkg":30.78192138671875,"pp0":0,"dram":5.9775390625},"cycles":2304828059}
{"runtime":785,"energy":{"pkg":30.91082763671875,"pp0":0,"dram":5.9954833984375},"cycles":2307749831}
{"runtime":1390,"energy":{"pkg":40.876708984375,"pp0":0,"dram":10.4853515625},"cycles":2302900639}
{"runtime":1162,"energy":{"pkg":39.90838623046875,"pp0":0,"dram":8.82440185546875},"cycles":2393527243}
{"runtime":999,"energy":{"pkg":36.81768798828125,"pp0":0,"dram":7.5101318359375},"cycles":2304005811}
{"runtime":826,"energy":{"pkg":32.1517333984375,"pp0":0,"dram":6.31781005859375},"cycles":2438159037}
{"runtime":813,"energy":{"pkg":31.6708984375,"pp0":0,"dram":6.23577880859375},"cycles":2399615540}
{"runtime":781,"energy":{"pkg":30.6219482421875,"pp0":0,"dram":6.03802490234375},"cycles":2299462192}
{"runtime":1276,"energy":{"pkg":38.7066650390625,"pp0":0,"dram":9.6912841796875},"cycles":2305954514}
{"runtime":1009,"energy":{"pkg":37.26751708984375,"pp0":0,"dram":7.6630859375},"cycles":2307125124}
{"runtime":1094,"energy":{"pkg":36.26544189453125,"pp0":0,"dram":8.45220947265625},