{"runtime":1383,"energy":{"pkg":39.63616943359375,"pp0":0,"dram":10.13690185546875},"cycles":2312343483}
{"runtime":788,"energy":{"pkg":30.11578369140625,"pp0":0,"dram":5.83905029296875},"cycles":2326528150}
{"runtime":966,"energy":{"pkg":35.39923095703125,"pp0":0,"dram":7.1585693359375},"cycles":2299538239}
{"runtime":994,"energy":{"pkg":36.55157470703125,"pp0":0,"dram":7.39703369140625},"cycles":2334684039}
{"runtime":1038,"energy":{"pkg":37.8212890625,"pp0":0,"dram":7.72601318359375},"cycles":2346445227}
{"runtime":993,"energy":{"pkg":37.0836181640625,"pp0":0,"dram":7.39508056640625},"cycles":2310579594}
{"runtime":1280,"energy":{"pkg":39.41278076171875,"pp0":0,"dram":9.39849853515625},"cycles":2313884185}
{"runtime":1386,"energy":{"pkg":41.501708984375,"pp0":0,"dram":10.25396728515625},"cycles":2302567883}
{"runtime":1350,"energy":{"pkg":41.43695068359375,"pp0":0,"dram":9.9212646484375},"cycles":2308203551}
{"runtime":1028,"energy":{"pkg":38.30126953125,"pp0":0,"dram":7.55548095703125},"cycles":2357455187}
{"runtime":1182,"energy":{"pkg":38.37945556640625,"pp0":0,"dram":8.65020751953125},"cycles":2337794470}
{"runtime":788,"energy":{"pkg":31.15386962890625,"pp0":0,"dram":5.78387451171875},"cycles":2330926781}
{"runtime":783,"energy":{"pkg":31.16680908203125,"pp0":0,"dram":5.796630859375},"cycles":2335485662}
{"runtime":1388,"energy":{"pkg":41.74468994140625,"pp0":0,"dram":10.23455810546875},"cycles":2307389060}
{"runtime":974,"energy":{"pkg":36.97503662109375,"pp0":0,"dram":7.2264404296875},"cycles":2297502187}
{"runtime":769,"energy":{"pkg":30.53472900390625,"pp0":0,"dram":5.7015380859375},"cycles":2295596714}
{"runtime":1003,"energy":{"pkg":37.42578125,"pp0":0,"dram":7.3858642578125},"cycles":2299348045}
{"runtime":1138,"energy":{"pkg":37.29864501953125,"pp0":0,"dram":8.440185546875},"cycles":2341075128}
{"runtime":825,"energy":{"pkg":31.36358642578125,"pp0":0,"dram":6.15118408203125},"cycles":2300440254}
{"runtime":831,"energy":{"pkg":32.62017822265625,"pp0":0,"dram":6.24072265625},"cycles":2414922089}
{"runtime":798,"energy":{"pkg":31.1888427734375,"pp0":0,"dram":5.94488525390625},"cycles":2305812598}
{"runtime":1340,"energy":{"pkg":40.447021484375,"pp0":0,"dram":9.89459228515625},"cycles":2324032426}
{"runtime":904,"energy":{"pkg":34.71881103515625,"pp0":0,"dram":6.66424560546875},"cycles":2304205273}
{"runtime":1123,"energy":{"pkg":37.00885009765625,"pp0":0,"dram":8.2847900390625},"cycles":2299079241}
{"runtime":836,"energy":{"pkg":32.58087158203125,"pp0":0,"dram":6.1673583984375},"cycles":2423469123}
{"runtime":1023,"energy":{"pkg":38.04345703125,"pp0":0,"dram":7.54486083984375},"cycles":2383958710}
{"runtime":1387,"energy":{"pkg":41.59393310546875,"pp0":0,"dram":10.1802978515625},"cycles":2315665908}
{"runtime":1308,"energy":{"pkg":40.0120849609375,"pp0":0,"dram":9.62640380859375},"cycles":2294960716}
{"runtime":1016,"energy":{"pkg":38.0230712890625,"pp0":0,"dram":7.45220947265625},"cycles":2368257429}
{"runtime":1009,"energy":{"pkg":37.83892822265625,"pp0":0,"dram":7.5340576171875},"cycles":2395846032}
{"runtime":973,"energy":{"pkg":36.97686767578125,"pp0":0,"dram":7.20111083984375},"cycles":2383380350}
{"runtime":821,"energy":{"pkg":32.34332275390625,"pp0":0,"dram":6.07452392578125},"cycles":2423806607}
{"runtime":773,"energy":{"pkg":30.73291015625,"pp0":0,"dram":5.77532958984375},"cycles":2298812004}
{"runtime":983,"energy":{"pkg":36.93023681640625,"pp0":0,"dram":7.2841796875},"cycles":2298452780}
{"runtime":820,"energy":{"pkg":31.6534423828125,"pp0":0,"dram":6.02978515625},"cycles":2301920888}
{"runtime":1389,"energy":{"pkg":41.54571533203125,"pp0":0,"dram":10.21502685546875},"cycles":2314698882}
{"runtime":992,"energy":{"pkg":37.0802001953125,"pp0":0,"dram":7.30426025390625},"cycles":2299958086}
{"runtime":991,"energy":{"pkg":37.20037841796875,"pp0":0,"dram":7.298095703125},"cycles":2315979667}
{"runtime":771,"energy":{"pkg":30.6483154296875,"pp0":0,"dram":5.666259765625},"cycles":2299435153}
{"runtime":981,"energy":{"pkg":36.89251708984375,"pp0":0,"dram":7.294189453125},"cycles":2298020538}
{"runtime":987,"energy":{"pkg":36.79052734375,"pp0":0,"dram":7.3248291015625},"cycles":2304574918}
{"runtime":810,"energy":{"pkg":32.17828369140625,"pp0":0,"dram":6.05499267578125},"cycles":2416307355}
{"runtime":1133,"energy":{"pkg":36.9608154296875,"pp0":0,"dram":8.38623046875},"cycles":2344114298}
{"runtime":1002,"energy":{"pkg":37.86480712890625,"pp0":0,"dram":7.38800048828125},"cycles":2379402606}
{"runtime":1005,"energy":{"pkg":37.62347412109375,"pp0":0,"dram":7.44427490234375},"cycles":2333610360}
{"runtime":849,"energy":{"pkg":32.88250732421875,"pp0":0,"dram":6.3387451171875},"cycles":2433411319}
{"runtime":967,"energy":{"pkg":36.80419921875,"pp0":0,"dram":7.11944580078125},"cycles":2323189697}
{"runtime":1377,"energy":{"pkg":41.63720703125,"pp0":0,"dram":10.1912841796875},"cycles":2318484713}
{"runtime":1236,"energy":{"pkg":38.5926513671875,"pp0":0,"dram":9.17578125},"cycles":2327695119}
{"runtime":1003,"energy":{"pkg":37.83892822265625,"pp0":0,"dram":7.40374755859375},"cycles":2299312543}
{"runtime":999,"energy":{"pkg":37.4124755859375,"pp0":0,"dram":7.3756103515625},"cycles":2312437933}
{"runtime":1020,"energy":{"pkg":37.260986328125,"pp0":0,"dram":7.52520751953125},"cycles":2300419214}
{"runtime":955,"energy":{"pkg":35.95050048828125,"pp0":0,"dram":7.05419921875},"cycles":2295124232}
{"runtime":1387,"energy":{"pkg":41.26776123046875,"pp0":0,"dram":10.1961669921875},"cycles":2302375727}
{"runtime":808,"energy":{"pkg":31.9945068359375,"pp0":0,"dram":5.95648193359375},"cycles":2411063285}
{"runtime":799,"energy":{"pkg":31.065185546875,"pp0":0,"dram":5.94244384765625},"cycles":2306803564}
{"runtime":1378,"energy":{"pkg":41.212158203125,"pp0":0,"dram":10.1632080078125},"cycles":2301277149}
{"runtime":826,"energy":{"pkg":32.3272705078125,"pp0":0,"dram":6.08697509765625},"cycles":2397683128}
{"runtime":1125,"energy":{"pkg":36.67816162109375,"pp0":0,"dram":8.27435302734375},"cycles":2298028775}
{"runtime":772,"energy":{"pkg":30.73248291015625,"pp0":0,"dram":5.7506103515625},"cycles":2302618281}
{"runtime":976,"energy":{"pkg":36.5465087890625,"pp0":0,"dram":7.27484130859375},"cycles":2314654216}
{"runtime":782,"energy":{"pkg":31.02392578125,"pp0":0,"dram":5.81494140625},"cycles":2312088139}
{"runtime":981,"energy":{"pkg":37.28558349609375,"pp0":0,"dram":7.305908203125},"cycles":2300306060}
{"runtime":1023,"energy":{"pkg":38.16815185546875,"pp0":0,"dram":7.6385498046875},"cycles":2360623707}
{"runtime":772,"energy":{"pkg":30.7763671875,"pp0":0,"dram":5.8243408203125},"cycles":2301113938}
{"runtime":926,"energy":{"pkg":35.18463134765625,"pp0":0,"dram":6.85638427734375},"cycles":2301103245}
{"runtime":981,"energy":{"pkg":36.63525390625,"pp0":0,"dram":7.30303955078125},"cycles":2299399292}
{"runtime":1223,"energy":{"pkg":38.5137939453125,"pp0":0,"dram":9.11029052734375},"cycles":2325728121}
{"runtime":1011,"energy":{"pkg":37.9783935546875,"pp0":0,"dram":7.46209716796875},"cycles":2348797778}
{"runtime":1033,"energy":{"pkg":38.5931396484375,"pp0":0,"dram":7.561279296875},"cycles":2371380557}
{"runtime":801,"energy":{"pkg":31.75714111328125,"pp0":0,"dram":5.9156494140625},"cycles":2391430097}
{"runtime":977,"energy":{"pkg":36.46966552734375,"pp0":0,"dram":7.27105712890625},"cycles":2305932111}
{"runtime":805,"energy":{"pkg":31.96014404296875,"pp0":0,"dram":5.975830078125},"cycles":2403170410}
{"runtime":984,"energy":{"pkg":36.8665771484375,"pp0":0,"dram":7.32061767578125},"cycles":2301889187}
{"runtime":1015,"energy":{"pkg":38.21136474609375,"pp0":0,"dram":7.5020751953125},"cycles":2357412042}
{"runtime":775,"energy":{"pkg":30.67047119140625,"pp0":0,"dram":5.7537841796875},"cycles":2311293752}
{"runtime":1354,"energy":{"pkg":41.58636474609375,"pp0":0,"dram":10.1171875},"cycles":2320604983}
{"runtime":805,"energy":{"pkg":31.3548583984375,"pp0":0,"dram":5.99334716796875},"cycles":2317286688}
{"runtime":981,"energy":{"pkg":36.900146484375,"pp0":0,