{"runtime":1371,"energy":{"pkg":59.4412841796875,"pp0":0,"dram":14.00457763671875},"cycles":10297995291}
{"runtime":1406,"energy":{"pkg":58.891845703125,"pp0":0,"dram":14.62664794921875},"cycles":10689554373}
{"runtime":1300,"energy":{"pkg":55.34136962890625,"pp0":0,"dram":12.6365966796875},"cycles":10522408786}
{"runtime":1330,"energy":{"pkg":56.68096923828125,"pp0":0,"dram":12.8812255859375},"cycles":10580958298}
{"runtime":1392,"energy":{"pkg":56.47705078125,"pp0":0,"dram":13.27618408203125},"cycles":10551667997}
{"runtime":1370,"energy":{"pkg":59.130859375,"pp0":0,"dram":13.03009033203125},"cycles":10571771633}
{"runtime":1114,"energy":{"pkg":52.1619873046875,"pp0":0,"dram":11.97735595703125},"cycles":10522006000}
{"runtime":1391,"energy":{"pkg":57.27880859375,"pp0":0,"dram":13.6622314453125},"cycles":10502789876}
{"runtime":1484,"energy":{"pkg":59.16571044921875,"pp0":0,"dram":15.1932373046875},"cycles":10257679916}
{"runtime":1167,"energy":{"pkg":53.4132080078125,"pp0":0,"dram":11.78802490234375},"cycles":10553196259}
{"runtime":1275,"energy":{"pkg":56.12939453125,"pp0":0,"dram":12.510498046875},"cycles":10436847989}
{"runtime":1351,"energy":{"pkg":58.937255859375,"pp0":0,"dram":12.88836669921875},"cycles":10564749860}
{"runtime":1702,"energy":{"pkg":61.88568115234375,"pp0":0,"dram":17.5655517578125},"cycles":10659843881}
{"runtime":1399,"energy":{"pkg":55.435546875,"pp0":0,"dram":14.3177490234375},"cycles":10603083840}
{"runtime":1704,"energy":{"pkg":63.972900390625,"pp0":0,"dram":18.06109619140625},"cycles":10436639054}
{"runtime":1302,"energy":{"pkg":56.4520263671875,"pp0":0,"dram":13.21820068359375},"cycles":10669682519}
{"runtime":1108,"energy":{"pkg":49.73846435546875,"pp0":0,"dram":11.71435546875},"cycles":10447956318}
{"runtime":1105,"energy":{"pkg":51.0810546875,"pp0":0,"dram":11.787353515625},"cycles":10408813413}
{"runtime":1341,"energy":{"pkg":55.4468994140625,"pp0":0,"dram":13.50286865234375},"cycles":10562466991}
{"runtime":1667,"energy":{"pkg":60.39532470703125,"pp0":0,"dram":16.30120849609375},"cycles":10509103430}
{"runtime":1096,"energy":{"pkg":51.70257568359375,"pp0":0,"dram":11.70904541015625},"cycles":10238716446}
{"runtime":1624,"energy":{"pkg":61.50592041015625,"pp0":0,"dram":15.61566162109375},"cycles":10478575121}
{"runtime":1361,"energy":{"pkg":57.1361083984375,"pp0":0,"dram":14.658447265625},"cycles":10574484200}
{"runtime":1300,"energy":{"pkg":54.62091064453125,"pp0":0,"dram":13.0333251953125},"cycles":10642222958}
{"runtime":1609,"energy":{"pkg":59.55828857421875,"pp0":0,"dram":15.591552734375},"cycles":10606873421}
{"runtime":1114,"energy":{"pkg":52.374755859375,"pp0":0,"dram":12.3046875},"cycles":10597557251}
{"runtime":1117,"energy":{"pkg":50.38043212890625,"pp0":0,"dram":11.56396484375},"cycles":10555331448}
{"runtime":1499,"energy":{"pkg":59.808837890625,"pp0":0,"dram":15.76708984375},"cycles":10704237801}
{"runtime":1318,"energy":{"pkg":56.8858642578125,"pp0":0,"dram":13.01776123046875},"cycles":10535795345}
{"runtime":1389,"energy":{"pkg":57.00543212890625,"pp0":0,"dram":14.16925048828125},"cycles":10307945196}
{"runtime":1284,"energy":{"pkg":56.0477294921875,"pp0":0,"dram":12.60406494140625},"cycles":10659001043}
{"runtime":1376,"energy":{"pkg":58.7191162109375,"pp0":0,"dram":14.90887451171875},"cycles":10390644936}
{"runtime":1273,"energy":{"pkg":57.3646240234375,"pp0":0,"dram":13.4549560546875},"cycles":10251296116}
{"runtime":1288,"energy":{"pkg":59.64959716796875,"pp0":0,"dram":13.01385498046875},"cycles":10246268496}
{"runtime":1223,"energy":{"pkg":57.01678466796875,"pp0":0,"dram":12.53594970703125},"cycles":10069914849}
{"runtime":1296,"energy":{"pkg":60.58392333984375,"pp0":0,"dram":12.90228271484375},"cycles":10167966252}
{"runtime":1071,"energy":{"pkg":50.916259765625,"pp0":0,"dram":11.3592529296875},"cycles":10476854127}
{"runtime":1351,"energy":{"pkg":57.79248046875,"pp0":0,"dram":13.60955810546875},"cycles":10450065125}
{"runtime":1306,"energy":{"pkg":58.9051513671875,"pp0":0,"dram":14.0028076171875},"cycles":10643339287}
{"runtime":1388,"energy":{"pkg":57.6365966796875,"pp0":0,"dram":14.0989990234375},"cycles":10137505172}
{"runtime":1439,"energy":{"pkg":59.7420654296875,"pp0":0,"dram":15.41058349609375},"cycles":10728293251}
{"runtime":1078,"energy":{"pkg":51.7598876953125,"pp0":0,"dram":11.50872802734375},"cycles":10241000173}
{"runtime":1653,"energy":{"pkg":63.39361572265625,"pp0":0,"dram":16.31024169921875},"cycles":10461341282}
{"runtime":1314,"energy":{"pkg":57.3929443359375,"pp0":0,"dram":13.576416015625},"cycles":10543339570}
{"runtime":1386,"energy":{"pkg":56.68609619140625,"pp0":0,"dram":14.3160400390625},"cycles":10346907391}
{"runtime":1461,"energy":{"pkg":57.61871337890625,"pp0":0,"dram":14.52593994140625},"cycles":10582824947}
{"runtime":1260,"energy":{"pkg":57.750732421875,"pp0":0,"dram":12.7271728515625},"cycles":10146062636}
{"runtime":1167,"energy":{"pkg":51.511474609375,"pp0":0,"dram":12.02325439453125},"cycles":10520717354}
{"runtime":1387,"energy":{"pkg":55.0284423828125,"pp0":0,"dram":13.86627197265625},"cycles":10471228649}
{"runtime":1441,"energy":{"pkg":60.96124267578125,"pp0":0,"dram":14.99029541015625},"cycles":10212389738}
{"runtime":1415,"energy":{"pkg":57.20068359375,"pp0":0,"dram":14.2381591796875},"cycles":10510571738}
{"runtime":1647,"energy":{"pkg":61.724365234375,"pp0":0,"dram":16.0460205078125},"cycles":10414111519}
{"runtime":1310,"energy":{"pkg":55.3778076171875,"pp0":0,"dram":13.48876953125},"cycles":10560810506}
{"runtime":1499,"energy":{"pkg":59.50091552734375,"pp0":0,"dram":15.98638916015625},"cycles":10621416316}
{"runtime":1522,"energy":{"pkg":58.88214111328125,"pp0":0,"dram":14.94512939453125},"cycles":10143404597}
{"runtime":1098,"energy":{"pkg":50.86004638671875,"pp0":0,"dram":11.693115234375},"cycles":10502555434}
{"runtime":1259,"energy":{"pkg":53.67010498046875,"pp0":0,"dram":12.7542724609375},"cycles":10617676608}
{"runtime":1299,"energy":{"pkg":59.52532958984375,"pp0":0,"dram":13.5369873046875},"cycles":10252762037}
{"runtime":1892,"energy":{"pkg":66.06793212890625,"pp0":0,"dram":17.78094482421875},"cycles":10629865371}
{"runtime":1294,"energy":{"pkg":55.4068603515625,"pp0":0,"dram":13.0479736328125},"cycles":10548634234}
{"runtime":1108,"energy":{"pkg":50.603515625,"pp0":0,"dram":11.5645751953125},"cycles":10527636819}
{"runtime":1392,"energy":{"pkg":55.82232666015625,"pp0":0,"dram":14.34222412109375},"cycles":10384560989}
{"runtime":1462,"energy":{"pkg":56.87738037109375,"pp0":0,"dram":15.04412841796875},"cycles":10194501344}
{"runtime":1319,"energy":{"pkg":58.19122314453125,"pp0":0,"dram":14.04058837890625},"cycles":10160911217}
{"runtime":1448,"energy":{"pkg":60.28765869140625,"pp0":0,"dram":15.68804931640625},"cycles":10885566266}
{"runtime":1293,"energy":{"pkg":56.202880859375,"pp0":0,"dram":13.13897705078125},"cycles":10620637451}
{"runtime":1400,"energy":{"pkg":56.74224853515625,"pp0":0,"dram":14.44732666015625},"cycles":10387277848}
{"runtime":1114,"energy":{"pkg":50.775634765625,"pp0":0,"dram":12.23004150390625},"cycles":10616271696}
{"runtime":1222,"energy":{"pkg":53.50006103515625,"pp0":0,"dram":12.49066162109375},"cycles":10553521503}
{"runtime":1687,"energy":{"pkg":60.848876953125,"pp0":0,"dram":17.62249755859375},"cycles":10773292610}
{"runtime":1085,"energy":{"pkg":50.9228515625,"pp0":0,"dram":11.54669189453125},"cycles":10117941263}
{"runtime":1265,"energy":{"pkg":54.191650390625,"pp0":0,"dram":13.08331298828125},"cycles":10563613718}
{"runtime":1387,"energy":{"pkg":54.65985107421875,"pp0":0,"dram":14.1551513671875},"cycles":10512576138}
{"runtime":1103,"energy":{"pkg":52.59295654296875,"pp0":0,"dram":11.79534912109375},"cycles":10182721515}
{"runtime":1755,"energy":{"pkg":64.21588134765625,"pp0":0,"dram":18.2528076171875},"cycles":10701207939}
{"runtime":1187,"energy":{"pkg":51.923095703125,"pp0":0,"dram":13.00628662109375},"cycles":10584747000}
{"runtime":1171,"energy":{"pkg":51.20111083984375,"pp0":0,