{"runtime":1387,"energy":{"pkg":116.36541748046875,"pp0":0,"dram":19.5970458984375},"cycles":11364247108}
{"runtime":1311,"energy":{"pkg":110.49365234375,"pp0":0,"dram":18.21002197265625},"cycles":11246203948}
{"runtime":1331,"energy":{"pkg":112.730224609375,"pp0":0,"dram":18.843505859375},"cycles":11516038046}
{"runtime":1449,"energy":{"pkg":120.73870849609375,"pp0":0,"dram":19.51702880859375},"cycles":11872236833}
{"runtime":1553,"energy":{"pkg":129.45489501953125,"pp0":0,"dram":20.8909912109375},"cycles":11820748474}
{"runtime":1363,"energy":{"pkg":114.37188720703125,"pp0":0,"dram":18.7481689453125},"cycles":11257119065}
{"runtime":1697,"energy":{"pkg":140.80352783203125,"pp0":0,"dram":23.46954345703125},"cycles":11755889052}
{"runtime":1448,"energy":{"pkg":121.86431884765625,"pp0":0,"dram":20.28753662109375},"cycles":11750386044}
{"runtime":1478,"energy":{"pkg":123.8507080078125,"pp0":0,"dram":21.01776123046875},"cycles":11950086093}
{"runtime":1560,"energy":{"pkg":128.97222900390625,"pp0":0,"dram":23.89642333984375},"cycles":11552986435}
{"runtime":1430,"energy":{"pkg":120.43505859375,"pp0":0,"dram":19.57757568359375},"cycles":11492474706}
{"runtime":1378,"energy":{"pkg":116.302978515625,"pp0":0,"dram":19.690673828125},"cycles":11505068188}
{"runtime":1394,"energy":{"pkg":117.4615478515625,"pp0":0,"dram":19.55670166015625},"cycles":11450493460}
{"runtime":1358,"energy":{"pkg":114.31787109375,"pp0":0,"dram":18.8349609375},"cycles":11587153342}
{"runtime":1746,"energy":{"pkg":145.09246826171875,"pp0":0,"dram":23.82818603515625},"cycles":11673301807}
{"runtime":1395,"energy":{"pkg":117.60711669921875,"pp0":0,"dram":20.46771240234375},"cycles":11504876245}
{"runtime":1325,"energy":{"pkg":111.90972900390625,"pp0":0,"dram":18.58477783203125},"cycles":11495175399}
{"runtime":1548,"energy":{"pkg":128.05206298828125,"pp0":0,"dram":21.36126708984375},"cycles":11751950315}
{"runtime":1430,"energy":{"pkg":119.33294677734375,"pp0":0,"dram":19.71649169921875},"cycles":11633892192}
{"runtime":1439,"energy":{"pkg":120.69415283203125,"pp0":0,"dram":20.13037109375},"cycles":11927812940}
{"runtime":1335,"energy":{"pkg":112.3397216796875,"pp0":0,"dram":18.9287109375},"cycles":11374758676}
{"runtime":1419,"energy":{"pkg":119.380859375,"pp0":0,"dram":19.69183349609375},"cycles":11777936750}
{"runtime":1723,"energy":{"pkg":144.04962158203125,"pp0":0,"dram":23.90032958984375},"cycles":12039920378}
{"runtime":1370,"energy":{"pkg":114.90625,"pp0":0,"dram":19.18585205078125},"cycles":11498419407}
{"runtime":1341,"energy":{"pkg":113.00244140625,"pp0":0,"dram":18.89605712890625},"cycles":11647780510}
{"runtime":1326,"energy":{"pkg":112.04132080078125,"pp0":0,"dram":18.882568359375},"cycles":11769900314}
{"runtime":1330,"energy":{"pkg":111.986572265625,"pp0":0,"dram":18.88702392578125},"cycles":11628503326}
{"runtime":1385,"energy":{"pkg":116.45654296875,"pp0":0,"dram":19.7664794921875},"cycles":11827959730}
{"runtime":1383,"energy":{"pkg":114.9166259765625,"pp0":0,"dram":18.75433349609375},"cycles":11162373103}
{"runtime":1449,"energy":{"pkg":121.4520263671875,"pp0":0,"dram":20.36566162109375},"cycles":11715477338}
{"runtime":1309,"energy":{"pkg":110.150390625,"pp0":0,"dram":19.76849365234375},"cycles":11515752338}
{"runtime":1340,"energy":{"pkg":111.86993408203125,"pp0":0,"dram":18.17633056640625},"cycles":11583965345}
{"runtime":1554,"energy":{"pkg":129.24725341796875,"pp0":0,"dram":21.7529296875},"cycles":12198909849}
{"runtime":1401,"energy":{"pkg":116.5950927734375,"pp0":0,"dram":17.04608154296875},"cycles":11706938474}
{"runtime":1698,"energy":{"pkg":141.37139892578125,"pp0":0,"dram":23.29473876953125},"cycles":11636583330}
{"runtime":1414,"energy":{"pkg":117.82598876953125,"pp0":0,"dram":21.23675537109375},"cycles":11589007191}
{"runtime":1345,"energy":{"pkg":113.1495361328125,"pp0":0,"dram":18.99615478515625},"cycles":11379084002}
{"runtime":1620,"energy":{"pkg":134.56072998046875,"pp0":0,"dram":22.544921875},"cycles":12041486811}
{"runtime":1310,"energy":{"pkg":110.7667236328125,"pp0":0,"dram":14.15264892578125},"cycles":11697136510}
{"runtime":1395,"energy":{"pkg":116.8828125,"pp0":0,"dram":19.05450439453125},"cycles":11425312407}
{"runtime":1256,"energy":{"pkg":105.90020751953125,"pp0":0,"dram":17.3985595703125},"cycles":11446855467}
{"runtime":1322,"energy":{"pkg":112.071533203125,"pp0":0,"dram":14.43603515625},"cycles":11660887592}
{"runtime":1324,"energy":{"pkg":111.489501953125,"pp0":0,"dram":18.48876953125},"cycles":11422996687}
{"runtime":1376,"energy":{"pkg":114.27581787109375,"pp0":0,"dram":19.42169189453125},"cycles":11356675281}
{"runtime":1408,"energy":{"pkg":118.09356689453125,"pp0":0,"dram":16.61663818359375},"cycles":11726205843}
{"runtime":1381,"energy":{"pkg":115.690673828125,"pp0":0,"dram":21.27288818359375},"cycles":11714262990}
{"runtime":1271,"energy":{"pkg":106.34393310546875,"pp0":0,"dram":15.44635009765625},"cycles":11422520745}
{"runtime":1366,"energy":{"pkg":114.94720458984375,"pp0":0,"dram":19.213623046875},"cycles":11548406511}
{"runtime":1323,"energy":{"pkg":111.04779052734375,"pp0":0,"dram":16.030517578125},"cycles":11241164351}
{"runtime":1446,"energy":{"pkg":120.84222412109375,"pp0":0,"dram":19.5615234375},"cycles":11383498027}
{"runtime":1499,"energy":{"pkg":125.61761474609375,"pp0":0,"dram":22.934326171875},"cycles":11800946833}
{"runtime":1547,"energy":{"pkg":127.7569580078125,"pp0":0,"dram":18.4088134765625},"cycles":11288284522}
{"runtime":1751,"energy":{"pkg":144.688232421875,"pp0":0,"dram":23.40533447265625},"cycles":11941616734}
{"runtime":1407,"energy":{"pkg":118.0750732421875,"pp0":0,"dram":19.7164306640625},"cycles":11705339868}
{"runtime":1394,"energy":{"pkg":116.89263916015625,"pp0":0,"dram":15.43231201171875},"cycles":11737547060}
{"runtime":1564,"energy":{"pkg":128.49658203125,"pp0":0,"dram":20.12127685546875},"cycles":11818194599}
{"runtime":1553,"energy":{"pkg":129.37591552734375,"pp0":0,"dram":20.87127685546875},"cycles":11539026341}
{"runtime":1364,"energy":{"pkg":114.42510986328125,"pp0":0,"dram":18.199462890625},"cycles":11537913267}
{"runtime":1327,"energy":{"pkg":111.251953125,"pp0":0,"dram":18.444091796875},"cycles":11617774566}
{"runtime":1339,"energy":{"pkg":112.01702880859375,"pp0":0,"dram":18.16302490234375},"cycles":11809767295}
{"runtime":1335,"energy":{"pkg":112.237548828125,"pp0":0,"dram":18.75677490234375},"cycles":11526095318}
{"runtime":1471,"energy":{"pkg":122.783935546875,"pp0":0,"dram":19.86968994140625},"cycles":11608326643}
{"runtime":1513,"energy":{"pkg":126.4996337890625,"pp0":0,"dram":21.13983154296875},"cycles":12033940460}
{"runtime":1306,"energy":{"pkg":109.6986083984375,"pp0":0,"dram":18.2589111328125},"cycles":11522664783}
{"runtime":1407,"energy":{"pkg":118.023193359375,"pp0":0,"dram":19.2938232421875},"cycles":11463789123}
{"runtime":1425,"energy":{"pkg":118.81707763671875,"pp0":0,"dram":17.85565185546875},"cycles":11572389917}
{"runtime":1352,"energy":{"pkg":113.20928955078125,"pp0":0,"dram":18.89739990234375},"cycles":12042061286}
{"runtime":1343,"energy":{"pkg":112.23760986328125,"pp0":0,"dram":18.69488525390625},"cycles":11630821907}
{"runtime":1330,"energy":{"pkg":111.750244140625,"pp0":0,"dram":18.72808837890625},"cycles":11647481595}
{"runtime":1562,"energy":{"pkg":130.46331787109375,"pp0":0,"dram":21.70941162109375},"cycles":11792179466}
{"runtime":1625,"energy":{"pkg":135.05316162109375,"pp0":0,"dram":21.71258544921875},"cycles":12031723300}
{"runtime":1342,"energy":{"pkg":112.56695556640625,"pp0":0,"dram":18.523193359375},"cycles":11263958692}
{"runtime":1640,"energy":{"pkg":136.119384765625,"pp0":0,"dram":20.53948974609375},"cycles":11917000039}
{"runtime":1524,"energy":{"pkg":126.48516845703125,"pp0":0,"dram":20.57757568359375},"cycles":11863756421}
{"runtime":1670,"energy":{"pkg":139.36083984375,"pp0":0,"dram":17.4158935546875},"cycles":12513501578}
{"runtime":1376,"energy":{"pkg":115.86181640625,"pp0":0,"dram":14.9395751953125},"cycles":11778345558}
{"runtime":1324,