{"runtime":353,"energy":{"pkg":29.4105224609375,"pp0":0,"dram":5.6182861328125},"cycles":1559987275}
{"runtime":347,"energy":{"pkg":28.68560791015625,"pp0":0,"dram":5.81036376953125},"cycles":1655429612}
{"runtime":359,"energy":{"pkg":29.803466796875,"pp0":0,"dram":5.5977783203125},"cycles":1469082093}
{"runtime":334,"energy":{"pkg":27.96990966796875,"pp0":0,"dram":5.1346435546875},"cycles":1419177628}
{"runtime":416,"energy":{"pkg":34.2933349609375,"pp0":0,"dram":6.73358154296875},"cycles":1649301927}
{"runtime":354,"energy":{"pkg":29.4271240234375,"pp0":0,"dram":6.1024169921875},"cycles":1475632590}
{"runtime":542,"energy":{"pkg":44.6923828125,"pp0":0,"dram":8.47528076171875},"cycles":2090620530}
{"runtime":387,"energy":{"pkg":32.3482666015625,"pp0":0,"dram":5.99810791015625},"cycles":1745425038}
{"runtime":358,"energy":{"pkg":29.778564453125,"pp0":0,"dram":5.70416259765625},"cycles":1595187105}
{"runtime":337,"energy":{"pkg":28.05255126953125,"pp0":0,"dram":5.6629638671875},"cycles":1566522338}
{"runtime":481,"energy":{"pkg":39.6322021484375,"pp0":0,"dram":7.33642578125},"cycles":1938682195}
{"runtime":489,"energy":{"pkg":39.87261962890625,"pp0":0,"dram":7.45703125},"cycles":1835257497}
{"runtime":340,"energy":{"pkg":28.38592529296875,"pp0":0,"dram":5.76409912109375},"cycles":1480889337}
{"runtime":339,"energy":{"pkg":28.3504638671875,"pp0":0,"dram":5.24884033203125},"cycles":1376599517}
{"runtime":385,"energy":{"pkg":31.77728271484375,"pp0":0,"dram":6.170654296875},"cycles":1600565823}
{"runtime":332,"energy":{"pkg":27.783447265625,"pp0":0,"dram":5.6956787109375},"cycles":1551980675}
{"runtime":311,"energy":{"pkg":26.11907958984375,"pp0":0,"dram":5.37554931640625},"cycles":1448105986}
{"runtime":306,"energy":{"pkg":25.59228515625,"pp0":0,"dram":5.3231201171875},"cycles":1349507062}
{"runtime":319,"energy":{"pkg":26.73028564453125,"pp0":0,"dram":5.51953125},"cycles":1468277335}
{"runtime":359,"energy":{"pkg":30.08416748046875,"pp0":0,"dram":6.00030517578125},"cycles":1643232873}
{"runtime":338,"energy":{"pkg":28.16162109375,"pp0":0,"dram":5.71588134765625},"cycles":1388115986}
{"runtime":338,"energy":{"pkg":28.3681640625,"pp0":0,"dram":5.26776123046875},"cycles":1496066396}
{"runtime":336,"energy":{"pkg":28.15087890625,"pp0":0,"dram":5.16156005859375},"cycles":1509689348}
{"runtime":346,"energy":{"pkg":28.89990234375,"pp0":0,"dram":5.70062255859375},"cycles":1618587472}
{"runtime":360,"energy":{"pkg":30.1490478515625,"pp0":0,"dram":6.05816650390625},"cycles":1589062421}
{"runtime":326,"energy":{"pkg":27.3173828125,"pp0":0,"dram":5.53546142578125},"cycles":1540497327}
{"runtime":384,"energy":{"pkg":31.9700927734375,"pp0":0,"dram":6.2034912109375},"cycles":1604137156}
{"runtime":421,"energy":{"pkg":34.87493896484375,"pp0":0,"dram":7.06414794921875},"cycles":1722151466}
{"runtime":343,"energy":{"pkg":28.675048828125,"pp0":0,"dram":5.5440673828125},"cycles":1495308443}
{"runtime":356,"energy":{"pkg":29.703857421875,"pp0":0,"dram":6.022705078125},"cycles":1544919274}
{"runtime":349,"energy":{"pkg":29.1500244140625,"pp0":0,"dram":5.88775634765625},"cycles":1459508280}
{"runtime":317,"energy":{"pkg":26.48486328125,"pp0":0,"dram":4.6163330078125},"cycles":1572518686}
{"runtime":326,"energy":{"pkg":27.18157958984375,"pp0":0,"dram":5.278076171875},"cycles":1579414348}
{"runtime":336,"energy":{"pkg":28.172119140625,"pp0":0,"dram":5.7801513671875},"cycles":1493230693}
{"runtime":349,"energy":{"pkg":29.03076171875,"pp0":0,"dram":5.8800048828125},"cycles":1510375542}
{"runtime":355,"energy":{"pkg":29.55364990234375,"pp0":0,"dram":5.97833251953125},"cycles":1514190142}
{"runtime":363,"energy":{"pkg":30.23114013671875,"pp0":0,"dram":6.14190673828125},"cycles":1552980142}
{"runtime":365,"energy":{"pkg":30.40789794921875,"pp0":0,"dram":6.13299560546875},"cycles":1559283242}
{"runtime":531,"energy":{"pkg":43.486083984375,"pp0":0,"dram":6.6436767578125},"cycles":2036966724}
{"runtime":318,"energy":{"pkg":26.628662109375,"pp0":0,"dram":5.317626953125},"cycles":1378054543}
{"runtime":322,"energy":{"pkg":26.973876953125,"pp0":0,"dram":5.37481689453125},"cycles":1474047355}
{"runtime":334,"energy":{"pkg":27.84368896484375,"pp0":0,"dram":4.73956298828125},"cycles":1604664524}
{"runtime":467,"energy":{"pkg":38.35089111328125,"pp0":0,"dram":7.0987548828125},"cycles":1778125524}
{"runtime":325,"energy":{"pkg":26.643798828125,"pp0":0,"dram":4.640625},"cycles":1553606962}
{"runtime":375,"energy":{"pkg":31.2764892578125,"pp0":0,"dram":6.17694091796875},"cycles":1652652885}
{"runtime":339,"energy":{"pkg":28.27752685546875,"pp0":0,"dram":5.78857421875},"cycles":1455995651}
{"runtime":339,"energy":{"pkg":28.29278564453125,"pp0":0,"dram":5.87078857421875},"cycles":1545847897}
{"runtime":345,"energy":{"pkg":28.79351806640625,"pp0":0,"dram":5.737548828125},"cycles":1599748903}
{"runtime":331,"energy":{"pkg":27.50372314453125,"pp0":0,"dram":4.72491455078125},"cycles":1436352848}
{"runtime":345,"energy":{"pkg":28.5870361328125,"pp0":0,"dram":5.86944580078125},"cycles":1458674280}
{"runtime":344,"energy":{"pkg":28.675048828125,"pp0":0,"dram":5.5909423828125},"cycles":1599122674}
{"runtime":416,"energy":{"pkg":34.19403076171875,"pp0":0,"dram":6.5718994140625},"cycles":1768876146}
{"runtime":359,"energy":{"pkg":29.83935546875,"pp0":0,"dram":6.01678466796875},"cycles":1594408330}
{"runtime":334,"energy":{"pkg":27.9613037109375,"pp0":0,"dram":5.82830810546875},"cycles":1511646716}
{"runtime":420,"energy":{"pkg":34.63970947265625,"pp0":0,"dram":5.48944091796875},"cycles":1755678051}
{"runtime":342,"energy":{"pkg":28.386474609375,"pp0":0,"dram":5.7786865234375},"cycles":1423454659}
{"runtime":330,"energy":{"pkg":27.53973388671875,"pp0":0,"dram":5.6630859375},"cycles":1448888209}
{"runtime":346,"energy":{"pkg":28.7828369140625,"pp0":0,"dram":5.92401123046875},"cycles":1430061761}
{"runtime":346,"energy":{"pkg":28.81573486328125,"pp0":0,"dram":5.84716796875},"cycles":1492892051}
{"runtime":327,"energy":{"pkg":27.09747314453125,"pp0":0,"dram":5.02587890625},"cycles":1478303442}
{"runtime":464,"energy":{"pkg":37.916748046875,"pp0":0,"dram":6.97369384765625},"cycles":1777872637}
{"runtime":464,"energy":{"pkg":38.063232421875,"pp0":0,"dram":6.78125},"cycles":1752753222}
{"runtime":359,"energy":{"pkg":29.94451904296875,"pp0":0,"dram":6.0565185546875},"cycles":1611230349}
{"runtime":347,"energy":{"pkg":28.88665771484375,"pp0":0,"dram":5.86761474609375},"cycles":1460607732}
{"runtime":361,"energy":{"pkg":30.02734375,"pp0":0,"dram":6.05096435546875},"cycles":1513025743}
{"runtime":352,"energy":{"pkg":29.24908447265625,"pp0":0,"dram":5.90899658203125},"cycles":1562291119}
{"runtime":466,"energy":{"pkg":38.29388427734375,"pp0":0,"dram":7.0465087890625},"cycles":1900552795}
{"runtime":338,"energy":{"pkg":28.14239501953125,"pp0":0,"dram":5.67889404296875},"cycles":1498400900}
{"runtime":358,"energy":{"pkg":29.87335205078125,"pp0":0,"dram":6.0843505859375},"cycles":1549699203}
{"runtime":349,"energy":{"pkg":29.007568359375,"pp0":0,"dram":5.9271240234375},"cycles":1428909471}
{"runtime":422,"energy":{"pkg":34.84283447265625,"pp0":0,"dram":6.25421142578125},"cycles":1766394681}
{"runtime":346,"energy":{"pkg":28.85968017578125,"pp0":0,"dram":5.8961181640625},"cycles":1463961386}
{"runtime":367,"energy":{"pkg":30.455810546875,"pp0":0,"dram":6.09979248046875},"cycles":1608781560}
{"runtime":329,"energy":{"pkg":27.494384765625,"pp0":0,"dram":5.601806640625},"cycles":1551534415}
{"runtime":364,"energy":{"pkg":30.39544677734375,"pp0":0,"dram":5.02606201171875},"cycles":1540000980}
{"runtime":353,"energy":{"pkg":29.41973876953125,"pp0":0,"dram":4.95880126953125},"cycles":1521000857}
{"runtime":326,"energy":{"pkg":27.16876220703125,"pp0":0,"dram":4.7171630859375},"cycles":1534837747}
{"runtime":354,"energy":{"pkg":29.216552734375,"pp0":0,"dram":4.96490478515625},"cycles":1647091566}
{"runtime":353,"energy":{"pkg":29.45819091796875,"pp0":0,"dram":6.04180908203125},"cycles":1642694254}
{"runtime":344,