{"runtime":276,"energy":{"pkg":10.99456787109375,"pp0":0,"dram":3.63323974609375},"cycles":1287153511}
{"runtime":271,"energy":{"pkg":11.15716552734375,"pp0":0,"dram":3.6153564453125},"cycles":1250190941}
{"runtime":336,"energy":{"pkg":12.27459716796875,"pp0":0,"dram":4.2584228515625},"cycles":1198582654}
{"runtime":325,"energy":{"pkg":12.442138671875,"pp0":0,"dram":4.2540283203125},"cycles":1363808072}
{"runtime":309,"energy":{"pkg":12.54144287109375,"pp0":0,"dram":3.94720458984375},"cycles":1275648639}
{"runtime":312,"energy":{"pkg":13.5938720703125,"pp0":0,"dram":4.56915283203125},"cycles":1267069678}
{"runtime":526,"energy":{"pkg":15.931640625,"pp0":0,"dram":6.423583984375},"cycles":1194904061}
{"runtime":290,"energy":{"pkg":11.72052001953125,"pp0":0,"dram":3.86907958984375},"cycles":1246106355}
{"runtime":281,"energy":{"pkg":11.75115966796875,"pp0":0,"dram":3.7237548828125},"cycles":1343816004}
{"runtime":324,"energy":{"pkg":12.86322021484375,"pp0":0,"dram":4.11651611328125},"cycles":1349472970}
{"runtime":374,"energy":{"pkg":13.99029541015625,"pp0":0,"dram":4.74517822265625},"cycles":1245646969}
{"runtime":294,"energy":{"pkg":12.13494873046875,"pp0":0,"dram":3.9310302734375},"cycles":1380475588}
{"runtime":331,"energy":{"pkg":12.95953369140625,"pp0":0,"dram":4.24993896484375},"cycles":1262560231}
{"runtime":286,"energy":{"pkg":12.12017822265625,"pp0":0,"dram":4.23248291015625},"cycles":1307095526}
{"runtime":469,"energy":{"pkg":15.8475341796875,"pp0":0,"dram":5.6898193359375},"cycles":1208835536}
{"runtime":270,"energy":{"pkg":11.46014404296875,"pp0":0,"dram":3.62530517578125},"cycles":1266747369}
{"runtime":285,"energy":{"pkg":11.40301513671875,"pp0":0,"dram":3.75457763671875},"cycles":1253991368}
{"runtime":286,"energy":{"pkg":11.84014892578125,"pp0":0,"dram":3.83917236328125},"cycles":1254927695}
{"runtime":286,"energy":{"pkg":11.92633056640625,"pp0":0,"dram":3.824462890625},"cycles":1386319420}
{"runtime":300,"energy":{"pkg":11.51361083984375,"pp0":0,"dram":3.9100341796875},"cycles":1258467437}
{"runtime":287,"energy":{"pkg":12.1807861328125,"pp0":0,"dram":3.8701171875},"cycles":1391945871}
{"runtime":300,"energy":{"pkg":12.81878662109375,"pp0":0,"dram":4.0657958984375},"cycles":1287401224}
{"runtime":462,"energy":{"pkg":15.5816650390625,"pp0":0,"dram":5.55218505859375},"cycles":1212389198}
{"runtime":325,"energy":{"pkg":13.03936767578125,"pp0":0,"dram":4.24169921875},"cycles":1380278615}
{"runtime":279,"energy":{"pkg":11.852294921875,"pp0":0,"dram":3.73138427734375},"cycles":1299113584}
{"runtime":282,"energy":{"pkg":11.66607666015625,"pp0":0,"dram":3.720458984375},"cycles":1244646403}
{"runtime":283,"energy":{"pkg":11.9056396484375,"pp0":0,"dram":3.78216552734375},"cycles":1261927784}
{"runtime":358,"energy":{"pkg":12.64910888671875,"pp0":0,"dram":4.722900390625},"cycles":1233352706}
{"runtime":295,"energy":{"pkg":11.564697265625,"pp0":0,"dram":3.9046630859375},"cycles":1262802433}
{"runtime":463,"energy":{"pkg":15.745361328125,"pp0":0,"dram":5.40802001953125},"cycles":1187292239}
{"runtime":295,"energy":{"pkg":12.08343505859375,"pp0":0,"dram":4.0279541015625},"cycles":1238196369}
{"runtime":298,"energy":{"pkg":12.7613525390625,"pp0":0,"dram":4.12646484375},"cycles":1273126733}
{"runtime":292,"energy":{"pkg":11.71954345703125,"pp0":0,"dram":3.83526611328125},"cycles":1244453615}
{"runtime":303,"energy":{"pkg":12.9482421875,"pp0":0,"dram":4.4324951171875},"cycles":1288853930}
{"runtime":322,"energy":{"pkg":13.86944580078125,"pp0":0,"dram":4.62847900390625},"cycles":1289315534}
{"runtime":274,"energy":{"pkg":11.5235595703125,"pp0":0,"dram":3.66357421875},"cycles":1275055331}
{"runtime":271,"energy":{"pkg":12.06671142578125,"pp0":0,"dram":3.81982421875},"cycles":1260758881}
{"runtime":272,"energy":{"pkg":12.59832763671875,"pp0":0,"dram":3.79742431640625},"cycles":1261100097}
{"runtime":295,"energy":{"pkg":12.149658203125,"pp0":0,"dram":3.89483642578125},"cycles":1234829189}
{"runtime":297,"energy":{"pkg":12.751953125,"pp0":0,"dram":4.40374755859375},"cycles":1433117529}
{"runtime":342,"energy":{"pkg":13.04547119140625,"pp0":0,"dram":4.3466796875},"cycles":1284615369}
{"runtime":318,"energy":{"pkg":12.72882080078125,"pp0":0,"dram":4.04315185546875},"cycles":1255938580}
{"runtime":464,"energy":{"pkg":15.9456787109375,"pp0":0,"dram":5.3306884765625},"cycles":1296381046}
{"runtime":484,"energy":{"pkg":16.97406005859375,"pp0":0,"dram":6.09320068359375},"cycles":1237538318}
{"runtime":294,"energy":{"pkg":12.109619140625,"pp0":0,"dram":3.9742431640625},"cycles":1253205316}
{"runtime":293,"energy":{"pkg":12.1298828125,"pp0":0,"dram":3.93353271484375},"cycles":1381840961}
{"runtime":389,"energy":{"pkg":13.59942626953125,"pp0":0,"dram":4.81500244140625},"cycles":1174732017}
{"runtime":295,"energy":{"pkg":12.00494384765625,"pp0":0,"dram":3.8702392578125},"cycles":1233346619}
{"runtime":280,"energy":{"pkg":11.72113037109375,"pp0":0,"dram":3.72039794921875},"cycles":1381575048}
{"runtime":287,"energy":{"pkg":12.34832763671875,"pp0":0,"dram":3.913818359375},"cycles":1249616824}
{"runtime":374,"energy":{"pkg":13.446533203125,"pp0":0,"dram":4.55694580078125},"cycles":1324703633}
{"runtime":453,"energy":{"pkg":15.72943115234375,"pp0":0,"dram":5.26507568359375},"cycles":1322902158}
{"runtime":289,"energy":{"pkg":12.46484375,"pp0":0,"dram":3.93353271484375},"cycles":1234059063}
{"runtime":297,"energy":{"pkg":12.0167236328125,"pp0":0,"dram":3.91351318359375},"cycles":1245534950}
{"runtime":306,"energy":{"pkg":12.585693359375,"pp0":0,"dram":3.95611572265625},"cycles":1242015247}
{"runtime":305,"energy":{"pkg":13.104736328125,"pp0":0,"dram":4.1229248046875},"cycles":1273039915}
{"runtime":277,"energy":{"pkg":11.51568603515625,"pp0":0,"dram":3.7166748046875},"cycles":1359639808}
{"runtime":297,"energy":{"pkg":11.66583251953125,"pp0":0,"dram":3.8558349609375},"cycles":1272745426}
{"runtime":280,"energy":{"pkg":11.8125,"pp0":0,"dram":3.75732421875},"cycles":1365319279}
{"runtime":271,"energy":{"pkg":11.58929443359375,"pp0":0,"dram":3.61865234375},"cycles":1279152233}
{"runtime":339,"energy":{"pkg":12.8663330078125,"pp0":0,"dram":4.36700439453125},"cycles":1327639808}
{"runtime":291,"energy":{"pkg":11.55548095703125,"pp0":0,"dram":3.94305419921875},"cycles":1252496724}
{"runtime":315,"energy":{"pkg":12.08642578125,"pp0":0,"dram":4.1134033203125},"cycles":1260638049}
{"runtime":297,"energy":{"pkg":12.46600341796875,"pp0":0,"dram":4.04241943359375},"cycles":1279887505}
{"runtime":282,"energy":{"pkg":12.56793212890625,"pp0":0,"dram":3.94244384765625},"cycles":1302944548}
{"runtime":342,"energy":{"pkg":12.90277099609375,"pp0":0,"dram":4.2987060546875},"cycles":1203013845}
{"runtime":271,"energy":{"pkg":11.53717041015625,"pp0":0,"dram":3.6097412109375},"cycles":1276550836}
{"runtime":329,"energy":{"pkg":13.23529052734375,"pp0":0,"dram":4.21685791015625},"cycles":1316629055}
{"runtime":273,"energy":{"pkg":11.4508056640625,"pp0":0,"dram":3.61981201171875},"cycles":1269148940}
{"runtime":300,"energy":{"pkg":12.00189208984375,"pp0":0,"dram":3.907958984375},"cycles":1237899848}
{"runtime":287,"energy":{"pkg":13.07666015625,"pp0":0,"dram":4.31903076171875},"cycles":1325342488}
{"runtime":298,"energy":{"pkg":11.92559814453125,"pp0":0,"dram":4.3387451171875},"cycles":1276077083}
{"runtime":283,"energy":{"pkg":11.9202880859375,"pp0":0,"dram":3.81610107421875},"cycles":1369808857}
{"runtime":298,"energy":{"pkg":12.69110107421875,"pp0":0,"dram":4.1578369140625},"cycles":1281559651}
{"runtime":270,"energy":{"pkg":11.522705078125,"pp0":0,"dram":3.6964111328125},"cycles":1270740327}
{"runtime":290,"energy":{"pkg":11.7772216796875,"pp0":0,"dram":3.87109375},"cycles":1244532800}
{"runtime":485,"energy":{"pkg":16.3232421875,"pp0":0,"dram":5.63812255859375},"cycles":1184037105}
{"runtime":296,"energy":{"pkg":12.16107177734375,"pp0":0,"dram":3.94061279296875},"cycles":1243676186}
{"runtime":285,"energy":{"pkg":13.31829833984375,"pp0":0,"dram":4.3031005859375},