{"runtime":317,"energy":{"pkg":17.70147705078125,"pp0":0,"dram":3.3092041015625},"cycles":9030814670}
{"runtime":312,"energy":{"pkg":16.05438232421875,"pp0":0,"dram":2.73272705078125},"cycles":10232503041}
{"runtime":312,"energy":{"pkg":17.1014404296875,"pp0":0,"dram":3.04296875},"cycles":9725813846}
{"runtime":331,"energy":{"pkg":18.69952392578125,"pp0":0,"dram":3.19390869140625},"cycles":9551825142}
{"runtime":305,"energy":{"pkg":16.78887939453125,"pp0":0,"dram":2.875244140625},"cycles":10176233880}
{"runtime":327,"energy":{"pkg":17.036376953125,"pp0":0,"dram":3.01934814453125},"cycles":10163007916}
{"runtime":346,"energy":{"pkg":18.17291259765625,"pp0":0,"dram":3.04327392578125},"cycles":10323323448}
{"runtime":302,"energy":{"pkg":16.78656005859375,"pp0":0,"dram":2.758056640625},"cycles":10078930896}
{"runtime":300,"energy":{"pkg":18.2840576171875,"pp0":0,"dram":3.07073974609375},"cycles":9154671165}
{"runtime":322,"energy":{"pkg":17.09967041015625,"pp0":0,"dram":2.952880859375},"cycles":10151943510}
{"runtime":398,"energy":{"pkg":21.77294921875,"pp0":0,"dram":4.4005126953125},"cycles":10056476423}
{"runtime":308,"energy":{"pkg":16.357421875,"pp0":0,"dram":2.8673095703125},"cycles":10132849875}
{"runtime":314,"energy":{"pkg":16.7640380859375,"pp0":0,"dram":3.28924560546875},"cycles":9365233423}
{"runtime":323,"energy":{"pkg":16.95391845703125,"pp0":0,"dram":2.97344970703125},"cycles":10169953462}
{"runtime":323,"energy":{"pkg":18.00579833984375,"pp0":0,"dram":3.2879638671875},"cycles":9592454356}
{"runtime":314,"energy":{"pkg":16.55072021484375,"pp0":0,"dram":3.40130615234375},"cycles":9825204675}
{"runtime":340,"energy":{"pkg":17.7879638671875,"pp0":0,"dram":3.17779541015625},"cycles":10557900597}
{"runtime":324,"energy":{"pkg":17.74505615234375,"pp0":0,"dram":3.28765869140625},"cycles":10143867585}
{"runtime":305,"energy":{"pkg":16.37518310546875,"pp0":0,"dram":2.750244140625},"cycles":10202820678}
{"runtime":318,"energy":{"pkg":16.58343505859375,"pp0":0,"dram":2.88214111328125},"cycles":10106085963}
{"runtime":325,"energy":{"pkg":18.2423095703125,"pp0":0,"dram":3.32684326171875},"cycles":9839924891}
{"runtime":337,"energy":{"pkg":16.2890625,"pp0":0,"dram":2.99609375},"cycles":10203822161}
{"runtime":307,"energy":{"pkg":16.8634033203125,"pp0":0,"dram":2.975341796875},"cycles":10234475205}
{"runtime":301,"energy":{"pkg":16.434814453125,"pp0":0,"dram":3.177734375},"cycles":9875159079}
{"runtime":326,"energy":{"pkg":15.52960205078125,"pp0":0,"dram":3.26171875},"cycles":9893885573}
{"runtime":392,"energy":{"pkg":17.3992919921875,"pp0":0,"dram":3.49383544921875},"cycles":10302205985}
{"runtime":323,"energy":{"pkg":17.10382080078125,"pp0":0,"dram":2.9580078125},"cycles":10397354695}
{"runtime":374,"energy":{"pkg":18.99169921875,"pp0":0,"dram":3.36444091796875},"cycles":10662816546}
{"runtime":310,"energy":{"pkg":16.5999755859375,"pp0":0,"dram":3.04052734375},"cycles":10263171422}
{"runtime":307,"energy":{"pkg":16.72454833984375,"pp0":0,"dram":3.26519775390625},"cycles":9512612234}
{"runtime":307,"energy":{"pkg":16.72637939453125,"pp0":0,"dram":2.8709716796875},"cycles":10267046424}
{"runtime":424,"energy":{"pkg":21.431396484375,"pp0":0,"dram":4.21893310546875},"cycles":10709585481}
{"runtime":318,"energy":{"pkg":17.32867431640625,"pp0":0,"dram":3.59637451171875},"cycles":9752715112}
{"runtime":329,"energy":{"pkg":17.48486328125,"pp0":0,"dram":3.76824951171875},"cycles":9851651294}
{"runtime":305,"energy":{"pkg":17.26800537109375,"pp0":0,"dram":3.203369140625},"cycles":9994884679}
{"runtime":313,"energy":{"pkg":16.3468017578125,"pp0":0,"dram":3.01171875},"cycles":10176767330}
{"runtime":347,"energy":{"pkg":18.38836669921875,"pp0":0,"dram":3.25860595703125},"cycles":10666424848}
{"runtime":303,"energy":{"pkg":16.615478515625,"pp0":0,"dram":2.70416259765625},"cycles":10231783668}
{"runtime":310,"energy":{"pkg":16.70928955078125,"pp0":0,"dram":3.3671875},"cycles":9805639042}
{"runtime":304,"energy":{"pkg":16.685302734375,"pp0":0,"dram":2.9478759765625},"cycles":10191602057}
{"runtime":309,"energy":{"pkg":15.94830322265625,"pp0":0,"dram":2.73187255859375},"cycles":10204432745}
{"runtime":322,"energy":{"pkg":17.6583251953125,"pp0":0,"dram":3.22674560546875},"cycles":10079079509}
{"runtime":321,"energy":{"pkg":18.023681640625,"pp0":0,"dram":3.41204833984375},"cycles":9467695933}
{"runtime":319,"energy":{"pkg":17.69671630859375,"pp0":0,"dram":3.22088623046875},"cycles":9722593047}
{"runtime":302,"energy":{"pkg":16.79071044921875,"pp0":0,"dram":3.0400390625},"cycles":9441884044}
{"runtime":307,"energy":{"pkg":15.5845947265625,"pp0":0,"dram":2.798095703125},"cycles":10112848538}
{"runtime":308,"energy":{"pkg":15.9481201171875,"pp0":0,"dram":2.80810546875},"cycles":10156101510}
{"runtime":320,"energy":{"pkg":16.7733154296875,"pp0":0,"dram":2.9586181640625},"cycles":10141111779}
{"runtime":311,"energy":{"pkg":15.78118896484375,"pp0":0,"dram":2.88214111328125},"cycles":10192903079}
{"runtime":315,"energy":{"pkg":16.25323486328125,"pp0":0,"dram":2.966796875},"cycles":10230687611}
{"runtime":309,"energy":{"pkg":16.86871337890625,"pp0":0,"dram":3.01116943359375},"cycles":10284487392}
{"runtime":306,"energy":{"pkg":15.9425048828125,"pp0":0,"dram":2.91900634765625},"cycles":10154274869}
{"runtime":343,"energy":{"pkg":16.32489013671875,"pp0":0,"dram":3.1998291015625},"cycles":10246196996}
{"runtime":336,"energy":{"pkg":17.805419921875,"pp0":0,"dram":3.38568115234375},"cycles":9864658072}
{"runtime":309,"energy":{"pkg":15.9361572265625,"pp0":0,"dram":2.90008544921875},"cycles":10141408499}
{"runtime":329,"energy":{"pkg":17.10455322265625,"pp0":0,"dram":2.99676513671875},"cycles":9959407094}
{"runtime":302,"energy":{"pkg":15.9346923828125,"pp0":0,"dram":2.8599853515625},"cycles":10220241770}
{"runtime":308,"energy":{"pkg":17.251220703125,"pp0":0,"dram":3.11920166015625},"cycles":9386990583}
{"runtime":309,"energy":{"pkg":15.86004638671875,"pp0":0,"dram":2.75738525390625},"cycles":10189764698}
{"runtime":314,"energy":{"pkg":16.6021728515625,"pp0":0,"dram":2.9627685546875},"cycles":10126246057}
{"runtime":322,"energy":{"pkg":17.24969482421875,"pp0":0,"dram":3.0379638671875},"cycles":10381922919}
{"runtime":309,"energy":{"pkg":16.43121337890625,"pp0":0,"dram":2.87921142578125},"cycles":10285583740}
{"runtime":309,"energy":{"pkg":17.78680419921875,"pp0":0,"dram":3.00177001953125},"cycles":8913450542}
{"runtime":301,"energy":{"pkg":18.131103515625,"pp0":0,"dram":3.0069580078125},"cycles":9707648618}
{"runtime":307,"energy":{"pkg":17.5316162109375,"pp0":0,"dram":3.14453125},"cycles":9472645397}
{"runtime":328,"energy":{"pkg":17.63201904296875,"pp0":0,"dram":3.5220947265625},"cycles":9489637325}
{"runtime":306,"energy":{"pkg":16.36895751953125,"pp0":0,"dram":3.1549072265625},"cycles":9768659133}
{"runtime":304,"energy":{"pkg":16.556396484375,"pp0":0,"dram":2.75},"cycles":10280241324}
{"runtime":314,"energy":{"pkg":16.18206787109375,"pp0":0,"dram":2.8341064453125},"cycles":10252195393}
{"runtime":317,"energy":{"pkg":16.74139404296875,"pp0":0,"dram":2.9307861328125},"cycles":10212120266}
{"runtime":312,"energy":{"pkg":17.14129638671875,"pp0":0,"dram":3.150634765625},"cycles":9837041288}
{"runtime":301,"energy":{"pkg":15.7330322265625,"pp0":0,"dram":2.85638427734375},"cycles":10109292576}
{"runtime":304,"energy":{"pkg":16.7381591796875,"pp0":0,"dram":3.1883544921875},"cycles":9901467616}
{"runtime":354,"energy":{"pkg":17.62158203125,"pp0":0,"dram":3.3084716796875},"cycles":10149159592}
{"runtime":325,"energy":{"pkg":15.6939697265625,"pp0":0,"dram":3.15020751953125},"cycles":10090541231}
{"runtime":304,"energy":{"pkg":16.58685302734375,"pp0":0,"dram":2.69921875},"cycles":10208917368}
{"runtime":333,"energy":{"pkg":17.97698974609375,"pp0":0,"dram":3.2696533203125},"cycles":9651597299}
{"runtime":310,"energy":{"pkg":16.29400634765625,"pp0":0,"dram":2.84417724609375},"cycles":10273336211}
{"runtime":326,"energy":{"pkg":18.67694091796875,"pp0":0,"dram":3.3878173828125},