{"runtime":280,"energy":{"pkg":25.39080810546875,"pp0":0,"dram":3.79022216796875},"cycles":9900417033}
{"runtime":271,"energy":{"pkg":24.76629638671875,"pp0":0,"dram":3.6883544921875},"cycles":9807873080}
{"runtime":269,"energy":{"pkg":24.736083984375,"pp0":0,"dram":3.77325439453125},"cycles":9746470801}
{"runtime":267,"energy":{"pkg":24.49029541015625,"pp0":0,"dram":3.5665283203125},"cycles":9699855189}
{"runtime":270,"energy":{"pkg":24.70758056640625,"pp0":0,"dram":3.76971435546875},"cycles":9777576051}
{"runtime":275,"energy":{"pkg":25.1197509765625,"pp0":0,"dram":3.85986328125},"cycles":9838333323}
{"runtime":291,"energy":{"pkg":26.29180908203125,"pp0":0,"dram":3.949951171875},"cycles":10126947228}
{"runtime":269,"energy":{"pkg":24.66900634765625,"pp0":0,"dram":3.75225830078125},"cycles":9685806925}
{"runtime":280,"energy":{"pkg":25.36614990234375,"pp0":0,"dram":3.7890625},"cycles":9876213266}
{"runtime":275,"energy":{"pkg":24.8433837890625,"pp0":0,"dram":3.6551513671875},"cycles":9693519383}
{"runtime":268,"energy":{"pkg":24.47650146484375,"pp0":0,"dram":3.7796630859375},"cycles":9724471573}
{"runtime":496,"energy":{"pkg":42.61859130859375,"pp0":0,"dram":6.30279541015625},"cycles":10640298288}
{"runtime":271,"energy":{"pkg":24.8035888671875,"pp0":0,"dram":3.83123779296875},"cycles":9783522383}
{"runtime":269,"energy":{"pkg":24.5865478515625,"pp0":0,"dram":3.70263671875},"cycles":9695421430}
{"runtime":274,"energy":{"pkg":24.9500732421875,"pp0":0,"dram":4.1229248046875},"cycles":9894947810}
{"runtime":285,"energy":{"pkg":25.77294921875,"pp0":0,"dram":3.86529541015625},"cycles":10031711389}
{"runtime":270,"energy":{"pkg":24.70306396484375,"pp0":0,"dram":3.83074951171875},"cycles":9780551398}
{"runtime":292,"energy":{"pkg":26.3291015625,"pp0":0,"dram":3.860595703125},"cycles":10142290548}
{"runtime":268,"energy":{"pkg":24.36053466796875,"pp0":0,"dram":3.46099853515625},"cycles":9676822712}
{"runtime":269,"energy":{"pkg":24.53814697265625,"pp0":0,"dram":3.87353515625},"cycles":9735559560}
{"runtime":280,"energy":{"pkg":25.4134521484375,"pp0":0,"dram":3.7591552734375},"cycles":9887851966}
{"runtime":279,"energy":{"pkg":25.38037109375,"pp0":0,"dram":3.92974853515625},"cycles":9939102834}
{"runtime":278,"energy":{"pkg":25.25146484375,"pp0":0,"dram":3.85186767578125},"cycles":9866348689}
{"runtime":269,"energy":{"pkg":24.69830322265625,"pp0":0,"dram":3.73809814453125},"cycles":9785064747}
{"runtime":283,"energy":{"pkg":25.67352294921875,"pp0":0,"dram":3.8486328125},"cycles":9983907072}
{"runtime":267,"energy":{"pkg":24.461669921875,"pp0":0,"dram":3.8134765625},"cycles":9696581565}
{"runtime":276,"energy":{"pkg":25.14678955078125,"pp0":0,"dram":3.79632568359375},"cycles":9872317113}
{"runtime":270,"energy":{"pkg":24.69000244140625,"pp0":0,"dram":3.84271240234375},"cycles":9753231205}
{"runtime":269,"energy":{"pkg":24.57318115234375,"pp0":0,"dram":3.81085205078125},"cycles":9749638324}
{"runtime":274,"energy":{"pkg":25.03204345703125,"pp0":0,"dram":3.91571044921875},"cycles":9842996144}
{"runtime":269,"energy":{"pkg":24.41448974609375,"pp0":0,"dram":3.9000244140625},"cycles":9758296446}
{"runtime":270,"energy":{"pkg":24.382568359375,"pp0":0,"dram":3.73846435546875},"cycles":9643453026}
{"runtime":268,"energy":{"pkg":24.40911865234375,"pp0":0,"dram":3.58685302734375},"cycles":9718546278}
{"runtime":267,"energy":{"pkg":24.466064453125,"pp0":0,"dram":3.79608154296875},"cycles":9693208584}
{"runtime":268,"energy":{"pkg":24.587890625,"pp0":0,"dram":4.02716064453125},"cycles":9686269503}
{"runtime":267,"energy":{"pkg":24.2882080078125,"pp0":0,"dram":3.805419921875},"cycles":9657185897}
{"runtime":267,"energy":{"pkg":24.37548828125,"pp0":0,"dram":3.61029052734375},"cycles":9668928244}
{"runtime":268,"energy":{"pkg":24.4033203125,"pp0":0,"dram":3.70001220703125},"cycles":9715003888}
{"runtime":272,"energy":{"pkg":24.84722900390625,"pp0":0,"dram":3.03302001953125},"cycles":9840650783}
{"runtime":294,"energy":{"pkg":26.34735107421875,"pp0":0,"dram":3.92156982421875},"cycles":10082474405}
{"runtime":288,"energy":{"pkg":26.089111328125,"pp0":0,"dram":3.9771728515625},"cycles":10031561094}
{"runtime":279,"energy":{"pkg":25.44561767578125,"pp0":0,"dram":2.88165283203125},"cycles":9927405073}
{"runtime":291,"energy":{"pkg":26.3140869140625,"pp0":0,"dram":3.9071044921875},"cycles":10147238892}
{"runtime":281,"energy":{"pkg":25.26458740234375,"pp0":0,"dram":2.92779541015625},"cycles":9905087797}
{"runtime":283,"energy":{"pkg":25.50665283203125,"pp0":0,"dram":3.82635498046875},"cycles":9902431693}
{"runtime":267,"energy":{"pkg":24.42974853515625,"pp0":0,"dram":3.8443603515625},"cycles":9704700328}
{"runtime":281,"energy":{"pkg":25.5093994140625,"pp0":0,"dram":3.84454345703125},"cycles":9973707158}
{"runtime":280,"energy":{"pkg":25.48284912109375,"pp0":0,"dram":3.78143310546875},"cycles":9918002378}
{"runtime":292,"energy":{"pkg":26.19439697265625,"pp0":0,"dram":3.083740234375},"cycles":10099682897}
{"runtime":282,"energy":{"pkg":25.408203125,"pp0":0,"dram":3.8057861328125},"cycles":9889484588}
{"runtime":271,"energy":{"pkg":24.8212890625,"pp0":0,"dram":3.96148681640625},"cycles":9759134404}
{"runtime":292,"energy":{"pkg":26.34259033203125,"pp0":0,"dram":3.027099609375},"cycles":10269700182}
{"runtime":295,"energy":{"pkg":26.321533203125,"pp0":0,"dram":3.06591796875},"cycles":10231988255}
{"runtime":274,"energy":{"pkg":24.880859375,"pp0":0,"dram":3.71038818359375},"cycles":9769455820}
{"runtime":270,"energy":{"pkg":24.612548828125,"pp0":0,"dram":3.1439208984375},"cycles":9849516691}
{"runtime":273,"energy":{"pkg":24.86334228515625,"pp0":0,"dram":3.84954833984375},"cycles":9813498196}
{"runtime":284,"energy":{"pkg":25.71014404296875,"pp0":0,"dram":3.76348876953125},"cycles":10009019531}
{"runtime":279,"energy":{"pkg":25.3697509765625,"pp0":0,"dram":3.71038818359375},"cycles":9890700293}
{"runtime":279,"energy":{"pkg":25.2244873046875,"pp0":0,"dram":3.71832275390625},"cycles":9905257040}
{"runtime":278,"energy":{"pkg":25.1558837890625,"pp0":0,"dram":3.9058837890625},"cycles":9902428349}
{"runtime":269,"energy":{"pkg":24.45660400390625,"pp0":0,"dram":3.17431640625},"cycles":9663150537}
{"runtime":272,"energy":{"pkg":24.77783203125,"pp0":0,"dram":3.81353759765625},"cycles":9769765577}
{"runtime":267,"energy":{"pkg":24.52703857421875,"pp0":0,"dram":3.807861328125},"cycles":9726368211}
{"runtime":269,"energy":{"pkg":24.49530029296875,"pp0":0,"dram":3.67779541015625},"cycles":9719246175}
{"runtime":271,"energy":{"pkg":24.78424072265625,"pp0":0,"dram":3.4871826171875},"cycles":9826284076}
{"runtime":285,"energy":{"pkg":25.74395751953125,"pp0":0,"dram":3.79107666015625},"cycles":9989233050}
{"runtime":271,"energy":{"pkg":24.73114013671875,"pp0":0,"dram":2.97979736328125},"cycles":9811570506}
{"runtime":269,"energy":{"pkg":24.4061279296875,"pp0":0,"dram":3.91656494140625},"cycles":9770312212}
{"runtime":280,"energy":{"pkg":25.36767578125,"pp0":0,"dram":3.80181884765625},"cycles":9917118485}
{"runtime":273,"energy":{"pkg":25.071044921875,"pp0":0,"dram":4.08135986328125},"cycles":9835184107}
{"runtime":267,"energy":{"pkg":24.47381591796875,"pp0":0,"dram":3.80328369140625},"cycles":9703048712}
{"runtime":272,"energy":{"pkg":24.83056640625,"pp0":0,"dram":3.72235107421875},"cycles":9795408804}
{"runtime":267,"energy":{"pkg":24.35198974609375,"pp0":0,"dram":3.664306640625},"cycles":9645540076}
{"runtime":275,"energy":{"pkg":25.13128662109375,"pp0":0,"dram":3.88653564453125},"cycles":9855227492}
{"runtime":267,"energy":{"pkg":24.40716552734375,"pp0":0,"dram":2.9637451171875},"cycles":9710900588}
{"runtime":269,"energy":{"pkg":24.81219482421875,"pp0":0,"dram":3.06549072265625},"cycles":9784509286}
{"runtime":290,"energy":{"pkg":26.2552490234375,"pp0":0,"dram":3.01348876953125},"cycles":10122029897}
{"runtime":288,"energy":{"pkg":25.9749755859375,"pp0":0,"dram":3.07037353515625},"cycles":10008477032}
{"runtime":284,"energy":{"pkg":25.58612060546875,"pp0":0,"dram":3.87615966796875},