{"runtime":243,"energy":{"pkg":17.35675048828125,"pp0":0,"dram":2.6134033203125},"cycles":6885684646}
{"runtime":247,"energy":{"pkg":17.0718994140625,"pp0":0,"dram":3.6278076171875},"cycles":6207537675}
{"runtime":217,"energy":{"pkg":16.83056640625,"pp0":0,"dram":3.23101806640625},"cycles":6683657146}
{"runtime":206,"energy":{"pkg":16.1676025390625,"pp0":0,"dram":3.12646484375},"cycles":6363648413}
{"runtime":196,"energy":{"pkg":16.1767578125,"pp0":0,"dram":3.16192626953125},"cycles":6788085754}
{"runtime":212,"energy":{"pkg":18.05694580078125,"pp0":0,"dram":3.3585205078125},"cycles":7015273110}
{"runtime":232,"energy":{"pkg":17.1868896484375,"pp0":0,"dram":3.23699951171875},"cycles":7529005991}
{"runtime":197,"energy":{"pkg":16.60601806640625,"pp0":0,"dram":3.1798095703125},"cycles":6794675033}
{"runtime":198,"energy":{"pkg":16.56903076171875,"pp0":0,"dram":3.12396240234375},"cycles":6744453439}
{"runtime":208,"energy":{"pkg":17.3653564453125,"pp0":0,"dram":3.38531494140625},"cycles":7027763891}
{"runtime":194,"energy":{"pkg":15.63580322265625,"pp0":0,"dram":3.04248046875},"cycles":6651380087}
{"runtime":238,"energy":{"pkg":16.96563720703125,"pp0":0,"dram":2.848388671875},"cycles":6531817045}
{"runtime":200,"energy":{"pkg":16.6070556640625,"pp0":0,"dram":3.2847900390625},"cycles":6914026375}
{"runtime":193,"energy":{"pkg":16.41265869140625,"pp0":0,"dram":3.0836181640625},"cycles":6598037741}
{"runtime":237,"energy":{"pkg":17.40478515625,"pp0":0,"dram":2.8070068359375},"cycles":7282089512}
{"runtime":237,"energy":{"pkg":17.2755126953125,"pp0":0,"dram":2.5322265625},"cycles":6901311684}
{"runtime":194,"energy":{"pkg":16.38592529296875,"pp0":0,"dram":3.05657958984375},"cycles":6740906649}
{"runtime":247,"energy":{"pkg":18.0216064453125,"pp0":0,"dram":2.5025634765625},"cycles":7174114410}
{"runtime":214,"energy":{"pkg":17.27142333984375,"pp0":0,"dram":3.34375},"cycles":6672018500}
{"runtime":197,"energy":{"pkg":16.5506591796875,"pp0":0,"dram":3.21148681640625},"cycles":6789897410}
{"runtime":242,"energy":{"pkg":17.7041015625,"pp0":0,"dram":2.88726806640625},"cycles":6700554540}
{"runtime":192,"energy":{"pkg":16.0833740234375,"pp0":0,"dram":2.90106201171875},"cycles":6608020683}
{"runtime":236,"energy":{"pkg":18.0904541015625,"pp0":0,"dram":3.60784912109375},"cycles":6663421607}
{"runtime":200,"energy":{"pkg":16.8858642578125,"pp0":0,"dram":3.26080322265625},"cycles":6951738851}
{"runtime":236,"energy":{"pkg":16.75799560546875,"pp0":0,"dram":3.447509765625},"cycles":6220588082}
{"runtime":243,"energy":{"pkg":17.07977294921875,"pp0":0,"dram":3.6407470703125},"cycles":6271217434}
{"runtime":192,"energy":{"pkg":16.17449951171875,"pp0":0,"dram":3.103515625},"cycles":6675510569}
{"runtime":207,"energy":{"pkg":16.4342041015625,"pp0":0,"dram":3.1646728515625},"cycles":6565751886}
{"runtime":246,"energy":{"pkg":17.94818115234375,"pp0":0,"dram":2.5838623046875},"cycles":7000872584}
{"runtime":230,"energy":{"pkg":16.43560791015625,"pp0":0,"dram":3.5687255859375},"cycles":6306143723}
{"runtime":251,"energy":{"pkg":17.9869384765625,"pp0":0,"dram":3.4705810546875},"cycles":6050838209}
{"runtime":229,"energy":{"pkg":18.2943115234375,"pp0":0,"dram":3.16314697265625},"cycles":7526366761}
{"runtime":242,"energy":{"pkg":17.52606201171875,"pp0":0,"dram":3.62542724609375},"cycles":6456735183}
{"runtime":241,"energy":{"pkg":18.03546142578125,"pp0":0,"dram":2.4495849609375},"cycles":7035637837}
{"runtime":194,"energy":{"pkg":16.81390380859375,"pp0":0,"dram":3.139404296875},"cycles":6733580311}
{"runtime":201,"energy":{"pkg":16.89996337890625,"pp0":0,"dram":3.2978515625},"cycles":6895566791}
{"runtime":259,"energy":{"pkg":18.50775146484375,"pp0":0,"dram":3.579345703125},"cycles":6238863541}
{"runtime":252,"energy":{"pkg":18.1395263671875,"pp0":0,"dram":2.56854248046875},"cycles":7099095868}
{"runtime":206,"energy":{"pkg":16.75567626953125,"pp0":0,"dram":3.23779296875},"cycles":6626100072}
{"runtime":196,"energy":{"pkg":16.98699951171875,"pp0":0,"dram":3.19921875},"cycles":6762872614}
{"runtime":214,"energy":{"pkg":16.040771484375,"pp0":0,"dram":3.232666015625},"cycles":6073303662}
{"runtime":195,"energy":{"pkg":16.43060302734375,"pp0":0,"dram":3.12109375},"cycles":6743133671}
{"runtime":244,"energy":{"pkg":17.19207763671875,"pp0":0,"dram":3.6353759765625},"cycles":6467850161}
{"runtime":253,"energy":{"pkg":17.47381591796875,"pp0":0,"dram":3.54290771484375},"cycles":6159737555}
{"runtime":185,"energy":{"pkg":15.367919921875,"pp0":0,"dram":2.90289306640625},"cycles":6407232565}
{"runtime":227,"energy":{"pkg":17.4224853515625,"pp0":0,"dram":3.48016357421875},"cycles":6572081968}
{"runtime":232,"energy":{"pkg":16.10675048828125,"pp0":0,"dram":3.4124755859375},"cycles":6205539551}
{"runtime":246,"energy":{"pkg":17.65802001953125,"pp0":0,"dram":2.3768310546875},"cycles":7137773295}
{"runtime":227,"energy":{"pkg":18.2205810546875,"pp0":0,"dram":3.63629150390625},"cycles":7027463121}
{"runtime":188,"energy":{"pkg":15.899658203125,"pp0":0,"dram":3.03704833984375},"cycles":6563503083}
{"runtime":267,"energy":{"pkg":17.6005859375,"pp0":0,"dram":3.80926513671875},"cycles":6286109818}
{"runtime":240,"energy":{"pkg":18.6627197265625,"pp0":0,"dram":2.95306396484375},"cycles":7658329710}
{"runtime":220,"energy":{"pkg":16.85748291015625,"pp0":0,"dram":3.34710693359375},"cycles":6388807010}
{"runtime":203,"energy":{"pkg":17.17303466796875,"pp0":0,"dram":3.41534423828125},"cycles":7072466794}
{"runtime":239,"energy":{"pkg":17.6898193359375,"pp0":0,"dram":2.38360595703125},"cycles":7066914181}
{"runtime":189,"energy":{"pkg":15.962890625,"pp0":0,"dram":2.94390869140625},"cycles":6628865186}
{"runtime":207,"energy":{"pkg":17.32794189453125,"pp0":0,"dram":3.404052734375},"cycles":7031997240}
{"runtime":241,"energy":{"pkg":17.5487060546875,"pp0":0,"dram":2.71710205078125},"cycles":6870046862}
{"runtime":244,"energy":{"pkg":17.645751953125,"pp0":0,"dram":3.00048828125},"cycles":6534393107}
{"runtime":242,"energy":{"pkg":16.21240234375,"pp0":0,"dram":3.3529052734375},"cycles":5905397877}
{"runtime":191,"energy":{"pkg":15.63726806640625,"pp0":0,"dram":3.000732421875},"cycles":6479749902}
{"runtime":200,"energy":{"pkg":16.43621826171875,"pp0":0,"dram":3.26214599609375},"cycles":6763812945}
{"runtime":193,"energy":{"pkg":16.21014404296875,"pp0":0,"dram":3.092041015625},"cycles":6669979150}
{"runtime":211,"energy":{"pkg":17.84039306640625,"pp0":0,"dram":3.53460693359375},"cycles":7299619553}
{"runtime":247,"energy":{"pkg":17.64361572265625,"pp0":0,"dram":3.44659423828125},"cycles":5946503175}
{"runtime":214,"energy":{"pkg":16.6468505859375,"pp0":0,"dram":3.24072265625},"cycles":6589137148}
{"runtime":236,"energy":{"pkg":16.9967041015625,"pp0":0,"dram":3.5504150390625},"cycles":6309153727}
{"runtime":211,"energy":{"pkg":16.85693359375,"pp0":0,"dram":3.21417236328125},"cycles":6626039933}
{"runtime":233,"energy":{"pkg":17.13201904296875,"pp0":0,"dram":3.5352783203125},"cycles":6397031911}
{"runtime":258,"energy":{"pkg":17.6612548828125,"pp0":0,"dram":3.4300537109375},"cycles":6548233232}
{"runtime":254,"energy":{"pkg":19.0789794921875,"pp0":0,"dram":3.651611328125},"cycles":6171761557}
{"runtime":251,"energy":{"pkg":18.6229248046875,"pp0":0,"dram":3.6973876953125},"cycles":6436637986}
{"runtime":267,"energy":{"pkg":17.5704345703125,"pp0":0,"dram":3.97149658203125},"cycles":6228442613}
{"runtime":244,"energy":{"pkg":17.7161865234375,"pp0":0,"dram":3.05706787109375},"cycles":6777491513}
{"runtime":196,"energy":{"pkg":15.603515625,"pp0":0,"dram":2.78399658203125},"cycles":6193660670}
{"runtime":225,"energy":{"pkg":15.58380126953125,"pp0":0,"dram":3.0347900390625},"cycles":5793999221}
{"runtime":194,"energy":{"pkg":15.99200439453125,"pp0":0,"dram":3.083740234375},"cycles":6634236896}
{"runtime":202,"energy":{"pkg":16.757080078125,"pp0":0,"dram":3.27618408203125},"cycles":6854298534}
{"runtime":226,"energy":{"pkg":17.23291015625,"pp0":0,"dram":3.24169921875},"cycles":6028073336}
{"runtime":252,