{"runtime":28967,"energy":{"pkg":1111.6181640625,"pp0":0,"dram":348.730224609375},"cycles":118257641691}
{"runtime":29330,"energy":{"pkg":1116.3770141601562,"pp0":0,"dram":357.10321044921875},"cycles":119787764670}
{"runtime":29296,"energy":{"pkg":1111.9957275390625,"pp0":0,"dram":354.44207763671875},"cycles":123115191906}
{"runtime":29341,"energy":{"pkg":1110.6356811523438,"pp0":0,"dram":357.07525634765625},"cycles":118909862253}
{"runtime":29475,"energy":{"pkg":1134.6527709960938,"pp0":0,"dram":386.12261962890625},"cycles":121628984862}
{"runtime":29302,"energy":{"pkg":1100.7886962890625,"pp0":0,"dram":354.0291748046875},"cycles":119688744021}
{"runtime":29205,"energy":{"pkg":1102.2511596679688,"pp0":0,"dram":350.79461669921875},"cycles":118961731602}
{"runtime":28839,"energy":{"pkg":1099.2699584960938,"pp0":0,"dram":349.0987548828125},"cycles":118681512537}
{"runtime":29377,"energy":{"pkg":1102.8106689453125,"pp0":0,"dram":355.95831298828125},"cycles":120869645988}
{"runtime":29133,"energy":{"pkg":1106.1175537109375,"pp0":0,"dram":353.07122802734375},"cycles":120489166014}
{"runtime":28943,"energy":{"pkg":1093.2848510742188,"pp0":0,"dram":351.6292724609375},"cycles":117895218672}
{"runtime":29167,"energy":{"pkg":1105.9895629882812,"pp0":0,"dram":353.83831787109375},"cycles":119318694684}
{"runtime":29055,"energy":{"pkg":1095.8760375976562,"pp0":0,"dram":350.87701416015625},"cycles":118566375207}
{"runtime":29403,"energy":{"pkg":1098.3944091796875,"pp0":0,"dram":356.5665283203125},"cycles":120185216361}
{"runtime":28974,"energy":{"pkg":1099.0516357421875,"pp0":0,"dram":351.650146484375},"cycles":118328343987}
{"runtime":29258,"energy":{"pkg":1093.7085571289062,"pp0":0,"dram":354.6474609375},"cycles":119710909143}
{"runtime":30429,"energy":{"pkg":1152.1031494140625,"pp0":0,"dram":410.61700439453125},"cycles":126090163941}
{"runtime":28983,"energy":{"pkg":1105.7866821289062,"pp0":0,"dram":357.49090576171875},"cycles":118513291239}
{"runtime":29327,"energy":{"pkg":1093.0641479492188,"pp0":0,"dram":357.72296142578125},"cycles":121073708637}
{"runtime":28946,"energy":{"pkg":1092.28125,"pp0":0,"dram":354.6710205078125},"cycles":120482009109}
{"runtime":29326,"energy":{"pkg":1100.2794189453125,"pp0":0,"dram":355.59893798828125},"cycles":120051028146}
