{"runtime":35232,"energy":{"pkg":1122.4304809570312,"pp0":0,"dram":423.49114990234375},"cycles":95655355011}
{"runtime":32886,"energy":{"pkg":1093.936279296875,"pp0":0,"dram":404.29266357421875},"cycles":93985167660}
{"runtime":33407,"energy":{"pkg":1097.0391235351562,"pp0":0,"dram":410.51239013671875},"cycles":93234982380}
{"runtime":32405,"energy":{"pkg":1090.5265502929688,"pp0":0,"dram":398.9443359375},"cycles":94202418437}
{"runtime":33579,"energy":{"pkg":1098.9749145507812,"pp0":0,"dram":415.77581787109375},"cycles":93184190921}
{"runtime":33592,"energy":{"pkg":1151.3272705078125,"pp0":0,"dram":451.75494384765625},"cycles":98296695169}
{"runtime":34363,"energy":{"pkg":1110.6956176757812,"pp0":0,"dram":418.032958984375},"cycles":94267490465}
{"runtime":33285,"energy":{"pkg":1104.8812866210938,"pp0":0,"dram":405.41741943359375},"cycles":93547477231}
{"runtime":33075,"energy":{"pkg":1112.1171264648438,"pp0":0,"dram":403.261474609375},"cycles":94106894123}
{"runtime":33016,"energy":{"pkg":1114.3126831054688,"pp0":0,"dram":401.37530517578125},"cycles":92519486495}
