{"runtime":54052,"energy":{"pkg":1936.05126953125,"pp0":0,"dram":401.08624267578125},"cycles":112581970126}
{"runtime":54184,"energy":{"pkg":1944.7349243164062,"pp0":0,"dram":400.43780517578125},"cycles":112600558299}
{"runtime":55529,"energy":{"pkg":1987.3737182617188,"pp0":0,"dram":409.7161865234375},"cycles":115636736555}
{"runtime":54430,"energy":{"pkg":1993.241455078125,"pp0":0,"dram":396.21978759765625},"cycles":113355134687}
{"runtime":54578,"energy":{"pkg":1950.1834716796875,"pp0":0,"dram":395.385986328125},"cycles":113657146638}
{"runtime":53779,"energy":{"pkg":1933.2849731445312,"pp0":0,"dram":391.07086181640625},"cycles":112595921813}
{"runtime":53792,"energy":{"pkg":1933.1691284179688,"pp0":0,"dram":389.994140625},"cycles":112621367100}
{"runtime":54079,"energy":{"pkg":1978.44384765625,"pp0":0,"dram":392.40814208984375},"cycles":112584310232}
{"runtime":55166,"energy":{"pkg":1970.577880859375,"pp0":0,"dram":397.784912109375},"cycles":114862452120}
{"runtime":53880,"energy":{"pkg":1935.8628540039062,"pp0":0,"dram":389.3214111328125},"cycles":112801927944}
