{"runtime":54118,"energy":{"pkg":1951.093994140625,"pp0":0,"dram":397.44219970703125},"cycles":113352361521}
{"runtime":54179,"energy":{"pkg":1946.7994995117188,"pp0":0,"dram":396.412109375},"cycles":113482019070}
{"runtime":54048,"energy":{"pkg":1951.878662109375,"pp0":0,"dram":394.845947265625},"cycles":113205343692}
{"runtime":54143,"energy":{"pkg":1952.9249267578125,"pp0":0,"dram":395.7498779296875},"cycles":113405199768}
{"runtime":53806,"energy":{"pkg":1955.751220703125,"pp0":0,"dram":393.26495361328125},"cycles":112700895300}
{"runtime":54197,"energy":{"pkg":1949.0186767578125,"pp0":0,"dram":396.8583984375},"cycles":113518516209}
{"runtime":54059,"energy":{"pkg":1945.9562377929688,"pp0":0,"dram":395.43011474609375},"cycles":113231460783}
{"runtime":54172,"energy":{"pkg":1953.4771118164062,"pp0":0,"dram":397.697021484375},"cycles":113465493834}
{"runtime":54121,"energy":{"pkg":1954.1642456054688,"pp0":0,"dram":396.56549072265625},"cycles":113358223566}
{"runtime":54085,"energy":{"pkg":1945.9909057617188,"pp0":0,"dram":395.2574462890625},"cycles":113285224017}
{"runtime":54190,"energy":{"pkg":1945.1607666015625,"pp0":0,"dram":396.0089111328125},"cycles":113504539848}
{"runtime":54051,"energy":{"pkg":1942.0910034179688,"pp0":0,"dram":395.7891845703125},"cycles":113213845584}
{"runtime":54166,"energy":{"pkg":1947.8756713867188,"pp0":0,"dram":397.4718017578125},"cycles":113454800046}
{"runtime":54123,"energy":{"pkg":1945.7958984375,"pp0":0,"dram":397.37713623046875},"cycles":113363147751}
{"runtime":54090,"energy":{"pkg":1947.0758666992188,"pp0":0,"dram":396.536376953125},"cycles":113294949138}
{"runtime":54158,"energy":{"pkg":1952.8369140625,"pp0":0,"dram":397.6156005859375},"cycles":113438612154}
{"runtime":53791,"energy":{"pkg":1955.03857421875,"pp0":0,"dram":394.7017822265625},"cycles":112671886026}
{"runtime":53797,"energy":{"pkg":1954.9913940429688,"pp0":0,"dram":395.3387451171875},"cycles":112683450411}
{"runtime":54165,"energy":{"pkg":1953.7657470703125,"pp0":0,"dram":397.0909423828125},"cycles":113452187121}
{"runtime":54064,"energy":{"pkg":1948.5279541015625,"pp0":0,"dram":397.39447021484375},"cycles":113241388239}
{"runtime":54147,"energy":{"pkg":1952.8946533203125,"pp0":0,"dram":397.41534423828125},"cycles":113414428050}
