{"runtime":8117,"energy":{"pkg":277.59283447265625,"pp0":0,"dram":58.9547119140625},"cycles":16395146485}
{"runtime":7798,"energy":{"pkg":279.78350830078125,"pp0":0,"dram":56.69921875},"cycles":16414383470}
{"runtime":7793,"energy":{"pkg":279.7764892578125,"pp0":0,"dram":56.96514892578125},"cycles":16403339522}
{"runtime":7805,"energy":{"pkg":280.28472900390625,"pp0":0,"dram":57.0823974609375},"cycles":16430978834}
{"runtime":7795,"energy":{"pkg":279.9200439453125,"pp0":0,"dram":56.8172607421875},"cycles":16409006358}
{"runtime":7802,"energy":{"pkg":280.10711669921875,"pp0":0,"dram":57.14599609375},"cycles":16425206445}
{"runtime":7792,"energy":{"pkg":279.86065673828125,"pp0":0,"dram":57.2255859375},"cycles":16403156504}
{"runtime":7802,"energy":{"pkg":280.18646240234375,"pp0":0,"dram":57.33905029296875},"cycles":16423465861}
{"runtime":7802,"energy":{"pkg":280.251953125,"pp0":0,"dram":56.84033203125},"cycles":16422358952}
{"runtime":8071,"energy":{"pkg":278.47979736328125,"pp0":0,"dram":58.946044921875},"cycles":16414837873}
