{"runtime":39329,"energy":{"pkg":1911.927978515625,"pp0":0,"dram":540.0745849609375},"cycles":259648229150}
{"runtime":39840,"energy":{"pkg":1938.575439453125,"pp0":0,"dram":546.9212646484375},"cycles":261220003154}
{"runtime":36160,"energy":{"pkg":1829.6486206054688,"pp0":0,"dram":522.3425903320312},"cycles":255601929836}
{"runtime":36080,"energy":{"pkg":1794.18408203125,"pp0":0,"dram":524.365478515625},"cycles":249675690490}
{"runtime":39263,"energy":{"pkg":1935.3221435546875,"pp0":0,"dram":560.0895385742188},"cycles":260902194009}
{"runtime":39162,"energy":{"pkg":1914.0410766601562,"pp0":0,"dram":559.3934936523438},"cycles":260681853095}
{"runtime":39500,"energy":{"pkg":1935.9630126953125,"pp0":0,"dram":580.5353393554688},"cycles":257651740488}
{"runtime":39926,"energy":{"pkg":1949.5091552734375,"pp0":0,"dram":570.6474609375},"cycles":261100816609}
{"runtime":40375,"energy":{"pkg":1945.2130737304688,"pp0":0,"dram":573.0452880859375},"cycles":265332454927}
{"runtime":41246,"energy":{"pkg":1999.264892578125,"pp0":0,"dram":582.5784912109375},"cycles":263336525340}
