{"runtime":3323,"energy":{"pkg":202.73809814453125,"pp0":0,"dram":46.199462890625},"cycles":135765756567}
{"runtime":2975,"energy":{"pkg":195.12603759765625,"pp0":0,"dram":42.83935546875},"cycles":130881848748}
{"runtime":2967,"energy":{"pkg":193.31591796875,"pp0":0,"dram":42.7867431640625},"cycles":134077562682}
{"runtime":3098,"energy":{"pkg":199.49371337890625,"pp0":0,"dram":43.41900634765625},"cycles":134366764371}
{"runtime":3025,"energy":{"pkg":189.625244140625,"pp0":0,"dram":44.25311279296875},"cycles":135335833647}
{"runtime":3187,"energy":{"pkg":195.5338134765625,"pp0":0,"dram":44.7403564453125},"cycles":130901936655}
{"runtime":3028,"energy":{"pkg":195.23992919921875,"pp0":0,"dram":43.7052001953125},"cycles":136676668401}
{"runtime":3329,"energy":{"pkg":198.973876953125,"pp0":0,"dram":46.1800537109375},"cycles":134511481965}
{"runtime":3300,"energy":{"pkg":198.255859375,"pp0":0,"dram":45.39178466796875},"cycles":137167985934}
{"runtime":3075,"energy":{"pkg":199.38897705078125,"pp0":0,"dram":43.2384033203125},"cycles":131363790180}
{"runtime":3096,"energy":{"pkg":192.22418212890625,"pp0":0,"dram":44.310302734375},"cycles":135888160569}
{"runtime":3232,"energy":{"pkg":205.7821044921875,"pp0":0,"dram":46.1600341796875},"cycles":130917151701}
{"runtime":3074,"energy":{"pkg":188.169677734375,"pp0":0,"dram":43.801513671875},"cycles":136797945459}
{"runtime":2951,"energy":{"pkg":189.025146484375,"pp0":0,"dram":43.30792236328125},"cycles":129508876728}
{"runtime":3255,"energy":{"pkg":204.7568359375,"pp0":0,"dram":45.6939697265625},"cycles":129656838087}
{"runtime":3151,"energy":{"pkg":199.30828857421875,"pp0":0,"dram":44.3687744140625},"cycles":133851795903}
{"runtime":2978,"energy":{"pkg":197.3369140625,"pp0":0,"dram":43.95135498046875},"cycles":129409881657}
{"runtime":3146,"energy":{"pkg":203.23382568359375,"pp0":0,"dram":44.01141357421875},"cycles":131247429684}
{"runtime":3254,"energy":{"pkg":194.19000244140625,"pp0":0,"dram":45.40283203125},"cycles":136445196552}
{"runtime":3199,"energy":{"pkg":196.0126953125,"pp0":0,"dram":45.6138916015625},"cycles":135149444871}
{"runtime":2918,"energy":{"pkg":187.58642578125,"pp0":0,"dram":42.70257568359375},"cycles":131137741581}
