{"runtime":3168,"energy":{"pkg":203.93255615234375,"pp0":0,"dram":44.99688720703125},"cycles":113613129279}
{"runtime":3319,"energy":{"pkg":194.2750244140625,"pp0":0,"dram":46.45892333984375},"cycles":114470425405}
{"runtime":3327,"energy":{"pkg":200.77374267578125,"pp0":0,"dram":48.21551513671875},"cycles":114008896835}
{"runtime":3167,"energy":{"pkg":195.905517578125,"pp0":0,"dram":45.21881103515625},"cycles":113672559631}
{"runtime":3456,"energy":{"pkg":203.10980224609375,"pp0":0,"dram":49.23065185546875},"cycles":113983470675}
{"runtime":3298,"energy":{"pkg":205.9158935546875,"pp0":0,"dram":46.81048583984375},"cycles":113655678231}
{"runtime":3233,"energy":{"pkg":193.82879638671875,"pp0":0,"dram":46.7357177734375},"cycles":114331172579}
{"runtime":3074,"energy":{"pkg":200.041259765625,"pp0":0,"dram":44.73455810546875},"cycles":114561970834}
{"runtime":3206,"energy":{"pkg":190.131103515625,"pp0":0,"dram":46.15814208984375},"cycles":114843342929}
{"runtime":3402,"energy":{"pkg":205.41009521484375,"pp0":0,"dram":47.54547119140625},"cycles":113758897772}
