{"runtime":8688,"energy":{"pkg":300.5079345703125,"pp0":0,"dram":88.93524169921875},"cycles":17901250853}
{"runtime":8210,"energy":{"pkg":298.180419921875,"pp0":0,"dram":84.16387939453125},"cycles":17438239885}
{"runtime":8685,"energy":{"pkg":303.283935546875,"pp0":0,"dram":88.36334228515625},"cycles":17917898886}
{"runtime":8939,"energy":{"pkg":303.62969970703125,"pp0":0,"dram":90.17291259765625},"cycles":17546021081}
{"runtime":8904,"energy":{"pkg":303.1932373046875,"pp0":0,"dram":90.07080078125},"cycles":17510823407}
{"runtime":8927,"energy":{"pkg":304.087158203125,"pp0":0,"dram":89.4007568359375},"cycles":17541686114}
{"runtime":8197,"energy":{"pkg":299.43670654296875,"pp0":0,"dram":86.5313720703125},"cycles":17379330697}
{"runtime":8550,"energy":{"pkg":299.3218994140625,"pp0":0,"dram":87.42034912109375},"cycles":17826159990}
{"runtime":9001,"energy":{"pkg":305.19097900390625,"pp0":0,"dram":92.94384765625},"cycles":17587981515}
{"runtime":8618,"energy":{"pkg":304.87957763671875,"pp0":0,"dram":87.95953369140625},"cycles":17780288948}
