{"runtime":8640,"energy":{"pkg":303.2437744140625,"pp0":0,"dram":85.34136962890625},"cycles":19066053636}
{"runtime":8947,"energy":{"pkg":300.41815185546875,"pp0":0,"dram":88.510498046875},"cycles":19607418117}
{"runtime":8375,"energy":{"pkg":277.08673095703125,"pp0":0,"dram":82.55816650390625},"cycles":17781886647}
{"runtime":8715,"energy":{"pkg":304.3345947265625,"pp0":0,"dram":85.5823974609375},"cycles":19195053045}
{"runtime":8911,"energy":{"pkg":304.35235595703125,"pp0":0,"dram":87.261474609375},"cycles":19373322213}
{"runtime":8683,"energy":{"pkg":304.5950927734375,"pp0":0,"dram":86.2525634765625},"cycles":19135017237}
{"runtime":8196,"energy":{"pkg":300.20098876953125,"pp0":0,"dram":82.23065185546875},"cycles":17933333859}
{"runtime":8701,"energy":{"pkg":306.98760986328125,"pp0":0,"dram":85.46661376953125},"cycles":19107931374}
{"runtime":8908,"energy":{"pkg":306.21295166015625,"pp0":0,"dram":91.28082275390625},"cycles":19357488675}
{"runtime":8134,"energy":{"pkg":300.4332275390625,"pp0":0,"dram":84.24847412109375},"cycles":17788109703}
{"runtime":8718,"energy":{"pkg":306.01849365234375,"pp0":0,"dram":88.62713623046875},"cycles":19253215254}
{"runtime":8615,"energy":{"pkg":302.40716552734375,"pp0":0,"dram":84.80426025390625},"cycles":19044342996}
{"runtime":8968,"energy":{"pkg":305.1201171875,"pp0":0,"dram":92.171630859375},"cycles":19487577438}
{"runtime":8858,"energy":{"pkg":301.47369384765625,"pp0":0,"dram":90.5841064453125},"cycles":19274616606}
{"runtime":8748,"energy":{"pkg":304.71173095703125,"pp0":0,"dram":87.04766845703125},"cycles":19216691802}
{"runtime":8196,"energy":{"pkg":278.79986572265625,"pp0":0,"dram":80.97930908203125},"cycles":17399136846}
{"runtime":8195,"energy":{"pkg":297.30780029296875,"pp0":0,"dram":82.404052734375},"cycles":17936472813}
{"runtime":8684,"energy":{"pkg":301.5294189453125,"pp0":0,"dram":86.00494384765625},"cycles":19096153566}
{"runtime":8620,"energy":{"pkg":302.077880859375,"pp0":0,"dram":86.48760986328125},"cycles":19099341555}
{"runtime":8622,"energy":{"pkg":302.91497802734375,"pp0":0,"dram":84.83099365234375},"cycles":19023064956}
{"runtime":8692,"energy":{"pkg":303.1365966796875,"pp0":0,"dram":86.38568115234375},"cycles":19152057582}
