{"runtime":5676,"energy":{"pkg":189.7294921875,"pp0":0,"dram":42.1905517578125},"cycles":11039113236}
{"runtime":5272,"energy":{"pkg":189.611083984375,"pp0":0,"dram":39.288818359375},"cycles":11042257746}
{"runtime":5612,"energy":{"pkg":187.65838623046875,"pp0":0,"dram":42.03411865234375},"cycles":11035883844}
{"runtime":5273,"energy":{"pkg":189.47076416015625,"pp0":0,"dram":39.5694580078125},"cycles":11043712221}
{"runtime":5274,"energy":{"pkg":189.6143798828125,"pp0":0,"dram":39.26226806640625},"cycles":11041206937}
{"runtime":5274,"energy":{"pkg":189.5372314453125,"pp0":0,"dram":39.31829833984375},"cycles":11041316105}
{"runtime":5273,"energy":{"pkg":189.7984619140625,"pp0":0,"dram":38.99359130859375},"cycles":11041614797}
{"runtime":5274,"energy":{"pkg":190.115966796875,"pp0":0,"dram":39.25958251953125},"cycles":11040660802}
{"runtime":5272,"energy":{"pkg":189.34417724609375,"pp0":0,"dram":39.40509033203125},"cycles":11039103907}
{"runtime":5645,"energy":{"pkg":187.75439453125,"pp0":0,"dram":42.0498046875},"cycles":11038149196}
