{"runtime":32329,"energy":{"pkg":1074.2565307617188,"pp0":0,"dram":404.38616943359375},"cycles":93359912633}
{"runtime":32841,"energy":{"pkg":1080.9241333007812,"pp0":0,"dram":405.7021484375},"cycles":91688684984}
{"runtime":32598,"energy":{"pkg":1066.73583984375,"pp0":0,"dram":405.37506103515625},"cycles":91499505557}
{"runtime":31711,"energy":{"pkg":1068.6696166992188,"pp0":0,"dram":398.8079833984375},"cycles":91324045893}
{"runtime":32631,"energy":{"pkg":1074.9103393554688,"pp0":0,"dram":405.1456298828125},"cycles":91609284898}
{"runtime":30940,"energy":{"pkg":1072.6876831054688,"pp0":0,"dram":386.86602783203125},"cycles":91588589943}
{"runtime":32628,"energy":{"pkg":1078.6559448242188,"pp0":0,"dram":402.68353271484375},"cycles":93505165695}
{"runtime":32137,"energy":{"pkg":1080.5416870117188,"pp0":0,"dram":402.733154296875},"cycles":92765771443}
{"runtime":32154,"energy":{"pkg":1096.4646606445312,"pp0":0,"dram":394.820068359375},"cycles":92942511850}
{"runtime":32036,"energy":{"pkg":1072.8076171875,"pp0":0,"dram":397.92791748046875},"cycles":92254708581}
