{"runtime":89624,"energy":{"pkg":3230.76416015625,"pp0":0,"dram":655.37158203125},"cycles":187723748478}
{"runtime":90239,"energy":{"pkg":3263.3544311523438,"pp0":0,"dram":658.28076171875},"cycles":189011158539}
{"runtime":89450,"energy":{"pkg":3223.8213500976562,"pp0":0,"dram":655.438232421875},"cycles":187356896223}
{"runtime":89612,"energy":{"pkg":3225.8799438476562,"pp0":0,"dram":658.9577026367188},"cycles":187698220563}
{"runtime":89540,"energy":{"pkg":3225.190185546875,"pp0":0,"dram":656.4021606445312},"cycles":187546369290}
{"runtime":89152,"energy":{"pkg":3228.5643920898438,"pp0":0,"dram":653.6924438476562},"cycles":186733600137}
{"runtime":89160,"energy":{"pkg":3226.3917846679688,"pp0":0,"dram":655.47998046875},"cycles":186753735903}
{"runtime":89155,"energy":{"pkg":3231.0894165039062,"pp0":0,"dram":657.9723510742188},"cycles":186741437043}
{"runtime":89158,"energy":{"pkg":3229.0118408203125,"pp0":0,"dram":656.2926025390625},"cycles":186748585002}
{"runtime":90313,"energy":{"pkg":3268.006103515625,"pp0":0,"dram":664.87841796875},"cycles":189163902039}
{"runtime":89530,"energy":{"pkg":3224.9136962890625,"pp0":0,"dram":656.6423950195312},"cycles":187525899582}
{"runtime":89157,"energy":{"pkg":3227.1129150390625,"pp0":0,"dram":653.4754028320312},"cycles":186745217253}
{"runtime":90176,"energy":{"pkg":3261.9854736328125,"pp0":0,"dram":662.6168823242188},"cycles":188878856607}
{"runtime":89174,"energy":{"pkg":3240.7919311523438,"pp0":0,"dram":655.546875},"cycles":186782696688}
{"runtime":89498,"energy":{"pkg":3220.5582275390625,"pp0":0,"dram":658.9520263671875},"cycles":187455839277}
{"runtime":89563,"energy":{"pkg":3217.1688232421875,"pp0":0,"dram":660.54736328125},"cycles":187596344187}
{"runtime":89727,"energy":{"pkg":3239.1300048828125,"pp0":0,"dram":661.2233276367188},"cycles":187936589148}
{"runtime":90128,"energy":{"pkg":3262.5134887695312,"pp0":0,"dram":662.2265625},"cycles":188777663067}
{"runtime":89582,"energy":{"pkg":3224.1887817382812,"pp0":0,"dram":657.5774536132812},"cycles":187634369685}
{"runtime":89164,"energy":{"pkg":3221.5879516601562,"pp0":0,"dram":653.9113159179688},"cycles":186761368248}
{"runtime":89151,"energy":{"pkg":3227.1151733398438,"pp0":0,"dram":653.876953125},"cycles":186736847409}
