{"runtime":89531,"energy":{"pkg":3214.2694091796875,"pp0":0,"dram":670.6078491210938},"cycles":186868116354}
{"runtime":89785,"energy":{"pkg":3213.4553833007812,"pp0":0,"dram":669.365478515625},"cycles":187114459521}
{"runtime":89512,"energy":{"pkg":3205.8637084960938,"pp0":0,"dram":663.2200927734375},"cycles":186859482083}
{"runtime":89248,"energy":{"pkg":3205.5037841796875,"pp0":0,"dram":662.3348999023438},"cycles":186865010652}
{"runtime":89538,"energy":{"pkg":3205.014892578125,"pp0":0,"dram":657.4096069335938},"cycles":186858738495}
{"runtime":89549,"energy":{"pkg":3203.6751098632812,"pp0":0,"dram":661.7237548828125},"cycles":186873355429}
{"runtime":89915,"energy":{"pkg":3227.9255981445312,"pp0":0,"dram":668.4786376953125},"cycles":188258491216}
{"runtime":89773,"energy":{"pkg":3207.3590087890625,"pp0":0,"dram":666.1597900390625},"cycles":187119319960}
{"runtime":89523,"energy":{"pkg":3201.7695922851562,"pp0":0,"dram":664.572265625},"cycles":186866585307}
{"runtime":89351,"energy":{"pkg":3205.6354370117188,"pp0":0,"dram":663.7539672851562},"cycles":187080390251}
