{"runtime":92974,"energy":{"pkg":3307.9696655273438,"pp0":0,"dram":680.921875},"cycles":195220196766}
{"runtime":94936,"energy":{"pkg":3375.9765625,"pp0":0,"dram":698.6702270507812},"cycles":199264810353}
{"runtime":89979,"energy":{"pkg":3217.2586669921875,"pp0":0,"dram":664.9190063476562},"cycles":188977418742}
{"runtime":91261,"energy":{"pkg":3245.2448120117188,"pp0":0,"dram":671.3247680664062},"cycles":191542427097}
{"runtime":91742,"energy":{"pkg":3301.5068359375,"pp0":0,"dram":675.6370849609375},"cycles":192575264994}
{"runtime":93870,"energy":{"pkg":3350.6566162109375,"pp0":0,"dram":693.2481079101562},"cycles":197073153354}
{"runtime":91442,"energy":{"pkg":3264.7984619140625,"pp0":0,"dram":675.1895141601562},"cycles":191982463533}
{"runtime":91759,"energy":{"pkg":3268.8995971679688,"pp0":0,"dram":674.9441528320312},"cycles":192638010201}
{"runtime":94282,"energy":{"pkg":3377.5927734375,"pp0":0,"dram":692.3558959960938},"cycles":197829729720}
{"runtime":90776,"energy":{"pkg":3238.880615234375,"pp0":0,"dram":668.3102416992188},"cycles":190583397753}
{"runtime":92659,"energy":{"pkg":3342.184814453125,"pp0":0,"dram":683.9729614257812},"cycles":194538382962}
{"runtime":99677,"energy":{"pkg":3552.6025390625,"pp0":0,"dram":731.3079223632812},"cycles":209224095780}
{"runtime":91377,"energy":{"pkg":3259.2323608398438,"pp0":0,"dram":672.5619506835938},"cycles":191890544622}
{"runtime":91126,"energy":{"pkg":3262.23974609375,"pp0":0,"dram":666.8845825195312},"cycles":191289739305}
{"runtime":91081,"energy":{"pkg":3249.4119873046875,"pp0":0,"dram":666.631591796875},"cycles":191287531722}
{"runtime":92862,"energy":{"pkg":3303.1118774414062,"pp0":0,"dram":684.650146484375},"cycles":195020573958}
{"runtime":92442,"energy":{"pkg":3293.6351318359375,"pp0":0,"dram":675.8848876953125},"cycles":194089973910}
{"runtime":93328,"energy":{"pkg":3325.5364990234375,"pp0":0,"dram":681.622802734375},"cycles":195937391349}
{"runtime":92511,"energy":{"pkg":3293.4354248046875,"pp0":0,"dram":679.6483154296875},"cycles":194193094704}
{"runtime":90646,"energy":{"pkg":3237.3619995117188,"pp0":0,"dram":665.85009765625},"cycles":190327881597}
{"runtime":92325,"energy":{"pkg":3312.1471557617188,"pp0":0,"dram":678.4827270507812},"cycles":193748783760}
