{"runtime":75039,"energy":{"pkg":2717.330810546875,"pp0":0,"dram":565.2835083007812},"cycles":157710619983}
{"runtime":74136,"energy":{"pkg":2685.182861328125,"pp0":0,"dram":561.075439453125},"cycles":155824890249}
{"runtime":73313,"energy":{"pkg":2656.1551513671875,"pp0":0,"dram":555.2633666992188},"cycles":154134097908}
{"runtime":74580,"energy":{"pkg":2714.7337036132812,"pp0":0,"dram":566.0370483398438},"cycles":156794837178}
{"runtime":73641,"energy":{"pkg":2666.9408569335938,"pp0":0,"dram":556.2622680664062},"cycles":154825220634}
{"runtime":74208,"energy":{"pkg":2692.5525512695312,"pp0":0,"dram":571.7506103515625},"cycles":156605660862}
{"runtime":74596,"energy":{"pkg":2703.1544189453125,"pp0":0,"dram":564.500244140625},"cycles":156819448023}
{"runtime":75073,"energy":{"pkg":2734.8529052734375,"pp0":0,"dram":572.161865234375},"cycles":157831413348}
{"runtime":73500,"energy":{"pkg":2663.3319702148438,"pp0":0,"dram":556.9577026367188},"cycles":154529843076}
{"runtime":73818,"energy":{"pkg":2682.097412109375,"pp0":0,"dram":561.8671264648438},"cycles":155653416471}
{"runtime":73812,"energy":{"pkg":2674.168701171875,"pp0":0,"dram":560.8490600585938},"cycles":155184514002}
{"runtime":73407,"energy":{"pkg":2654.4009399414062,"pp0":0,"dram":556.8546142578125},"cycles":154273871535}
{"runtime":73744,"energy":{"pkg":2670.020263671875,"pp0":0,"dram":558.9443359375},"cycles":155037844689}
{"runtime":73853,"energy":{"pkg":2677.5899658203125,"pp0":0,"dram":560.0574951171875},"cycles":155270607471}
{"runtime":73978,"energy":{"pkg":2680.9727783203125,"pp0":0,"dram":562.1038818359375},"cycles":155525835381}
{"runtime":73524,"energy":{"pkg":2665.809326171875,"pp0":0,"dram":556.1383666992188},"cycles":154578000696}
{"runtime":73563,"energy":{"pkg":2669.338134765625,"pp0":0,"dram":559.3430786132812},"cycles":155110492110}
{"runtime":73510,"energy":{"pkg":2678.0859375,"pp0":0,"dram":561.5751342773438},"cycles":154507847592}
{"runtime":73800,"energy":{"pkg":2679.150390625,"pp0":0,"dram":561.0609741210938},"cycles":155155469595}
{"runtime":73466,"energy":{"pkg":2664.2037353515625,"pp0":0,"dram":555.8273315429688},"cycles":154459438875}
{"runtime":73687,"energy":{"pkg":2672.7155151367188,"pp0":0,"dram":560.8397216796875},"cycles":154916641698}
