{"runtime":73953,"energy":{"pkg":2681.9149780273438,"pp0":0,"dram":589.896484375},"cycles":154618778687}
{"runtime":73987,"energy":{"pkg":2714.4420166015625,"pp0":0,"dram":594.0135498046875},"cycles":154702191602}
{"runtime":73967,"energy":{"pkg":2712.5422973632812,"pp0":0,"dram":604.3035278320312},"cycles":155125775973}
{"runtime":74058,"energy":{"pkg":2717.2916870117188,"pp0":0,"dram":607.3302001953125},"cycles":155475953578}
{"runtime":74677,"energy":{"pkg":2731.2393188476562,"pp0":0,"dram":607.1658325195312},"cycles":155906748765}
{"runtime":73426,"energy":{"pkg":2712.6063232421875,"pp0":0,"dram":581.1244506835938},"cycles":153535506708}
{"runtime":73361,"energy":{"pkg":2692.7340087890625,"pp0":0,"dram":564.3023071289062},"cycles":153490198698}
{"runtime":74625,"energy":{"pkg":2736.4334106445312,"pp0":0,"dram":600.6019897460938},"cycles":156670074199}
{"runtime":75107,"energy":{"pkg":2761.58447265625,"pp0":0,"dram":599.305419921875},"cycles":157684199145}
{"runtime":74575,"energy":{"pkg":2743.4089965820312,"pp0":0,"dram":607.8309936523438},"cycles":156564800830}
