{"runtime":8125,"energy":{"pkg":278.80810546875,"pp0":0,"dram":81.47662353515625},"cycles":17188792299}
{"runtime":8582,"energy":{"pkg":297.0582275390625,"pp0":0,"dram":84.724853515625},"cycles":18835940319}
{"runtime":7908,"energy":{"pkg":285.18927001953125,"pp0":0,"dram":79.29742431640625},"cycles":16897683159}
{"runtime":7882,"energy":{"pkg":285.21417236328125,"pp0":0,"dram":78.9036865234375},"cycles":16850318541}
{"runtime":7970,"energy":{"pkg":276.9315185546875,"pp0":0,"dram":79.69403076171875},"cycles":16885599843}
{"runtime":8590,"energy":{"pkg":299.94805908203125,"pp0":0,"dram":85.25},"cycles":18858494214}
{"runtime":8772,"energy":{"pkg":302.70880126953125,"pp0":0,"dram":86.16827392578125},"cycles":19260283371}
{"runtime":7977,"energy":{"pkg":287.65179443359375,"pp0":0,"dram":79.907470703125},"cycles":17047108680}
{"runtime":8248,"energy":{"pkg":282.5855712890625,"pp0":0,"dram":83.3533935546875},"cycles":17627700153}
{"runtime":7903,"energy":{"pkg":285.28741455078125,"pp0":0,"dram":80.4466552734375},"cycles":16900235625}
{"runtime":8646,"energy":{"pkg":300.31475830078125,"pp0":0,"dram":85.89874267578125},"cycles":18988797261}
{"runtime":7964,"energy":{"pkg":287.46014404296875,"pp0":0,"dram":81.207275390625},"cycles":17035624242}
{"runtime":8699,"energy":{"pkg":300.8817138671875,"pp0":0,"dram":86.79766845703125},"cycles":19079387544}
{"runtime":8598,"energy":{"pkg":298.98480224609375,"pp0":0,"dram":86.188232421875},"cycles":18875047380}
{"runtime":7953,"energy":{"pkg":287.76885986328125,"pp0":0,"dram":80.43731689453125},"cycles":17009068839}
{"runtime":8327,"energy":{"pkg":285.83575439453125,"pp0":0,"dram":83.859375},"cycles":17763912033}
{"runtime":8066,"energy":{"pkg":278.80743408203125,"pp0":0,"dram":81.28924560546875},"cycles":17073356895}
{"runtime":8289,"energy":{"pkg":285.09130859375,"pp0":0,"dram":84.37353515625},"cycles":17689157829}
{"runtime":8108,"energy":{"pkg":280.71368408203125,"pp0":0,"dram":81.5531005859375},"cycles":17185766367}
{"runtime":7941,"energy":{"pkg":286.45855712890625,"pp0":0,"dram":80.65814208984375},"cycles":16971173478}
{"runtime":8281,"energy":{"pkg":274.7569580078125,"pp0":0,"dram":83.2913818359375},"cycles":17553335310}
