{"runtime":8623,"energy":{"pkg":298.44171142578125,"pp0":0,"dram":86.7301025390625},"cycles":17769628728}
{"runtime":7870,"energy":{"pkg":285.7337646484375,"pp0":0,"dram":80.52490234375},"cycles":16534494356}
{"runtime":8156,"energy":{"pkg":283.28839111328125,"pp0":0,"dram":83.3759765625},"cycles":16501139992}
{"runtime":8131,"energy":{"pkg":280.75311279296875,"pp0":0,"dram":83.06903076171875},"cycles":16218569654}
{"runtime":7897,"energy":{"pkg":286.71270751953125,"pp0":0,"dram":80.89044189453125},"cycles":16520261848}
{"runtime":7867,"energy":{"pkg":286.72076416015625,"pp0":0,"dram":80.6710205078125},"cycles":16526263225}
{"runtime":7888,"energy":{"pkg":286.7935791015625,"pp0":0,"dram":79.8076171875},"cycles":16495016783}
{"runtime":8267,"energy":{"pkg":274.6474609375,"pp0":0,"dram":83.77008056640625},"cycles":16015156081}
{"runtime":8312,"energy":{"pkg":285.8736572265625,"pp0":0,"dram":84.1890869140625},"cycles":16453866541}
{"runtime":8567,"energy":{"pkg":300.2694091796875,"pp0":0,"dram":87.4735107421875},"cycles":17780684433}
