{"runtime":3792,"energy":{"pkg":120.09539794921875,"pp0":0,"dram":32.987548828125},"cycles":7218244992}
{"runtime":3687,"energy":{"pkg":120.857177734375,"pp0":0,"dram":31.8795166015625},"cycles":7165207247}
{"runtime":3782,"energy":{"pkg":117.9530029296875,"pp0":0,"dram":35.408203125},"cycles":7364091557}
{"runtime":3315,"energy":{"pkg":120.29296875,"pp0":0,"dram":29.34930419921875},"cycles":7135544352}
{"runtime":4120,"energy":{"pkg":127.45526123046875,"pp0":0,"dram":38.3775634765625},"cycles":7381333089}
{"runtime":3646,"energy":{"pkg":119.61669921875,"pp0":0,"dram":31.81256103515625},"cycles":7196296103}
{"runtime":3668,"energy":{"pkg":118.88494873046875,"pp0":0,"dram":32.038330078125},"cycles":7231528521}
{"runtime":3980,"energy":{"pkg":120.880126953125,"pp0":0,"dram":34.4176025390625},"cycles":7168133402}
{"runtime":3808,"energy":{"pkg":120.47998046875,"pp0":0,"dram":33.05633544921875},"cycles":7245107937}
{"runtime":3161,"energy":{"pkg":115.15191650390625,"pp0":0,"dram":29.74615478515625},"cycles":6713302779}
