{"runtime":4306,"energy":{"pkg":123.50909423828125,"pp0":0,"dram":36.83154296875},"cycles":9802061745}
{"runtime":3655,"energy":{"pkg":118.9862060546875,"pp0":0,"dram":31.822021484375},"cycles":8368815987}
{"runtime":3519,"energy":{"pkg":112.90484619140625,"pp0":0,"dram":30.9097900390625},"cycles":8095981908}
{"runtime":3934,"energy":{"pkg":117.07342529296875,"pp0":0,"dram":33.9017333984375},"cycles":8999212299}
{"runtime":4009,"energy":{"pkg":122.42755126953125,"pp0":0,"dram":34.80609130859375},"cycles":9057595323}
{"runtime":3940,"energy":{"pkg":121.445068359375,"pp0":0,"dram":34.3895263671875},"cycles":8976959628}
{"runtime":4350,"energy":{"pkg":125.18963623046875,"pp0":0,"dram":37.39312744140625},"cycles":9823448817}
{"runtime":3659,"energy":{"pkg":120.466552734375,"pp0":0,"dram":31.98333740234375},"cycles":8413501173}
{"runtime":4108,"energy":{"pkg":121.22222900390625,"pp0":0,"dram":35.3671875},"cycles":9253299132}
{"runtime":3413,"energy":{"pkg":123.381591796875,"pp0":0,"dram":32.52215576171875},"cycles":7826461629}
{"runtime":3663,"energy":{"pkg":119.68017578125,"pp0":0,"dram":32.03704833984375},"cycles":8371384539}
{"runtime":3582,"energy":{"pkg":120.55364990234375,"pp0":0,"dram":31.22479248046875},"cycles":8229942588}
{"runtime":3691,"energy":{"pkg":121.281005859375,"pp0":0,"dram":32.0557861328125},"cycles":8505967932}
{"runtime":3919,"energy":{"pkg":119.3670654296875,"pp0":0,"dram":33.72088623046875},"cycles":8988072030}
{"runtime":3584,"energy":{"pkg":118.76177978515625,"pp0":0,"dram":32.36956787109375},"cycles":8275301328}
{"runtime":3829,"energy":{"pkg":122.69775390625,"pp0":0,"dram":33.05047607421875},"cycles":8671940697}
{"runtime":3499,"energy":{"pkg":129.16339111328125,"pp0":0,"dram":33.01458740234375},"cycles":7917002730}
{"runtime":3763,"energy":{"pkg":120.91900634765625,"pp0":0,"dram":32.470458984375},"cycles":8677524156}
{"runtime":3753,"energy":{"pkg":112.45343017578125,"pp0":0,"dram":32.64166259765625},"cycles":8573301282}
{"runtime":3674,"energy":{"pkg":120.02069091796875,"pp0":0,"dram":31.51336669921875},"cycles":8475345858}
{"runtime":3738,"energy":{"pkg":121.07623291015625,"pp0":0,"dram":32.143798828125},"cycles":8518671777}
