{"runtime":6282,"energy":{"pkg":210.65252685546875,"pp0":0,"dram":46.54327392578125},"cycles":13161944754}
{"runtime":6337,"energy":{"pkg":211.46795654296875,"pp0":0,"dram":47.00274658203125},"cycles":13277050458}
{"runtime":6229,"energy":{"pkg":208.89703369140625,"pp0":0,"dram":46.14666748046875},"cycles":13051053708}
{"runtime":6248,"energy":{"pkg":208.54541015625,"pp0":0,"dram":46.420166015625},"cycles":13090744464}
{"runtime":6312,"energy":{"pkg":210.059326171875,"pp0":0,"dram":46.659423828125},"cycles":13224320508}
{"runtime":6265,"energy":{"pkg":208.97381591796875,"pp0":0,"dram":46.23779296875},"cycles":13128226104}
{"runtime":5924,"energy":{"pkg":212.8623046875,"pp0":0,"dram":43.7362060546875},"cycles":12415133850}
{"runtime":6213,"energy":{"pkg":208.8349609375,"pp0":0,"dram":46.087158203125},"cycles":13016685234}
{"runtime":5925,"energy":{"pkg":211.24566650390625,"pp0":0,"dram":43.96820068359375},"cycles":12417296787}
{"runtime":6069,"energy":{"pkg":211.927978515625,"pp0":0,"dram":44.7763671875},"cycles":12716426352}
{"runtime":5924,"energy":{"pkg":210.63006591796875,"pp0":0,"dram":43.6063232421875},"cycles":12415723005}
{"runtime":5924,"energy":{"pkg":210.87884521484375,"pp0":0,"dram":43.6724853515625},"cycles":12414950016}
{"runtime":6158,"energy":{"pkg":207.8212890625,"pp0":0,"dram":45.71405029296875},"cycles":12905018784}
{"runtime":5923,"energy":{"pkg":211.83978271484375,"pp0":0,"dram":43.80230712890625},"cycles":12412793631}
{"runtime":6318,"energy":{"pkg":209.4527587890625,"pp0":0,"dram":46.82427978515625},"cycles":13238015637}
{"runtime":6223,"energy":{"pkg":210.60626220703125,"pp0":0,"dram":46.02008056640625},"cycles":13039711881}
{"runtime":6276,"energy":{"pkg":209.84332275390625,"pp0":0,"dram":46.41943359375},"cycles":13150146429}
{"runtime":6280,"energy":{"pkg":210.82403564453125,"pp0":0,"dram":46.33502197265625},"cycles":13159148457}
{"runtime":6339,"energy":{"pkg":211.60687255859375,"pp0":0,"dram":46.76263427734375},"cycles":13281972081}
{"runtime":6266,"energy":{"pkg":211.066162109375,"pp0":0,"dram":46.40667724609375},"cycles":13130580750}
{"runtime":6209,"energy":{"pkg":210.4576416015625,"pp0":0,"dram":45.87939453125},"cycles":13010260746}
