{"runtime":22854,"energy":{"pkg":227.49835205078125,"pp0":114.4727783203125,"pp1":4.479248046875,"dram":0},"perf_counters":{"PERF_COUNT_HW_REF_CPU_CYCLES":130417340649,"PERF_COUNT_HW_BRANCH_INSTRUCTIONS":40350409171,"PERF_COUNT_HW_CACHE_MISSES":527677826,"PERF_COUNT_HW_INSTRUCTIONS":196918323411,"PERF_COUNT_HW_BRANCH_MISSES":23577349,"PERF_COUNT_HW_CACHE_REFERENCES":1347509087,"PERF_COUNT_HW_CPU_CYCLES":90278586535}}
{"runtime":22878,"energy":{"pkg":227.54071044921875,"pp0":114.63385009765625,"pp1":4.409423828125,"dram":0},"perf_counters":{"PERF_COUNT_HW_REF_CPU_CYCLES":129537290609,"PERF_COUNT_HW_BRANCH_INSTRUCTIONS":40340760963,"PERF_COUNT_HW_CACHE_MISSES":526136179,"PERF_COUNT_HW_INSTRUCTIONS":196913052690,"PERF_COUNT_HW_BRANCH_MISSES":24069263,"PERF_COUNT_HW_CACHE_REFERENCES":1358470379,"PERF_COUNT_HW_CPU_CYCLES":88726436151}}
{"runtime":23085,"energy":{"pkg":229.6705322265625,"pp0":115.91162109375,"pp1":4.3623046875,"dram":0},"perf_counters":{"PERF_COUNT_HW_REF_CPU_CYCLES":127292640692,"PERF_COUNT_HW_BRANCH_INSTRUCTIONS":40220717137,"PERF_COUNT_HW_CACHE_MISSES":528367176,"PERF_COUNT_HW_INSTRUCTIONS":196314564068,"PERF_COUNT_HW_BRANCH_MISSES":24813734,"PERF_COUNT_HW_CACHE_REFERENCES":1378765600,"PERF_COUNT_HW_CPU_CYCLES":87470655309}}
{"runtime":22828,"energy":{"pkg":227.213134765625,"pp0":114.86578369140625,"pp1":4.109375,"dram":0},"perf_counters":{"PERF_COUNT_HW_REF_CPU_CYCLES":126529832594,"PERF_COUNT_HW_BRANCH_INSTRUCTIONS":40327277562,"PERF_COUNT_HW_CACHE_MISSES":524273161,"PERF_COUNT_HW_INSTRUCTIONS":196841519143,"PERF_COUNT_HW_BRANCH_MISSES":24681158,"PERF_COUNT_HW_CACHE_REFERENCES":1378411634,"PERF_COUNT_HW_CPU_CYCLES":86740511503}}
{"runtime":22778,"energy":{"pkg":226.81689453125,"pp0":114.21978759765625,"pp1":4.5888671875,"dram":0},"perf_counters":{"PERF_COUNT_HW_REF_CPU_CYCLES":127747288926,"PERF_COUNT_HW_BRANCH_INSTRUCTIONS":40274939675,"PERF_COUNT_HW_CACHE_MISSES":524306310,"PERF_COUNT_HW_INSTRUCTIONS":196579399258,"PERF_COUNT_HW_BRANCH_MISSES":24267565,"PERF_COUNT_HW_CACHE_REFERENCES":1368297086,"PERF_COUNT_HW_CPU_CYCLES":87497840766}}
{"runtime":22797,"energy":{"pkg":226.8614501953125,"pp0":114.15509033203125,"pp1":4.441650390625,"dram":0},"perf_counters":{"PERF_COUNT_HW_REF_CPU_CYCLES":132295958127,"PERF_COUNT_HW_BRANCH_INSTRUCTIONS":40326244598,"PERF_COUNT_HW_CACHE_MISSES":528958102,"PERF_COUNT_HW_INSTRUCTIONS":196863099399,"PERF_COUNT_HW_BRANCH_MISSES":23952215,"PERF_COUNT_HW_CACHE_REFERENCES":1332967655,"PERF_COUNT_HW_CPU_CYCLES":92424893662}}
{"runtime":22892,"energy":{"pkg":227.98443603515625,"pp0":114.7708740234375,"pp1":4.5977783203125,"dram":0},"perf_counters":{"PERF_COUNT_HW_REF_CPU_CYCLES":128419721637,"PERF_COUNT_HW_BRANCH_INSTRUCTIONS":40305194684,"PERF_COUNT_HW_CACHE_MISSES":526253791,"PERF_COUNT_HW_INSTRUCTIONS":196779786568,"PERF_COUNT_HW_BRANCH_MISSES":24182427,"PERF_COUNT_HW_CACHE_REFERENCES":1361441996,"PERF_COUNT_HW_CPU_CYCLES":88406044540}}
{"runtime":22920,"energy":{"pkg":227.94146728515625,"pp0":114.80230712890625,"pp1":4.3961181640625,"dram":0},"perf_counters":{"PERF_COUNT_HW_REF_CPU_CYCLES":129431872185,"PERF_COUNT_HW_BRANCH_INSTRUCTIONS":40330248591,"PERF_COUNT_HW_CACHE_MISSES":526469210,"PERF_COUNT_HW_INSTRUCTIONS":196872073136,"PERF_COUNT_HW_BRANCH_MISSES":24121114,"PERF_COUNT_HW_CACHE_REFERENCES":1361618590,"PERF_COUNT_HW_CPU_CYCLES":89024478158}}
{"runtime":22988,"energy":{"pkg":228.88720703125,"pp0":114.955810546875,"pp1":4.74462890625,"dram":0},"perf_counters":{"PERF_COUNT_HW_REF_CPU_CYCLES":129281811852,"PERF_COUNT_HW_BRANCH_INSTRUCTIONS":40254031030,"PERF_COUNT_HW_CACHE_MISSES":532035227,"PERF_COUNT_HW_INSTRUCTIONS":196468735508,"PERF_COUNT_HW_BRANCH_MISSES":24281603,"PERF_COUNT_HW_CACHE_REFERENCES":1360644073,"PERF_COUNT_HW_CPU_CYCLES":89771090564}}
{"runtime":22796,"energy":{"pkg":226.807861328125,"pp0":114.28131103515625,"pp1":4.316162109375,"dram":0},"perf_counters":{"PERF_COUNT_HW_REF_CPU_CYCLES":128379241969,"PERF_COUNT_HW_BRANCH_INSTRUCTIONS":40213195250,"PERF_COUNT_HW_CACHE_MISSES":526644755,"PERF_COUNT_HW_INSTRUCTIONS":196256544085,"PERF_COUNT_HW_BRANCH_MISSES":24012642,"PERF_COUNT_HW_CACHE_REFERENCES":1354763010,"PERF_COUNT_HW_CPU_CYCLES":89026709405}}
{"runtime":22869,"energy":{"pkg":227.65765380859375,"pp0":114.593505859375,"pp1":4.5863037109375,"dram":0},"perf_counters":{"PERF_COUNT_HW_REF_CPU_CYCLES":128090046848,"PERF_COUNT_HW_BRANCH_INSTRUCTIONS":40259553058,"PERF_COUNT_HW_CACHE_MISSES":526661278,"PERF_COUNT_HW_INSTRUCTIONS":196464821212,"PERF_COUNT_HW_BRANCH_MISSES":24150527,"PERF_COUNT_HW_CACHE_REFERENCES":1359790699,"PERF_COUNT_HW_CPU_CYCLES":88627237556}}
