{"runtime":39296,"energy":{"pkg":391.0113525390625,"pp0":210.2982177734375,"pp1":8.0015869140625,"dram":0},"perf_counters":{"PERF_COUNT_HW_REF_CPU_CYCLES":110149279958,"PERF_COUNT_HW_BRANCH_INSTRUCTIONS":89478197343,"PERF_COUNT_HW_CACHE_MISSES":830074,"PERF_COUNT_HW_INSTRUCTIONS":316773634178,"PERF_COUNT_HW_BRANCH_MISSES":1907788570,"PERF_COUNT_HW_CACHE_REFERENCES":2375706,"PERF_COUNT_HW_CPU_CYCLES":110753538637}}
{"runtime":39302,"energy":{"pkg":391.10076904296875,"pp0":210.624755859375,"pp1":8.059814453125,"dram":0},"perf_counters":{"PERF_COUNT_HW_REF_CPU_CYCLES":110165031387,"PERF_COUNT_HW_BRANCH_INSTRUCTIONS":89477882898,"PERF_COUNT_HW_CACHE_MISSES":760081,"PERF_COUNT_HW_INSTRUCTIONS":316772024556,"PERF_COUNT_HW_BRANCH_MISSES":1910730390,"PERF_COUNT_HW_CACHE_REFERENCES":2573923,"PERF_COUNT_HW_CPU_CYCLES":110721305654}}
{"runtime":39543,"energy":{"pkg":393.47991943359375,"pp0":211.75634765625,"pp1":8.2042236328125,"dram":0},"perf_counters":{"PERF_COUNT_HW_REF_CPU_CYCLES":110846592529,"PERF_COUNT_HW_BRANCH_INSTRUCTIONS":89477622020,"PERF_COUNT_HW_CACHE_MISSES":768484,"PERF_COUNT_HW_INSTRUCTIONS":316770741917,"PERF_COUNT_HW_BRANCH_MISSES":1912828909,"PERF_COUNT_HW_CACHE_REFERENCES":2412914,"PERF_COUNT_HW_CPU_CYCLES":111392289557}}
{"runtime":39262,"energy":{"pkg":390.69219970703125,"pp0":210.0032958984375,"pp1":7.980712890625,"dram":0},"perf_counters":{"PERF_COUNT_HW_REF_CPU_CYCLES":110053169983,"PERF_COUNT_HW_BRANCH_INSTRUCTIONS":89478182656,"PERF_COUNT_HW_CACHE_MISSES":797236,"PERF_COUNT_HW_INSTRUCTIONS":316773562976,"PERF_COUNT_HW_BRANCH_MISSES":1907778490,"PERF_COUNT_HW_CACHE_REFERENCES":2355822,"PERF_COUNT_HW_CPU_CYCLES":110650859075}}
{"runtime":39421,"energy":{"pkg":392.27105712890625,"pp0":210.51129150390625,"pp1":8.0699462890625,"dram":0},"perf_counters":{"PERF_COUNT_HW_REF_CPU_CYCLES":110505722241,"PERF_COUNT_HW_BRANCH_INSTRUCTIONS":89477725462,"PERF_COUNT_HW_CACHE_MISSES":781641,"PERF_COUNT_HW_INSTRUCTIONS":316771216143,"PERF_COUNT_HW_BRANCH_MISSES":1911819845,"PERF_COUNT_HW_CACHE_REFERENCES":2407315,"PERF_COUNT_HW_CPU_CYCLES":110770051146}}
{"runtime":39396,"energy":{"pkg":392.04840087890625,"pp0":210.676025390625,"pp1":8.2884521484375,"dram":0},"perf_counters":{"PERF_COUNT_HW_REF_CPU_CYCLES":110429413735,"PERF_COUNT_HW_BRANCH_INSTRUCTIONS":89477923018,"PERF_COUNT_HW_CACHE_MISSES":770396,"PERF_COUNT_HW_INSTRUCTIONS":316772293488,"PERF_COUNT_HW_BRANCH_MISSES":1911330101,"PERF_COUNT_HW_CACHE_REFERENCES":2506683,"PERF_COUNT_HW_CPU_CYCLES":110762011263}}
{"runtime":39323,"energy":{"pkg":391.30322265625,"pp0":210.562255859375,"pp1":8.07421875,"dram":0},"perf_counters":{"PERF_COUNT_HW_REF_CPU_CYCLES":110224376956,"PERF_COUNT_HW_BRANCH_INSTRUCTIONS":89477898860,"PERF_COUNT_HW_CACHE_MISSES":735567,"PERF_COUNT_HW_INSTRUCTIONS":316772158673,"PERF_COUNT_HW_BRANCH_MISSES":1910807408,"PERF_COUNT_HW_CACHE_REFERENCES":2544391,"PERF_COUNT_HW_CPU_CYCLES":110722359667}}
{"runtime":39424,"energy":{"pkg":392.316162109375,"pp0":211.04345703125,"pp1":7.9586181640625,"dram":0},"perf_counters":{"PERF_COUNT_HW_REF_CPU_CYCLES":110508954827,"PERF_COUNT_HW_BRANCH_INSTRUCTIONS":89478164085,"PERF_COUNT_HW_CACHE_MISSES":789743,"PERF_COUNT_HW_INSTRUCTIONS":316773489172,"PERF_COUNT_HW_BRANCH_MISSES":1910891171,"PERF_COUNT_HW_CACHE_REFERENCES":2337122,"PERF_COUNT_HW_CPU_CYCLES":111231417629}}
{"runtime":41026,"energy":{"pkg":408.2509765625,"pp0":219.97967529296875,"pp1":8.4827880859375,"dram":0},"perf_counters":{"PERF_COUNT_HW_REF_CPU_CYCLES":115000191132,"PERF_COUNT_HW_BRANCH_INSTRUCTIONS":89478287344,"PERF_COUNT_HW_CACHE_MISSES":796785,"PERF_COUNT_HW_INSTRUCTIONS":316774587455,"PERF_COUNT_HW_BRANCH_MISSES":1891259513,"PERF_COUNT_HW_CACHE_REFERENCES":2641149,"PERF_COUNT_HW_CPU_CYCLES":115685372729}}
{"runtime":39412,"energy":{"pkg":392.20111083984375,"pp0":210.91668701171875,"pp1":8.30419921875,"dram":0},"perf_counters":{"PERF_COUNT_HW_REF_CPU_CYCLES":110477120330,"PERF_COUNT_HW_BRANCH_INSTRUCTIONS":89478060747,"PERF_COUNT_HW_CACHE_MISSES":790453,"PERF_COUNT_HW_INSTRUCTIONS":316773088031,"PERF_COUNT_HW_BRANCH_MISSES":1909260123,"PERF_COUNT_HW_CACHE_REFERENCES":2529667,"PERF_COUNT_HW_CPU_CYCLES":110673543023}}
{"runtime":39340,"energy":{"pkg":391.46453857421875,"pp0":210.65283203125,"pp1":7.8232421875,"dram":0},"perf_counters":{"PERF_COUNT_HW_REF_CPU_CYCLES":110272109831,"PERF_COUNT_HW_BRANCH_INSTRUCTIONS":89478316526,"PERF_COUNT_HW_CACHE_MISSES":804690,"PERF_COUNT_HW_INSTRUCTIONS":316774370973,"PERF_COUNT_HW_BRANCH_MISSES":1909490461,"PERF_COUNT_HW_CACHE_REFERENCES":2401686,"PERF_COUNT_HW_CPU_CYCLES":110845473750}}
