{"runtime":5355,"energy":{"pkg":53.34906005859375,"pp0":28.73828125,"pp1":1.032958984375,"dram":0},"perf_counters":{"PERF_COUNT_HW_REF_CPU_CYCLES":15110958025,"PERF_COUNT_HW_BRANCH_INSTRUCTIONS":5771582099,"PERF_COUNT_HW_CACHE_MISSES":1123407,"PERF_COUNT_HW_INSTRUCTIONS":23623967855,"PERF_COUNT_HW_BRANCH_MISSES":177114791,"PERF_COUNT_HW_CACHE_REFERENCES":2953089,"PERF_COUNT_HW_CPU_CYCLES":15048272588}}
{"runtime":5367,"energy":{"pkg":53.420654296875,"pp0":28.68182373046875,"pp1":1.11328125,"dram":0},"perf_counters":{"PERF_COUNT_HW_REF_CPU_CYCLES":15144364431,"PERF_COUNT_HW_BRANCH_INSTRUCTIONS":5771365112,"PERF_COUNT_HW_CACHE_MISSES":1093403,"PERF_COUNT_HW_INSTRUCTIONS":23621778329,"PERF_COUNT_HW_BRANCH_MISSES":177456129,"PERF_COUNT_HW_CACHE_REFERENCES":3018452,"PERF_COUNT_HW_CPU_CYCLES":15066781790}}
{"runtime":5360,"energy":{"pkg":53.347412109375,"pp0":28.7509765625,"pp1":1.0294189453125,"dram":0},"perf_counters":{"PERF_COUNT_HW_REF_CPU_CYCLES":15119754744,"PERF_COUNT_HW_BRANCH_INSTRUCTIONS":5772544940,"PERF_COUNT_HW_CACHE_MISSES":1114061,"PERF_COUNT_HW_INSTRUCTIONS":23627770432,"PERF_COUNT_HW_BRANCH_MISSES":177425972,"PERF_COUNT_HW_CACHE_REFERENCES":3389099,"PERF_COUNT_HW_CPU_CYCLES":15066701365}}
{"runtime":5368,"energy":{"pkg":53.3634033203125,"pp0":28.6866455078125,"pp1":1.13037109375,"dram":0},"perf_counters":{"PERF_COUNT_HW_REF_CPU_CYCLES":15143713271,"PERF_COUNT_HW_BRANCH_INSTRUCTIONS":5773648576,"PERF_COUNT_HW_CACHE_MISSES":1079327,"PERF_COUNT_HW_INSTRUCTIONS":23632048376,"PERF_COUNT_HW_BRANCH_MISSES":177716522,"PERF_COUNT_HW_CACHE_REFERENCES":3089224,"PERF_COUNT_HW_CPU_CYCLES":15071249124}}
{"runtime":5365,"energy":{"pkg":53.41168212890625,"pp0":28.84881591796875,"pp1":1.0135498046875,"dram":0},"perf_counters":{"PERF_COUNT_HW_REF_CPU_CYCLES":15133740887,"PERF_COUNT_HW_BRANCH_INSTRUCTIONS":5771138598,"PERF_COUNT_HW_CACHE_MISSES":1095755,"PERF_COUNT_HW_INSTRUCTIONS":23621647353,"PERF_COUNT_HW_BRANCH_MISSES":177569739,"PERF_COUNT_HW_CACHE_REFERENCES":3050190,"PERF_COUNT_HW_CPU_CYCLES":15073380269}}
{"runtime":5360,"energy":{"pkg":53.25909423828125,"pp0":28.56842041015625,"pp1":1.0947265625,"dram":0},"perf_counters":{"PERF_COUNT_HW_REF_CPU_CYCLES":15121965111,"PERF_COUNT_HW_BRANCH_INSTRUCTIONS":5770872619,"PERF_COUNT_HW_CACHE_MISSES":1119412,"PERF_COUNT_HW_INSTRUCTIONS":23620768392,"PERF_COUNT_HW_BRANCH_MISSES":176998994,"PERF_COUNT_HW_CACHE_REFERENCES":3049469,"PERF_COUNT_HW_CPU_CYCLES":15046552157}}
{"runtime":5360,"energy":{"pkg":53.4267578125,"pp0":28.878662109375,"pp1":0.9886474609375,"dram":0},"perf_counters":{"PERF_COUNT_HW_REF_CPU_CYCLES":15115489646,"PERF_COUNT_HW_BRANCH_INSTRUCTIONS":5772719667,"PERF_COUNT_HW_CACHE_MISSES":1183473,"PERF_COUNT_HW_INSTRUCTIONS":23628002038,"PERF_COUNT_HW_BRANCH_MISSES":177443370,"PERF_COUNT_HW_CACHE_REFERENCES":3405110,"PERF_COUNT_HW_CPU_CYCLES":15086059171}}
{"runtime":5389,"energy":{"pkg":53.54833984375,"pp0":28.703369140625,"pp1":1.14501953125,"dram":0},"perf_counters":{"PERF_COUNT_HW_REF_CPU_CYCLES":15203596850,"PERF_COUNT_HW_BRANCH_INSTRUCTIONS":5770659226,"PERF_COUNT_HW_CACHE_MISSES":1039109,"PERF_COUNT_HW_INSTRUCTIONS":23619581980,"PERF_COUNT_HW_BRANCH_MISSES":177572148,"PERF_COUNT_HW_CACHE_REFERENCES":2964614,"PERF_COUNT_HW_CPU_CYCLES":15074860131}}
{"runtime":5377,"energy":{"pkg":53.4915771484375,"pp0":28.8076171875,"pp1":1.0360107421875,"dram":0},"perf_counters":{"PERF_COUNT_HW_REF_CPU_CYCLES":15171569925,"PERF_COUNT_HW_BRANCH_INSTRUCTIONS":5770714755,"PERF_COUNT_HW_CACHE_MISSES":1094799,"PERF_COUNT_HW_INSTRUCTIONS":23619931183,"PERF_COUNT_HW_BRANCH_MISSES":177736793,"PERF_COUNT_HW_CACHE_REFERENCES":3025829,"PERF_COUNT_HW_CPU_CYCLES":15086083656}}
{"runtime":5421,"energy":{"pkg":53.6214599609375,"pp0":28.54656982421875,"pp1":1.1744384765625,"dram":0},"perf_counters":{"PERF_COUNT_HW_REF_CPU_CYCLES":15287320477,"PERF_COUNT_HW_BRANCH_INSTRUCTIONS":5770878098,"PERF_COUNT_HW_CACHE_MISSES":1252263,"PERF_COUNT_HW_INSTRUCTIONS":23620835640,"PERF_COUNT_HW_BRANCH_MISSES":177242014,"PERF_COUNT_HW_CACHE_REFERENCES":3686980,"PERF_COUNT_HW_CPU_CYCLES":15763251244}}
{"runtime":5315,"energy":{"pkg":53.22613525390625,"pp0":28.72894287109375,"pp1":1.1024169921875,"dram":0},"perf_counters":{"PERF_COUNT_HW_REF_CPU_CYCLES":14983848308,"PERF_COUNT_HW_BRANCH_INSTRUCTIONS":5773457293,"PERF_COUNT_HW_CACHE_MISSES":1119456,"PERF_COUNT_HW_INSTRUCTIONS":23630281186,"PERF_COUNT_HW_BRANCH_MISSES":176899641,"PERF_COUNT_HW_CACHE_REFERENCES":3201895,"PERF_COUNT_HW_CPU_CYCLES":15026668978}}
