{"runtime":54760,"energy":{"pkg":544.8729858398438,"pp0":276.5958251953125,"pp1":10.290283203125,"dram":0},"perf_counters":{"PERF_COUNT_HW_REF_CPU_CYCLES":528526828785,"PERF_COUNT_HW_BRANCH_INSTRUCTIONS":127848616309,"PERF_COUNT_HW_CACHE_MISSES":897313447,"PERF_COUNT_HW_INSTRUCTIONS":574897548316,"PERF_COUNT_HW_BRANCH_MISSES":768887614,"PERF_COUNT_HW_CACHE_REFERENCES":2449407322,"PERF_COUNT_HW_CPU_CYCLES":256550079982}}
{"runtime":53900,"energy":{"pkg":536.038330078125,"pp0":270.7935791015625,"pp1":9.5625,"dram":0},"perf_counters":{"PERF_COUNT_HW_REF_CPU_CYCLES":528401338792,"PERF_COUNT_HW_BRANCH_INSTRUCTIONS":125351592738,"PERF_COUNT_HW_CACHE_MISSES":980638624,"PERF_COUNT_HW_INSTRUCTIONS":567335988294,"PERF_COUNT_HW_BRANCH_MISSES":706935181,"PERF_COUNT_HW_CACHE_REFERENCES":2535133248,"PERF_COUNT_HW_CPU_CYCLES":253693087428}}
{"runtime":54103,"energy":{"pkg":538.4795532226562,"pp0":271.74273681640625,"pp1":9.8896484375,"dram":0},"perf_counters":{"PERF_COUNT_HW_REF_CPU_CYCLES":535128575244,"PERF_COUNT_HW_BRANCH_INSTRUCTIONS":125352336926,"PERF_COUNT_HW_CACHE_MISSES":1001801809,"PERF_COUNT_HW_INSTRUCTIONS":567034306465,"PERF_COUNT_HW_BRANCH_MISSES":690916927,"PERF_COUNT_HW_CACHE_REFERENCES":2633723378,"PERF_COUNT_HW_CPU_CYCLES":253639178037}}
{"runtime":53618,"energy":{"pkg":533.4597778320312,"pp0":269.3868408203125,"pp1":9.9476318359375,"dram":0},"perf_counters":{"PERF_COUNT_HW_REF_CPU_CYCLES":531889435304,"PERF_COUNT_HW_BRANCH_INSTRUCTIONS":124758516572,"PERF_COUNT_HW_CACHE_MISSES":981761122,"PERF_COUNT_HW_INSTRUCTIONS":563982500562,"PERF_COUNT_HW_BRANCH_MISSES":713934772,"PERF_COUNT_HW_CACHE_REFERENCES":2585814435,"PERF_COUNT_HW_CPU_CYCLES":251889088643}}
{"runtime":54683,"energy":{"pkg":543.9667358398438,"pp0":273.86541748046875,"pp1":10.517578125,"dram":0},"perf_counters":{"PERF_COUNT_HW_REF_CPU_CYCLES":541297722024,"PERF_COUNT_HW_BRANCH_INSTRUCTIONS":126613781815,"PERF_COUNT_HW_CACHE_MISSES":950453330,"PERF_COUNT_HW_INSTRUCTIONS":571114613149,"PERF_COUNT_HW_BRANCH_MISSES":741133631,"PERF_COUNT_HW_CACHE_REFERENCES":2465325946,"PERF_COUNT_HW_CPU_CYCLES":257336080009}}
{"runtime":54732,"energy":{"pkg":544.8849487304688,"pp0":275.77203369140625,"pp1":9.8780517578125,"dram":0},"perf_counters":{"PERF_COUNT_HW_REF_CPU_CYCLES":527352608966,"PERF_COUNT_HW_BRANCH_INSTRUCTIONS":125539084593,"PERF_COUNT_HW_CACHE_MISSES":945263821,"PERF_COUNT_HW_INSTRUCTIONS":567608126701,"PERF_COUNT_HW_BRANCH_MISSES":726592459,"PERF_COUNT_HW_CACHE_REFERENCES":2617547710,"PERF_COUNT_HW_CPU_CYCLES":254657666831}}
{"runtime":54593,"energy":{"pkg":542.8306884765625,"pp0":273.41912841796875,"pp1":10.2874755859375,"dram":0},"perf_counters":{"PERF_COUNT_HW_REF_CPU_CYCLES":551109749187,"PERF_COUNT_HW_BRANCH_INSTRUCTIONS":126704636132,"PERF_COUNT_HW_CACHE_MISSES":994291166,"PERF_COUNT_HW_INSTRUCTIONS":570876836409,"PERF_COUNT_HW_BRANCH_MISSES":767186968,"PERF_COUNT_HW_CACHE_REFERENCES":2517281199,"PERF_COUNT_HW_CPU_CYCLES":259422014046}}
{"runtime":53924,"energy":{"pkg":536.5376586914062,"pp0":270.88861083984375,"pp1":9.9339599609375,"dram":0},"perf_counters":{"PERF_COUNT_HW_REF_CPU_CYCLES":540236877921,"PERF_COUNT_HW_BRANCH_INSTRUCTIONS":126140655576,"PERF_COUNT_HW_CACHE_MISSES":939972425,"PERF_COUNT_HW_INSTRUCTIONS":568910072776,"PERF_COUNT_HW_BRANCH_MISSES":764267166,"PERF_COUNT_HW_CACHE_REFERENCES":2426047601,"PERF_COUNT_HW_CPU_CYCLES":255229424027}}
{"runtime":54366,"energy":{"pkg":541.1770629882812,"pp0":273.1466064453125,"pp1":10.089111328125,"dram":0},"perf_counters":{"PERF_COUNT_HW_REF_CPU_CYCLES":537962541751,"PERF_COUNT_HW_BRANCH_INSTRUCTIONS":126330180861,"PERF_COUNT_HW_CACHE_MISSES":945254250,"PERF_COUNT_HW_INSTRUCTIONS":570307442916,"PERF_COUNT_HW_BRANCH_MISSES":727359384,"PERF_COUNT_HW_CACHE_REFERENCES":2479558292,"PERF_COUNT_HW_CPU_CYCLES":255884713064}}
{"runtime":54715,"energy":{"pkg":544.5891723632812,"pp0":275.3907470703125,"pp1":10.298095703125,"dram":0},"perf_counters":{"PERF_COUNT_HW_REF_CPU_CYCLES":534751762165,"PERF_COUNT_HW_BRANCH_INSTRUCTIONS":126323994969,"PERF_COUNT_HW_CACHE_MISSES":929012160,"PERF_COUNT_HW_INSTRUCTIONS":570067872138,"PERF_COUNT_HW_BRANCH_MISSES":742552049,"PERF_COUNT_HW_CACHE_REFERENCES":2475097112,"PERF_COUNT_HW_CPU_CYCLES":255485037350}}
{"runtime":53655,"energy":{"pkg":533.3622436523438,"pp0":269.5689697265625,"pp1":9.7613525390625,"dram":0},"perf_counters":{"PERF_COUNT_HW_REF_CPU_CYCLES":542955583925,"PERF_COUNT_HW_BRANCH_INSTRUCTIONS":126314250086,"PERF_COUNT_HW_CACHE_MISSES":935457279,"PERF_COUNT_HW_INSTRUCTIONS":570408347271,"PERF_COUNT_HW_BRANCH_MISSES":758342145,"PERF_COUNT_HW_CACHE_REFERENCES":2425479712,"PERF_COUNT_HW_CPU_CYCLES":255539867573}}
