{"runtime":11162,"energy":{"pkg":110.700439453125,"pp0":58.64666748046875,"pp1":2.3968505859375,"dram":0},"perf_counters":{"PERF_COUNT_HW_REF_CPU_CYCLES":208789536574,"PERF_COUNT_HW_BRANCH_INSTRUCTIONS":28464587203,"PERF_COUNT_HW_CACHE_MISSES":107467958,"PERF_COUNT_HW_INSTRUCTIONS":168671157229,"PERF_COUNT_HW_BRANCH_MISSES":141173536,"PERF_COUNT_HW_CACHE_REFERENCES":201080358,"PERF_COUNT_HW_CPU_CYCLES":105862820717}}
{"runtime":11029,"energy":{"pkg":110.283447265625,"pp0":58.83062744140625,"pp1":2.3966064453125,"dram":0},"perf_counters":{"PERF_COUNT_HW_REF_CPU_CYCLES":208016644329,"PERF_COUNT_HW_BRANCH_INSTRUCTIONS":28429219123,"PERF_COUNT_HW_CACHE_MISSES":107894579,"PERF_COUNT_HW_INSTRUCTIONS":168500396550,"PERF_COUNT_HW_BRANCH_MISSES":140460982,"PERF_COUNT_HW_CACHE_REFERENCES":200428308,"PERF_COUNT_HW_CPU_CYCLES":105636924384}}
{"runtime":11100,"energy":{"pkg":110.0263671875,"pp0":58.59759521484375,"pp1":2.001220703125,"dram":0},"perf_counters":{"PERF_COUNT_HW_REF_CPU_CYCLES":209806737262,"PERF_COUNT_HW_BRANCH_INSTRUCTIONS":28429378031,"PERF_COUNT_HW_CACHE_MISSES":106809207,"PERF_COUNT_HW_INSTRUCTIONS":168555010253,"PERF_COUNT_HW_BRANCH_MISSES":141123096,"PERF_COUNT_HW_CACHE_REFERENCES":200024133,"PERF_COUNT_HW_CPU_CYCLES":105742738685}}
{"runtime":10993,"energy":{"pkg":109.60968017578125,"pp0":58.325927734375,"pp1":2.4217529296875,"dram":0},"perf_counters":{"PERF_COUNT_HW_REF_CPU_CYCLES":209231350532,"PERF_COUNT_HW_BRANCH_INSTRUCTIONS":28409519743,"PERF_COUNT_HW_CACHE_MISSES":106966562,"PERF_COUNT_HW_INSTRUCTIONS":168453036054,"PERF_COUNT_HW_BRANCH_MISSES":140504056,"PERF_COUNT_HW_CACHE_REFERENCES":199475221,"PERF_COUNT_HW_CPU_CYCLES":105967553071}}
{"runtime":11221,"energy":{"pkg":111.66094970703125,"pp0":59.154541015625,"pp1":2.6495361328125,"dram":0},"perf_counters":{"PERF_COUNT_HW_REF_CPU_CYCLES":208078027985,"PERF_COUNT_HW_BRANCH_INSTRUCTIONS":28419049391,"PERF_COUNT_HW_CACHE_MISSES":107028588,"PERF_COUNT_HW_INSTRUCTIONS":168526252457,"PERF_COUNT_HW_BRANCH_MISSES":141041093,"PERF_COUNT_HW_CACHE_REFERENCES":199276761,"PERF_COUNT_HW_CPU_CYCLES":105703216394}}
{"runtime":11134,"energy":{"pkg":110.73907470703125,"pp0":58.51434326171875,"pp1":2.692138671875,"dram":0},"perf_counters":{"PERF_COUNT_HW_REF_CPU_CYCLES":209520776041,"PERF_COUNT_HW_BRANCH_INSTRUCTIONS":28364337106,"PERF_COUNT_HW_CACHE_MISSES":103591461,"PERF_COUNT_HW_INSTRUCTIONS":168373137833,"PERF_COUNT_HW_BRANCH_MISSES":141255459,"PERF_COUNT_HW_CACHE_REFERENCES":196208846,"PERF_COUNT_HW_CPU_CYCLES":105825513182}}
{"runtime":11002,"energy":{"pkg":109.9642333984375,"pp0":58.42694091796875,"pp1":2.55908203125,"dram":0},"perf_counters":{"PERF_COUNT_HW_REF_CPU_CYCLES":208942486393,"PERF_COUNT_HW_BRANCH_INSTRUCTIONS":28504331457,"PERF_COUNT_HW_CACHE_MISSES":109465262,"PERF_COUNT_HW_INSTRUCTIONS":168808840855,"PERF_COUNT_HW_BRANCH_MISSES":141390742,"PERF_COUNT_HW_CACHE_REFERENCES":205046547,"PERF_COUNT_HW_CPU_CYCLES":105989264673}}
{"runtime":11112,"energy":{"pkg":110.5682373046875,"pp0":58.51507568359375,"pp1":2.595947265625,"dram":0},"perf_counters":{"PERF_COUNT_HW_REF_CPU_CYCLES":209184436206,"PERF_COUNT_HW_BRANCH_INSTRUCTIONS":28390977691,"PERF_COUNT_HW_CACHE_MISSES":105464833,"PERF_COUNT_HW_INSTRUCTIONS":168474873894,"PERF_COUNT_HW_BRANCH_MISSES":141504284,"PERF_COUNT_HW_CACHE_REFERENCES":197236948,"PERF_COUNT_HW_CPU_CYCLES":105492819744}}
{"runtime":10921,"energy":{"pkg":108.66168212890625,"pp0":58.1041259765625,"pp1":1.8807373046875,"dram":0},"perf_counters":{"PERF_COUNT_HW_REF_CPU_CYCLES":209379049534,"PERF_COUNT_HW_BRANCH_INSTRUCTIONS":28461331743,"PERF_COUNT_HW_CACHE_MISSES":108404731,"PERF_COUNT_HW_INSTRUCTIONS":168593599691,"PERF_COUNT_HW_BRANCH_MISSES":140416775,"PERF_COUNT_HW_CACHE_REFERENCES":202266933,"PERF_COUNT_HW_CPU_CYCLES":105840600696}}
{"runtime":11104,"energy":{"pkg":110.15948486328125,"pp0":58.32818603515625,"pp1":2.4332275390625,"dram":0},"perf_counters":{"PERF_COUNT_HW_REF_CPU_CYCLES":209773088642,"PERF_COUNT_HW_BRANCH_INSTRUCTIONS":28430076330,"PERF_COUNT_HW_CACHE_MISSES":107555987,"PERF_COUNT_HW_INSTRUCTIONS":168507768050,"PERF_COUNT_HW_BRANCH_MISSES":140399114,"PERF_COUNT_HW_CACHE_REFERENCES":200358556,"PERF_COUNT_HW_CPU_CYCLES":105844559050}}
{"runtime":10859,"energy":{"pkg":108.53985595703125,"pp0":57.88677978515625,"pp1":2.368408203125,"dram":0},"perf_counters":{"PERF_COUNT_HW_REF_CPU_CYCLES":208912853284,"PERF_COUNT_HW_BRANCH_INSTRUCTIONS":28346052997,"PERF_COUNT_HW_CACHE_MISSES":104909422,"PERF_COUNT_HW_INSTRUCTIONS":168232599351,"PERF_COUNT_HW_BRANCH_MISSES":140247956,"PERF_COUNT_HW_CACHE_REFERENCES":197020608,"PERF_COUNT_HW_CPU_CYCLES":105663270756}}
