{"runtime":5281,"energy":{"pkg":52.48736572265625,"pp0":27.37200927734375,"pp1":1.0269775390625,"dram":0},"perf_counters":{"PERF_COUNT_HW_REF_CPU_CYCLES":15337464688,"PERF_COUNT_HW_BRANCH_INSTRUCTIONS":8338924709,"PERF_COUNT_HW_CACHE_MISSES":47109453,"PERF_COUNT_HW_INSTRUCTIONS":37868410226,"PERF_COUNT_HW_BRANCH_MISSES":135350592,"PERF_COUNT_HW_CACHE_REFERENCES":112915392,"PERF_COUNT_HW_CPU_CYCLES":14868132890}}
{"runtime":5695,"energy":{"pkg":56.48541259765625,"pp0":29.34869384765625,"pp1":1.2174072265625,"dram":0},"perf_counters":{"PERF_COUNT_HW_REF_CPU_CYCLES":16502079094,"PERF_COUNT_HW_BRANCH_INSTRUCTIONS":8334541995,"PERF_COUNT_HW_CACHE_MISSES":47406002,"PERF_COUNT_HW_INSTRUCTIONS":37859861329,"PERF_COUNT_HW_BRANCH_MISSES":135017282,"PERF_COUNT_HW_CACHE_REFERENCES":111947575,"PERF_COUNT_HW_CPU_CYCLES":16543961602}}
{"runtime":5472,"energy":{"pkg":54.64373779296875,"pp0":28.64111328125,"pp1":1.04833984375,"dram":0},"perf_counters":{"PERF_COUNT_HW_REF_CPU_CYCLES":15920252012,"PERF_COUNT_HW_BRANCH_INSTRUCTIONS":8343287904,"PERF_COUNT_HW_CACHE_MISSES":47422815,"PERF_COUNT_HW_INSTRUCTIONS":37879884833,"PERF_COUNT_HW_BRANCH_MISSES":135404072,"PERF_COUNT_HW_CACHE_REFERENCES":112168245,"PERF_COUNT_HW_CPU_CYCLES":15759747437}}
{"runtime":5302,"energy":{"pkg":52.72119140625,"pp0":27.41851806640625,"pp1":1.0567626953125,"dram":0},"perf_counters":{"PERF_COUNT_HW_REF_CPU_CYCLES":15519215927,"PERF_COUNT_HW_BRANCH_INSTRUCTIONS":8335485207,"PERF_COUNT_HW_CACHE_MISSES":46977643,"PERF_COUNT_HW_INSTRUCTIONS":37864773007,"PERF_COUNT_HW_BRANCH_MISSES":135479915,"PERF_COUNT_HW_CACHE_REFERENCES":112142125,"PERF_COUNT_HW_CPU_CYCLES":15074657416}}
{"runtime":5277,"energy":{"pkg":52.4588623046875,"pp0":27.30401611328125,"pp1":1.088134765625,"dram":0},"perf_counters":{"PERF_COUNT_HW_REF_CPU_CYCLES":15428884997,"PERF_COUNT_HW_BRANCH_INSTRUCTIONS":8331187623,"PERF_COUNT_HW_CACHE_MISSES":47085656,"PERF_COUNT_HW_INSTRUCTIONS":37845829031,"PERF_COUNT_HW_BRANCH_MISSES":135384576,"PERF_COUNT_HW_CACHE_REFERENCES":112952973,"PERF_COUNT_HW_CPU_CYCLES":15044158959}}
{"runtime":5268,"energy":{"pkg":52.4501953125,"pp0":27.38037109375,"pp1":1.0465087890625,"dram":0},"perf_counters":{"PERF_COUNT_HW_REF_CPU_CYCLES":15332596026,"PERF_COUNT_HW_BRANCH_INSTRUCTIONS":8336984824,"PERF_COUNT_HW_CACHE_MISSES":47090621,"PERF_COUNT_HW_INSTRUCTIONS":37860472180,"PERF_COUNT_HW_BRANCH_MISSES":135585609,"PERF_COUNT_HW_CACHE_REFERENCES":112862346,"PERF_COUNT_HW_CPU_CYCLES":14909819999}}
{"runtime":5292,"energy":{"pkg":52.6168212890625,"pp0":27.3402099609375,"pp1":1.0838623046875,"dram":0},"perf_counters":{"PERF_COUNT_HW_REF_CPU_CYCLES":15469295826,"PERF_COUNT_HW_BRANCH_INSTRUCTIONS":8335464700,"PERF_COUNT_HW_CACHE_MISSES":47280549,"PERF_COUNT_HW_INSTRUCTIONS":37855696643,"PERF_COUNT_HW_BRANCH_MISSES":135310131,"PERF_COUNT_HW_CACHE_REFERENCES":112170683,"PERF_COUNT_HW_CPU_CYCLES":15080313964}}
{"runtime":5293,"energy":{"pkg":52.6689453125,"pp0":27.368408203125,"pp1":1.1290283203125,"dram":0},"perf_counters":{"PERF_COUNT_HW_REF_CPU_CYCLES":15506739643,"PERF_COUNT_HW_BRANCH_INSTRUCTIONS":8341001061,"PERF_COUNT_HW_CACHE_MISSES":47110029,"PERF_COUNT_HW_INSTRUCTIONS":37872696744,"PERF_COUNT_HW_BRANCH_MISSES":135204181,"PERF_COUNT_HW_CACHE_REFERENCES":112409129,"PERF_COUNT_HW_CPU_CYCLES":15070986319}}
{"runtime":5322,"energy":{"pkg":52.945068359375,"pp0":27.59161376953125,"pp1":1.0350341796875,"dram":0},"perf_counters":{"PERF_COUNT_HW_REF_CPU_CYCLES":15532701071,"PERF_COUNT_HW_BRANCH_INSTRUCTIONS":8335947561,"PERF_COUNT_HW_CACHE_MISSES":47119115,"PERF_COUNT_HW_INSTRUCTIONS":37862042677,"PERF_COUNT_HW_BRANCH_MISSES":135062916,"PERF_COUNT_HW_CACHE_REFERENCES":111954799,"PERF_COUNT_HW_CPU_CYCLES":15242813045}}
{"runtime":5284,"energy":{"pkg":52.5760498046875,"pp0":27.3641357421875,"pp1":1.1256103515625,"dram":0},"perf_counters":{"PERF_COUNT_HW_REF_CPU_CYCLES":15369121868,"PERF_COUNT_HW_BRANCH_INSTRUCTIONS":8338110295,"PERF_COUNT_HW_CACHE_MISSES":46912017,"PERF_COUNT_HW_INSTRUCTIONS":37857339852,"PERF_COUNT_HW_BRANCH_MISSES":135305888,"PERF_COUNT_HW_CACHE_REFERENCES":112780296,"PERF_COUNT_HW_CPU_CYCLES":14947993030}}
{"runtime":5267,"energy":{"pkg":52.405029296875,"pp0":27.348876953125,"pp1":1.0257568359375,"dram":0},"perf_counters":{"PERF_COUNT_HW_REF_CPU_CYCLES":15430979367,"PERF_COUNT_HW_BRANCH_INSTRUCTIONS":8340890702,"PERF_COUNT_HW_CACHE_MISSES":47153446,"PERF_COUNT_HW_INSTRUCTIONS":37867582380,"PERF_COUNT_HW_BRANCH_MISSES":135397318,"PERF_COUNT_HW_CACHE_REFERENCES":112573714,"PERF_COUNT_HW_CPU_CYCLES":14984341446}}
