{"runtime":1901,"energy":{"pkg":18.94195556640625,"pp0":10.08013916015625,"pp1":0.313720703125,"dram":0},"perf_counters":{"PERF_COUNT_HW_REF_CPU_CYCLES":5733512126,"PERF_COUNT_HW_BRANCH_INSTRUCTIONS":4646026221,"PERF_COUNT_HW_CACHE_MISSES":19699776,"PERF_COUNT_HW_INSTRUCTIONS":19511873282,"PERF_COUNT_HW_BRANCH_MISSES":11878183,"PERF_COUNT_HW_CACHE_REFERENCES":38219680,"PERF_COUNT_HW_CPU_CYCLES":5528546511}}
{"runtime":1903,"energy":{"pkg":18.93963623046875,"pp0":10.11541748046875,"pp1":0.27685546875,"dram":0},"perf_counters":{"PERF_COUNT_HW_REF_CPU_CYCLES":5739772022,"PERF_COUNT_HW_BRANCH_INSTRUCTIONS":4646295843,"PERF_COUNT_HW_CACHE_MISSES":19765974,"PERF_COUNT_HW_INSTRUCTIONS":19512603555,"PERF_COUNT_HW_BRANCH_MISSES":11875017,"PERF_COUNT_HW_CACHE_REFERENCES":38607834,"PERF_COUNT_HW_CPU_CYCLES":5536430620}}
{"runtime":1915,"energy":{"pkg":19.0615234375,"pp0":10.15374755859375,"pp1":0.2984619140625,"dram":0},"perf_counters":{"PERF_COUNT_HW_REF_CPU_CYCLES":5792021991,"PERF_COUNT_HW_BRANCH_INSTRUCTIONS":4645441662,"PERF_COUNT_HW_CACHE_MISSES":19798769,"PERF_COUNT_HW_INSTRUCTIONS":19508992717,"PERF_COUNT_HW_BRANCH_MISSES":11906009,"PERF_COUNT_HW_CACHE_REFERENCES":38097854,"PERF_COUNT_HW_CPU_CYCLES":5586281507}}
{"runtime":1979,"energy":{"pkg":19.68646240234375,"pp0":10.39312744140625,"pp1":0.38671875,"dram":0},"perf_counters":{"PERF_COUNT_HW_REF_CPU_CYCLES":5985287593,"PERF_COUNT_HW_BRANCH_INSTRUCTIONS":4646104219,"PERF_COUNT_HW_CACHE_MISSES":19833867,"PERF_COUNT_HW_INSTRUCTIONS":19511525784,"PERF_COUNT_HW_BRANCH_MISSES":11882115,"PERF_COUNT_HW_CACHE_REFERENCES":39739859,"PERF_COUNT_HW_CPU_CYCLES":5861709701}}
{"runtime":1976,"energy":{"pkg":19.596923828125,"pp0":10.38525390625,"pp1":0.354736328125,"dram":0},"perf_counters":{"PERF_COUNT_HW_REF_CPU_CYCLES":5947449211,"PERF_COUNT_HW_BRANCH_INSTRUCTIONS":4647827450,"PERF_COUNT_HW_CACHE_MISSES":19831597,"PERF_COUNT_HW_INSTRUCTIONS":19517684387,"PERF_COUNT_HW_BRANCH_MISSES":11850045,"PERF_COUNT_HW_CACHE_REFERENCES":39527801,"PERF_COUNT_HW_CPU_CYCLES":5784780786}}
{"runtime":1902,"energy":{"pkg":19.03631591796875,"pp0":10.13238525390625,"pp1":0.365966796875,"dram":0},"perf_counters":{"PERF_COUNT_HW_REF_CPU_CYCLES":5743533420,"PERF_COUNT_HW_BRANCH_INSTRUCTIONS":4646090486,"PERF_COUNT_HW_CACHE_MISSES":19735655,"PERF_COUNT_HW_INSTRUCTIONS":19511986578,"PERF_COUNT_HW_BRANCH_MISSES":11832504,"PERF_COUNT_HW_CACHE_REFERENCES":38637838,"PERF_COUNT_HW_CPU_CYCLES":5567115797}}
{"runtime":1903,"energy":{"pkg":18.92071533203125,"pp0":10.10272216796875,"pp1":0.28662109375,"dram":0},"perf_counters":{"PERF_COUNT_HW_REF_CPU_CYCLES":5759759495,"PERF_COUNT_HW_BRANCH_INSTRUCTIONS":4646177877,"PERF_COUNT_HW_CACHE_MISSES":19759809,"PERF_COUNT_HW_INSTRUCTIONS":19512309125,"PERF_COUNT_HW_BRANCH_MISSES":11826483,"PERF_COUNT_HW_CACHE_REFERENCES":39193981,"PERF_COUNT_HW_CPU_CYCLES":5527862946}}
{"runtime":2025,"energy":{"pkg":19.9495849609375,"pp0":10.5350341796875,"pp1":0.31494140625,"dram":0},"perf_counters":{"PERF_COUNT_HW_REF_CPU_CYCLES":6091067659,"PERF_COUNT_HW_BRANCH_INSTRUCTIONS":4646955541,"PERF_COUNT_HW_CACHE_MISSES":20066115,"PERF_COUNT_HW_INSTRUCTIONS":19512908039,"PERF_COUNT_HW_BRANCH_MISSES":11886606,"PERF_COUNT_HW_CACHE_REFERENCES":39893203,"PERF_COUNT_HW_CPU_CYCLES":5998881159}}
{"runtime":1887,"energy":{"pkg":19.00396728515625,"pp0":10.2032470703125,"pp1":0.3375244140625,"dram":0},"perf_counters":{"PERF_COUNT_HW_REF_CPU_CYCLES":5696755750,"PERF_COUNT_HW_BRANCH_INSTRUCTIONS":4646224359,"PERF_COUNT_HW_CACHE_MISSES":19754836,"PERF_COUNT_HW_INSTRUCTIONS":19512416692,"PERF_COUNT_HW_BRANCH_MISSES":11865483,"PERF_COUNT_HW_CACHE_REFERENCES":39018107,"PERF_COUNT_HW_CPU_CYCLES":5514300545}}
{"runtime":1906,"energy":{"pkg":18.95184326171875,"pp0":10.0341796875,"pp1":0.3553466796875,"dram":0},"perf_counters":{"PERF_COUNT_HW_REF_CPU_CYCLES":5761446087,"PERF_COUNT_HW_BRANCH_INSTRUCTIONS":4647453405,"PERF_COUNT_HW_CACHE_MISSES":19733144,"PERF_COUNT_HW_INSTRUCTIONS":19515373844,"PERF_COUNT_HW_BRANCH_MISSES":11901272,"PERF_COUNT_HW_CACHE_REFERENCES":39033093,"PERF_COUNT_HW_CPU_CYCLES":5532984898}}
{"runtime":1912,"energy":{"pkg":19.03131103515625,"pp0":10.0914306640625,"pp1":0.3822021484375,"dram":0},"perf_counters":{"PERF_COUNT_HW_REF_CPU_CYCLES":5782168232,"PERF_COUNT_HW_BRANCH_INSTRUCTIONS":4645577685,"PERF_COUNT_HW_CACHE_MISSES":19822394,"PERF_COUNT_HW_INSTRUCTIONS":19509475996,"PERF_COUNT_HW_BRANCH_MISSES":11901223,"PERF_COUNT_HW_CACHE_REFERENCES":39593755,"PERF_COUNT_HW_CPU_CYCLES":5575135585}}
