{"runtime":25453,"energy":{"pkg":253.4678955078125,"pp0":132.4044189453125,"pp1":3.41259765625,"dram":0},"perf_counters":{"PERF_COUNT_HW_REF_CPU_CYCLES":157313323117,"PERF_COUNT_HW_BRANCH_INSTRUCTIONS":40373727628,"PERF_COUNT_HW_CACHE_MISSES":539237964,"PERF_COUNT_HW_INSTRUCTIONS":197114707858,"PERF_COUNT_HW_BRANCH_MISSES":24422247,"PERF_COUNT_HW_CACHE_REFERENCES":1351103033,"PERF_COUNT_HW_CPU_CYCLES":129384721622}}
{"runtime":25449,"energy":{"pkg":253.279052734375,"pp0":132.1572265625,"pp1":3.516845703125,"dram":0},"perf_counters":{"PERF_COUNT_HW_REF_CPU_CYCLES":156119153420,"PERF_COUNT_HW_BRANCH_INSTRUCTIONS":40379227959,"PERF_COUNT_HW_CACHE_MISSES":536056556,"PERF_COUNT_HW_INSTRUCTIONS":197068837558,"PERF_COUNT_HW_BRANCH_MISSES":24760572,"PERF_COUNT_HW_CACHE_REFERENCES":1357843837,"PERF_COUNT_HW_CPU_CYCLES":127471999395}}
{"runtime":25404,"energy":{"pkg":252.901611328125,"pp0":131.98468017578125,"pp1":3.496826171875,"dram":0},"perf_counters":{"PERF_COUNT_HW_REF_CPU_CYCLES":155768427110,"PERF_COUNT_HW_BRANCH_INSTRUCTIONS":40310718983,"PERF_COUNT_HW_CACHE_MISSES":541362693,"PERF_COUNT_HW_INSTRUCTIONS":196770142710,"PERF_COUNT_HW_BRANCH_MISSES":24417366,"PERF_COUNT_HW_CACHE_REFERENCES":1358935924,"PERF_COUNT_HW_CPU_CYCLES":127566493386}}
{"runtime":25325,"energy":{"pkg":252.002685546875,"pp0":131.38671875,"pp1":3.5902099609375,"dram":0},"perf_counters":{"PERF_COUNT_HW_REF_CPU_CYCLES":156297989550,"PERF_COUNT_HW_BRANCH_INSTRUCTIONS":40359052979,"PERF_COUNT_HW_CACHE_MISSES":540176623,"PERF_COUNT_HW_INSTRUCTIONS":197050277137,"PERF_COUNT_HW_BRANCH_MISSES":24407402,"PERF_COUNT_HW_CACHE_REFERENCES":1362503447,"PERF_COUNT_HW_CPU_CYCLES":126898590552}}
{"runtime":25465,"energy":{"pkg":253.49493408203125,"pp0":132.51556396484375,"pp1":3.42041015625,"dram":0},"perf_counters":{"PERF_COUNT_HW_REF_CPU_CYCLES":156558663936,"PERF_COUNT_HW_BRANCH_INSTRUCTIONS":40386071432,"PERF_COUNT_HW_CACHE_MISSES":541166983,"PERF_COUNT_HW_INSTRUCTIONS":197136593780,"PERF_COUNT_HW_BRANCH_MISSES":24430530,"PERF_COUNT_HW_CACHE_REFERENCES":1356836368,"PERF_COUNT_HW_CPU_CYCLES":128430203898}}
{"runtime":25294,"energy":{"pkg":251.796875,"pp0":131.4857177734375,"pp1":3.410400390625,"dram":0},"perf_counters":{"PERF_COUNT_HW_REF_CPU_CYCLES":156782325278,"PERF_COUNT_HW_BRANCH_INSTRUCTIONS":40372591741,"PERF_COUNT_HW_CACHE_MISSES":535696332,"PERF_COUNT_HW_INSTRUCTIONS":197091187641,"PERF_COUNT_HW_BRANCH_MISSES":24094648,"PERF_COUNT_HW_CACHE_REFERENCES":1353472172,"PERF_COUNT_HW_CPU_CYCLES":126545039512}}
{"runtime":25403,"energy":{"pkg":252.73126220703125,"pp0":131.72589111328125,"pp1":3.4681396484375,"dram":0},"perf_counters":{"PERF_COUNT_HW_REF_CPU_CYCLES":156886733820,"PERF_COUNT_HW_BRANCH_INSTRUCTIONS":40381874835,"PERF_COUNT_HW_CACHE_MISSES":539283384,"PERF_COUNT_HW_INSTRUCTIONS":197133806034,"PERF_COUNT_HW_BRANCH_MISSES":24421974,"PERF_COUNT_HW_CACHE_REFERENCES":1358818870,"PERF_COUNT_HW_CPU_CYCLES":127491912750}}
{"runtime":25772,"energy":{"pkg":256.52850341796875,"pp0":133.95269775390625,"pp1":3.5277099609375,"dram":0},"perf_counters":{"PERF_COUNT_HW_REF_CPU_CYCLES":156895217004,"PERF_COUNT_HW_BRANCH_INSTRUCTIONS":40370910767,"PERF_COUNT_HW_CACHE_MISSES":546016742,"PERF_COUNT_HW_INSTRUCTIONS":197093639817,"PERF_COUNT_HW_BRANCH_MISSES":24771223,"PERF_COUNT_HW_CACHE_REFERENCES":1361967445,"PERF_COUNT_HW_CPU_CYCLES":128066980248}}
{"runtime":25711,"energy":{"pkg":255.895751953125,"pp0":133.41485595703125,"pp1":3.514404296875,"dram":0},"perf_counters":{"PERF_COUNT_HW_REF_CPU_CYCLES":159186051831,"PERF_COUNT_HW_BRANCH_INSTRUCTIONS":40390667086,"PERF_COUNT_HW_CACHE_MISSES":539494987,"PERF_COUNT_HW_INSTRUCTIONS":197167835668,"PERF_COUNT_HW_BRANCH_MISSES":24361410,"PERF_COUNT_HW_CACHE_REFERENCES":1355046680,"PERF_COUNT_HW_CPU_CYCLES":128772944447}}
{"runtime":25670,"energy":{"pkg":255.57733154296875,"pp0":133.51824951171875,"pp1":3.452392578125,"dram":0},"perf_counters":{"PERF_COUNT_HW_REF_CPU_CYCLES":157267978218,"PERF_COUNT_HW_BRANCH_INSTRUCTIONS":40369971928,"PERF_COUNT_HW_CACHE_MISSES":539796642,"PERF_COUNT_HW_INSTRUCTIONS":197114840331,"PERF_COUNT_HW_BRANCH_MISSES":24495812,"PERF_COUNT_HW_CACHE_REFERENCES":1361328524,"PERF_COUNT_HW_CPU_CYCLES":128379193398}}
{"runtime":25424,"energy":{"pkg":252.8902587890625,"pp0":131.8536376953125,"pp1":3.464599609375,"dram":0},"perf_counters":{"PERF_COUNT_HW_REF_CPU_CYCLES":156854008723,"PERF_COUNT_HW_BRANCH_INSTRUCTIONS":40364107663,"PERF_COUNT_HW_CACHE_MISSES":539722542,"PERF_COUNT_HW_INSTRUCTIONS":197057271499,"PERF_COUNT_HW_BRANCH_MISSES":24286304,"PERF_COUNT_HW_CACHE_REFERENCES":1357883386,"PERF_COUNT_HW_CPU_CYCLES":127559565414}}
