{"runtime":37150,"energy":{"pkg":369.66595458984375,"pp0":206.2177734375,"pp1":6.864990234375,"dram":0},"perf_counters":{"PERF_COUNT_HW_REF_CPU_CYCLES":104138361043,"PERF_COUNT_HW_BRANCH_INSTRUCTIONS":89477374234,"PERF_COUNT_HW_CACHE_MISSES":740180,"PERF_COUNT_HW_INSTRUCTIONS":316768744897,"PERF_COUNT_HW_BRANCH_MISSES":1909999494,"PERF_COUNT_HW_CACHE_REFERENCES":2478787,"PERF_COUNT_HW_CPU_CYCLES":110929391303}}
{"runtime":37104,"energy":{"pkg":369.2559814453125,"pp0":205.837890625,"pp1":6.74755859375,"dram":0},"perf_counters":{"PERF_COUNT_HW_REF_CPU_CYCLES":104003337834,"PERF_COUNT_HW_BRANCH_INSTRUCTIONS":89477217540,"PERF_COUNT_HW_CACHE_MISSES":718510,"PERF_COUNT_HW_INSTRUCTIONS":316768024770,"PERF_COUNT_HW_BRANCH_MISSES":1909048305,"PERF_COUNT_HW_CACHE_REFERENCES":2444157,"PERF_COUNT_HW_CPU_CYCLES":111127524532}}
{"runtime":37214,"energy":{"pkg":370.29547119140625,"pp0":206.95281982421875,"pp1":6.8458251953125,"dram":0},"perf_counters":{"PERF_COUNT_HW_REF_CPU_CYCLES":104319311618,"PERF_COUNT_HW_BRANCH_INSTRUCTIONS":89477407098,"PERF_COUNT_HW_CACHE_MISSES":754802,"PERF_COUNT_HW_INSTRUCTIONS":316769256099,"PERF_COUNT_HW_BRANCH_MISSES":1909642131,"PERF_COUNT_HW_CACHE_REFERENCES":2495791,"PERF_COUNT_HW_CPU_CYCLES":111139362039}}
{"runtime":37227,"energy":{"pkg":370.47314453125,"pp0":206.91455078125,"pp1":6.9205322265625,"dram":0},"perf_counters":{"PERF_COUNT_HW_REF_CPU_CYCLES":104349989722,"PERF_COUNT_HW_BRANCH_INSTRUCTIONS":89477210173,"PERF_COUNT_HW_CACHE_MISSES":759466,"PERF_COUNT_HW_INSTRUCTIONS":316768186640,"PERF_COUNT_HW_BRANCH_MISSES":1913916465,"PERF_COUNT_HW_CACHE_REFERENCES":2439596,"PERF_COUNT_HW_CPU_CYCLES":111186543732}}
{"runtime":37065,"energy":{"pkg":368.8238525390625,"pp0":205.92755126953125,"pp1":6.873291015625,"dram":0},"perf_counters":{"PERF_COUNT_HW_REF_CPU_CYCLES":103890715551,"PERF_COUNT_HW_BRANCH_INSTRUCTIONS":89477759950,"PERF_COUNT_HW_CACHE_MISSES":848563,"PERF_COUNT_HW_INSTRUCTIONS":316770807342,"PERF_COUNT_HW_BRANCH_MISSES":1908483118,"PERF_COUNT_HW_CACHE_REFERENCES":2736092,"PERF_COUNT_HW_CPU_CYCLES":111065301953}}
{"runtime":37278,"energy":{"pkg":370.939208984375,"pp0":207.17340087890625,"pp1":6.8974609375,"dram":0},"perf_counters":{"PERF_COUNT_HW_REF_CPU_CYCLES":104494049601,"PERF_COUNT_HW_BRANCH_INSTRUCTIONS":89477384486,"PERF_COUNT_HW_CACHE_MISSES":737103,"PERF_COUNT_HW_INSTRUCTIONS":316769018113,"PERF_COUNT_HW_BRANCH_MISSES":1912104860,"PERF_COUNT_HW_CACHE_REFERENCES":2361074,"PERF_COUNT_HW_CPU_CYCLES":111054274397}}
{"runtime":37252,"energy":{"pkg":370.73785400390625,"pp0":207.35260009765625,"pp1":6.6507568359375,"dram":0},"perf_counters":{"PERF_COUNT_HW_REF_CPU_CYCLES":104421925601,"PERF_COUNT_HW_BRANCH_INSTRUCTIONS":89477298078,"PERF_COUNT_HW_CACHE_MISSES":724123,"PERF_COUNT_HW_INSTRUCTIONS":316768579767,"PERF_COUNT_HW_BRANCH_MISSES":1910884887,"PERF_COUNT_HW_CACHE_REFERENCES":2457456,"PERF_COUNT_HW_CPU_CYCLES":111011613089}}
{"runtime":37106,"energy":{"pkg":369.1256103515625,"pp0":206.0506591796875,"pp1":6.7943115234375,"dram":0},"perf_counters":{"PERF_COUNT_HW_REF_CPU_CYCLES":104015160914,"PERF_COUNT_HW_BRANCH_INSTRUCTIONS":89477317225,"PERF_COUNT_HW_CACHE_MISSES":727513,"PERF_COUNT_HW_INSTRUCTIONS":316768650819,"PERF_COUNT_HW_BRANCH_MISSES":1909432399,"PERF_COUNT_HW_CACHE_REFERENCES":2509935,"PERF_COUNT_HW_CPU_CYCLES":111116956849}}
{"runtime":37133,"energy":{"pkg":369.60107421875,"pp0":206.18951416015625,"pp1":7.1162109375,"dram":0},"perf_counters":{"PERF_COUNT_HW_REF_CPU_CYCLES":104088101273,"PERF_COUNT_HW_BRANCH_INSTRUCTIONS":89477415330,"PERF_COUNT_HW_CACHE_MISSES":749446,"PERF_COUNT_HW_INSTRUCTIONS":316769017956,"PERF_COUNT_HW_BRANCH_MISSES":1908472209,"PERF_COUNT_HW_CACHE_REFERENCES":2559816,"PERF_COUNT_HW_CPU_CYCLES":111208016406}}
{"runtime":37434,"energy":{"pkg":372.48638916015625,"pp0":207.65948486328125,"pp1":6.8255615234375,"dram":0},"perf_counters":{"PERF_COUNT_HW_REF_CPU_CYCLES":104931817242,"PERF_COUNT_HW_BRANCH_INSTRUCTIONS":89477388022,"PERF_COUNT_HW_CACHE_MISSES":765873,"PERF_COUNT_HW_INSTRUCTIONS":316769146141,"PERF_COUNT_HW_BRANCH_MISSES":1910301526,"PERF_COUNT_HW_CACHE_REFERENCES":2601603,"PERF_COUNT_HW_CPU_CYCLES":112408590794}}
{"runtime":37299,"energy":{"pkg":371.22283935546875,"pp0":207.09893798828125,"pp1":6.8975830078125,"dram":0},"perf_counters":{"PERF_COUNT_HW_REF_CPU_CYCLES":104553996763,"PERF_COUNT_HW_BRANCH_INSTRUCTIONS":89477492985,"PERF_COUNT_HW_CACHE_MISSES":710402,"PERF_COUNT_HW_INSTRUCTIONS":316769587113,"PERF_COUNT_HW_BRANCH_MISSES":1911762247,"PERF_COUNT_HW_CACHE_REFERENCES":2478353,"PERF_COUNT_HW_CPU_CYCLES":111191859062}}
