{"runtime":55785,"energy":{"pkg":555.2667846679688,"pp0":291.19097900390625,"pp1":7.4293212890625,"dram":0},"perf_counters":{"PERF_COUNT_HW_REF_CPU_CYCLES":524671000759,"PERF_COUNT_HW_BRANCH_INSTRUCTIONS":126395892028,"PERF_COUNT_HW_CACHE_MISSES":986886125,"PERF_COUNT_HW_INSTRUCTIONS":570331430156,"PERF_COUNT_HW_BRANCH_MISSES":750279469,"PERF_COUNT_HW_CACHE_REFERENCES":2657284478,"PERF_COUNT_HW_CPU_CYCLES":303463280009}}
{"runtime":56401,"energy":{"pkg":561.1427001953125,"pp0":294.0211181640625,"pp1":7.59521484375,"dram":0},"perf_counters":{"PERF_COUNT_HW_REF_CPU_CYCLES":527526424667,"PERF_COUNT_HW_BRANCH_INSTRUCTIONS":126740259911,"PERF_COUNT_HW_CACHE_MISSES":961112174,"PERF_COUNT_HW_INSTRUCTIONS":571490386640,"PERF_COUNT_HW_BRANCH_MISSES":781914737,"PERF_COUNT_HW_CACHE_REFERENCES":2522146490,"PERF_COUNT_HW_CPU_CYCLES":305998803548}}
{"runtime":55761,"energy":{"pkg":554.8189086914062,"pp0":291.06890869140625,"pp1":7.0418701171875,"dram":0},"perf_counters":{"PERF_COUNT_HW_REF_CPU_CYCLES":518339344153,"PERF_COUNT_HW_BRANCH_INSTRUCTIONS":125562168517,"PERF_COUNT_HW_CACHE_MISSES":1020572077,"PERF_COUNT_HW_INSTRUCTIONS":567750307481,"PERF_COUNT_HW_BRANCH_MISSES":713214871,"PERF_COUNT_HW_CACHE_REFERENCES":2683760258,"PERF_COUNT_HW_CPU_CYCLES":303738409163}}
{"runtime":56174,"energy":{"pkg":558.9126586914062,"pp0":293.14361572265625,"pp1":7.2662353515625,"dram":0},"perf_counters":{"PERF_COUNT_HW_REF_CPU_CYCLES":529089276922,"PERF_COUNT_HW_BRANCH_INSTRUCTIONS":126638908199,"PERF_COUNT_HW_CACHE_MISSES":973077907,"PERF_COUNT_HW_INSTRUCTIONS":571276889502,"PERF_COUNT_HW_BRANCH_MISSES":734905856,"PERF_COUNT_HW_CACHE_REFERENCES":2550928278,"PERF_COUNT_HW_CPU_CYCLES":305254685970}}
{"runtime":55204,"energy":{"pkg":549.3140869140625,"pp0":288.62921142578125,"pp1":7.12451171875,"dram":0},"perf_counters":{"PERF_COUNT_HW_REF_CPU_CYCLES":523660883699,"PERF_COUNT_HW_BRANCH_INSTRUCTIONS":126698525122,"PERF_COUNT_HW_CACHE_MISSES":946121676,"PERF_COUNT_HW_INSTRUCTIONS":571010812696,"PERF_COUNT_HW_BRANCH_MISSES":755582209,"PERF_COUNT_HW_CACHE_REFERENCES":2499242272,"PERF_COUNT_HW_CPU_CYCLES":302182072622}}
{"runtime":55505,"energy":{"pkg":552.1893920898438,"pp0":289.78955078125,"pp1":7.328369140625,"dram":0},"perf_counters":{"PERF_COUNT_HW_REF_CPU_CYCLES":524039611057,"PERF_COUNT_HW_BRANCH_INSTRUCTIONS":127140038307,"PERF_COUNT_HW_CACHE_MISSES":948071389,"PERF_COUNT_HW_INSTRUCTIONS":572007009436,"PERF_COUNT_HW_BRANCH_MISSES":732839468,"PERF_COUNT_HW_CACHE_REFERENCES":2514833847,"PERF_COUNT_HW_CPU_CYCLES":302806047094}}
{"runtime":56457,"energy":{"pkg":561.812255859375,"pp0":294.51953125,"pp1":7.0228271484375,"dram":0},"perf_counters":{"PERF_COUNT_HW_REF_CPU_CYCLES":531784037831,"PERF_COUNT_HW_BRANCH_INSTRUCTIONS":126732337207,"PERF_COUNT_HW_CACHE_MISSES":1035441069,"PERF_COUNT_HW_INSTRUCTIONS":571794346368,"PERF_COUNT_HW_BRANCH_MISSES":729287958,"PERF_COUNT_HW_CACHE_REFERENCES":2687093844,"PERF_COUNT_HW_CPU_CYCLES":308695722332}}
{"runtime":55586,"energy":{"pkg":553.0692749023438,"pp0":290.26092529296875,"pp1":7.314697265625,"dram":0},"perf_counters":{"PERF_COUNT_HW_REF_CPU_CYCLES":517407407757,"PERF_COUNT_HW_BRANCH_INSTRUCTIONS":125259559546,"PERF_COUNT_HW_CACHE_MISSES":1009251726,"PERF_COUNT_HW_INSTRUCTIONS":566566305011,"PERF_COUNT_HW_BRANCH_MISSES":716388140,"PERF_COUNT_HW_CACHE_REFERENCES":2683017413,"PERF_COUNT_HW_CPU_CYCLES":302145409332}}
{"runtime":56228,"energy":{"pkg":559.5252685546875,"pp0":294.26019287109375,"pp1":7.1092529296875,"dram":0},"perf_counters":{"PERF_COUNT_HW_REF_CPU_CYCLES":521981682949,"PERF_COUNT_HW_BRANCH_INSTRUCTIONS":127436694600,"PERF_COUNT_HW_CACHE_MISSES":966747153,"PERF_COUNT_HW_INSTRUCTIONS":573904718041,"PERF_COUNT_HW_BRANCH_MISSES":755870253,"PERF_COUNT_HW_CACHE_REFERENCES":2539475555,"PERF_COUNT_HW_CPU_CYCLES":304243518576}}
{"runtime":56335,"energy":{"pkg":560.4170532226562,"pp0":293.76177978515625,"pp1":7.2247314453125,"dram":0},"perf_counters":{"PERF_COUNT_HW_REF_CPU_CYCLES":535889513155,"PERF_COUNT_HW_BRANCH_INSTRUCTIONS":126966288985,"PERF_COUNT_HW_CACHE_MISSES":1004542130,"PERF_COUNT_HW_INSTRUCTIONS":571910659783,"PERF_COUNT_HW_BRANCH_MISSES":769745152,"PERF_COUNT_HW_CACHE_REFERENCES":2660982563,"PERF_COUNT_HW_CPU_CYCLES":310680561698}}
{"runtime":56898,"energy":{"pkg":566.2244873046875,"pp0":296.84637451171875,"pp1":7.045654296875,"dram":0},"perf_counters":{"PERF_COUNT_HW_REF_CPU_CYCLES":539519417204,"PERF_COUNT_HW_BRANCH_INSTRUCTIONS":129435105507,"PERF_COUNT_HW_CACHE_MISSES":1028970453,"PERF_COUNT_HW_INSTRUCTIONS":580346715936,"PERF_COUNT_HW_BRANCH_MISSES":767041961,"PERF_COUNT_HW_CACHE_REFERENCES":2664826061,"PERF_COUNT_HW_CPU_CYCLES":313051230276}}
