{"runtime":10428,"energy":{"pkg":103.488037109375,"pp0":57.215087890625,"pp1":1.573974609375,"dram":0},"perf_counters":{"PERF_COUNT_HW_REF_CPU_CYCLES":192218560226,"PERF_COUNT_HW_BRANCH_INSTRUCTIONS":28520200827,"PERF_COUNT_HW_CACHE_MISSES":106263246,"PERF_COUNT_HW_INSTRUCTIONS":168891440254,"PERF_COUNT_HW_BRANCH_MISSES":141502674,"PERF_COUNT_HW_CACHE_REFERENCES":211743166,"PERF_COUNT_HW_CPU_CYCLES":108378881134}}
{"runtime":10291,"energy":{"pkg":102.42730712890625,"pp0":57.13726806640625,"pp1":1.2642822265625,"dram":0},"perf_counters":{"PERF_COUNT_HW_REF_CPU_CYCLES":192154409432,"PERF_COUNT_HW_BRANCH_INSTRUCTIONS":28459112682,"PERF_COUNT_HW_CACHE_MISSES":106065668,"PERF_COUNT_HW_INSTRUCTIONS":168694623358,"PERF_COUNT_HW_BRANCH_MISSES":141416214,"PERF_COUNT_HW_CACHE_REFERENCES":208123185,"PERF_COUNT_HW_CPU_CYCLES":108695934094}}
{"runtime":10174,"energy":{"pkg":101.87054443359375,"pp0":56.81231689453125,"pp1":1.4783935546875,"dram":0},"perf_counters":{"PERF_COUNT_HW_REF_CPU_CYCLES":191290102426,"PERF_COUNT_HW_BRANCH_INSTRUCTIONS":28503688341,"PERF_COUNT_HW_CACHE_MISSES":106503003,"PERF_COUNT_HW_INSTRUCTIONS":168813164321,"PERF_COUNT_HW_BRANCH_MISSES":141198513,"PERF_COUNT_HW_CACHE_REFERENCES":210503775,"PERF_COUNT_HW_CPU_CYCLES":108176845826}}
{"runtime":10304,"energy":{"pkg":102.2078857421875,"pp0":56.69500732421875,"pp1":1.400146484375,"dram":0},"perf_counters":{"PERF_COUNT_HW_REF_CPU_CYCLES":193582804374,"PERF_COUNT_HW_BRANCH_INSTRUCTIONS":28489759851,"PERF_COUNT_HW_CACHE_MISSES":106604783,"PERF_COUNT_HW_INSTRUCTIONS":168818631747,"PERF_COUNT_HW_BRANCH_MISSES":141878080,"PERF_COUNT_HW_CACHE_REFERENCES":209710818,"PERF_COUNT_HW_CPU_CYCLES":108622254693}}
{"runtime":10160,"energy":{"pkg":101.41387939453125,"pp0":56.4371337890625,"pp1":1.576416015625,"dram":0},"perf_counters":{"PERF_COUNT_HW_REF_CPU_CYCLES":192998403239,"PERF_COUNT_HW_BRANCH_INSTRUCTIONS":28446626128,"PERF_COUNT_HW_CACHE_MISSES":106577754,"PERF_COUNT_HW_INSTRUCTIONS":168653711946,"PERF_COUNT_HW_BRANCH_MISSES":141300506,"PERF_COUNT_HW_CACHE_REFERENCES":208240169,"PERF_COUNT_HW_CPU_CYCLES":108430857873}}
{"runtime":10319,"energy":{"pkg":102.348876953125,"pp0":56.6044921875,"pp1":1.5538330078125,"dram":0},"perf_counters":{"PERF_COUNT_HW_REF_CPU_CYCLES":193514662013,"PERF_COUNT_HW_BRANCH_INSTRUCTIONS":28509056984,"PERF_COUNT_HW_CACHE_MISSES":105318123,"PERF_COUNT_HW_INSTRUCTIONS":168908792249,"PERF_COUNT_HW_BRANCH_MISSES":142163147,"PERF_COUNT_HW_CACHE_REFERENCES":209999507,"PERF_COUNT_HW_CPU_CYCLES":108891609228}}
{"runtime":10196,"energy":{"pkg":102.0999755859375,"pp0":57.13623046875,"pp1":1.4619140625,"dram":0},"perf_counters":{"PERF_COUNT_HW_REF_CPU_CYCLES":191209270183,"PERF_COUNT_HW_BRANCH_INSTRUCTIONS":28473958910,"PERF_COUNT_HW_CACHE_MISSES":107111477,"PERF_COUNT_HW_INSTRUCTIONS":168724441847,"PERF_COUNT_HW_BRANCH_MISSES":141178022,"PERF_COUNT_HW_CACHE_REFERENCES":208128267,"PERF_COUNT_HW_CPU_CYCLES":108342124031}}
{"runtime":10364,"energy":{"pkg":102.69500732421875,"pp0":57.09765625,"pp1":1.3206787109375,"dram":0},"perf_counters":{"PERF_COUNT_HW_REF_CPU_CYCLES":191290335369,"PERF_COUNT_HW_BRANCH_INSTRUCTIONS":28442625584,"PERF_COUNT_HW_CACHE_MISSES":105121452,"PERF_COUNT_HW_INSTRUCTIONS":168653022339,"PERF_COUNT_HW_BRANCH_MISSES":141675962,"PERF_COUNT_HW_CACHE_REFERENCES":208745590,"PERF_COUNT_HW_CPU_CYCLES":108129633956}}
{"runtime":10165,"energy":{"pkg":101.70391845703125,"pp0":56.71356201171875,"pp1":1.5238037109375,"dram":0},"perf_counters":{"PERF_COUNT_HW_REF_CPU_CYCLES":190608017509,"PERF_COUNT_HW_BRANCH_INSTRUCTIONS":28447914427,"PERF_COUNT_HW_CACHE_MISSES":106397611,"PERF_COUNT_HW_INSTRUCTIONS":168618223968,"PERF_COUNT_HW_BRANCH_MISSES":140962963,"PERF_COUNT_HW_CACHE_REFERENCES":207936757,"PERF_COUNT_HW_CPU_CYCLES":108827685192}}
{"runtime":10403,"energy":{"pkg":102.95501708984375,"pp0":56.84521484375,"pp1":1.68212890625,"dram":0},"perf_counters":{"PERF_COUNT_HW_REF_CPU_CYCLES":192840618046,"PERF_COUNT_HW_BRANCH_INSTRUCTIONS":28435670620,"PERF_COUNT_HW_CACHE_MISSES":104977291,"PERF_COUNT_HW_INSTRUCTIONS":168665787515,"PERF_COUNT_HW_BRANCH_MISSES":141820539,"PERF_COUNT_HW_CACHE_REFERENCES":206264511,"PERF_COUNT_HW_CPU_CYCLES":108556583492}}
{"runtime":10310,"energy":{"pkg":102.73333740234375,"pp0":57.148681640625,"pp1":1.6163330078125,"dram":0},"perf_counters":{"PERF_COUNT_HW_REF_CPU_CYCLES":191257228701,"PERF_COUNT_HW_BRANCH_INSTRUCTIONS":28481638029,"PERF_COUNT_HW_CACHE_MISSES":107094785,"PERF_COUNT_HW_INSTRUCTIONS":168717323329,"PERF_COUNT_HW_BRANCH_MISSES":140943033,"PERF_COUNT_HW_CACHE_REFERENCES":210393461,"PERF_COUNT_HW_CPU_CYCLES":108643621265}}
