{"runtime":1819,"energy":{"pkg":18.0953369140625,"pp0":9.9154052734375,"pp1":0.2969970703125,"dram":0},"perf_counters":{"PERF_COUNT_HW_REF_CPU_CYCLES":5524088777,"PERF_COUNT_HW_BRANCH_INSTRUCTIONS":4646276594,"PERF_COUNT_HW_CACHE_MISSES":19837483,"PERF_COUNT_HW_INSTRUCTIONS":19513542359,"PERF_COUNT_HW_BRANCH_MISSES":11865550,"PERF_COUNT_HW_CACHE_REFERENCES":38999306,"PERF_COUNT_HW_CPU_CYCLES":5648745549}}
{"runtime":1815,"energy":{"pkg":18.03289794921875,"pp0":9.8876953125,"pp1":0.298095703125,"dram":0},"perf_counters":{"PERF_COUNT_HW_REF_CPU_CYCLES":5508310265,"PERF_COUNT_HW_BRANCH_INSTRUCTIONS":4646927667,"PERF_COUNT_HW_CACHE_MISSES":19862002,"PERF_COUNT_HW_INSTRUCTIONS":19516737589,"PERF_COUNT_HW_BRANCH_MISSES":11846697,"PERF_COUNT_HW_CACHE_REFERENCES":38859297,"PERF_COUNT_HW_CPU_CYCLES":5629086182}}
{"runtime":1812,"energy":{"pkg":18.06219482421875,"pp0":9.88330078125,"pp1":0.3258056640625,"dram":0},"perf_counters":{"PERF_COUNT_HW_REF_CPU_CYCLES":5498286489,"PERF_COUNT_HW_BRANCH_INSTRUCTIONS":4646402649,"PERF_COUNT_HW_CACHE_MISSES":19835170,"PERF_COUNT_HW_INSTRUCTIONS":19514762165,"PERF_COUNT_HW_BRANCH_MISSES":11854858,"PERF_COUNT_HW_CACHE_REFERENCES":39163576,"PERF_COUNT_HW_CPU_CYCLES":5616621464}}
{"runtime":1831,"energy":{"pkg":18.16802978515625,"pp0":9.91619873046875,"pp1":0.31591796875,"dram":0},"perf_counters":{"PERF_COUNT_HW_REF_CPU_CYCLES":5560038722,"PERF_COUNT_HW_BRANCH_INSTRUCTIONS":4646733763,"PERF_COUNT_HW_CACHE_MISSES":19515649,"PERF_COUNT_HW_INSTRUCTIONS":19515635534,"PERF_COUNT_HW_BRANCH_MISSES":11865547,"PERF_COUNT_HW_CACHE_REFERENCES":36988813,"PERF_COUNT_HW_CPU_CYCLES":5718845642}}
{"runtime":1833,"energy":{"pkg":18.2158203125,"pp0":10.0067138671875,"pp1":0.2738037109375,"dram":0},"perf_counters":{"PERF_COUNT_HW_REF_CPU_CYCLES":5560942535,"PERF_COUNT_HW_BRANCH_INSTRUCTIONS":4646421235,"PERF_COUNT_HW_CACHE_MISSES":19829939,"PERF_COUNT_HW_INSTRUCTIONS":19514581125,"PERF_COUNT_HW_BRANCH_MISSES":11893798,"PERF_COUNT_HW_CACHE_REFERENCES":39089712,"PERF_COUNT_HW_CPU_CYCLES":5751239591}}
{"runtime":1809,"energy":{"pkg":18.020751953125,"pp0":9.9310302734375,"pp1":0.2601318359375,"dram":0},"perf_counters":{"PERF_COUNT_HW_REF_CPU_CYCLES":5517022596,"PERF_COUNT_HW_BRANCH_INSTRUCTIONS":4646951548,"PERF_COUNT_HW_CACHE_MISSES":19805562,"PERF_COUNT_HW_INSTRUCTIONS":19516499788,"PERF_COUNT_HW_BRANCH_MISSES":11901241,"PERF_COUNT_HW_CACHE_REFERENCES":38863645,"PERF_COUNT_HW_CPU_CYCLES":5688785247}}
{"runtime":1736,"energy":{"pkg":17.3707275390625,"pp0":9.5830078125,"pp1":0.2564697265625,"dram":0},"perf_counters":{"PERF_COUNT_HW_REF_CPU_CYCLES":5294356244,"PERF_COUNT_HW_BRANCH_INSTRUCTIONS":4648331823,"PERF_COUNT_HW_CACHE_MISSES":19819741,"PERF_COUNT_HW_INSTRUCTIONS":18770952227,"PERF_COUNT_HW_BRANCH_MISSES":11843840,"PERF_COUNT_HW_CACHE_REFERENCES":38868334,"PERF_COUNT_HW_CPU_CYCLES":5387812870}}
{"runtime":1831,"energy":{"pkg":18.08123779296875,"pp0":9.86566162109375,"pp1":0.3077392578125,"dram":0},"perf_counters":{"PERF_COUNT_HW_REF_CPU_CYCLES":5551138124,"PERF_COUNT_HW_BRANCH_INSTRUCTIONS":4646565564,"PERF_COUNT_HW_CACHE_MISSES":19648495,"PERF_COUNT_HW_INSTRUCTIONS":19515438823,"PERF_COUNT_HW_BRANCH_MISSES":11895599,"PERF_COUNT_HW_CACHE_REFERENCES":38310299,"PERF_COUNT_HW_CPU_CYCLES":5694609786}}
{"runtime":1804,"energy":{"pkg":17.9794921875,"pp0":9.88165283203125,"pp1":0.306640625,"dram":0},"perf_counters":{"PERF_COUNT_HW_REF_CPU_CYCLES":5477721878,"PERF_COUNT_HW_BRANCH_INSTRUCTIONS":4646235828,"PERF_COUNT_HW_CACHE_MISSES":19804389,"PERF_COUNT_HW_INSTRUCTIONS":19513659776,"PERF_COUNT_HW_BRANCH_MISSES":11835917,"PERF_COUNT_HW_CACHE_REFERENCES":38664423,"PERF_COUNT_HW_CPU_CYCLES":5629318090}}
{"runtime":1828,"energy":{"pkg":18.16802978515625,"pp0":9.93621826171875,"pp1":0.3282470703125,"dram":0},"perf_counters":{"PERF_COUNT_HW_REF_CPU_CYCLES":5561449155,"PERF_COUNT_HW_BRANCH_INSTRUCTIONS":4645671608,"PERF_COUNT_HW_CACHE_MISSES":19777314,"PERF_COUNT_HW_INSTRUCTIONS":19510627224,"PERF_COUNT_HW_BRANCH_MISSES":11903857,"PERF_COUNT_HW_CACHE_REFERENCES":39281046,"PERF_COUNT_HW_CPU_CYCLES":5712133960}}
{"runtime":1742,"energy":{"pkg":17.44244384765625,"pp0":9.66375732421875,"pp1":0.21533203125,"dram":0},"perf_counters":{"PERF_COUNT_HW_REF_CPU_CYCLES":5292825434,"PERF_COUNT_HW_BRANCH_INSTRUCTIONS":4647794143,"PERF_COUNT_HW_CACHE_MISSES":19739483,"PERF_COUNT_HW_INSTRUCTIONS":18767924985,"PERF_COUNT_HW_BRANCH_MISSES":11812270,"PERF_COUNT_HW_CACHE_REFERENCES":38525413,"PERF_COUNT_HW_CPU_CYCLES":5417276976}}
