{"runtime":23549,"energy":{"pkg":913.14013671875,"pp0":0,"dram":315.58135986328125},"cycles":93697919012}
{"runtime":24195,"energy":{"pkg":972.4154663085938,"pp0":0,"dram":342.14581298828125},"cycles":95661409131}
{"runtime":25142,"energy":{"pkg":1008.6964111328125,"pp0":0,"dram":367.66424560546875},"cycles":98334999448}
{"runtime":24062,"energy":{"pkg":966.0902709960938,"pp0":0,"dram":336.17919921875},"cycles":94874250705}
{"runtime":23895,"energy":{"pkg":950.4548950195312,"pp0":0,"dram":317.5191650390625},"cycles":93777522239}
{"runtime":24274,"energy":{"pkg":973.3084106445312,"pp0":0,"dram":340.09625244140625},"cycles":96455360602}
{"runtime":24619,"energy":{"pkg":987.1676635742188,"pp0":0,"dram":359.98388671875},"cycles":97936003882}
{"runtime":23883,"energy":{"pkg":948.3673095703125,"pp0":0,"dram":319.6534423828125},"cycles":93302135805}
{"runtime":23715,"energy":{"pkg":937.119384765625,"pp0":0,"dram":315.33135986328125},"cycles":93402568704}
{"runtime":25362,"energy":{"pkg":994.5679321289062,"pp0":0,"dram":362.71319580078125},"cycles":97151890183}
{"runtime":23776,"energy":{"pkg":952.1893920898438,"pp0":0,"dram":319.330810546875},"cycles":93861545928}
{"runtime":23702,"energy":{"pkg":945.4207763671875,"pp0":0,"dram":314.279052734375},"cycles":92934755584}
{"runtime":24810,"energy":{"pkg":995.9393920898438,"pp0":0,"dram":358.35784912109375},"cycles":97940369914}
{"runtime":24855,"energy":{"pkg":1000.959228515625,"pp0":0,"dram":364.98492431640625},"cycles":98538914338}
{"runtime":24381,"energy":{"pkg":953.7446899414062,"pp0":0,"dram":326.101318359375},"cycles":93056773789}
{"runtime":24240,"energy":{"pkg":971.8024291992188,"pp0":0,"dram":340.3819580078125},"cycles":96448045143}
{"runtime":24021,"energy":{"pkg":970.13330078125,"pp0":0,"dram":341.83209228515625},"cycles":96152827421}
{"runtime":23859,"energy":{"pkg":951.8213500976562,"pp0":0,"dram":330.429931640625},"cycles":95089608103}
{"runtime":23446,"energy":{"pkg":940.8552856445312,"pp0":0,"dram":312.30352783203125},"cycles":93242036607}
{"runtime":23587,"energy":{"pkg":944.9545288085938,"pp0":0,"dram":313.0186767578125},"cycles":93782787966}
{"runtime":23604,"energy":{"pkg":940.9990234375,"pp0":0,"dram":317.13458251953125},"cycles":93142281299}
{"runtime":24610,"energy":{"pkg":982.7093505859375,"pp0":0,"dram":351.5628662109375},"cycles":96077599226}
{"runtime":23705,"energy":{"pkg":945.63671875,"pp0":0,"dram":314.81817626953125},"cycles":92475736481}
{"runtime":24414,"energy":{"pkg":965.091064453125,"pp0":0,"dram":335.28759765625},"cycles":94948398941}
{"runtime":24110,"energy":{"pkg":948.0982666015625,"pp0":0,"dram":323.7325439453125},"cycles":94320923113}
{"runtime":23558,"energy":{"pkg":937.6412963867188,"pp0":0,"dram":314.403076171875},"cycles":93651970237}
{"runtime":25238,"energy":{"pkg":1005.1148681640625,"pp0":0,"dram":370.1253662109375},"cycles":98581071866}
{"runtime":24888,"energy":{"pkg":1001.3018798828125,"pp0":0,"dram":367.6705322265625},"cycles":98886369067}
{"runtime":23543,"energy":{"pkg":941.3025512695312,"pp0":0,"dram":316.44305419921875},"cycles":94948471809}
{"runtime":23569,"energy":{"pkg":943.0888061523438,"pp0":0,"dram":315.43194580078125},"cycles":93540904701}
{"runtime":25353,"energy":{"pkg":1006.998291015625,"pp0":0,"dram":371.86175537109375},"cycles":99320874235}
{"runtime":25417,"energy":{"pkg":1026.03515625,"pp0":0,"dram":389.42572021484375},"cycles":103207318064}
{"runtime":24504,"energy":{"pkg":958.4823608398438,"pp0":0,"dram":324.363525390625},"cycles":94809346606}
{"runtime":24410,"energy":{"pkg":977.3723754882812,"pp0":0,"dram":354.850341796875},"cycles":97017467860}
{"runtime":24871,"energy":{"pkg":997.7848510742188,"pp0":0,"dram":365.46832275390625},"cycles":99046049668}
{"runtime":24526,"energy":{"pkg":955.207275390625,"pp0":0,"dram":323.86383056640625},"cycles":92772146774}
{"runtime":23564,"energy":{"pkg":933.628662109375,"pp0":0,"dram":313.482421875},"cycles":93056461968}
{"runtime":24377,"energy":{"pkg":956.2443237304688,"pp0":0,"dram":327.02655029296875},"cycles":93795785915}
{"runtime":23746,"energy":{"pkg":951.3770751953125,"pp0":0,"dram":318.3026123046875},"cycles":93274003850}
{"runtime":25313,"energy":{"pkg":999.126708984375,"pp0":0,"dram":374.05853271484375},"cycles":98017863313}
{"runtime":23951,"energy":{"pkg":955.9427490234375,"pp0":0,"dram":331.25048828125},"cycles":94614640537}
{"runtime":24496,"energy":{"pkg":977.4822387695312,"pp0":0,"dram":345.60906982421875},"cycles":96301851199}
{"runtime":24125,"energy":{"pkg":940.3355712890625,"pp0":0,"dram":320.82763671875},"cycles":93189048756}
{"runtime":23692,"energy":{"pkg":945.5230712890625,"pp0":0,"dram":313.8995361328125},"cycles":93112415321}
{"runtime":25591,"energy":{"pkg":1009.1944580078125,"pp0":0,"dram":371.8499755859375},"cycles":98345647606}
{"runtime":25325,"energy":{"pkg":1015.7261352539062,"pp0":0,"dram":368.86834716796875},"cycles":99283235022}
{"runtime":24479,"energy":{"pkg":956.7305908203125,"pp0":0,"dram":335.57196044921875},"cycles":93878767687}
{"runtime":25293,"energy":{"pkg":1001.193603515625,"pp0":0,"dram":369.92822265625},"cycles":98806142538}
{"runtime":25078,"energy":{"pkg":1007.0369262695312,"pp0":0,"dram":366.3072509765625},"cycles":99062008139}
{"runtime":25438,"energy":{"pkg":1005.8897094726562,"pp0":0,"dram":368.17413330078125},"cycles":98467010369}
{"runtime":25030,"energy":{"pkg":989.3992919921875,"pp0":0,"dram":347.56097412109375},"cycles":95861072554}
{"runtime":24681,"energy":{"pkg":996.3489379882812,"pp0":0,"dram":361.19873046875},"cycles":98744314254}
{"runtime":24530,"energy":{"pkg":967.048095703125,"pp0":0,"dram":343.37286376953125},"cycles":95674614401}
{"runtime":24691,"energy":{"pkg":990.3823852539062,"pp0":0,"dram":362.5604248046875},"cycles":99373615321}
{"runtime":24998,"energy":{"pkg":993.7686767578125,"pp0":0,"dram":367.33038330078125},"cycles":97751906746}
{"runtime":24267,"energy":{"pkg":972.05322265625,"pp0":0,"dram":342.72637939453125},"cycles":96123651870}
{"runtime":25066,"energy":{"pkg":1001.0314331054688,"pp0":0,"dram":368.15521240234375},"cycles":99081770069}
{"runtime":24669,"energy":{"pkg":997.8861694335938,"pp0":0,"dram":364.48828125},"cycles":98327094735}
{"runtime":24370,"energy":{"pkg":968.4334716796875,"pp0":0,"dram":344.43280029296875},"cycles":96049969477}
{"runtime":23915,"energy":{"pkg":951.2797241210938,"pp0":0,"dram":316.53863525390625},"cycles":97118208204}
{"runtime":24635,"energy":{"pkg":976.7654418945312,"pp0":0,"dram":353.41851806640625},"cycles":96388758447}
{"runtime":24774,"energy":{"pkg":991.6248168945312,"pp0":0,"dram":364.16546630859375},"cycles":97886913172}
{"runtime":23472,"energy":{"pkg":941.6117553710938,"pp0":0,"dram":325.85894775390625},"cycles":93681552516}
{"runtime":23069,"energy":{"pkg":928.8722534179688,"pp0":0,"dram":306.85858154296875},"cycles":92906077754}
{"runtime":24754,"energy":{"pkg":993.2987670898438,"pp0":0,"dram":361.08013916015625},"cycles":98405794665}
{"runtime":23495,"energy":{"pkg":939.4234008789062,"pp0":0,"dram":311.7645263671875},"cycles":93161025648}
{"runtime":24760,"energy":{"pkg":1000.8985595703125,"pp0":0,"dram":363.67962646484375},"cycles":98845536826}
{"runtime":23414,"energy":{"pkg":-261205.5294189453,"pp0":0,"dram":313.233154296875},"cycles":93244665526}
{"runtime":23686,"energy":{"pkg":941.0660400390625,"pp0":0,"dram":313.77703857421875},"cycles":95425505703}
{"runtime":25520,"energy":{"pkg":1004.75244140625,"pp0":0,"dram":371.61785888671875},"cycles":98448681996}
{"runtime":24429,"energy":{"pkg":972.1182861328125,"pp0":0,"dram":322.832763671875},"cycles":98778970268}
{"runtime":24575,"energy":{"pkg":991.8289794921875,"pp0":0,"dram":359.7174072265625},"cycles":98268274510}
{"runtime":23146,"energy":{"pkg":935.15625,"pp0":0,"dram":311.17230224609375},"cycles":93423478579}
{"runtime":24313,"energy":{"pkg":970.2705688476562,"pp0":0,"dram":348.607666015625},"cycles":96263143743}
{"runtime":23820,"energy":{"pkg":950.6648559570312,"pp0":0,"dram":331.1905517578125},