{"runtime":79281,"energy":{"pkg":3043.056884765625,"pp0":0,"dram":773.847900390625},"cycles":233876841314}
{"runtime":80426,"energy":{"pkg":3090.2118530273438,"pp0":0,"dram":-261329.94262695312},"cycles":232373234458}
{"runtime":80765,"energy":{"pkg":3143.1364135742188,"pp0":0,"dram":798.1098022460938},"cycles":236952337498}
{"runtime":79530,"energy":{"pkg":3071.6998901367188,"pp0":0,"dram":769.4119262695312},"cycles":230953213626}
{"runtime":80118,"energy":{"pkg":3128.6727905273438,"pp0":0,"dram":781.7349243164062},"cycles":234053936559}
{"runtime":78711,"energy":{"pkg":3072.8980102539062,"pp0":0,"dram":770.165771484375},"cycles":231529276891}
{"runtime":79295,"energy":{"pkg":3061.671875,"pp0":0,"dram":804.4588012695312},"cycles":231732383688}
{"runtime":79722,"energy":{"pkg":3128.919189453125,"pp0":0,"dram":810.5029907226562},"cycles":234177669838}
{"runtime":78050,"energy":{"pkg":3048.4691162109375,"pp0":0,"dram":756.6963500976562},"cycles":230068308561}
{"runtime":80921,"energy":{"pkg":3160.23486328125,"pp0":0,"dram":808.7319946289062},"cycles":237290353071}
{"runtime":79553,"energy":{"pkg":3073.7867431640625,"pp0":0,"dram":776.581787109375},"cycles":234136461961}
{"runtime":80565,"energy":{"pkg":3119.765380859375,"pp0":0,"dram":787.2074584960938},"cycles":234620045073}
{"runtime":79832,"energy":{"pkg":3109.8021850585938,"pp0":0,"dram":776.2547607421875},"cycles":233698285373}
{"runtime":79069,"energy":{"pkg":3081.7532958984375,"pp0":0,"dram":762.9140625},"cycles":232850694953}
{"runtime":80877,"energy":{"pkg":3118.138671875,"pp0":0,"dram":825.0064086914062},"cycles":233427625152}
{"runtime":79341,"energy":{"pkg":3083.6795043945312,"pp0":0,"dram":794.481689453125},"cycles":233263272494}
{"runtime":80319,"energy":{"pkg":3091.441162109375,"pp0":0,"dram":778.9027099609375},"cycles":233084578191}
{"runtime":79368,"energy":{"pkg":3103.1176147460938,"pp0":0,"dram":776.9651489257812},"cycles":234309376290}
{"runtime":81866,"energy":{"pkg":3159.4398803710938,"pp0":0,"dram":779.4613647460938},"cycles":236002772741}
{"runtime":80183,"energy":{"pkg":3105.5929565429688,"pp0":0,"dram":779.8802490234375},"cycles":235227573231}
{"runtime":80152,"energy":{"pkg":3123.447021484375,"pp0":0,"dram":815.8496704101562},"cycles":234415316539}
{"runtime":80765,"energy":{"pkg":3114.4008178710938,"pp0":0,"dram":811.3021240234375},"cycles":235292953322}
{"runtime":81669,"energy":{"pkg":3146.9297485351562,"pp0":0,"dram":788.5428466796875},"cycles":236667464499}
{"runtime":80268,"energy":{"pkg":3103.0050048828125,"pp0":0,"dram":802.7577514648438},"cycles":235185431472}
{"runtime":81264,"energy":{"pkg":3129.6627807617188,"pp0":0,"dram":824.709716796875},"cycles":234666926625}
{"runtime":81812,"energy":{"pkg":3164.3195190429688,"pp0":0,"dram":813.0723876953125},"cycles":240014150854}
{"runtime":79092,"energy":{"pkg":3081.4134521484375,"pp0":0,"dram":798.5552368164062},"cycles":230831924121}
{"runtime":81477,"energy":{"pkg":3187.0708618164062,"pp0":0,"dram":825.9637451171875},"cycles":238954773840}
{"runtime":80138,"energy":{"pkg":3135.9631958007812,"pp0":0,"dram":785.4756469726562},"cycles":236893089817}
{"runtime":78131,"energy":{"pkg":3069.7285766601562,"pp0":0,"dram":764.68798828125},"cycles":229937696776}
{"runtime":80533,"energy":{"pkg":3134.0150756835938,"pp0":0,"dram":780.6751708984375},"cycles":234992411445}
{"runtime":80680,"energy":{"pkg":3138.0823974609375,"pp0":0,"dram":826.1219482421875},"cycles":235473250169}
{"runtime":80214,"energy":{"pkg":3099.1925659179688,"pp0":0,"dram":783.5636596679688},"cycles":233343985338}
{"runtime":80527,"energy":{"pkg":3112.7229614257812,"pp0":0,"dram":787.3545532226562},"cycles":235430358192}
{"runtime":80662,"energy":{"pkg":3152.447265625,"pp0":0,"dram":781.3994140625},"cycles":234631735475}
{"runtime":79875,"energy":{"pkg":3098.6384887695312,"pp0":0,"dram":774.9036254882812},"cycles":232328667307}
{"runtime":79156,"energy":{"pkg":3075.8151245117188,"pp0":0,"dram":782.8579711914062},"cycles":231956903582}
{"runtime":82315,"energy":{"pkg":3166.1216430664062,"pp0":0,"dram":830.8666381835938},"cycles":238622743871}
{"runtime":80965,"energy":{"pkg":3087.4432373046875,"pp0":0,"dram":786.2332153320312},"cycles":232408750703}
{"runtime":78181,"energy":{"pkg":3038.2156982421875,"pp0":0,"dram":778.3250122070312},"cycles":230282885299}
{"runtime":82378,"energy":{"pkg":3181.5717163085938,"pp0":0,"dram":808.0011596679688},"cycles":238160886631}
{"runtime":81128,"energy":{"pkg":3137.4656982421875,"pp0":0,"dram":795.9617919921875},"cycles":238411179025}
{"runtime":80092,"energy":{"pkg":3066.906005859375,"pp0":0,"dram":785.04150390625},"cycles":231041203791}
{"runtime":78682,"energy":{"pkg":3075.1188354492188,"pp0":0,"dram":757.421630859375},"cycles":232024396575}
{"runtime":81203,"energy":{"pkg":3111.2027587890625,"pp0":0,"dram":806.732666015625},"cycles":234917651653}
{"runtime":80290,"energy":{"pkg":3097.267822265625,"pp0":0,"dram":801.353271484375},"cycles":231024586815}
{"runtime":80119,"energy":{"pkg":3114.5436401367188,"pp0":0,"dram":778.528076171875},"cycles":233834745408}
{"runtime":79166,"energy":{"pkg":3055.9674072265625,"pp0":0,"dram":757.9100341796875},"cycles":230970770656}
{"runtime":80527,"energy":{"pkg":3083.2100830078125,"pp0":0,"dram":777.4058837890625},"cycles":233868976284}
{"runtime":78714,"energy":{"pkg":3050.817138671875,"pp0":0,"dram":763.2103881835938},"cycles":232321652346}
{"runtime":78797,"energy":{"pkg":3037.9979248046875,"pp0":0,"dram":767.0902099609375},"cycles":229336926203}
{"runtime":79731,"energy":{"pkg":3099.2426147460938,"pp0":0,"dram":767.0326538085938},"cycles":234298909209}
{"runtime":80539,"energy":{"pkg":3139.4420166015625,"pp0":0,"dram":780.105224609375},"cycles":234882278385}
{"runtime":81014,"energy":{"pkg":3117.429931640625,"pp0":0,"dram":786.4570922851562},"cycles":236579326573}
{"runtime":82655,"energy":{"pkg":3173.644775390625,"pp0":0,"dram":804.4483032226562},"cycles":239097124257}
{"runtime":80448,"energy":{"pkg":3119.8346557617188,"pp0":0,"dram":770.0121459960938},"cycles":236232374380}
{"runtime":78703,"energy":{"pkg":3050.0761108398438,"pp0":0,"dram":757.0054321289062},"cycles":229877412969}
{"runtime":79784,"energy":{"pkg":3065.733154296875,"pp0":0,"dram":767.5740356445312},"cycles":234164190026}
{"runtime":78756,"energy":{"pkg":3007.8709106445312,"pp0":0,"dram":750.08740234375},"cycles":230556896443}
{"runtime":83533,"energy":{"pkg":3163.284423828125,"pp0":0,"dram":789.2685546875},"cycles":239880615066}
{"runtime":80370,"energy":{"pkg":3099.8269653320312,"pp0":0,"dram":782.5107421875},"cycles":234827249774}
{"runtime":79785,"energy":{"pkg":3070.4342041015625,"pp0":0,"dram":802.3240356445312},"cycles":232834884124}
{"runtime":81360,"energy":{"pkg":3145.6311645507812,"pp0":0,"dram":794.0545654296875},"cycles":237323093096}
{"runtime":79810,"energy":{"pkg":3075.4829711914062,"pp0":0,"dram":770.5990600585938},"cycles":232312114704}
{"runtime":80711,"energy":{"pkg":3090.1731567382812,"pp0":0,"dram":779.7616577148438},"cycles":232406691375}
{"runtime":79880,"energy":{"pkg":3094.13671875,"pp0":0,"dram":794.3150634765625},"cycles":233986808596}
{"runtime":79688,"energy":{"pkg":3105.1347045898438,"pp0":0,"dram":774.7318115234375},"cycles":234178365884}
{"runtime":80561,"energy":{"pkg":3086.899169921875,"pp0":0,"dram":772.59423828125},"cycles":232995310611}
{"runtime":80191,"energy":{"pkg":3082.6788940429688,"pp0":0,"dram":771.3521118164062},"cycles":234636327317}
{"runtime":79881,"energy":{"pkg":3083.7151489257812,"pp0":0,"dram":762.9864501953125},"cycles":234193680179}
{"runtime":84096,"energy":{"pkg":3216.430908203125,"pp0":0,"dram":818.6618041992188},"cycles":242576137019}
{"runtime":79595,"energy":{"pkg":3100.9243774414062,"pp0":0,"dram":770.788818359375},"cycles":233417445412}
{"runtime":79576,"energy":{"pkg":3059.1378784179688,"pp0":0,"dram":768.6848754882812},"cycles":233510081044}
{"runtime":80824,"energy":{"pkg":3097.6045532226562,"pp0":0,"dram":787.736083984375},