{"runtime":51490,"energy":{"pkg":2044.82958984375,"pp0":0,"dram":405.4232177734375},"cycles":153982400419}
{"runtime":52081,"energy":{"pkg":2069.662109375,"pp0":0,"dram":402.9862060546875},"cycles":154806929352}
{"runtime":51893,"energy":{"pkg":2057.0571899414062,"pp0":0,"dram":409.21661376953125},"cycles":154431491064}
{"runtime":52299,"energy":{"pkg":2068.5680541992188,"pp0":0,"dram":409.11614990234375},"cycles":154674852988}
{"runtime":51837,"energy":{"pkg":2059.8392333984375,"pp0":0,"dram":408.34063720703125},"cycles":154609961877}
{"runtime":51605,"energy":{"pkg":2046.7940063476562,"pp0":0,"dram":405.09124755859375},"cycles":154088261775}
{"runtime":52702,"energy":{"pkg":2080.6494140625,"pp0":0,"dram":418.4521484375},"cycles":155806579767}
{"runtime":51582,"energy":{"pkg":2041.7429809570312,"pp0":0,"dram":400.16455078125},"cycles":153598293516}
{"runtime":51427,"energy":{"pkg":2038.4083862304688,"pp0":0,"dram":397.18402099609375},"cycles":153392605663}
{"runtime":52506,"energy":{"pkg":2092.9295043945312,"pp0":0,"dram":404.32708740234375},"cycles":154015694451}
{"runtime":52786,"energy":{"pkg":2090.6946411132812,"pp0":0,"dram":409.16650390625},"cycles":155814913745}
{"runtime":63610,"energy":{"pkg":2517.76806640625,"pp0":0,"dram":499.736328125},"cycles":189457313109}
{"runtime":51910,"energy":{"pkg":2065.9385375976562,"pp0":0,"dram":400.66546630859375},"cycles":154067651349}
{"runtime":51631,"energy":{"pkg":2048.7742309570312,"pp0":0,"dram":405.31756591796875},"cycles":153588810979}
{"runtime":52479,"energy":{"pkg":2090.6937255859375,"pp0":0,"dram":418.0283203125},"cycles":155200704064}
{"runtime":51443,"energy":{"pkg":2045.709228515625,"pp0":0,"dram":401.56903076171875},"cycles":153515534115}
{"runtime":52334,"energy":{"pkg":2053.4312133789062,"pp0":0,"dram":412.10174560546875},"cycles":153554336445}
{"runtime":52149,"energy":{"pkg":2073.8299560546875,"pp0":0,"dram":413.4903564453125},"cycles":155274495024}
{"runtime":51560,"energy":{"pkg":2054.5389404296875,"pp0":0,"dram":397.9395751953125},"cycles":153844337545}
{"runtime":52017,"energy":{"pkg":2062.39501953125,"pp0":0,"dram":407.36480712890625},"cycles":155418018572}
{"runtime":51936,"energy":{"pkg":2060.7275390625,"pp0":0,"dram":415.06304931640625},"cycles":154018697576}
{"runtime":51769,"energy":{"pkg":2058.396728515625,"pp0":0,"dram":403.54534912109375},"cycles":154544870151}
{"runtime":51519,"energy":{"pkg":2045.447509765625,"pp0":0,"dram":401.94384765625},"cycles":153633860932}
{"runtime":52208,"energy":{"pkg":2050.1982421875,"pp0":0,"dram":408.62799072265625},"cycles":153459665204}
{"runtime":52252,"energy":{"pkg":2051.316162109375,"pp0":0,"dram":407.22332763671875},"cycles":154254804355}
{"runtime":52488,"energy":{"pkg":2065.9807739257812,"pp0":0,"dram":418.7081298828125},"cycles":154333435198}
{"runtime":53049,"energy":{"pkg":2101.6796875,"pp0":0,"dram":425.96026611328125},"cycles":156717078849}
{"runtime":52158,"energy":{"pkg":2069.2620849609375,"pp0":0,"dram":420.45074462890625},"cycles":153991270995}
{"runtime":52138,"energy":{"pkg":2070.0962524414062,"pp0":0,"dram":418.9088134765625},"cycles":154025385702}
{"runtime":52058,"energy":{"pkg":2076.4302978515625,"pp0":0,"dram":405.79193115234375},"cycles":155057253187}
{"runtime":52948,"energy":{"pkg":2093.4403076171875,"pp0":0,"dram":409.51947021484375},"cycles":155364646579}
{"runtime":51891,"energy":{"pkg":2059.9952392578125,"pp0":0,"dram":403.7786865234375},"cycles":155051532437}
{"runtime":52131,"energy":{"pkg":2063.7197265625,"pp0":0,"dram":416.52459716796875},"cycles":154031487708}
{"runtime":51948,"energy":{"pkg":2057.1304931640625,"pp0":0,"dram":407.56451416015625},"cycles":154467670221}
{"runtime":51811,"energy":{"pkg":-260074.75616455078,"pp0":0,"dram":408.23809814453125},"cycles":154680329193}
{"runtime":63703,"energy":{"pkg":2493.4863891601562,"pp0":0,"dram":489.44091796875},"cycles":185733598303}
{"runtime":53095,"energy":{"pkg":2091.1788330078125,"pp0":0,"dram":413.1292724609375},"cycles":154279091619}
{"runtime":51458,"energy":{"pkg":2037.43310546875,"pp0":0,"dram":400.4571533203125},"cycles":153558657627}
{"runtime":52002,"energy":{"pkg":2061.929931640625,"pp0":0,"dram":409.04888916015625},"cycles":154583358035}
{"runtime":52230,"energy":{"pkg":2069.2192993164062,"pp0":0,"dram":412.87542724609375},"cycles":154469801963}
{"runtime":52320,"energy":{"pkg":2055.5900268554688,"pp0":0,"dram":407.4361572265625},"cycles":153450783754}
{"runtime":51846,"energy":{"pkg":2045.7133178710938,"pp0":0,"dram":408.4014892578125},"cycles":153486656118}
{"runtime":52772,"energy":{"pkg":2093.4033203125,"pp0":0,"dram":410.6221923828125},"cycles":155371703268}
{"runtime":52627,"energy":{"pkg":2067.0101318359375,"pp0":0,"dram":407.34613037109375},"cycles":154487016725}
{"runtime":52015,"energy":{"pkg":2061.1812133789062,"pp0":0,"dram":407.583984375},"cycles":154693865705}
{"runtime":52744,"energy":{"pkg":2082.625,"pp0":0,"dram":404.56866455078125},"cycles":153991182537}
{"runtime":51742,"energy":{"pkg":2049.8837890625,"pp0":0,"dram":407.90997314453125},"cycles":154553642616}
{"runtime":51945,"energy":{"pkg":2056.95263671875,"pp0":0,"dram":398.814697265625},"cycles":153576707850}
{"runtime":52239,"energy":{"pkg":2068.0450439453125,"pp0":0,"dram":400.78192138671875},"cycles":154274057344}
{"runtime":53430,"energy":{"pkg":2097.8521118164062,"pp0":0,"dram":426.43939208984375},"cycles":156068545408}
{"runtime":54865,"energy":{"pkg":2168.9510498046875,"pp0":0,"dram":432.62054443359375},"cycles":163258826930}
{"runtime":51517,"energy":{"pkg":2044.5443115234375,"pp0":0,"dram":404.60791015625},"cycles":153877771621}
{"runtime":52113,"energy":{"pkg":2065.6339721679688,"pp0":0,"dram":411.6981201171875},"cycles":154561012835}
{"runtime":52501,"energy":{"pkg":2076.2197875976562,"pp0":0,"dram":418.79296875},"cycles":155372483259}
{"runtime":52103,"energy":{"pkg":2067.4002075195312,"pp0":0,"dram":410.06085205078125},"cycles":154519891761}
{"runtime":51825,"energy":{"pkg":2052.3281860351562,"pp0":0,"dram":409.11029052734375},"cycles":154011170620}
{"runtime":51778,"energy":{"pkg":2050.0238647460938,"pp0":0,"dram":410.28802490234375},"cycles":153839504230}
{"runtime":51800,"energy":{"pkg":2051.8723754882812,"pp0":0,"dram":401.7012939453125},"cycles":154700956117}
{"runtime":53085,"energy":{"pkg":2102.167724609375,"pp0":0,"dram":409.95489501953125},"cycles":156730297602}
{"runtime":52328,"energy":{"pkg":2072.8043212890625,"pp0":0,"dram":404.7635498046875},"cycles":154152898193}
{"runtime":52084,"energy":{"pkg":2065.0017700195312,"pp0":0,"dram":409.23486328125},"cycles":153857424015}
{"runtime":52025,"energy":{"pkg":2055.1039428710938,"pp0":0,"dram":404.08843994140625},"cycles":154065576670}
{"runtime":52786,"energy":{"pkg":-260037.4535522461,"pp0":0,"dram":418.185791015625},"cycles":156582710283}
{"runtime":53021,"energy":{"pkg":2101.000244140625,"pp0":0,"dram":411.0128173828125},"cycles":154872063872}
{"runtime":51916,"energy":{"pkg":2045.6550903320312,"pp0":0,"dram":404.932373046875},"cycles":153461899077}
{"runtime":52269,"energy":{"pkg":2076.541748046875,"pp0":0,"dram":401.24542236328125},"cycles":155600734824}
{"runtime":53455,"energy":{"pkg":2105.947998046875,"pp0":0,"dram":409.21087646484375},"cycles":155190148157}
{"runtime":52489,"energy":{"pkg":2071.0433959960938,"pp0":0,"dram":410.13104248046875},"cycles":155317821510}
{"runtime":52688,"energy":{"pkg":2074.696044921875,"pp0":0,"dram":415.5283203125},"cycles":155034501330}
{"runtime":52142,"energy":{"pkg":2068.248291015625,"pp0":0,"dram":410.306884765625},"cycles":154788477110}
{"runtime":51967,"energy":{"pkg":2018.7145385742188,"pp0":0,"dram":400.138427734375},"cycles":154607395404}
{"runtime":52243,"energy":{"pkg":2076.8351440429688,"pp0":0,"dram":415.65716552734375},"cycles":155022274411}
{"runtime":51881,"energy":{"pkg":2046.951171875,"pp0":0,"dram":405.748779296875},"cycles":154623575016}
{"runtime":51640,"energy":{"pkg":2030.5537719726562,"pp0":0,"dram":409.00518798828125},