{"runtime":5719,"energy":{"pkg":222.6507568359375,"pp0":0,"dram":63.0782470703125},"cycles":16708384544}
{"runtime":5997,"energy":{"pkg":227.16009521484375,"pp0":0,"dram":64.1571044921875},"cycles":16145998298}
{"runtime":5869,"energy":{"pkg":226.1182861328125,"pp0":0,"dram":65.488037109375},"cycles":16605391342}
{"runtime":5967,"energy":{"pkg":228.54296875,"pp0":0,"dram":64.7724609375},"cycles":16652639974}
{"runtime":6009,"energy":{"pkg":231.9412841796875,"pp0":0,"dram":65.0318603515625},"cycles":16877723048}
{"runtime":6223,"energy":{"pkg":236.6998291015625,"pp0":0,"dram":66.78607177734375},"cycles":16719846707}
{"runtime":5728,"energy":{"pkg":222.64862060546875,"pp0":0,"dram":63.617919921875},"cycles":16750123548}
{"runtime":6207,"energy":{"pkg":232.2353515625,"pp0":0,"dram":66.861083984375},"cycles":16757997553}
{"runtime":6121,"energy":{"pkg":228.03179931640625,"pp0":0,"dram":65.04461669921875},"cycles":16093220356}
{"runtime":5979,"energy":{"pkg":229.04132080078125,"pp0":0,"dram":64.7520751953125},"cycles":16744155071}
{"runtime":6384,"energy":{"pkg":231.746826171875,"pp0":0,"dram":68.18701171875},"cycles":16617163459}
{"runtime":5940,"energy":{"pkg":229.345947265625,"pp0":0,"dram":64.24774169921875},"cycles":16746706996}
{"runtime":5765,"energy":{"pkg":222.9344482421875,"pp0":0,"dram":63.47998046875},"cycles":16710513277}
{"runtime":6319,"energy":{"pkg":234.67333984375,"pp0":0,"dram":67.85943603515625},"cycles":16108154749}
{"runtime":6199,"energy":{"pkg":229.31439208984375,"pp0":0,"dram":66.7630615234375},"cycles":16696981039}
{"runtime":5873,"energy":{"pkg":227.8856201171875,"pp0":0,"dram":64.34295654296875},"cycles":16800815630}
{"runtime":5747,"energy":{"pkg":222.83551025390625,"pp0":0,"dram":63.4267578125},"cycles":16862344221}
{"runtime":5645,"energy":{"pkg":221.16827392578125,"pp0":0,"dram":62.008056640625},"cycles":16679937680}
{"runtime":5831,"energy":{"pkg":224.52783203125,"pp0":0,"dram":63.787353515625},"cycles":16915192228}
{"runtime":5838,"energy":{"pkg":225.56353759765625,"pp0":0,"dram":63.56793212890625},"cycles":16924537896}
{"runtime":6001,"energy":{"pkg":230.70361328125,"pp0":0,"dram":66.6329345703125},"cycles":16773377989}
{"runtime":6408,"energy":{"pkg":230.10919189453125,"pp0":0,"dram":68.7269287109375},"cycles":16197050857}
{"runtime":5718,"energy":{"pkg":221.97418212890625,"pp0":0,"dram":63.35198974609375},"cycles":16739089626}
{"runtime":6269,"energy":{"pkg":238.65704345703125,"pp0":0,"dram":67.894287109375},"cycles":16762597532}
{"runtime":5916,"energy":{"pkg":228.36480712890625,"pp0":0,"dram":64.30816650390625},"cycles":16774474266}
{"runtime":5704,"energy":{"pkg":221.37152099609375,"pp0":0,"dram":63.27178955078125},"cycles":16732926327}
{"runtime":5759,"energy":{"pkg":224.11993408203125,"pp0":0,"dram":62.66796875},"cycles":16725715265}
{"runtime":6286,"energy":{"pkg":230.5133056640625,"pp0":0,"dram":69.08441162109375},"cycles":16100571960}
{"runtime":6616,"energy":{"pkg":245.7779541015625,"pp0":0,"dram":70.73565673828125},"cycles":17844133497}
{"runtime":6075,"energy":{"pkg":228.5841064453125,"pp0":0,"dram":65.52008056640625},"cycles":16782996430}
{"runtime":5866,"energy":{"pkg":226.89886474609375,"pp0":0,"dram":63.740478515625},"cycles":16788730706}
{"runtime":6323,"energy":{"pkg":233.09185791015625,"pp0":0,"dram":68.17388916015625},"cycles":16081498067}
{"runtime":5698,"energy":{"pkg":220.3309326171875,"pp0":0,"dram":62.75250244140625},"cycles":16656925624}
{"runtime":6284,"energy":{"pkg":238.72784423828125,"pp0":0,"dram":68.1337890625},"cycles":16682489220}
{"runtime":6769,"energy":{"pkg":242.244384765625,"pp0":0,"dram":72.26708984375},"cycles":16558742997}
{"runtime":5868,"energy":{"pkg":225.7396240234375,"pp0":0,"dram":64.07086181640625},"cycles":16625099974}
{"runtime":5715,"energy":{"pkg":221.12054443359375,"pp0":0,"dram":62.52105712890625},"cycles":16720445885}
{"runtime":5727,"energy":{"pkg":220.861328125,"pp0":0,"dram":62.58062744140625},"cycles":16659972558}
{"runtime":6214,"energy":{"pkg":236.74957275390625,"pp0":0,"dram":67.71112060546875},"cycles":16661627104}
{"runtime":5694,"energy":{"pkg":220.03399658203125,"pp0":0,"dram":62.308349609375},"cycles":16636785990}
{"runtime":6211,"energy":{"pkg":237.93798828125,"pp0":0,"dram":67.5931396484375},"cycles":16784273640}
{"runtime":6285,"energy":{"pkg":237.51519775390625,"pp0":0,"dram":67.852783203125},"cycles":16752621096}
{"runtime":6310,"energy":{"pkg":231.29144287109375,"pp0":0,"dram":67.38885498046875},"cycles":16773236384}
{"runtime":5799,"energy":{"pkg":224.0523681640625,"pp0":0,"dram":63.1478271484375},"cycles":16908691051}
{"runtime":5925,"energy":{"pkg":227.8751220703125,"pp0":0,"dram":63.83172607421875},"cycles":16780014697}
{"runtime":5732,"energy":{"pkg":221.0836181640625,"pp0":0,"dram":62.45904541015625},"cycles":16681596158}
{"runtime":5883,"energy":{"pkg":224.8719482421875,"pp0":0,"dram":63.95263671875},"cycles":16717299752}
{"runtime":6377,"energy":{"pkg":233.6470947265625,"pp0":0,"dram":68.40716552734375},"cycles":16559923899}
{"runtime":6398,"energy":{"pkg":229.890869140625,"pp0":0,"dram":68.05828857421875},"cycles":16136997236}
{"runtime":6596,"energy":{"pkg":239.44775390625,"pp0":0,"dram":70.56951904296875},"cycles":16573578027}
{"runtime":5940,"energy":{"pkg":227.91998291015625,"pp0":0,"dram":64.642333984375},"cycles":16632422060}
{"runtime":5916,"energy":{"pkg":228.7164306640625,"pp0":0,"dram":63.73272705078125},"cycles":16721802118}
{"runtime":5909,"energy":{"pkg":226.602294921875,"pp0":0,"dram":64.1212158203125},"cycles":16702866382}
{"runtime":5977,"energy":{"pkg":229.38116455078125,"pp0":0,"dram":64.99029541015625},"cycles":16815255100}
{"runtime":6063,"energy":{"pkg":226.7291259765625,"pp0":0,"dram":65.14459228515625},"cycles":16757711191}
{"runtime":5757,"energy":{"pkg":223.3465576171875,"pp0":0,"dram":63.04608154296875},"cycles":16786126175}
{"runtime":6199,"energy":{"pkg":234.4638671875,"pp0":0,"dram":66.4288330078125},"cycles":16654651142}
{"runtime":6110,"energy":{"pkg":227.93804931640625,"pp0":0,"dram":65.470703125},"cycles":16742930299}
{"runtime":6076,"energy":{"pkg":231.792724609375,"pp0":0,"dram":65.6868896484375},"cycles":16783348666}
{"runtime":6828,"energy":{"pkg":238.367431640625,"pp0":0,"dram":71.7718505859375},"cycles":16141889158}
{"runtime":6140,"energy":{"pkg":230.84033203125,"pp0":0,"dram":66.2523193359375},"cycles":16678034344}
{"runtime":6084,"energy":{"pkg":227.25360107421875,"pp0":0,"dram":67.2567138671875},"cycles":16696203785}
{"runtime":5745,"energy":{"pkg":221.37225341796875,"pp0":0,"dram":62.77569580078125},"cycles":16526970950}
{"runtime":6235,"energy":{"pkg":229.38018798828125,"pp0":0,"dram":66.54638671875},"cycles":16717659954}
{"runtime":6375,"energy":{"pkg":234.75128173828125,"pp0":0,"dram":67.86328125},"cycles":16609246831}
{"runtime":5755,"energy":{"pkg":221.4937744140625,"pp0":0,"dram":62.452880859375},"cycles":16717004239}
{"runtime":6313,"energy":{"pkg":232.27679443359375,"pp0":0,"dram":67.5013427734375},"cycles":16116699633}
{"runtime":6568,"energy":{"pkg":239.0255126953125,"pp0":0,"dram":70.1783447265625},"cycles":16790874669}
{"runtime":5778,"energy":{"pkg":222.5638427734375,"pp0":0,"dram":62.75775146484375},"cycles":16748482661}
{"runtime":6040,"energy":{"pkg":232.30572509765625,"pp0":0,"dram":64.8966064453125},"cycles":16763239653}
{"runtime":6038,"energy":{"pkg":230.8026123046875,"pp0":0,"dram":65.31414794921875},"cycles":16806234467}
{"runtime":6651,"energy":{"pkg":238.31103515625,"pp0":0,"dram":70.2249755859375},"cycles":16666207403}
{"runtime":5743,"energy":{"pkg":221.57073974609375,"pp0":0,"dram":62.9345703125},"cycles":16717187839}
{"runtime":6016,"energy":{"pkg":231.051025390625,"pp0":0,"dram":65.18328857421875},"cycles":16724845653}
{"runtime":6073,"energy":{"pkg":231.28228759765625,"pp0":0,"dram":65.640869140625},"cycles":16863943777}
{"runtime":5773,"energy":{"pkg":223.06671142578125,"pp0":0,"dram":62.80078125},"cycles":16850454047}
{"runtime":5812,