{"runtime":2505,"energy":{"pkg":98.49432373046875,"pp0":0,"dram":23.02117919921875},"cycles":7262562642}
{"runtime":2982,"energy":{"pkg":108.340087890625,"pp0":0,"dram":28.8623046875},"cycles":7356201030}
{"runtime":2900,"energy":{"pkg":110.47393798828125,"pp0":0,"dram":28.08355712890625},"cycles":7385778275}
{"runtime":2779,"energy":{"pkg":105.96722412109375,"pp0":0,"dram":26.714111328125},"cycles":7432395883}
{"runtime":2551,"energy":{"pkg":98.95172119140625,"pp0":0,"dram":22.39691162109375},"cycles":7275502351}
{"runtime":2562,"energy":{"pkg":99.1671142578125,"pp0":0,"dram":22.66229248046875},"cycles":7257094813}
{"runtime":2707,"energy":{"pkg":101.7139892578125,"pp0":0,"dram":24.65313720703125},"cycles":7275747349}
{"runtime":2695,"energy":{"pkg":101.3154296875,"pp0":0,"dram":23.6309814453125},"cycles":7203744893}
{"runtime":2784,"energy":{"pkg":103.78546142578125,"pp0":0,"dram":26.35662841796875},"cycles":7362741541}
{"runtime":2611,"energy":{"pkg":100.0069580078125,"pp0":0,"dram":22.94561767578125},"cycles":7268459373}
{"runtime":2861,"energy":{"pkg":109.19866943359375,"pp0":0,"dram":27.21917724609375},"cycles":7379798000}
{"runtime":2624,"energy":{"pkg":101.342529296875,"pp0":0,"dram":22.9381103515625},"cycles":7228818961}
{"runtime":2517,"energy":{"pkg":97.7215576171875,"pp0":0,"dram":22.92425537109375},"cycles":7268974475}
{"runtime":3278,"energy":{"pkg":116.56036376953125,"pp0":0,"dram":31.3814697265625},"cycles":7301457996}
{"runtime":2846,"energy":{"pkg":107.64178466796875,"pp0":0,"dram":26.8800048828125},"cycles":7329584281}
{"runtime":2802,"energy":{"pkg":104.54644775390625,"pp0":0,"dram":26.90716552734375},"cycles":7390664655}
{"runtime":3005,"energy":{"pkg":112.490234375,"pp0":0,"dram":28.3685302734375},"cycles":7332672481}
{"runtime":2691,"energy":{"pkg":105.20086669921875,"pp0":0,"dram":26.1517333984375},"cycles":7430868408}
{"runtime":2843,"energy":{"pkg":104.296630859375,"pp0":0,"dram":24.831298828125},"cycles":7173934942}
{"runtime":2651,"energy":{"pkg":101.88470458984375,"pp0":0,"dram":26.1597900390625},"cycles":7395301505}
{"runtime":2442,"energy":{"pkg":95.3477783203125,"pp0":0,"dram":22.64654541015625},"cycles":6802358803}
{"runtime":2684,"energy":{"pkg":103.7138671875,"pp0":0,"dram":25.7801513671875},"cycles":7419216792}
{"runtime":3599,"energy":{"pkg":117.81463623046875,"pp0":0,"dram":34.2406005859375},"cycles":7362645632}
{"runtime":2619,"energy":{"pkg":101.44415283203125,"pp0":0,"dram":25.908203125},"cycles":7471926287}
{"runtime":2825,"energy":{"pkg":104.91986083984375,"pp0":0,"dram":26.9356689453125},"cycles":6834854294}
{"runtime":2765,"energy":{"pkg":104.86981201171875,"pp0":0,"dram":24.44732666015625},"cycles":7261981053}
{"runtime":2843,"energy":{"pkg":109.623291015625,"pp0":0,"dram":25.31103515625},"cycles":7388036783}
{"runtime":3496,"energy":{"pkg":112.794189453125,"pp0":0,"dram":31.1715087890625},"cycles":7455690289}
{"runtime":3392,"energy":{"pkg":114.35809326171875,"pp0":0,"dram":29.250732421875},"cycles":7166550251}
{"runtime":2951,"energy":{"pkg":105.11492919921875,"pp0":0,"dram":25.71630859375},"cycles":7192946236}
{"runtime":2510,"energy":{"pkg":96.06231689453125,"pp0":0,"dram":22.2259521484375},"cycles":7259698362}
{"runtime":3170,"energy":{"pkg":111.528076171875,"pp0":0,"dram":30.8875732421875},"cycles":7439471492}
{"runtime":2754,"energy":{"pkg":100.62469482421875,"pp0":0,"dram":26.51495361328125},"cycles":6869507700}
{"runtime":2890,"energy":{"pkg":106.74298095703125,"pp0":0,"dram":28.46881103515625},"cycles":7425172606}
{"runtime":2765,"energy":{"pkg":106.35443115234375,"pp0":0,"dram":26.56951904296875},"cycles":7437653776}
{"runtime":2566,"energy":{"pkg":97.53790283203125,"pp0":0,"dram":22.76324462890625},"cycles":6691127077}
{"runtime":2583,"energy":{"pkg":97.6075439453125,"pp0":0,"dram":26.0592041015625},"cycles":6940170440}
{"runtime":2968,"energy":{"pkg":103.663818359375,"pp0":0,"dram":25.92327880859375},"cycles":7237662283}
{"runtime":2575,"energy":{"pkg":99.34808349609375,"pp0":0,"dram":23.88543701171875},"cycles":7376613886}
{"runtime":2464,"energy":{"pkg":94.95843505859375,"pp0":0,"dram":21.867919921875},"cycles":6718960928}
{"runtime":3160,"energy":{"pkg":109.70074462890625,"pp0":0,"dram":30.218017578125},"cycles":7392267205}
{"runtime":2361,"energy":{"pkg":91.341552734375,"pp0":0,"dram":21.24615478515625},"cycles":6760328008}
{"runtime":2990,"energy":{"pkg":104.493408203125,"pp0":0,"dram":25.87164306640625},"cycles":7265091708}
{"runtime":2974,"energy":{"pkg":107.965087890625,"pp0":0,"dram":28.1826171875},"cycles":7342184809}
{"runtime":2643,"energy":{"pkg":101.72247314453125,"pp0":0,"dram":25.32763671875},"cycles":6863499541}
{"runtime":2899,"energy":{"pkg":105.59161376953125,"pp0":0,"dram":26.19488525390625},"cycles":7274207068}
{"runtime":2921,"energy":{"pkg":104.592041015625,"pp0":0,"dram":25.3031005859375},"cycles":7195836805}
{"runtime":3218,"energy":{"pkg":104.8385009765625,"pp0":0,"dram":27.63262939453125},"cycles":7224287114}
{"runtime":2736,"energy":{"pkg":100.58917236328125,"pp0":0,"dram":23.84442138671875},"cycles":7246864399}
{"runtime":2765,"energy":{"pkg":102.010009765625,"pp0":0,"dram":26.2769775390625},"cycles":7377579454}
{"runtime":2532,"energy":{"pkg":98.598388671875,"pp0":0,"dram":22.2559814453125},"cycles":7261758384}
{"runtime":3008,"energy":{"pkg":112.6627197265625,"pp0":0,"dram":28.082763671875},"cycles":7341949727}
{"runtime":2398,"energy":{"pkg":91.870361328125,"pp0":0,"dram":21.284912109375},"cycles":6732640022}
{"runtime":3186,"energy":{"pkg":105.16302490234375,"pp0":0,"dram":29.51483154296875},"cycles":6812750669}
{"runtime":2861,"energy":{"pkg":103.16375732421875,"pp0":0,"dram":25.2735595703125},"cycles":7222793135}
{"runtime":2730,"energy":{"pkg":104.999755859375,"pp0":0,"dram":26.63568115234375},"cycles":7462510860}
{"runtime":2833,"energy":{"pkg":103.917724609375,"pp0":0,"dram":24.595947265625},"cycles":7158637758}
{"runtime":2739,"energy":{"pkg":100.37213134765625,"pp0":0,"dram":23.7213134765625},"cycles":6723925805}
{"runtime":3237,"energy":{"pkg":116.87261962890625,"pp0":0,"dram":30.3734130859375},"cycles":7299613993}
{"runtime":3165,"energy":{"pkg":114.254638671875,"pp0":0,"dram":31.13372802734375},"cycles":7419401759}
{"runtime":2736,"energy":{"pkg":103.84991455078125,"pp0":0,"dram":23.81390380859375},"cycles":7225834568}
{"runtime":3101,"energy":{"pkg":112.852783203125,"pp0":0,"dram":30.6043701171875},"cycles":7432993357}
{"runtime":3414,"energy":{"pkg":116.02001953125,"pp0":0,"dram":31.65557861328125},"cycles":7449296241}
{"runtime":2637,"energy":{"pkg":100.36376953125,"pp0":0,"dram":23.042724609375},"cycles":7203974364}
{"runtime":2644,"energy":{"pkg":99.0565185546875,"pp0":0,"dram":22.97503662109375},"cycles":7244520266}
{"runtime":2743,"energy":{"pkg":104.08514404296875,"pp0":0,"dram":26.34283447265625},"cycles":7440437167}
{"runtime":2603,"energy":{"pkg":101.27374267578125,"pp0":0,"dram":22.9395751953125},"cycles":7357724772}
{"runtime":3136,"energy":{"pkg":107.9012451171875,"pp0":0,"dram":29.75531005859375},"cycles":7377959440}
{"runtime":3585,"energy":{"pkg":117.52496337890625,"pp0":0,"dram":33.2916259765625},"cycles":7383094027}
{"runtime":2775,"energy":{"pkg":102.80712890625,"pp0":0,"dram":24.33074951171875},"cycles":7240911294}
{"runtime":2968,"energy":{"pkg":105.227294921875,"pp0":0,"dram":25.8165283203125},"cycles":7185380112}
{"runtime":2689,"energy":{"pkg":103.84893798828125,"pp0":0,"dram":23.89056396484375},"cycles":7302700928}
{"runtime":3013,"energy":{"pkg":105.4088134765625,"pp0":0,"dram":28.5177001953125},"cycles":7393900348}
{"runtime":2639,"energy":{"pkg":103.4354248046875,"pp0":0,"dram":25.78814697265625},"cycles":7462592385}
{"runtime":2586,"energy":{"pkg":99.94476318359375,"pp0":0,"dram":22.6575927734375},"cycles":7299186995}
{"runtime":3039,"energy":{"pkg":109.193115234375,"pp0":0,"dram":28.6566162109375},"cycles":7312370026}
{"runtime":2855,"energy":{"pkg":106.2015380859375,"pp0":0,"dram":26.57861328125},