{"runtime":57219,"energy":{"pkg":569.3629150390625,"pp0":317.26885986328125,"pp1":10.583984375,"dram":0},"perf_counters":{"PERF_COUNT_HW_REF_CPU_CYCLES":160388450015,"PERF_COUNT_HW_BRANCH_INSTRUCTIONS":193185246892,"PERF_COUNT_HW_CACHE_MISSES":874971,"PERF_COUNT_HW_INSTRUCTIONS":603657732347,"PERF_COUNT_HW_BRANCH_MISSES":2012268023,"PERF_COUNT_HW_CACHE_REFERENCES":2977459,"PERF_COUNT_HW_CPU_CYCLES":172774166653}}
{"runtime":57476,"energy":{"pkg":571.928466796875,"pp0":318.541259765625,"pp1":10.2935791015625,"dram":0},"perf_counters":{"PERF_COUNT_HW_REF_CPU_CYCLES":161108937823,"PERF_COUNT_HW_BRANCH_INSTRUCTIONS":193185614569,"PERF_COUNT_HW_CACHE_MISSES":862249,"PERF_COUNT_HW_INSTRUCTIONS":603659838915,"PERF_COUNT_HW_BRANCH_MISSES":2011091244,"PERF_COUNT_HW_CACHE_REFERENCES":3266962,"PERF_COUNT_HW_CPU_CYCLES":172842718929}}
{"runtime":57638,"energy":{"pkg":573.5446166992188,"pp0":319.40667724609375,"pp1":10.56005859375,"dram":0},"perf_counters":{"PERF_COUNT_HW_REF_CPU_CYCLES":161567468197,"PERF_COUNT_HW_BRANCH_INSTRUCTIONS":193185224951,"PERF_COUNT_HW_CACHE_MISSES":849606,"PERF_COUNT_HW_INSTRUCTIONS":603657643058,"PERF_COUNT_HW_BRANCH_MISSES":2012411155,"PERF_COUNT_HW_CACHE_REFERENCES":3104953,"PERF_COUNT_HW_CPU_CYCLES":173750897411}}
{"runtime":57514,"energy":{"pkg":572.3082885742188,"pp0":318.2994384765625,"pp1":10.6123046875,"dram":0},"perf_counters":{"PERF_COUNT_HW_REF_CPU_CYCLES":161206990182,"PERF_COUNT_HW_BRANCH_INSTRUCTIONS":193186202788,"PERF_COUNT_HW_CACHE_MISSES":919119,"PERF_COUNT_HW_INSTRUCTIONS":603662653853,"PERF_COUNT_HW_BRANCH_MISSES":2008981918,"PERF_COUNT_HW_CACHE_REFERENCES":3170317,"PERF_COUNT_HW_CPU_CYCLES":173323960926}}
{"runtime":57485,"energy":{"pkg":572.0004272460938,"pp0":318.62896728515625,"pp1":10.392578125,"dram":0},"perf_counters":{"PERF_COUNT_HW_REF_CPU_CYCLES":161139007034,"PERF_COUNT_HW_BRANCH_INSTRUCTIONS":193185401464,"PERF_COUNT_HW_CACHE_MISSES":890632,"PERF_COUNT_HW_INSTRUCTIONS":603658474260,"PERF_COUNT_HW_BRANCH_MISSES":2012007336,"PERF_COUNT_HW_CACHE_REFERENCES":3270873,"PERF_COUNT_HW_CPU_CYCLES":172760525732}}
{"runtime":57420,"energy":{"pkg":571.3948974609375,"pp0":318.36639404296875,"pp1":10.33544921875,"dram":0},"perf_counters":{"PERF_COUNT_HW_REF_CPU_CYCLES":160954599544,"PERF_COUNT_HW_BRANCH_INSTRUCTIONS":193185309307,"PERF_COUNT_HW_CACHE_MISSES":821337,"PERF_COUNT_HW_INSTRUCTIONS":603657974494,"PERF_COUNT_HW_BRANCH_MISSES":2014397680,"PERF_COUNT_HW_CACHE_REFERENCES":3057875,"PERF_COUNT_HW_CPU_CYCLES":172469782338}}
{"runtime":57250,"energy":{"pkg":569.7862548828125,"pp0":316.992431640625,"pp1":10.4525146484375,"dram":0},"perf_counters":{"PERF_COUNT_HW_REF_CPU_CYCLES":160475676547,"PERF_COUNT_HW_BRANCH_INSTRUCTIONS":193185309230,"PERF_COUNT_HW_CACHE_MISSES":837959,"PERF_COUNT_HW_INSTRUCTIONS":603657754100,"PERF_COUNT_HW_BRANCH_MISSES":2012975701,"PERF_COUNT_HW_CACHE_REFERENCES":3217420,"PERF_COUNT_HW_CPU_CYCLES":172405787873}}
{"runtime":57522,"energy":{"pkg":572.364013671875,"pp0":318.37249755859375,"pp1":10.69482421875,"dram":0},"perf_counters":{"PERF_COUNT_HW_REF_CPU_CYCLES":161229365339,"PERF_COUNT_HW_BRANCH_INSTRUCTIONS":193185906943,"PERF_COUNT_HW_CACHE_MISSES":951404,"PERF_COUNT_HW_INSTRUCTIONS":603661097178,"PERF_COUNT_HW_BRANCH_MISSES":2008171884,"PERF_COUNT_HW_CACHE_REFERENCES":3439261,"PERF_COUNT_HW_CPU_CYCLES":174494831742}}
{"runtime":57373,"energy":{"pkg":570.8683471679688,"pp0":317.445068359375,"pp1":10.404052734375,"dram":0},"perf_counters":{"PERF_COUNT_HW_REF_CPU_CYCLES":160818603464,"PERF_COUNT_HW_BRANCH_INSTRUCTIONS":193185589345,"PERF_COUNT_HW_CACHE_MISSES":903122,"PERF_COUNT_HW_INSTRUCTIONS":603659363109,"PERF_COUNT_HW_BRANCH_MISSES":2009735146,"PERF_COUNT_HW_CACHE_REFERENCES":3365514,"PERF_COUNT_HW_CPU_CYCLES":173010654881}}
{"runtime":57174,"energy":{"pkg":568.9872436523438,"pp0":316.493896484375,"pp1":10.3812255859375,"dram":0},"perf_counters":{"PERF_COUNT_HW_REF_CPU_CYCLES":160265939444,"PERF_COUNT_HW_BRANCH_INSTRUCTIONS":193185388189,"PERF_COUNT_HW_CACHE_MISSES":835992,"PERF_COUNT_HW_INSTRUCTIONS":603658391847,"PERF_COUNT_HW_BRANCH_MISSES":2013425578,"PERF_COUNT_HW_CACHE_REFERENCES":3052141,"PERF_COUNT_HW_CPU_CYCLES":172630731670}}
{"runtime":57192,"energy":{"pkg":569.17724609375,"pp0":317.7952880859375,"pp1":10.382568359375,"dram":0},"perf_counters":{"PERF_COUNT_HW_REF_CPU_CYCLES":160319033731,"PERF_COUNT_HW_BRANCH_INSTRUCTIONS":193185226658,"PERF_COUNT_HW_CACHE_MISSES":845303,"PERF_COUNT_HW_INSTRUCTIONS":603657717425,"PERF_COUNT_HW_BRANCH_MISSES":2010116045,"PERF_COUNT_HW_CACHE_REFERENCES":3265182,"PERF_COUNT_HW_CPU_CYCLES":173004405840}}
