{"runtime":47907,"energy":{"pkg":476.715087890625,"pp0":266.369384765625,"pp1":7.6785888671875,"dram":0},"perf_counters":{"PERF_COUNT_HW_REF_CPU_CYCLES":134629812438,"PERF_COUNT_HW_BRANCH_INSTRUCTIONS":70360734165,"PERF_COUNT_HW_CACHE_MISSES":17461070,"PERF_COUNT_HW_INSTRUCTIONS":307887000880,"PERF_COUNT_HW_BRANCH_MISSES":155468352,"PERF_COUNT_HW_CACHE_REFERENCES":132811759,"PERF_COUNT_HW_CPU_CYCLES":148967747119}}
{"runtime":48733,"energy":{"pkg":484.96234130859375,"pp0":270.615478515625,"pp1":7.8438720703125,"dram":0},"perf_counters":{"PERF_COUNT_HW_REF_CPU_CYCLES":136940571739,"PERF_COUNT_HW_BRANCH_INSTRUCTIONS":70937694139,"PERF_COUNT_HW_CACHE_MISSES":18518367,"PERF_COUNT_HW_INSTRUCTIONS":309747390733,"PERF_COUNT_HW_BRANCH_MISSES":156096479,"PERF_COUNT_HW_CACHE_REFERENCES":137252387,"PERF_COUNT_HW_CPU_CYCLES":151137006709}}
{"runtime":47763,"energy":{"pkg":475.30120849609375,"pp0":265.0936279296875,"pp1":7.8031005859375,"dram":0},"perf_counters":{"PERF_COUNT_HW_REF_CPU_CYCLES":134231600869,"PERF_COUNT_HW_BRANCH_INSTRUCTIONS":70362070898,"PERF_COUNT_HW_CACHE_MISSES":18386068,"PERF_COUNT_HW_INSTRUCTIONS":307798184743,"PERF_COUNT_HW_BRANCH_MISSES":156093557,"PERF_COUNT_HW_CACHE_REFERENCES":136345867,"PERF_COUNT_HW_CPU_CYCLES":148713393871}}
{"runtime":48009,"energy":{"pkg":477.6876220703125,"pp0":266.56976318359375,"pp1":7.7142333984375,"dram":0},"perf_counters":{"PERF_COUNT_HW_REF_CPU_CYCLES":134939836576,"PERF_COUNT_HW_BRANCH_INSTRUCTIONS":70843184942,"PERF_COUNT_HW_CACHE_MISSES":17879155,"PERF_COUNT_HW_INSTRUCTIONS":310202132915,"PERF_COUNT_HW_BRANCH_MISSES":35066119,"PERF_COUNT_HW_CACHE_REFERENCES":133559518,"PERF_COUNT_HW_CPU_CYCLES":147823201225}}
{"runtime":48501,"energy":{"pkg":482.64447021484375,"pp0":269.33917236328125,"pp1":7.7900390625,"dram":0},"perf_counters":{"PERF_COUNT_HW_REF_CPU_CYCLES":136295455701,"PERF_COUNT_HW_BRANCH_INSTRUCTIONS":73946388553,"PERF_COUNT_HW_CACHE_MISSES":18966577,"PERF_COUNT_HW_INSTRUCTIONS":318358994188,"PERF_COUNT_HW_BRANCH_MISSES":156137985,"PERF_COUNT_HW_CACHE_REFERENCES":137952945,"PERF_COUNT_HW_CPU_CYCLES":151491818165}}
{"runtime":48247,"energy":{"pkg":480.37091064453125,"pp0":268.6109619140625,"pp1":7.7325439453125,"dram":0},"perf_counters":{"PERF_COUNT_HW_REF_CPU_CYCLES":135596474423,"PERF_COUNT_HW_BRANCH_INSTRUCTIONS":71128909972,"PERF_COUNT_HW_CACHE_MISSES":17252840,"PERF_COUNT_HW_INSTRUCTIONS":310511527223,"PERF_COUNT_HW_BRANCH_MISSES":155988836,"PERF_COUNT_HW_CACHE_REFERENCES":133605323,"PERF_COUNT_HW_CPU_CYCLES":149998812582}}
{"runtime":48347,"energy":{"pkg":480.89898681640625,"pp0":268.7635498046875,"pp1":7.8172607421875,"dram":0},"perf_counters":{"PERF_COUNT_HW_REF_CPU_CYCLES":135876440081,"PERF_COUNT_HW_BRANCH_INSTRUCTIONS":70937130585,"PERF_COUNT_HW_CACHE_MISSES":18342073,"PERF_COUNT_HW_INSTRUCTIONS":309649256746,"PERF_COUNT_HW_BRANCH_MISSES":155909096,"PERF_COUNT_HW_CACHE_REFERENCES":135509407,"PERF_COUNT_HW_CPU_CYCLES":149932155976}}
{"runtime":47988,"energy":{"pkg":477.45703125,"pp0":267.08447265625,"pp1":7.681884765625,"dram":0},"perf_counters":{"PERF_COUNT_HW_REF_CPU_CYCLES":134876117066,"PERF_COUNT_HW_BRANCH_INSTRUCTIONS":70648421696,"PERF_COUNT_HW_CACHE_MISSES":17471929,"PERF_COUNT_HW_INSTRUCTIONS":308940930290,"PERF_COUNT_HW_BRANCH_MISSES":156067388,"PERF_COUNT_HW_CACHE_REFERENCES":134510633,"PERF_COUNT_HW_CPU_CYCLES":149251627290}}
{"runtime":48670,"energy":{"pkg":484.39361572265625,"pp0":270.79638671875,"pp1":7.7403564453125,"dram":0},"perf_counters":{"PERF_COUNT_HW_REF_CPU_CYCLES":136790688066,"PERF_COUNT_HW_BRANCH_INSTRUCTIONS":71033309530,"PERF_COUNT_HW_CACHE_MISSES":17493739,"PERF_COUNT_HW_INSTRUCTIONS":310129764261,"PERF_COUNT_HW_BRANCH_MISSES":155801794,"PERF_COUNT_HW_CACHE_REFERENCES":135634096,"PERF_COUNT_HW_CPU_CYCLES":150757660610}}
{"runtime":47819,"energy":{"pkg":475.89453125,"pp0":265.85772705078125,"pp1":7.81787109375,"dram":0},"perf_counters":{"PERF_COUNT_HW_REF_CPU_CYCLES":134405697547,"PERF_COUNT_HW_BRANCH_INSTRUCTIONS":70748351234,"PERF_COUNT_HW_CACHE_MISSES":18329563,"PERF_COUNT_HW_INSTRUCTIONS":309823738680,"PERF_COUNT_HW_BRANCH_MISSES":35747857,"PERF_COUNT_HW_CACHE_REFERENCES":136862483,"PERF_COUNT_HW_CPU_CYCLES":147647133722}}
{"runtime":47941,"energy":{"pkg":477.03155517578125,"pp0":266.7967529296875,"pp1":7.6944580078125,"dram":0},"perf_counters":{"PERF_COUNT_HW_REF_CPU_CYCLES":134741557188,"PERF_COUNT_HW_BRANCH_INSTRUCTIONS":70361440020,"PERF_COUNT_HW_CACHE_MISSES":18469716,"PERF_COUNT_HW_INSTRUCTIONS":307889534916,"PERF_COUNT_HW_BRANCH_MISSES":155739482,"PERF_COUNT_HW_CACHE_REFERENCES":135663040,"PERF_COUNT_HW_CPU_CYCLES":149799851732}}
