{"runtime":42853,"energy":{"pkg":426.3214111328125,"pp0":234.29345703125,"pp1":7.8345947265625,"dram":0},"perf_counters":{"PERF_COUNT_HW_REF_CPU_CYCLES":120581953632,"PERF_COUNT_HW_BRANCH_INSTRUCTIONS":74974734975,"PERF_COUNT_HW_CACHE_MISSES":147984382,"PERF_COUNT_HW_INSTRUCTIONS":410864426274,"PERF_COUNT_HW_BRANCH_MISSES":192158620,"PERF_COUNT_HW_CACHE_REFERENCES":1084091365,"PERF_COUNT_HW_CPU_CYCLES":120261600472}}
{"runtime":43486,"energy":{"pkg":432.80560302734375,"pp0":237.4052734375,"pp1":8.347412109375,"dram":0},"perf_counters":{"PERF_COUNT_HW_REF_CPU_CYCLES":122348171696,"PERF_COUNT_HW_BRANCH_INSTRUCTIONS":74975106350,"PERF_COUNT_HW_CACHE_MISSES":147964117,"PERF_COUNT_HW_INSTRUCTIONS":410865478248,"PERF_COUNT_HW_BRANCH_MISSES":187542430,"PERF_COUNT_HW_CACHE_REFERENCES":1081209776,"PERF_COUNT_HW_CPU_CYCLES":122400627794}}
{"runtime":43085,"energy":{"pkg":428.8433837890625,"pp0":235.259521484375,"pp1":7.76416015625,"dram":0},"perf_counters":{"PERF_COUNT_HW_REF_CPU_CYCLES":121233086914,"PERF_COUNT_HW_BRANCH_INSTRUCTIONS":74974125319,"PERF_COUNT_HW_CACHE_MISSES":153502215,"PERF_COUNT_HW_INSTRUCTIONS":410862780464,"PERF_COUNT_HW_BRANCH_MISSES":192438033,"PERF_COUNT_HW_CACHE_REFERENCES":1086694987,"PERF_COUNT_HW_CPU_CYCLES":120616295257}}
{"runtime":42795,"energy":{"pkg":425.7550048828125,"pp0":233.53607177734375,"pp1":8.057861328125,"dram":0},"perf_counters":{"PERF_COUNT_HW_REF_CPU_CYCLES":120420426751,"PERF_COUNT_HW_BRANCH_INSTRUCTIONS":74974612177,"PERF_COUNT_HW_CACHE_MISSES":148879376,"PERF_COUNT_HW_INSTRUCTIONS":410862906623,"PERF_COUNT_HW_BRANCH_MISSES":190635967,"PERF_COUNT_HW_CACHE_REFERENCES":1081688640,"PERF_COUNT_HW_CPU_CYCLES":120362588699}}
{"runtime":42687,"energy":{"pkg":424.91632080078125,"pp0":233.3597412109375,"pp1":7.8701171875,"dram":0},"perf_counters":{"PERF_COUNT_HW_REF_CPU_CYCLES":120109502523,"PERF_COUNT_HW_BRANCH_INSTRUCTIONS":74976633940,"PERF_COUNT_HW_CACHE_MISSES":150350747,"PERF_COUNT_HW_INSTRUCTIONS":410871483622,"PERF_COUNT_HW_BRANCH_MISSES":191982527,"PERF_COUNT_HW_CACHE_REFERENCES":1081898538,"PERF_COUNT_HW_CPU_CYCLES":119921684210}}
{"runtime":43348,"energy":{"pkg":431.29083251953125,"pp0":236.31439208984375,"pp1":8.1400146484375,"dram":0},"perf_counters":{"PERF_COUNT_HW_REF_CPU_CYCLES":121979485342,"PERF_COUNT_HW_BRANCH_INSTRUCTIONS":74972295768,"PERF_COUNT_HW_CACHE_MISSES":148469807,"PERF_COUNT_HW_INSTRUCTIONS":410855030505,"PERF_COUNT_HW_BRANCH_MISSES":184792983,"PERF_COUNT_HW_CACHE_REFERENCES":1088214606,"PERF_COUNT_HW_CPU_CYCLES":121470759222}}
{"runtime":43013,"energy":{"pkg":428.04583740234375,"pp0":234.9385986328125,"pp1":8.1549072265625,"dram":0},"perf_counters":{"PERF_COUNT_HW_REF_CPU_CYCLES":121046671048,"PERF_COUNT_HW_BRANCH_INSTRUCTIONS":74974910885,"PERF_COUNT_HW_CACHE_MISSES":146699786,"PERF_COUNT_HW_INSTRUCTIONS":410863808481,"PERF_COUNT_HW_BRANCH_MISSES":191169719,"PERF_COUNT_HW_CACHE_REFERENCES":1086040831,"PERF_COUNT_HW_CPU_CYCLES":121715079466}}
{"runtime":44735,"energy":{"pkg":445.2611083984375,"pp0":244.34527587890625,"pp1":8.0570068359375,"dram":0},"perf_counters":{"PERF_COUNT_HW_REF_CPU_CYCLES":126213587980,"PERF_COUNT_HW_BRANCH_INSTRUCTIONS":75006160096,"PERF_COUNT_HW_CACHE_MISSES":153025491,"PERF_COUNT_HW_INSTRUCTIONS":411033084234,"PERF_COUNT_HW_BRANCH_MISSES":188890407,"PERF_COUNT_HW_CACHE_REFERENCES":1098781413,"PERF_COUNT_HW_CPU_CYCLES":125369227996}}
{"runtime":43789,"energy":{"pkg":435.760009765625,"pp0":239.59930419921875,"pp1":8.084716796875,"dram":0},"perf_counters":{"PERF_COUNT_HW_REF_CPU_CYCLES":123544554242,"PERF_COUNT_HW_BRANCH_INSTRUCTIONS":75006835820,"PERF_COUNT_HW_CACHE_MISSES":150995558,"PERF_COUNT_HW_INSTRUCTIONS":411034484226,"PERF_COUNT_HW_BRANCH_MISSES":193117707,"PERF_COUNT_HW_CACHE_REFERENCES":1098743497,"PERF_COUNT_HW_CPU_CYCLES":123297885329}}
{"runtime":44413,"energy":{"pkg":441.93585205078125,"pp0":242.4869384765625,"pp1":7.892578125,"dram":0},"perf_counters":{"PERF_COUNT_HW_REF_CPU_CYCLES":125295932136,"PERF_COUNT_HW_BRANCH_INSTRUCTIONS":75005542334,"PERF_COUNT_HW_CACHE_MISSES":150988340,"PERF_COUNT_HW_INSTRUCTIONS":411026519070,"PERF_COUNT_HW_BRANCH_MISSES":184439164,"PERF_COUNT_HW_CACHE_REFERENCES":1098840635,"PERF_COUNT_HW_CPU_CYCLES":124102880908}}
{"runtime":43500,"energy":{"pkg":432.91998291015625,"pp0":237.823974609375,"pp1":7.9168701171875,"dram":0},"perf_counters":{"PERF_COUNT_HW_REF_CPU_CYCLES":122709159981,"PERF_COUNT_HW_BRANCH_INSTRUCTIONS":75005282035,"PERF_COUNT_HW_CACHE_MISSES":149588776,"PERF_COUNT_HW_INSTRUCTIONS":411025977852,"PERF_COUNT_HW_BRANCH_MISSES":192405177,"PERF_COUNT_HW_CACHE_REFERENCES":1097606068,"PERF_COUNT_HW_CPU_CYCLES":121845741843}}
