{"runtime":4991,"energy":{"pkg":49.75299072265625,"pp0":26.8170166015625,"pp1":0.9249267578125,"dram":0},"perf_counters":{"PERF_COUNT_HW_REF_CPU_CYCLES":14584021833,"PERF_COUNT_HW_BRANCH_INSTRUCTIONS":8339345004,"PERF_COUNT_HW_CACHE_MISSES":46281899,"PERF_COUNT_HW_INSTRUCTIONS":37872005079,"PERF_COUNT_HW_BRANCH_MISSES":135041526,"PERF_COUNT_HW_CACHE_REFERENCES":111400247,"PERF_COUNT_HW_CPU_CYCLES":15136886309}}
{"runtime":5005,"energy":{"pkg":49.7591552734375,"pp0":26.907470703125,"pp1":0.9024658203125,"dram":0},"perf_counters":{"PERF_COUNT_HW_REF_CPU_CYCLES":14629970442,"PERF_COUNT_HW_BRANCH_INSTRUCTIONS":8330240877,"PERF_COUNT_HW_CACHE_MISSES":46508128,"PERF_COUNT_HW_INSTRUCTIONS":37853534259,"PERF_COUNT_HW_BRANCH_MISSES":134659107,"PERF_COUNT_HW_CACHE_REFERENCES":111855824,"PERF_COUNT_HW_CPU_CYCLES":15186836163}}
{"runtime":5013,"energy":{"pkg":49.86224365234375,"pp0":26.99090576171875,"pp1":0.8321533203125,"dram":0},"perf_counters":{"PERF_COUNT_HW_REF_CPU_CYCLES":14611840819,"PERF_COUNT_HW_BRANCH_INSTRUCTIONS":8342437037,"PERF_COUNT_HW_CACHE_MISSES":46530172,"PERF_COUNT_HW_INSTRUCTIONS":37879529989,"PERF_COUNT_HW_BRANCH_MISSES":135060834,"PERF_COUNT_HW_CACHE_REFERENCES":112140437,"PERF_COUNT_HW_CPU_CYCLES":15088005223}}
{"runtime":5000,"energy":{"pkg":49.78961181640625,"pp0":26.8546142578125,"pp1":0.9130859375,"dram":0},"perf_counters":{"PERF_COUNT_HW_REF_CPU_CYCLES":14529153646,"PERF_COUNT_HW_BRANCH_INSTRUCTIONS":8334396528,"PERF_COUNT_HW_CACHE_MISSES":46459806,"PERF_COUNT_HW_INSTRUCTIONS":37866047048,"PERF_COUNT_HW_BRANCH_MISSES":135144043,"PERF_COUNT_HW_CACHE_REFERENCES":111951280,"PERF_COUNT_HW_CPU_CYCLES":15054352004}}
{"runtime":5035,"energy":{"pkg":49.9786376953125,"pp0":26.98553466796875,"pp1":0.83984375,"dram":0},"perf_counters":{"PERF_COUNT_HW_REF_CPU_CYCLES":14715137352,"PERF_COUNT_HW_BRANCH_INSTRUCTIONS":8330087838,"PERF_COUNT_HW_CACHE_MISSES":46494577,"PERF_COUNT_HW_INSTRUCTIONS":37851624688,"PERF_COUNT_HW_BRANCH_MISSES":135195425,"PERF_COUNT_HW_CACHE_REFERENCES":112119772,"PERF_COUNT_HW_CPU_CYCLES":15237064433}}
{"runtime":4986,"energy":{"pkg":49.6729736328125,"pp0":26.8599853515625,"pp1":0.9124755859375,"dram":0},"perf_counters":{"PERF_COUNT_HW_REF_CPU_CYCLES":14584644012,"PERF_COUNT_HW_BRANCH_INSTRUCTIONS":8334995550,"PERF_COUNT_HW_CACHE_MISSES":46319589,"PERF_COUNT_HW_INSTRUCTIONS":37866296378,"PERF_COUNT_HW_BRANCH_MISSES":135003738,"PERF_COUNT_HW_CACHE_REFERENCES":112122348,"PERF_COUNT_HW_CPU_CYCLES":15131009036}}
{"runtime":5027,"energy":{"pkg":50.08319091796875,"pp0":27.16461181640625,"pp1":0.83154296875,"dram":0},"perf_counters":{"PERF_COUNT_HW_REF_CPU_CYCLES":14599689312,"PERF_COUNT_HW_BRANCH_INSTRUCTIONS":8344884976,"PERF_COUNT_HW_CACHE_MISSES":46434395,"PERF_COUNT_HW_INSTRUCTIONS":37883931711,"PERF_COUNT_HW_BRANCH_MISSES":135114356,"PERF_COUNT_HW_CACHE_REFERENCES":111938501,"PERF_COUNT_HW_CPU_CYCLES":15115372083}}
{"runtime":4979,"energy":{"pkg":49.5205078125,"pp0":26.7322998046875,"pp1":0.9207763671875,"dram":0},"perf_counters":{"PERF_COUNT_HW_REF_CPU_CYCLES":14567257529,"PERF_COUNT_HW_BRANCH_INSTRUCTIONS":8338806024,"PERF_COUNT_HW_CACHE_MISSES":46221145,"PERF_COUNT_HW_INSTRUCTIONS":37874249478,"PERF_COUNT_HW_BRANCH_MISSES":135262406,"PERF_COUNT_HW_CACHE_REFERENCES":111600770,"PERF_COUNT_HW_CPU_CYCLES":15122681775}}
{"runtime":5058,"energy":{"pkg":50.31158447265625,"pp0":27.309814453125,"pp1":0.831787109375,"dram":0},"perf_counters":{"PERF_COUNT_HW_REF_CPU_CYCLES":14685485628,"PERF_COUNT_HW_BRANCH_INSTRUCTIONS":8338739782,"PERF_COUNT_HW_CACHE_MISSES":46652294,"PERF_COUNT_HW_INSTRUCTIONS":37868695025,"PERF_COUNT_HW_BRANCH_MISSES":135026858,"PERF_COUNT_HW_CACHE_REFERENCES":111970583,"PERF_COUNT_HW_CPU_CYCLES":15279393112}}
{"runtime":4986,"energy":{"pkg":49.50762939453125,"pp0":26.68133544921875,"pp1":0.9561767578125,"dram":0},"perf_counters":{"PERF_COUNT_HW_REF_CPU_CYCLES":14562173882,"PERF_COUNT_HW_BRANCH_INSTRUCTIONS":8333948168,"PERF_COUNT_HW_CACHE_MISSES":46203812,"PERF_COUNT_HW_INSTRUCTIONS":37858958699,"PERF_COUNT_HW_BRANCH_MISSES":135133788,"PERF_COUNT_HW_CACHE_REFERENCES":111382269,"PERF_COUNT_HW_CPU_CYCLES":15093615049}}
{"runtime":5013,"energy":{"pkg":49.96160888671875,"pp0":26.8934326171875,"pp1":0.9931640625,"dram":0},"perf_counters":{"PERF_COUNT_HW_REF_CPU_CYCLES":14643442154,"PERF_COUNT_HW_BRANCH_INSTRUCTIONS":8327663393,"PERF_COUNT_HW_CACHE_MISSES":46562986,"PERF_COUNT_HW_INSTRUCTIONS":37848489855,"PERF_COUNT_HW_BRANCH_MISSES":134768703,"PERF_COUNT_HW_CACHE_REFERENCES":111845024,"PERF_COUNT_HW_CPU_CYCLES":15120779288}}
