{"runtime":3502,"energy":{"pkg":34.77325439453125,"pp0":19.359130859375,"pp1":0.62109375,"dram":0},"perf_counters":{"PERF_COUNT_HW_REF_CPU_CYCLES":9822059115,"PERF_COUNT_HW_BRANCH_INSTRUCTIONS":11234698685,"PERF_COUNT_HW_CACHE_MISSES":949784,"PERF_COUNT_HW_INSTRUCTIONS":36361300465,"PERF_COUNT_HW_BRANCH_MISSES":1251979,"PERF_COUNT_HW_CACHE_REFERENCES":2005255,"PERF_COUNT_HW_CPU_CYCLES":11171329440}}
{"runtime":3486,"energy":{"pkg":34.73553466796875,"pp0":19.326904296875,"pp1":0.6702880859375,"dram":0},"perf_counters":{"PERF_COUNT_HW_REF_CPU_CYCLES":9773653472,"PERF_COUNT_HW_BRANCH_INSTRUCTIONS":11144890713,"PERF_COUNT_HW_CACHE_MISSES":943138,"PERF_COUNT_HW_INSTRUCTIONS":36244715015,"PERF_COUNT_HW_BRANCH_MISSES":1287857,"PERF_COUNT_HW_CACHE_REFERENCES":2107746,"PERF_COUNT_HW_CPU_CYCLES":11180808178}}
{"runtime":3497,"energy":{"pkg":34.81976318359375,"pp0":19.52166748046875,"pp1":0.5147705078125,"dram":0},"perf_counters":{"PERF_COUNT_HW_REF_CPU_CYCLES":9805552939,"PERF_COUNT_HW_BRANCH_INSTRUCTIONS":11144941052,"PERF_COUNT_HW_CACHE_MISSES":918425,"PERF_COUNT_HW_INSTRUCTIONS":36245133328,"PERF_COUNT_HW_BRANCH_MISSES":1280052,"PERF_COUNT_HW_CACHE_REFERENCES":2065469,"PERF_COUNT_HW_CPU_CYCLES":11162394169}}
{"runtime":3528,"energy":{"pkg":35.13775634765625,"pp0":19.60113525390625,"pp1":0.6182861328125,"dram":0},"perf_counters":{"PERF_COUNT_HW_REF_CPU_CYCLES":9893307626,"PERF_COUNT_HW_BRANCH_INSTRUCTIONS":11234778359,"PERF_COUNT_HW_CACHE_MISSES":897947,"PERF_COUNT_HW_INSTRUCTIONS":36361876237,"PERF_COUNT_HW_BRANCH_MISSES":1244941,"PERF_COUNT_HW_CACHE_REFERENCES":1999269,"PERF_COUNT_HW_CPU_CYCLES":11166835119}}
{"runtime":3502,"energy":{"pkg":34.66790771484375,"pp0":19.20770263671875,"pp1":0.656005859375,"dram":0},"perf_counters":{"PERF_COUNT_HW_REF_CPU_CYCLES":9819846850,"PERF_COUNT_HW_BRANCH_INSTRUCTIONS":11234779533,"PERF_COUNT_HW_CACHE_MISSES":905192,"PERF_COUNT_HW_INSTRUCTIONS":36361852862,"PERF_COUNT_HW_BRANCH_MISSES":1248874,"PERF_COUNT_HW_CACHE_REFERENCES":2002163,"PERF_COUNT_HW_CPU_CYCLES":11163858397}}
{"runtime":3489,"energy":{"pkg":34.77008056640625,"pp0":19.4105224609375,"pp1":0.5736083984375,"dram":0},"perf_counters":{"PERF_COUNT_HW_REF_CPU_CYCLES":9782507715,"PERF_COUNT_HW_BRANCH_INSTRUCTIONS":11144887331,"PERF_COUNT_HW_CACHE_MISSES":945161,"PERF_COUNT_HW_INSTRUCTIONS":36244712134,"PERF_COUNT_HW_BRANCH_MISSES":1281258,"PERF_COUNT_HW_CACHE_REFERENCES":2034940,"PERF_COUNT_HW_CPU_CYCLES":11152879022}}
{"runtime":3488,"energy":{"pkg":34.76495361328125,"pp0":19.3779296875,"pp1":0.62646484375,"dram":0},"perf_counters":{"PERF_COUNT_HW_REF_CPU_CYCLES":9782246740,"PERF_COUNT_HW_BRANCH_INSTRUCTIONS":11234736214,"PERF_COUNT_HW_CACHE_MISSES":875233,"PERF_COUNT_HW_INSTRUCTIONS":36361636533,"PERF_COUNT_HW_BRANCH_MISSES":1244318,"PERF_COUNT_HW_CACHE_REFERENCES":1966101,"PERF_COUNT_HW_CPU_CYCLES":11152989678}}
{"runtime":3486,"energy":{"pkg":34.70709228515625,"pp0":19.3070068359375,"pp1":0.6591796875,"dram":0},"perf_counters":{"PERF_COUNT_HW_REF_CPU_CYCLES":9777050162,"PERF_COUNT_HW_BRANCH_INSTRUCTIONS":11144623301,"PERF_COUNT_HW_CACHE_MISSES":847094,"PERF_COUNT_HW_INSTRUCTIONS":36243303774,"PERF_COUNT_HW_BRANCH_MISSES":1276101,"PERF_COUNT_HW_CACHE_REFERENCES":1935055,"PERF_COUNT_HW_CPU_CYCLES":11110116729}}
{"runtime":3500,"energy":{"pkg":34.8260498046875,"pp0":19.41827392578125,"pp1":0.5830078125,"dram":0},"perf_counters":{"PERF_COUNT_HW_REF_CPU_CYCLES":9817293237,"PERF_COUNT_HW_BRANCH_INSTRUCTIONS":11144613501,"PERF_COUNT_HW_CACHE_MISSES":869048,"PERF_COUNT_HW_INSTRUCTIONS":36243206532,"PERF_COUNT_HW_BRANCH_MISSES":1272702,"PERF_COUNT_HW_CACHE_REFERENCES":1969328,"PERF_COUNT_HW_CPU_CYCLES":11111725965}}
{"runtime":3499,"energy":{"pkg":34.71197509765625,"pp0":19.2803955078125,"pp1":0.653076171875,"dram":0},"perf_counters":{"PERF_COUNT_HW_REF_CPU_CYCLES":9810819889,"PERF_COUNT_HW_BRANCH_INSTRUCTIONS":11144837354,"PERF_COUNT_HW_CACHE_MISSES":913969,"PERF_COUNT_HW_INSTRUCTIONS":36244466075,"PERF_COUNT_HW_BRANCH_MISSES":1276489,"PERF_COUNT_HW_CACHE_REFERENCES":2023319,"PERF_COUNT_HW_CPU_CYCLES":11137622190}}
{"runtime":3483,"energy":{"pkg":34.68670654296875,"pp0":19.347412109375,"pp1":0.5958251953125,"dram":0},"perf_counters":{"PERF_COUNT_HW_REF_CPU_CYCLES":9764990343,"PERF_COUNT_HW_BRANCH_INSTRUCTIONS":11144890476,"PERF_COUNT_HW_CACHE_MISSES":943830,"PERF_COUNT_HW_INSTRUCTIONS":36244509814,"PERF_COUNT_HW_BRANCH_MISSES":1285778,"PERF_COUNT_HW_CACHE_REFERENCES":2084309,"PERF_COUNT_HW_CPU_CYCLES":11204606851}}
