{"runtime":957,"energy":{"pkg":41.52093505859375,"pp0":0,"dram":7.40679931640625},"cycles":13213577937}
{"runtime":937,"energy":{"pkg":40.46795654296875,"pp0":0,"dram":7.29248046875},"cycles":13165246962}
{"runtime":1094,"energy":{"pkg":46.04931640625,"pp0":0,"dram":8.406982421875},"cycles":14599126542}
{"runtime":954,"energy":{"pkg":40.93487548828125,"pp0":0,"dram":7.4580078125},"cycles":13116155808}
{"runtime":939,"energy":{"pkg":41.97991943359375,"pp0":0,"dram":7.38934326171875},"cycles":13195518252}
{"runtime":953,"energy":{"pkg":40.35797119140625,"pp0":0,"dram":7.3912353515625},"cycles":13415887065}
{"runtime":843,"energy":{"pkg":38.17742919921875,"pp0":0,"dram":6.42864990234375},"cycles":11576177949}
{"runtime":944,"energy":{"pkg":40.96612548828125,"pp0":0,"dram":7.38104248046875},"cycles":13426889322}
{"runtime":900,"energy":{"pkg":39.14166259765625,"pp0":0,"dram":7.0126953125},"cycles":12744584727}
{"runtime":914,"energy":{"pkg":39.465576171875,"pp0":0,"dram":7.1748046875},"cycles":13296079398}
{"runtime":914,"energy":{"pkg":39.65673828125,"pp0":0,"dram":7.08685302734375},"cycles":12861925692}
{"runtime":958,"energy":{"pkg":40.23828125,"pp0":0,"dram":7.39178466796875},"cycles":13200548445}
{"runtime":914,"energy":{"pkg":39.79595947265625,"pp0":0,"dram":7.10589599609375},"cycles":12732802677}
{"runtime":959,"energy":{"pkg":40.73065185546875,"pp0":0,"dram":7.44683837890625},"cycles":13492754793}
{"runtime":935,"energy":{"pkg":41.55450439453125,"pp0":0,"dram":7.3067626953125},"cycles":12050756109}
{"runtime":950,"energy":{"pkg":42.69439697265625,"pp0":0,"dram":7.43695068359375},"cycles":12249001044}
{"runtime":929,"energy":{"pkg":41.82061767578125,"pp0":0,"dram":7.2122802734375},"cycles":12187124208}
{"runtime":921,"energy":{"pkg":40.8978271484375,"pp0":0,"dram":7.0755615234375},"cycles":13047690999}
{"runtime":943,"energy":{"pkg":41.98895263671875,"pp0":0,"dram":7.36175537109375},"cycles":12616880787}
{"runtime":958,"energy":{"pkg":41.4384765625,"pp0":0,"dram":7.45440673828125},"cycles":13221639354}
{"runtime":936,"energy":{"pkg":41.110595703125,"pp0":0,"dram":7.39373779296875},"cycles":13244836752}
