{"runtime":3213,"energy":{"pkg":247.20562744140625,"pp0":0,"dram":29.24749755859375},"cycles":74074372806}
{"runtime":2899,"energy":{"pkg":233.76092529296875,"pp0":0,"dram":26.3734130859375},"cycles":69795861891}
{"runtime":2886,"energy":{"pkg":235.647705078125,"pp0":0,"dram":26.27789306640625},"cycles":68847575853}
{"runtime":2896,"energy":{"pkg":235.02886962890625,"pp0":0,"dram":26.4122314453125},"cycles":69329527050}
{"runtime":2925,"energy":{"pkg":236.6702880859375,"pp0":0,"dram":26.627685546875},"cycles":69729460038}
{"runtime":2820,"energy":{"pkg":234.01318359375,"pp0":0,"dram":25.7550048828125},"cycles":68766977433}
{"runtime":2865,"energy":{"pkg":237.4752197265625,"pp0":0,"dram":26.027099609375},"cycles":67957834140}
{"runtime":2735,"energy":{"pkg":231.89739990234375,"pp0":0,"dram":24.83380126953125},"cycles":67076032212}
{"runtime":3130,"energy":{"pkg":245.475341796875,"pp0":0,"dram":28.243408203125},"cycles":70452348099}
{"runtime":2795,"energy":{"pkg":233.80267333984375,"pp0":0,"dram":25.33050537109375},"cycles":67635682989}
{"runtime":3194,"energy":{"pkg":245.9239501953125,"pp0":0,"dram":28.7318115234375},"cycles":72842026845}
{"runtime":3354,"energy":{"pkg":248.775146484375,"pp0":0,"dram":29.64947509765625},"cycles":70470757434}
{"runtime":2996,"energy":{"pkg":238.9840087890625,"pp0":0,"dram":27.093017578125},"cycles":69270884487}
{"runtime":2877,"energy":{"pkg":235.22686767578125,"pp0":0,"dram":26.13214111328125},"cycles":69390161883}
{"runtime":2819,"energy":{"pkg":233.66778564453125,"pp0":0,"dram":25.6337890625},"cycles":69046672590}
{"runtime":2758,"energy":{"pkg":234.12664794921875,"pp0":0,"dram":25.09027099609375},"cycles":67026812895}
{"runtime":3173,"energy":{"pkg":246.71844482421875,"pp0":0,"dram":28.46820068359375},"cycles":71984323635}
{"runtime":2824,"energy":{"pkg":233.584716796875,"pp0":0,"dram":25.707275390625},"cycles":69104095956}
{"runtime":2786,"energy":{"pkg":234.53472900390625,"pp0":0,"dram":25.36029052734375},"cycles":67257296400}
{"runtime":3192,"energy":{"pkg":248.2301025390625,"pp0":0,"dram":29.03521728515625},"cycles":72733388931}
{"runtime":2812,"energy":{"pkg":233.8638916015625,"pp0":0,"dram":25.62506103515625},"cycles":68744494917}
