{"runtime":890,"energy":{"pkg":50.5604248046875,"pp0":0,"dram":8.16339111328125},"cycles":7377281814}
{"runtime":898,"energy":{"pkg":50.97528076171875,"pp0":0,"dram":8.239013671875},"cycles":7475014008}
{"runtime":873,"energy":{"pkg":50.44921875,"pp0":0,"dram":7.92364501953125},"cycles":7235373411}
{"runtime":1147,"energy":{"pkg":54.57208251953125,"pp0":0,"dram":10.4083251953125},"cycles":9525963993}
{"runtime":1042,"energy":{"pkg":56.2166748046875,"pp0":0,"dram":9.5999755859375},"cycles":8654385768}
{"runtime":1142,"energy":{"pkg":56.2591552734375,"pp0":0,"dram":10.6336669921875},"cycles":9484584774}
{"runtime":941,"energy":{"pkg":51.605712890625,"pp0":0,"dram":8.68829345703125},"cycles":7784858235}
{"runtime":946,"energy":{"pkg":53.971923828125,"pp0":0,"dram":8.935546875},"cycles":7876000041}
{"runtime":873,"energy":{"pkg":50.21209716796875,"pp0":0,"dram":7.9808349609375},"cycles":7237646808}
{"runtime":940,"energy":{"pkg":53.800048828125,"pp0":0,"dram":8.89398193359375},"cycles":7764171114}
{"runtime":883,"energy":{"pkg":50.34771728515625,"pp0":0,"dram":8.07061767578125},"cycles":7325388924}
{"runtime":883,"energy":{"pkg":51.10455322265625,"pp0":0,"dram":8.22216796875},"cycles":7319685240}
{"runtime":891,"energy":{"pkg":51.36834716796875,"pp0":0,"dram":8.26165771484375},"cycles":7399866390}
{"runtime":903,"energy":{"pkg":51.6842041015625,"pp0":0,"dram":8.386474609375},"cycles":7493682819}
{"runtime":919,"energy":{"pkg":51.860595703125,"pp0":0,"dram":8.50970458984375},"cycles":7652050497}
{"runtime":928,"energy":{"pkg":52.5784912109375,"pp0":0,"dram":8.6527099609375},"cycles":7707611415}
{"runtime":885,"energy":{"pkg":51.11419677734375,"pp0":0,"dram":8.2021484375},"cycles":7315754061}
{"runtime":890,"energy":{"pkg":50.0196533203125,"pp0":0,"dram":8.16241455078125},"cycles":7401648156}
{"runtime":893,"energy":{"pkg":51.32818603515625,"pp0":0,"dram":8.12322998046875},"cycles":7405151586}
{"runtime":875,"energy":{"pkg":50.58404541015625,"pp0":0,"dram":8.12091064453125},"cycles":7286496063}
{"runtime":1142,"energy":{"pkg":63.9671630859375,"pp0":0,"dram":10.7138671875},"cycles":9490831602}
