{"runtime":3145,"energy":{"pkg":155.64404296875,"pp0":0,"dram":28.46868896484375},"cycles":24276397593}
{"runtime":2850,"energy":{"pkg":151.7435302734375,"pp0":0,"dram":26.9049072265625},"cycles":21246826629}
{"runtime":4131,"energy":{"pkg":189.439453125,"pp0":0,"dram":39.59075927734375},"cycles":32217837099}
{"runtime":3508,"energy":{"pkg":170.40826416015625,"pp0":0,"dram":33.8931884765625},"cycles":27596180115}
{"runtime":3381,"energy":{"pkg":165.1885986328125,"pp0":0,"dram":32.40386962890625},"cycles":27135659838}
{"runtime":3324,"energy":{"pkg":157.46759033203125,"pp0":0,"dram":32.8851318359375},"cycles":26471235021}
{"runtime":2821,"energy":{"pkg":153.588623046875,"pp0":0,"dram":27.5377197265625},"cycles":21335896974}
{"runtime":3477,"energy":{"pkg":164.97845458984375,"pp0":0,"dram":31.60821533203125},"cycles":30053966859}
{"runtime":3093,"energy":{"pkg":153.9033203125,"pp0":0,"dram":30.5408935546875},"cycles":24228242850}
{"runtime":4198,"energy":{"pkg":184.92919921875,"pp0":0,"dram":40.72052001953125},"cycles":28990677933}
{"runtime":3836,"energy":{"pkg":176.8121337890625,"pp0":0,"dram":37.285400390625},"cycles":27940414467}
{"runtime":3292,"energy":{"pkg":157.81304931640625,"pp0":0,"dram":30.57574462890625},"cycles":23906455692}
{"runtime":3724,"energy":{"pkg":173.44891357421875,"pp0":0,"dram":34.37994384765625},"cycles":25770972150}
{"runtime":3287,"energy":{"pkg":168.98602294921875,"pp0":0,"dram":31.81744384765625},"cycles":28553597772}
{"runtime":3347,"energy":{"pkg":158.42047119140625,"pp0":0,"dram":31.80889892578125},"cycles":28138398372}
{"runtime":3424,"energy":{"pkg":163.9827880859375,"pp0":0,"dram":33.68609619140625},"cycles":28023425871}
{"runtime":3442,"energy":{"pkg":164.34344482421875,"pp0":0,"dram":32.47003173828125},"cycles":27392273307}
{"runtime":3850,"energy":{"pkg":181.4034423828125,"pp0":0,"dram":35.48236083984375},"cycles":25860206043}
{"runtime":3077,"energy":{"pkg":165.41510009765625,"pp0":0,"dram":30.52252197265625},"cycles":28732402356}
{"runtime":2955,"energy":{"pkg":150.9151611328125,"pp0":0,"dram":27.31353759765625},"cycles":22589557683}
{"runtime":3828,"energy":{"pkg":185.11444091796875,"pp0":0,"dram":36.7679443359375},"cycles":28725484032}
