{"runtime":395,"energy":{"pkg":33.0223388671875,"pp0":0,"dram":3.73419189453125},"cycles":26167848252}
{"runtime":432,"energy":{"pkg":34.47857666015625,"pp0":0,"dram":4.05560302734375},"cycles":28652362263}
{"runtime":432,"energy":{"pkg":34.385986328125,"pp0":0,"dram":4.03515625},"cycles":28619915814}
{"runtime":393,"energy":{"pkg":32.8004150390625,"pp0":0,"dram":3.72344970703125},"cycles":26132187354}
{"runtime":396,"energy":{"pkg":33.11639404296875,"pp0":0,"dram":3.73028564453125},"cycles":26252698542}
{"runtime":435,"energy":{"pkg":34.8798828125,"pp0":0,"dram":4.07513427734375},"cycles":28743777657}
{"runtime":393,"energy":{"pkg":32.748779296875,"pp0":0,"dram":3.7105712890625},"cycles":26121062352}
{"runtime":394,"energy":{"pkg":33.18890380859375,"pp0":0,"dram":3.67041015625},"cycles":26203970331}
{"runtime":436,"energy":{"pkg":34.96746826171875,"pp0":0,"dram":4.108642578125},"cycles":28749298809}
{"runtime":399,"energy":{"pkg":33.163818359375,"pp0":0,"dram":3.711181640625},"cycles":26231000502}
{"runtime":394,"energy":{"pkg":32.9183349609375,"pp0":0,"dram":3.69854736328125},"cycles":26201395542}
{"runtime":431,"energy":{"pkg":34.4658203125,"pp0":0,"dram":4.05523681640625},"cycles":28582479849}
{"runtime":393,"energy":{"pkg":32.851806640625,"pp0":0,"dram":3.7327880859375},"cycles":26090244222}
{"runtime":394,"energy":{"pkg":33.2547607421875,"pp0":0,"dram":3.7554931640625},"cycles":26180276031}
{"runtime":432,"energy":{"pkg":34.66552734375,"pp0":0,"dram":4.081787109375},"cycles":28631387967}
{"runtime":393,"energy":{"pkg":32.8848876953125,"pp0":0,"dram":3.719970703125},"cycles":26121410196}
{"runtime":394,"energy":{"pkg":33.1845703125,"pp0":0,"dram":3.73907470703125},"cycles":26141194800}
{"runtime":432,"energy":{"pkg":34.53173828125,"pp0":0,"dram":4.055419921875},"cycles":28630654038}
{"runtime":395,"energy":{"pkg":32.9339599609375,"pp0":0,"dram":3.74951171875},"cycles":26218420368}
{"runtime":394,"energy":{"pkg":33.0714111328125,"pp0":0,"dram":3.71636962890625},"cycles":26202507345}
{"runtime":432,"energy":{"pkg":34.46875,"pp0":0,"dram":4.08587646484375},"cycles":28619981019}
