{"runtime":3980,"energy":{"pkg":153.4964599609375,"pp0":0,"dram":29.39404296875},"cycles":8330036043}
{"runtime":3979,"energy":{"pkg":153.25860595703125,"pp0":0,"dram":29.36358642578125},"cycles":8329339473}
{"runtime":3632,"energy":{"pkg":143.19146728515625,"pp0":0,"dram":26.7664794921875},"cycles":7600461855}
{"runtime":3673,"energy":{"pkg":144.14971923828125,"pp0":0,"dram":26.95831298828125},"cycles":7688637411}
{"runtime":4221,"energy":{"pkg":153.633056640625,"pp0":0,"dram":31.16607666015625},"cycles":8838564819}
{"runtime":3680,"energy":{"pkg":144.2652587890625,"pp0":0,"dram":27.1689453125},"cycles":7700524461}
{"runtime":4535,"energy":{"pkg":159.4976806640625,"pp0":0,"dram":33.50958251953125},"cycles":9491519016}
{"runtime":4601,"energy":{"pkg":160.87567138671875,"pp0":0,"dram":33.9539794921875},"cycles":9627932916}
{"runtime":3631,"energy":{"pkg":143.05889892578125,"pp0":0,"dram":26.63043212890625},"cycles":7599550434}
{"runtime":3627,"energy":{"pkg":142.78662109375,"pp0":0,"dram":26.76922607421875},"cycles":7592072334}
{"runtime":3631,"energy":{"pkg":142.91668701171875,"pp0":0,"dram":26.95928955078125},"cycles":7598038728}
{"runtime":3790,"energy":{"pkg":147.52972412109375,"pp0":0,"dram":28.00164794921875},"cycles":7928958366}
{"runtime":3628,"energy":{"pkg":142.67388916015625,"pp0":0,"dram":26.8780517578125},"cycles":7590527511}
{"runtime":3931,"energy":{"pkg":151.63232421875,"pp0":0,"dram":29.1107177734375},"cycles":8227944081}
{"runtime":4590,"energy":{"pkg":159.1429443359375,"pp0":0,"dram":33.842529296875},"cycles":9606423015}
{"runtime":3677,"energy":{"pkg":142.65887451171875,"pp0":0,"dram":27.16082763671875},"cycles":7697556153}
{"runtime":4627,"energy":{"pkg":160.27508544921875,"pp0":0,"dram":34.1690673828125},"cycles":9686594295}
{"runtime":3672,"energy":{"pkg":141.89453125,"pp0":0,"dram":27.18194580078125},"cycles":7687106448}
{"runtime":4323,"energy":{"pkg":154.58123779296875,"pp0":0,"dram":31.93646240234375},"cycles":9048161451}
{"runtime":3977,"energy":{"pkg":151.80816650390625,"pp0":0,"dram":29.49603271484375},"cycles":8324986257}
{"runtime":3984,"energy":{"pkg":151.09063720703125,"pp0":0,"dram":29.302734375},"cycles":8339460045}
