{"runtime":1393,"energy":{"pkg":40.7646484375,"pp0":0,"dram":10.34320068359375},"cycles":2915243121}
{"runtime":1394,"energy":{"pkg":40.73486328125,"pp0":0,"dram":10.3809814453125},"cycles":2916644052}
{"runtime":1394,"energy":{"pkg":40.52923583984375,"pp0":0,"dram":10.3446044921875},"cycles":2917034421}
{"runtime":1394,"energy":{"pkg":40.7452392578125,"pp0":0,"dram":10.39678955078125},"cycles":2915951556}
{"runtime":1054,"energy":{"pkg":34.90838623046875,"pp0":0,"dram":7.809814453125},"cycles":2207052666}
{"runtime":776,"energy":{"pkg":30.33123779296875,"pp0":0,"dram":5.80828857421875},"cycles":1624253022}
{"runtime":998,"energy":{"pkg":37.1287841796875,"pp0":0,"dram":7.43621826171875},"cycles":2088445191}
{"runtime":1393,"energy":{"pkg":41.01409912109375,"pp0":0,"dram":10.3914794921875},"cycles":2914500603}
{"runtime":1391,"energy":{"pkg":40.51641845703125,"pp0":0,"dram":10.397705078125},"cycles":2911137306}
{"runtime":1154,"energy":{"pkg":35.77447509765625,"pp0":0,"dram":8.64691162109375},"cycles":2415806946}
{"runtime":1033,"energy":{"pkg":36.9591064453125,"pp0":0,"dram":8.10638427734375},"cycles":2162583822}
{"runtime":1118,"energy":{"pkg":35.58740234375,"pp0":0,"dram":8.35400390625},"cycles":2342056332}
{"runtime":1392,"energy":{"pkg":40.6666259765625,"pp0":0,"dram":10.35015869140625},"cycles":2912823564}
{"runtime":1056,"energy":{"pkg":35.34515380859375,"pp0":0,"dram":7.98272705078125},"cycles":2211702633}
{"runtime":777,"energy":{"pkg":30.2781982421875,"pp0":0,"dram":5.81524658203125},"cycles":1625514660}
{"runtime":780,"energy":{"pkg":30.26617431640625,"pp0":0,"dram":5.74041748046875},"cycles":1630164837}
{"runtime":1113,"energy":{"pkg":35.56866455078125,"pp0":0,"dram":8.28582763671875},"cycles":2329560870}
{"runtime":1033,"energy":{"pkg":37.3643798828125,"pp0":0,"dram":7.71697998046875},"cycles":2163855813}
{"runtime":868,"energy":{"pkg":32.4759521484375,"pp0":0,"dram":6.57501220703125},"cycles":1817965716}
{"runtime":1390,"energy":{"pkg":40.87835693359375,"pp0":0,"dram":10.373291015625},"cycles":2908485531}
{"runtime":1047,"energy":{"pkg":35.19122314453125,"pp0":0,"dram":7.82879638671875},"cycles":2193416925}
