{"runtime":1338,"energy":{"pkg":55.4512939453125,"pp0":0,"dram":14.17529296875},"cycles":11798835363}
{"runtime":1324,"energy":{"pkg":57.1600341796875,"pp0":0,"dram":13.2821044921875},"cycles":10937151750}
{"runtime":1022,"energy":{"pkg":49.43402099609375,"pp0":0,"dram":10.77496337890625},"cycles":9096114783}
{"runtime":1348,"energy":{"pkg":60.291748046875,"pp0":0,"dram":13.82537841796875},"cycles":10684851387}
{"runtime":1222,"energy":{"pkg":54.6845703125,"pp0":0,"dram":12.40093994140625},"cycles":9845841600}
{"runtime":1341,"energy":{"pkg":58.46746826171875,"pp0":0,"dram":13.3692626953125},"cycles":9984898329}
{"runtime":1441,"energy":{"pkg":56.3375244140625,"pp0":0,"dram":14.4766845703125},"cycles":12268492404}
{"runtime":1444,"energy":{"pkg":51.56243896484375,"pp0":0,"dram":14.5897216796875},"cycles":12773841591}
{"runtime":1305,"energy":{"pkg":55.61468505859375,"pp0":0,"dram":13.34722900390625},"cycles":12137919339}
{"runtime":1254,"energy":{"pkg":54.21893310546875,"pp0":0,"dram":12.90753173828125},"cycles":11802287658}
{"runtime":1071,"energy":{"pkg":46.777099609375,"pp0":0,"dram":10.57965087890625},"cycles":10110909648}
{"runtime":1243,"energy":{"pkg":55.22332763671875,"pp0":0,"dram":12.73236083984375},"cycles":11048503788}
{"runtime":1213,"energy":{"pkg":54.4500732421875,"pp0":0,"dram":12.25732421875},"cycles":9859261125}
{"runtime":1427,"energy":{"pkg":56.47808837890625,"pp0":0,"dram":15.492919921875},"cycles":12354050037}
{"runtime":1279,"energy":{"pkg":53.52630615234375,"pp0":0,"dram":13.05859375},"cycles":12140498370}
{"runtime":1445,"energy":{"pkg":55.020751953125,"pp0":0,"dram":14.31805419921875},"cycles":11775100533}
{"runtime":1582,"energy":{"pkg":59.65863037109375,"pp0":0,"dram":15.696044921875},"cycles":12494700729}
{"runtime":1367,"energy":{"pkg":59.902587890625,"pp0":0,"dram":13.508544921875},"cycles":10044039243}
{"runtime":1109,"energy":{"pkg":51.43359375,"pp0":0,"dram":11.3385009765625},"cycles":9491989080}
{"runtime":1075,"energy":{"pkg":50.7276611328125,"pp0":0,"dram":11.55816650390625},"cycles":9354999738}
{"runtime":1221,"energy":{"pkg":55.89019775390625,"pp0":0,"dram":12.37237548828125},"cycles":10264721376}
