{"runtime":27402,"energy":{"pkg":272.6041259765625,"pp0":143.37664794921875,"pp1":6.1768798828125,"dram":0},"perf_counters":{"PERF_COUNT_HW_REF_CPU_CYCLES":542937962455,"PERF_COUNT_HW_BRANCH_INSTRUCTIONS":86314338460,"PERF_COUNT_HW_CACHE_MISSES":285308232,"PERF_COUNT_HW_INSTRUCTIONS":432209061902,"PERF_COUNT_HW_BRANCH_MISSES":123506577,"PERF_COUNT_HW_CACHE_REFERENCES":666896824,"PERF_COUNT_HW_CPU_CYCLES":223564004568}}
{"runtime":27356,"energy":{"pkg":272.6773681640625,"pp0":143.50042724609375,"pp1":6.435546875,"dram":0},"perf_counters":{"PERF_COUNT_HW_REF_CPU_CYCLES":543037224424,"PERF_COUNT_HW_BRANCH_INSTRUCTIONS":86345949759,"PERF_COUNT_HW_CACHE_MISSES":285961126,"PERF_COUNT_HW_INSTRUCTIONS":432424950839,"PERF_COUNT_HW_BRANCH_MISSES":123808626,"PERF_COUNT_HW_CACHE_REFERENCES":651519515,"PERF_COUNT_HW_CPU_CYCLES":223256941007}}
{"runtime":27307,"energy":{"pkg":271.4559326171875,"pp0":142.70391845703125,"pp1":6.1636962890625,"dram":0},"perf_counters":{"PERF_COUNT_HW_REF_CPU_CYCLES":540830276525,"PERF_COUNT_HW_BRANCH_INSTRUCTIONS":86258352670,"PERF_COUNT_HW_CACHE_MISSES":283813818,"PERF_COUNT_HW_INSTRUCTIONS":431896475741,"PERF_COUNT_HW_BRANCH_MISSES":122895849,"PERF_COUNT_HW_CACHE_REFERENCES":661286918,"PERF_COUNT_HW_CPU_CYCLES":222782365245}}
{"runtime":27452,"energy":{"pkg":273.32098388671875,"pp0":143.83990478515625,"pp1":6.353759765625,"dram":0},"perf_counters":{"PERF_COUNT_HW_REF_CPU_CYCLES":543301178700,"PERF_COUNT_HW_BRANCH_INSTRUCTIONS":86246089856,"PERF_COUNT_HW_CACHE_MISSES":285776792,"PERF_COUNT_HW_INSTRUCTIONS":431832327483,"PERF_COUNT_HW_BRANCH_MISSES":123199680,"PERF_COUNT_HW_CACHE_REFERENCES":660897070,"PERF_COUNT_HW_CPU_CYCLES":223025457827}}
{"runtime":27288,"energy":{"pkg":271.7265625,"pp0":143.32318115234375,"pp1":5.924560546875,"dram":0},"perf_counters":{"PERF_COUNT_HW_REF_CPU_CYCLES":540521084733,"PERF_COUNT_HW_BRANCH_INSTRUCTIONS":86206409426,"PERF_COUNT_HW_CACHE_MISSES":284794295,"PERF_COUNT_HW_INSTRUCTIONS":431640894136,"PERF_COUNT_HW_BRANCH_MISSES":122768384,"PERF_COUNT_HW_CACHE_REFERENCES":665418800,"PERF_COUNT_HW_CPU_CYCLES":223445980351}}
{"runtime":27359,"energy":{"pkg":272.567138671875,"pp0":143.60302734375,"pp1":6.227294921875,"dram":0},"perf_counters":{"PERF_COUNT_HW_REF_CPU_CYCLES":543442933166,"PERF_COUNT_HW_BRANCH_INSTRUCTIONS":86540264219,"PERF_COUNT_HW_CACHE_MISSES":287132559,"PERF_COUNT_HW_INSTRUCTIONS":433380243116,"PERF_COUNT_HW_BRANCH_MISSES":123724366,"PERF_COUNT_HW_CACHE_REFERENCES":666827010,"PERF_COUNT_HW_CPU_CYCLES":223818499858}}
{"runtime":27267,"energy":{"pkg":271.29730224609375,"pp0":143.07861328125,"pp1":5.95947265625,"dram":0},"perf_counters":{"PERF_COUNT_HW_REF_CPU_CYCLES":540872032087,"PERF_COUNT_HW_BRANCH_INSTRUCTIONS":86315317004,"PERF_COUNT_HW_CACHE_MISSES":284485746,"PERF_COUNT_HW_INSTRUCTIONS":432215876628,"PERF_COUNT_HW_BRANCH_MISSES":123179197,"PERF_COUNT_HW_CACHE_REFERENCES":664688134,"PERF_COUNT_HW_CPU_CYCLES":223021176255}}
{"runtime":27339,"energy":{"pkg":271.81689453125,"pp0":143.250732421875,"pp1":6.0394287109375,"dram":0},"perf_counters":{"PERF_COUNT_HW_REF_CPU_CYCLES":540914904914,"PERF_COUNT_HW_BRANCH_INSTRUCTIONS":86333920247,"PERF_COUNT_HW_CACHE_MISSES":286633662,"PERF_COUNT_HW_INSTRUCTIONS":432329040937,"PERF_COUNT_HW_BRANCH_MISSES":123451405,"PERF_COUNT_HW_CACHE_REFERENCES":665712462,"PERF_COUNT_HW_CPU_CYCLES":223246716137}}
{"runtime":27251,"energy":{"pkg":271.40472412109375,"pp0":143.12896728515625,"pp1":6.0301513671875,"dram":0},"perf_counters":{"PERF_COUNT_HW_REF_CPU_CYCLES":541496089085,"PERF_COUNT_HW_BRANCH_INSTRUCTIONS":86310374246,"PERF_COUNT_HW_CACHE_MISSES":284980643,"PERF_COUNT_HW_INSTRUCTIONS":432151994998,"PERF_COUNT_HW_BRANCH_MISSES":123206433,"PERF_COUNT_HW_CACHE_REFERENCES":664062946,"PERF_COUNT_HW_CPU_CYCLES":223119522704}}
{"runtime":27426,"energy":{"pkg":272.99560546875,"pp0":143.51300048828125,"pp1":6.470703125,"dram":0},"perf_counters":{"PERF_COUNT_HW_REF_CPU_CYCLES":542916760773,"PERF_COUNT_HW_BRANCH_INSTRUCTIONS":86330985991,"PERF_COUNT_HW_CACHE_MISSES":284429755,"PERF_COUNT_HW_INSTRUCTIONS":432306843686,"PERF_COUNT_HW_BRANCH_MISSES":123648814,"PERF_COUNT_HW_CACHE_REFERENCES":666015567,"PERF_COUNT_HW_CPU_CYCLES":223772681109}}
{"runtime":27322,"energy":{"pkg":271.9251708984375,"pp0":143.28240966796875,"pp1":6.1043701171875,"dram":0},"perf_counters":{"PERF_COUNT_HW_REF_CPU_CYCLES":540348564052,"PERF_COUNT_HW_BRANCH_INSTRUCTIONS":86284350596,"PERF_COUNT_HW_CACHE_MISSES":284145293,"PERF_COUNT_HW_INSTRUCTIONS":432054695911,"PERF_COUNT_HW_BRANCH_MISSES":123330052,"PERF_COUNT_HW_CACHE_REFERENCES":666142723,"PERF_COUNT_HW_CPU_CYCLES":222971507741}}
