{"runtime":20275,"energy":{"pkg":201.82867431640625,"pp0":109.187255859375,"pp1":3.95556640625,"dram":0},"perf_counters":{"PERF_COUNT_HW_REF_CPU_CYCLES":227220799735,"PERF_COUNT_HW_BRANCH_INSTRUCTIONS":49980225586,"PERF_COUNT_HW_CACHE_MISSES":1085528,"PERF_COUNT_HW_INSTRUCTIONS":251360294072,"PERF_COUNT_HW_BRANCH_MISSES":2028874908,"PERF_COUNT_HW_CACHE_REFERENCES":5052750,"PERF_COUNT_HW_CPU_CYCLES":108033942871}}
{"runtime":20282,"energy":{"pkg":201.80438232421875,"pp0":108.7864990234375,"pp1":4.1580810546875,"dram":0},"perf_counters":{"PERF_COUNT_HW_REF_CPU_CYCLES":227016592820,"PERF_COUNT_HW_BRANCH_INSTRUCTIONS":49980074684,"PERF_COUNT_HW_CACHE_MISSES":1077798,"PERF_COUNT_HW_INSTRUCTIONS":251359560877,"PERF_COUNT_HW_BRANCH_MISSES":2020293280,"PERF_COUNT_HW_CACHE_REFERENCES":5079446,"PERF_COUNT_HW_CPU_CYCLES":107731881553}}
{"runtime":20237,"energy":{"pkg":201.55792236328125,"pp0":108.920654296875,"pp1":4.0218505859375,"dram":0},"perf_counters":{"PERF_COUNT_HW_REF_CPU_CYCLES":226772714931,"PERF_COUNT_HW_BRANCH_INSTRUCTIONS":49980037959,"PERF_COUNT_HW_CACHE_MISSES":1027213,"PERF_COUNT_HW_INSTRUCTIONS":251359276559,"PERF_COUNT_HW_BRANCH_MISSES":2021739169,"PERF_COUNT_HW_CACHE_REFERENCES":5039533,"PERF_COUNT_HW_CPU_CYCLES":107725520748}}
{"runtime":20266,"energy":{"pkg":201.708740234375,"pp0":108.86578369140625,"pp1":4.0606689453125,"dram":0},"perf_counters":{"PERF_COUNT_HW_REF_CPU_CYCLES":227013882038,"PERF_COUNT_HW_BRANCH_INSTRUCTIONS":49980112234,"PERF_COUNT_HW_CACHE_MISSES":1007353,"PERF_COUNT_HW_INSTRUCTIONS":251359765890,"PERF_COUNT_HW_BRANCH_MISSES":2020051728,"PERF_COUNT_HW_CACHE_REFERENCES":4870325,"PERF_COUNT_HW_CPU_CYCLES":107735928637}}
{"runtime":20254,"energy":{"pkg":201.65692138671875,"pp0":108.6046142578125,"pp1":4.3616943359375,"dram":0},"perf_counters":{"PERF_COUNT_HW_REF_CPU_CYCLES":226927924830,"PERF_COUNT_HW_BRANCH_INSTRUCTIONS":49980231260,"PERF_COUNT_HW_CACHE_MISSES":1004567,"PERF_COUNT_HW_INSTRUCTIONS":251360246607,"PERF_COUNT_HW_BRANCH_MISSES":2021156813,"PERF_COUNT_HW_CACHE_REFERENCES":5017906,"PERF_COUNT_HW_CPU_CYCLES":107738425014}}
{"runtime":20275,"energy":{"pkg":201.8472900390625,"pp0":108.91986083984375,"pp1":4.1519775390625,"dram":0},"perf_counters":{"PERF_COUNT_HW_REF_CPU_CYCLES":227242855079,"PERF_COUNT_HW_BRANCH_INSTRUCTIONS":49980082651,"PERF_COUNT_HW_CACHE_MISSES":1062233,"PERF_COUNT_HW_INSTRUCTIONS":251359458177,"PERF_COUNT_HW_BRANCH_MISSES":2024997114,"PERF_COUNT_HW_CACHE_REFERENCES":5090072,"PERF_COUNT_HW_CPU_CYCLES":107909982201}}
{"runtime":20269,"energy":{"pkg":201.75347900390625,"pp0":108.96551513671875,"pp1":4.051513671875,"dram":0},"perf_counters":{"PERF_COUNT_HW_REF_CPU_CYCLES":227028629717,"PERF_COUNT_HW_BRANCH_INSTRUCTIONS":49980165306,"PERF_COUNT_HW_CACHE_MISSES":1067221,"PERF_COUNT_HW_INSTRUCTIONS":251359959209,"PERF_COUNT_HW_BRANCH_MISSES":2024987129,"PERF_COUNT_HW_CACHE_REFERENCES":5028584,"PERF_COUNT_HW_CPU_CYCLES":107963357564}}
{"runtime":20316,"energy":{"pkg":202.27362060546875,"pp0":108.91070556640625,"pp1":4.3575439453125,"dram":0},"perf_counters":{"PERF_COUNT_HW_REF_CPU_CYCLES":227645635207,"PERF_COUNT_HW_BRANCH_INSTRUCTIONS":49980316506,"PERF_COUNT_HW_CACHE_MISSES":1043320,"PERF_COUNT_HW_INSTRUCTIONS":251360849783,"PERF_COUNT_HW_BRANCH_MISSES":2025016825,"PERF_COUNT_HW_CACHE_REFERENCES":5069386,"PERF_COUNT_HW_CPU_CYCLES":107936264689}}
{"runtime":20310,"energy":{"pkg":202.157958984375,"pp0":109.011962890625,"pp1":4.1409912109375,"dram":0},"perf_counters":{"PERF_COUNT_HW_REF_CPU_CYCLES":227530758684,"PERF_COUNT_HW_BRANCH_INSTRUCTIONS":49980399406,"PERF_COUNT_HW_CACHE_MISSES":1125483,"PERF_COUNT_HW_INSTRUCTIONS":251361303889,"PERF_COUNT_HW_BRANCH_MISSES":2025773549,"PERF_COUNT_HW_CACHE_REFERENCES":5226753,"PERF_COUNT_HW_CPU_CYCLES":107944979496}}
{"runtime":20297,"energy":{"pkg":202.0914306640625,"pp0":108.966796875,"pp1":4.1993408203125,"dram":0},"perf_counters":{"PERF_COUNT_HW_REF_CPU_CYCLES":227498417275,"PERF_COUNT_HW_BRANCH_INSTRUCTIONS":49980460946,"PERF_COUNT_HW_CACHE_MISSES":1062649,"PERF_COUNT_HW_INSTRUCTIONS":251361562738,"PERF_COUNT_HW_BRANCH_MISSES":2024050633,"PERF_COUNT_HW_CACHE_REFERENCES":5184089,"PERF_COUNT_HW_CPU_CYCLES":107910869004}}
{"runtime":20293,"energy":{"pkg":202.0189208984375,"pp0":109.15966796875,"pp1":3.968017578125,"dram":0},"perf_counters":{"PERF_COUNT_HW_REF_CPU_CYCLES":227351545801,"PERF_COUNT_HW_BRANCH_INSTRUCTIONS":49980253098,"PERF_COUNT_HW_CACHE_MISSES":1107129,"PERF_COUNT_HW_INSTRUCTIONS":251360486656,"PERF_COUNT_HW_BRANCH_MISSES":2026008068,"PERF_COUNT_HW_CACHE_REFERENCES":5118861,"PERF_COUNT_HW_CPU_CYCLES":108112862982}}
