{"runtime":11565,"energy":{"pkg":115.73138427734375,"pp0":61.54840087890625,"pp1":2.5068359375,"dram":0},"perf_counters":{"PERF_COUNT_HW_REF_CPU_CYCLES":179241625509,"PERF_COUNT_HW_BRANCH_INSTRUCTIONS":19715922535,"PERF_COUNT_HW_CACHE_MISSES":54094854,"PERF_COUNT_HW_INSTRUCTIONS":96120002042,"PERF_COUNT_HW_BRANCH_MISSES":808737699,"PERF_COUNT_HW_CACHE_REFERENCES":792472755,"PERF_COUNT_HW_CPU_CYCLES":78679450036}}
{"runtime":11437,"energy":{"pkg":113.91278076171875,"pp0":60.153076171875,"pp1":2.5538330078125,"dram":0},"perf_counters":{"PERF_COUNT_HW_REF_CPU_CYCLES":184165856204,"PERF_COUNT_HW_BRANCH_INSTRUCTIONS":19604138177,"PERF_COUNT_HW_CACHE_MISSES":56027982,"PERF_COUNT_HW_INSTRUCTIONS":95676546279,"PERF_COUNT_HW_BRANCH_MISSES":804310758,"PERF_COUNT_HW_CACHE_REFERENCES":846577766,"PERF_COUNT_HW_CPU_CYCLES":78760143119}}
{"runtime":11424,"energy":{"pkg":113.59466552734375,"pp0":60.1451416015625,"pp1":2.3690185546875,"dram":0},"perf_counters":{"PERF_COUNT_HW_REF_CPU_CYCLES":183461898224,"PERF_COUNT_HW_BRANCH_INSTRUCTIONS":19572486519,"PERF_COUNT_HW_CACHE_MISSES":53316218,"PERF_COUNT_HW_INSTRUCTIONS":95543741818,"PERF_COUNT_HW_BRANCH_MISSES":814235181,"PERF_COUNT_HW_CACHE_REFERENCES":829542834,"PERF_COUNT_HW_CPU_CYCLES":78898860268}}
{"runtime":11692,"energy":{"pkg":115.95635986328125,"pp0":60.81646728515625,"pp1":2.8768310546875,"dram":0},"perf_counters":{"PERF_COUNT_HW_REF_CPU_CYCLES":182878977383,"PERF_COUNT_HW_BRANCH_INSTRUCTIONS":19711933202,"PERF_COUNT_HW_CACHE_MISSES":54320107,"PERF_COUNT_HW_INSTRUCTIONS":96112085681,"PERF_COUNT_HW_BRANCH_MISSES":807807430,"PERF_COUNT_HW_CACHE_REFERENCES":772281994,"PERF_COUNT_HW_CPU_CYCLES":79556967854}}
{"runtime":11500,"energy":{"pkg":114.44512939453125,"pp0":60.46734619140625,"pp1":2.5078125,"dram":0},"perf_counters":{"PERF_COUNT_HW_REF_CPU_CYCLES":180822788719,"PERF_COUNT_HW_BRANCH_INSTRUCTIONS":19641958063,"PERF_COUNT_HW_CACHE_MISSES":52752523,"PERF_COUNT_HW_INSTRUCTIONS":95820557890,"PERF_COUNT_HW_BRANCH_MISSES":814561308,"PERF_COUNT_HW_CACHE_REFERENCES":792051900,"PERF_COUNT_HW_CPU_CYCLES":79213953774}}
{"runtime":11673,"energy":{"pkg":116.220947265625,"pp0":61.3592529296875,"pp1":2.6578369140625,"dram":0},"perf_counters":{"PERF_COUNT_HW_REF_CPU_CYCLES":180607776490,"PERF_COUNT_HW_BRANCH_INSTRUCTIONS":19636825547,"PERF_COUNT_HW_CACHE_MISSES":55605519,"PERF_COUNT_HW_INSTRUCTIONS":95801840869,"PERF_COUNT_HW_BRANCH_MISSES":808873578,"PERF_COUNT_HW_CACHE_REFERENCES":808051951,"PERF_COUNT_HW_CPU_CYCLES":78759761390}}
{"runtime":11549,"energy":{"pkg":115.4307861328125,"pp0":61.3544921875,"pp1":2.4744873046875,"dram":0},"perf_counters":{"PERF_COUNT_HW_REF_CPU_CYCLES":177532713175,"PERF_COUNT_HW_BRANCH_INSTRUCTIONS":19723684253,"PERF_COUNT_HW_CACHE_MISSES":51514736,"PERF_COUNT_HW_INSTRUCTIONS":96146950602,"PERF_COUNT_HW_BRANCH_MISSES":795802443,"PERF_COUNT_HW_CACHE_REFERENCES":739201409,"PERF_COUNT_HW_CPU_CYCLES":77777925289}}
{"runtime":11606,"energy":{"pkg":114.92437744140625,"pp0":60.69415283203125,"pp1":2.241943359375,"dram":0},"perf_counters":{"PERF_COUNT_HW_REF_CPU_CYCLES":183504390867,"PERF_COUNT_HW_BRANCH_INSTRUCTIONS":19674347142,"PERF_COUNT_HW_CACHE_MISSES":54203079,"PERF_COUNT_HW_INSTRUCTIONS":95954876637,"PERF_COUNT_HW_BRANCH_MISSES":823087051,"PERF_COUNT_HW_CACHE_REFERENCES":813622940,"PERF_COUNT_HW_CPU_CYCLES":79281271538}}
{"runtime":11520,"energy":{"pkg":115.20745849609375,"pp0":61.23248291015625,"pp1":2.486572265625,"dram":0},"perf_counters":{"PERF_COUNT_HW_REF_CPU_CYCLES":179742344627,"PERF_COUNT_HW_BRANCH_INSTRUCTIONS":19661462498,"PERF_COUNT_HW_CACHE_MISSES":51272310,"PERF_COUNT_HW_INSTRUCTIONS":95899784924,"PERF_COUNT_HW_BRANCH_MISSES":800063484,"PERF_COUNT_HW_CACHE_REFERENCES":798259020,"PERF_COUNT_HW_CPU_CYCLES":77846428870}}
{"runtime":11732,"energy":{"pkg":116.828369140625,"pp0":61.8487548828125,"pp1":2.485107421875,"dram":0},"perf_counters":{"PERF_COUNT_HW_REF_CPU_CYCLES":182969682949,"PERF_COUNT_HW_BRANCH_INSTRUCTIONS":19647246117,"PERF_COUNT_HW_CACHE_MISSES":59262607,"PERF_COUNT_HW_INSTRUCTIONS":95845282627,"PERF_COUNT_HW_BRANCH_MISSES":818164613,"PERF_COUNT_HW_CACHE_REFERENCES":774774004,"PERF_COUNT_HW_CPU_CYCLES":79872214084}}
{"runtime":11628,"energy":{"pkg":115.66302490234375,"pp0":60.9580078125,"pp1":2.74267578125,"dram":0},"perf_counters":{"PERF_COUNT_HW_REF_CPU_CYCLES":182427692405,"PERF_COUNT_HW_BRANCH_INSTRUCTIONS":19738882646,"PERF_COUNT_HW_CACHE_MISSES":51532142,"PERF_COUNT_HW_INSTRUCTIONS":96210937281,"PERF_COUNT_HW_BRANCH_MISSES":804253890,"PERF_COUNT_HW_CACHE_REFERENCES":774894530,"PERF_COUNT_HW_CPU_CYCLES":78709406076}}
