{"runtime":4308,"energy":{"pkg":43.18243408203125,"pp0":23.2471923828125,"pp1":0.820556640625,"dram":0},"perf_counters":{"PERF_COUNT_HW_REF_CPU_CYCLES":12087487095,"PERF_COUNT_HW_BRANCH_INSTRUCTIONS":2302537384,"PERF_COUNT_HW_CACHE_MISSES":123466,"PERF_COUNT_HW_INSTRUCTIONS":36214349971,"PERF_COUNT_HW_BRANCH_MISSES":111174,"PERF_COUNT_HW_CACHE_REFERENCES":984219,"PERF_COUNT_HW_CPU_CYCLES":12455348746}}
{"runtime":4330,"energy":{"pkg":43.25762939453125,"pp0":23.25384521484375,"pp1":0.8883056640625,"dram":0},"perf_counters":{"PERF_COUNT_HW_REF_CPU_CYCLES":12148933531,"PERF_COUNT_HW_BRANCH_INSTRUCTIONS":2302557064,"PERF_COUNT_HW_CACHE_MISSES":152747,"PERF_COUNT_HW_INSTRUCTIONS":36214471568,"PERF_COUNT_HW_BRANCH_MISSES":114290,"PERF_COUNT_HW_CACHE_REFERENCES":1068678,"PERF_COUNT_HW_CPU_CYCLES":12512245386}}
{"runtime":4338,"energy":{"pkg":43.25860595703125,"pp0":23.3145751953125,"pp1":0.77294921875,"dram":0},"perf_counters":{"PERF_COUNT_HW_REF_CPU_CYCLES":12170856453,"PERF_COUNT_HW_BRANCH_INSTRUCTIONS":2302588733,"PERF_COUNT_HW_CACHE_MISSES":136889,"PERF_COUNT_HW_INSTRUCTIONS":36214636291,"PERF_COUNT_HW_BRANCH_MISSES":109334,"PERF_COUNT_HW_CACHE_REFERENCES":988306,"PERF_COUNT_HW_CPU_CYCLES":12478074804}}
{"runtime":4360,"energy":{"pkg":43.43756103515625,"pp0":23.1695556640625,"pp1":0.932861328125,"dram":0},"perf_counters":{"PERF_COUNT_HW_REF_CPU_CYCLES":12230663966,"PERF_COUNT_HW_BRANCH_INSTRUCTIONS":2302588790,"PERF_COUNT_HW_CACHE_MISSES":110815,"PERF_COUNT_HW_INSTRUCTIONS":36214614470,"PERF_COUNT_HW_BRANCH_MISSES":112630,"PERF_COUNT_HW_CACHE_REFERENCES":940457,"PERF_COUNT_HW_CPU_CYCLES":12433628096}}
{"runtime":4348,"energy":{"pkg":43.302978515625,"pp0":23.25018310546875,"pp1":0.8309326171875,"dram":0},"perf_counters":{"PERF_COUNT_HW_REF_CPU_CYCLES":12198196924,"PERF_COUNT_HW_BRANCH_INSTRUCTIONS":2302567582,"PERF_COUNT_HW_CACHE_MISSES":108990,"PERF_COUNT_HW_INSTRUCTIONS":36214521705,"PERF_COUNT_HW_BRANCH_MISSES":107381,"PERF_COUNT_HW_CACHE_REFERENCES":931538,"PERF_COUNT_HW_CPU_CYCLES":12432663343}}
{"runtime":4353,"energy":{"pkg":43.32867431640625,"pp0":23.18182373046875,"pp1":0.8746337890625,"dram":0},"perf_counters":{"PERF_COUNT_HW_REF_CPU_CYCLES":12212409586,"PERF_COUNT_HW_BRANCH_INSTRUCTIONS":2302548828,"PERF_COUNT_HW_CACHE_MISSES":114478,"PERF_COUNT_HW_INSTRUCTIONS":36214414386,"PERF_COUNT_HW_BRANCH_MISSES":110020,"PERF_COUNT_HW_CACHE_REFERENCES":922306,"PERF_COUNT_HW_CPU_CYCLES":12435808619}}
{"runtime":4366,"energy":{"pkg":43.40740966796875,"pp0":23.17242431640625,"pp1":0.910400390625,"dram":0},"perf_counters":{"PERF_COUNT_HW_REF_CPU_CYCLES":12248331353,"PERF_COUNT_HW_BRANCH_INSTRUCTIONS":2302554236,"PERF_COUNT_HW_CACHE_MISSES":109615,"PERF_COUNT_HW_INSTRUCTIONS":36214459135,"PERF_COUNT_HW_BRANCH_MISSES":108091,"PERF_COUNT_HW_CACHE_REFERENCES":938193,"PERF_COUNT_HW_CPU_CYCLES":12428206558}}
{"runtime":4312,"energy":{"pkg":42.893310546875,"pp0":23.0804443359375,"pp1":0.8453369140625,"dram":0},"perf_counters":{"PERF_COUNT_HW_REF_CPU_CYCLES":12098394901,"PERF_COUNT_HW_BRANCH_INSTRUCTIONS":2302538406,"PERF_COUNT_HW_CACHE_MISSES":127630,"PERF_COUNT_HW_INSTRUCTIONS":36214349172,"PERF_COUNT_HW_BRANCH_MISSES":115036,"PERF_COUNT_HW_CACHE_REFERENCES":1017785,"PERF_COUNT_HW_CPU_CYCLES":12470943839}}
{"runtime":4344,"energy":{"pkg":43.23028564453125,"pp0":23.16949462890625,"pp1":0.9105224609375,"dram":0},"perf_counters":{"PERF_COUNT_HW_REF_CPU_CYCLES":12187500015,"PERF_COUNT_HW_BRANCH_INSTRUCTIONS":2302533673,"PERF_COUNT_HW_CACHE_MISSES":128936,"PERF_COUNT_HW_INSTRUCTIONS":36214337807,"PERF_COUNT_HW_BRANCH_MISSES":111921,"PERF_COUNT_HW_CACHE_REFERENCES":1013207,"PERF_COUNT_HW_CPU_CYCLES":12465674832}}
{"runtime":4359,"energy":{"pkg":43.392333984375,"pp0":23.2850341796875,"pp1":0.8524169921875,"dram":0},"perf_counters":{"PERF_COUNT_HW_REF_CPU_CYCLES":12227327063,"PERF_COUNT_HW_BRANCH_INSTRUCTIONS":2302561098,"PERF_COUNT_HW_CACHE_MISSES":106743,"PERF_COUNT_HW_INSTRUCTIONS":36214476279,"PERF_COUNT_HW_BRANCH_MISSES":107340,"PERF_COUNT_HW_CACHE_REFERENCES":916436,"PERF_COUNT_HW_CPU_CYCLES":12432913374}}
{"runtime":4375,"energy":{"pkg":43.50775146484375,"pp0":23.16259765625,"pp1":0.9339599609375,"dram":0},"perf_counters":{"PERF_COUNT_HW_REF_CPU_CYCLES":12275901117,"PERF_COUNT_HW_BRANCH_INSTRUCTIONS":2302564356,"PERF_COUNT_HW_CACHE_MISSES":112386,"PERF_COUNT_HW_INSTRUCTIONS":36214511059,"PERF_COUNT_HW_BRANCH_MISSES":110702,"PERF_COUNT_HW_CACHE_REFERENCES":914321,"PERF_COUNT_HW_CPU_CYCLES":12430521314}}
