{"runtime":1239,"energy":{"pkg":12.15789794921875,"pp0":6.4100341796875,"pp1":0.2730712890625,"dram":0},"perf_counters":{"PERF_COUNT_HW_REF_CPU_CYCLES":12207043648,"PERF_COUNT_HW_BRANCH_INSTRUCTIONS":1214065261,"PERF_COUNT_HW_CACHE_MISSES":194347,"PERF_COUNT_HW_INSTRUCTIONS":24219320582,"PERF_COUNT_HW_BRANCH_MISSES":364870,"PERF_COUNT_HW_CACHE_REFERENCES":1576946,"PERF_COUNT_HW_CPU_CYCLES":7438001645}}
{"runtime":1162,"energy":{"pkg":11.622314453125,"pp0":6.258056640625,"pp1":0.2310791015625,"dram":0},"perf_counters":{"PERF_COUNT_HW_REF_CPU_CYCLES":11744244015,"PERF_COUNT_HW_BRANCH_INSTRUCTIONS":1213977133,"PERF_COUNT_HW_CACHE_MISSES":189115,"PERF_COUNT_HW_INSTRUCTIONS":24218819599,"PERF_COUNT_HW_BRANCH_MISSES":367741,"PERF_COUNT_HW_CACHE_REFERENCES":1674439,"PERF_COUNT_HW_CPU_CYCLES":6981551006}}
{"runtime":1185,"energy":{"pkg":11.74530029296875,"pp0":6.26275634765625,"pp1":0.248046875,"dram":0},"perf_counters":{"PERF_COUNT_HW_REF_CPU_CYCLES":11912115034,"PERF_COUNT_HW_BRANCH_INSTRUCTIONS":1213995823,"PERF_COUNT_HW_CACHE_MISSES":189552,"PERF_COUNT_HW_INSTRUCTIONS":24218947942,"PERF_COUNT_HW_BRANCH_MISSES":367791,"PERF_COUNT_HW_CACHE_REFERENCES":1640872,"PERF_COUNT_HW_CPU_CYCLES":7035659717}}
{"runtime":1249,"energy":{"pkg":12.2750244140625,"pp0":6.50042724609375,"pp1":0.254638671875,"dram":0},"perf_counters":{"PERF_COUNT_HW_REF_CPU_CYCLES":12073394664,"PERF_COUNT_HW_BRANCH_INSTRUCTIONS":1214010618,"PERF_COUNT_HW_CACHE_MISSES":189300,"PERF_COUNT_HW_INSTRUCTIONS":24219003625,"PERF_COUNT_HW_BRANCH_MISSES":358862,"PERF_COUNT_HW_CACHE_REFERENCES":1540881,"PERF_COUNT_HW_CPU_CYCLES":7598148369}}
{"runtime":1147,"energy":{"pkg":11.56610107421875,"pp0":6.28143310546875,"pp1":0.226806640625,"dram":0},"perf_counters":{"PERF_COUNT_HW_REF_CPU_CYCLES":11590682456,"PERF_COUNT_HW_BRANCH_INSTRUCTIONS":1213961141,"PERF_COUNT_HW_CACHE_MISSES":186106,"PERF_COUNT_HW_INSTRUCTIONS":24218719494,"PERF_COUNT_HW_BRANCH_MISSES":363883,"PERF_COUNT_HW_CACHE_REFERENCES":1615285,"PERF_COUNT_HW_CPU_CYCLES":6984872990}}
{"runtime":1296,"energy":{"pkg":12.47821044921875,"pp0":6.450439453125,"pp1":0.29443359375,"dram":0},"perf_counters":{"PERF_COUNT_HW_REF_CPU_CYCLES":12584901649,"PERF_COUNT_HW_BRANCH_INSTRUCTIONS":1214092975,"PERF_COUNT_HW_CACHE_MISSES":195735,"PERF_COUNT_HW_INSTRUCTIONS":24219469728,"PERF_COUNT_HW_BRANCH_MISSES":367211,"PERF_COUNT_HW_CACHE_REFERENCES":1580469,"PERF_COUNT_HW_CPU_CYCLES":7645114299}}
{"runtime":1124,"energy":{"pkg":11.546875,"pp0":6.34796142578125,"pp1":0.231201171875,"dram":0},"perf_counters":{"PERF_COUNT_HW_REF_CPU_CYCLES":11289373861,"PERF_COUNT_HW_BRANCH_INSTRUCTIONS":1213921094,"PERF_COUNT_HW_CACHE_MISSES":188669,"PERF_COUNT_HW_INSTRUCTIONS":24218482709,"PERF_COUNT_HW_BRANCH_MISSES":364594,"PERF_COUNT_HW_CACHE_REFERENCES":1613760,"PERF_COUNT_HW_CPU_CYCLES":7069686357}}
{"runtime":1214,"energy":{"pkg":12.0472412109375,"pp0":6.45916748046875,"pp1":0.2318115234375,"dram":0},"perf_counters":{"PERF_COUNT_HW_REF_CPU_CYCLES":11923999507,"PERF_COUNT_HW_BRANCH_INSTRUCTIONS":1213981371,"PERF_COUNT_HW_CACHE_MISSES":185126,"PERF_COUNT_HW_INSTRUCTIONS":24218843922,"PERF_COUNT_HW_BRANCH_MISSES":363999,"PERF_COUNT_HW_CACHE_REFERENCES":1612252,"PERF_COUNT_HW_CPU_CYCLES":7447797107}}
{"runtime":1151,"energy":{"pkg":11.538330078125,"pp0":6.28045654296875,"pp1":0.192138671875,"dram":0},"perf_counters":{"PERF_COUNT_HW_REF_CPU_CYCLES":11651432764,"PERF_COUNT_HW_BRANCH_INSTRUCTIONS":1213932757,"PERF_COUNT_HW_CACHE_MISSES":188173,"PERF_COUNT_HW_INSTRUCTIONS":24218548534,"PERF_COUNT_HW_BRANCH_MISSES":366193,"PERF_COUNT_HW_CACHE_REFERENCES":1640630,"PERF_COUNT_HW_CPU_CYCLES":6978687533}}
{"runtime":1197,"energy":{"pkg":11.85784912109375,"pp0":6.38201904296875,"pp1":0.185791015625,"dram":0},"perf_counters":{"PERF_COUNT_HW_REF_CPU_CYCLES":11920332717,"PERF_COUNT_HW_BRANCH_INSTRUCTIONS":1213967969,"PERF_COUNT_HW_CACHE_MISSES":189910,"PERF_COUNT_HW_INSTRUCTIONS":24218765411,"PERF_COUNT_HW_BRANCH_MISSES":367059,"PERF_COUNT_HW_CACHE_REFERENCES":1624823,"PERF_COUNT_HW_CPU_CYCLES":7198478874}}
{"runtime":1180,"energy":{"pkg":11.77435302734375,"pp0":6.311767578125,"pp1":0.2611083984375,"dram":0},"perf_counters":{"PERF_COUNT_HW_REF_CPU_CYCLES":11818478153,"PERF_COUNT_HW_BRANCH_INSTRUCTIONS":1213964066,"PERF_COUNT_HW_CACHE_MISSES":188322,"PERF_COUNT_HW_INSTRUCTIONS":24218732042,"PERF_COUNT_HW_BRANCH_MISSES":365777,"PERF_COUNT_HW_CACHE_REFERENCES":1615144,"PERF_COUNT_HW_CPU_CYCLES":7150788201}}
