{"runtime":1552,"energy":{"pkg":55.77294921875,"pp0":0,"dram":18.60565185546875},"cycles":15621912852}
{"runtime":1639,"energy":{"pkg":56.47198486328125,"pp0":0,"dram":19.5321044921875},"cycles":17361338841}
{"runtime":1557,"energy":{"pkg":55.69500732421875,"pp0":0,"dram":18.58941650390625},"cycles":15931123005}
{"runtime":1406,"energy":{"pkg":53.43994140625,"pp0":0,"dram":17.48095703125},"cycles":15393476721}
{"runtime":1543,"energy":{"pkg":55.3426513671875,"pp0":0,"dram":18.59967041015625},"cycles":15832294842}
{"runtime":1651,"energy":{"pkg":57.4569091796875,"pp0":0,"dram":19.81243896484375},"cycles":17515284612}
{"runtime":1526,"energy":{"pkg":54.66497802734375,"pp0":0,"dram":18.42303466796875},"cycles":16085743548}
{"runtime":1438,"energy":{"pkg":54.222412109375,"pp0":0,"dram":17.8026123046875},"cycles":15664077009}
{"runtime":1543,"energy":{"pkg":55.26666259765625,"pp0":0,"dram":18.59881591796875},"cycles":15782028675}
{"runtime":1327,"energy":{"pkg":52.94586181640625,"pp0":0,"dram":16.7099609375},"cycles":15078821226}
{"runtime":1654,"energy":{"pkg":58.10711669921875,"pp0":0,"dram":19.36285400390625},"cycles":16587090660}
{"runtime":1593,"energy":{"pkg":56.0294189453125,"pp0":0,"dram":19.0614013671875},"cycles":16836941373}
{"runtime":1563,"energy":{"pkg":56.83636474609375,"pp0":0,"dram":18.60400390625},"cycles":16081210110}
{"runtime":1366,"energy":{"pkg":52.4140625,"pp0":0,"dram":17.01007080078125},"cycles":15280628538}
{"runtime":1414,"energy":{"pkg":54.1484375,"pp0":0,"dram":17.5467529296875},"cycles":15559491906}
{"runtime":1521,"energy":{"pkg":55.03607177734375,"pp0":0,"dram":18.17071533203125},"cycles":15493590231}
{"runtime":1330,"energy":{"pkg":53.18524169921875,"pp0":0,"dram":16.58740234375},"cycles":14938886907}
{"runtime":1469,"energy":{"pkg":54.17425537109375,"pp0":0,"dram":18.08319091796875},"cycles":15382010931}
{"runtime":1337,"energy":{"pkg":52.96282958984375,"pp0":0,"dram":16.7950439453125},"cycles":15151253397}
{"runtime":1392,"energy":{"pkg":53.56060791015625,"pp0":0,"dram":17.6627197265625},"cycles":15483498513}
{"runtime":1528,"energy":{"pkg":55.9681396484375,"pp0":0,"dram":18.70489501953125},"cycles":15507772434}
