{"runtime":3630,"energy":{"pkg":249.8778076171875,"pp0":0,"dram":32.1806640625},"cycles":83751682350}
{"runtime":3738,"energy":{"pkg":253.05877685546875,"pp0":0,"dram":32.746337890625},"cycles":86336489736}
{"runtime":3693,"energy":{"pkg":248.96270751953125,"pp0":0,"dram":32.49072265625},"cycles":83515318593}
{"runtime":3507,"energy":{"pkg":245.294189453125,"pp0":0,"dram":30.9775390625},"cycles":84663722703}
{"runtime":3485,"energy":{"pkg":244.0626220703125,"pp0":0,"dram":30.865966796875},"cycles":81488560734}
{"runtime":3481,"energy":{"pkg":244.06689453125,"pp0":0,"dram":30.71453857421875},"cycles":81624243120}
{"runtime":3543,"energy":{"pkg":245.05035400390625,"pp0":0,"dram":31.17535400390625},"cycles":80629044552}
{"runtime":3599,"energy":{"pkg":245.8065185546875,"pp0":0,"dram":32.20904541015625},"cycles":83597861592}
{"runtime":3523,"energy":{"pkg":247.1165771484375,"pp0":0,"dram":31.3524169921875},"cycles":83423900154}
{"runtime":3445,"energy":{"pkg":243.76348876953125,"pp0":0,"dram":30.83050537109375},"cycles":80883763317}
{"runtime":3501,"energy":{"pkg":245.70794677734375,"pp0":0,"dram":30.8443603515625},"cycles":81947553975}
{"runtime":3499,"energy":{"pkg":246.08465576171875,"pp0":0,"dram":31.1085205078125},"cycles":81163623912}
{"runtime":3615,"energy":{"pkg":253.8287353515625,"pp0":0,"dram":32.2445068359375},"cycles":82888229214}
{"runtime":3549,"energy":{"pkg":249.86590576171875,"pp0":0,"dram":31.3756103515625},"cycles":84996850428}
{"runtime":3507,"energy":{"pkg":249.05755615234375,"pp0":0,"dram":31.1185302734375},"cycles":82236575505}
{"runtime":4022,"energy":{"pkg":264.31597900390625,"pp0":0,"dram":35.3052978515625},"cycles":84585308766}
{"runtime":3635,"energy":{"pkg":253.81549072265625,"pp0":0,"dram":32.5399169921875},"cycles":85994700414}
{"runtime":3533,"energy":{"pkg":253.01776123046875,"pp0":0,"dram":31.65643310546875},"cycles":83032516182}
{"runtime":3454,"energy":{"pkg":249.2662353515625,"pp0":0,"dram":30.9576416015625},"cycles":81256185129}
{"runtime":3500,"energy":{"pkg":250.47467041015625,"pp0":0,"dram":31.2664794921875},"cycles":82524722868}
{"runtime":3455,"energy":{"pkg":248.8709716796875,"pp0":0,"dram":30.91015625},"cycles":81206314476}
