{"runtime":1580,"energy":{"pkg":55.42254638671875,"pp0":0,"dram":14.2781982421875},"cycles":13156905741}
{"runtime":1282,"energy":{"pkg":62.59918212890625,"pp0":0,"dram":11.63824462890625},"cycles":10693357878}
{"runtime":1406,"energy":{"pkg":71.5172119140625,"pp0":0,"dram":12.64776611328125},"cycles":11737048071}
{"runtime":1514,"energy":{"pkg":64.591064453125,"pp0":0,"dram":13.6600341796875},"cycles":12608788479}
{"runtime":1467,"energy":{"pkg":61.44476318359375,"pp0":0,"dram":13.35174560546875},"cycles":12216100617}
{"runtime":1462,"energy":{"pkg":60.26849365234375,"pp0":0,"dram":13.200439453125},"cycles":12178509945}
{"runtime":1373,"energy":{"pkg":59.291015625,"pp0":0,"dram":12.46026611328125},"cycles":11458922097}
{"runtime":1381,"energy":{"pkg":67.29547119140625,"pp0":0,"dram":12.56817626953125},"cycles":11526164811}
{"runtime":1390,"energy":{"pkg":60.635986328125,"pp0":0,"dram":12.581298828125},"cycles":11600177862}
{"runtime":1391,"energy":{"pkg":60.1380615234375,"pp0":0,"dram":12.67279052734375},"cycles":11606300055}
{"runtime":1480,"energy":{"pkg":63.7147216796875,"pp0":0,"dram":13.44451904296875},"cycles":12349878639}
{"runtime":1291,"energy":{"pkg":63.21484375,"pp0":0,"dram":11.68194580078125},"cycles":10772269242}
{"runtime":1411,"energy":{"pkg":61.164794921875,"pp0":0,"dram":12.70831298828125},"cycles":11771989026}
{"runtime":1383,"energy":{"pkg":59.62939453125,"pp0":0,"dram":12.593017578125},"cycles":11540769387}
{"runtime":1348,"energy":{"pkg":59.48760986328125,"pp0":0,"dram":12.16326904296875},"cycles":11243630895}
{"runtime":1252,"energy":{"pkg":62.13104248046875,"pp0":0,"dram":11.3602294921875},"cycles":10446756264}
{"runtime":1280,"energy":{"pkg":65.34747314453125,"pp0":0,"dram":11.66046142578125},"cycles":10678355961}
{"runtime":1407,"energy":{"pkg":61.0318603515625,"pp0":0,"dram":12.78057861328125},"cycles":11742589446}
{"runtime":1503,"energy":{"pkg":64.13604736328125,"pp0":0,"dram":13.86126708984375},"cycles":12512279094}
{"runtime":1392,"energy":{"pkg":60.45831298828125,"pp0":0,"dram":12.603271484375},"cycles":11611272351}
{"runtime":1399,"energy":{"pkg":60.3724365234375,"pp0":0,"dram":12.7247314453125},"cycles":11670545523}
