{"runtime":4356,"energy":{"pkg":173.451416015625,"pp0":0,"dram":40.5142822265625},"cycles":35447211303}
{"runtime":4391,"energy":{"pkg":173.70819091796875,"pp0":0,"dram":41.80322265625},"cycles":35173275669}
{"runtime":4479,"energy":{"pkg":173.66082763671875,"pp0":0,"dram":40.3133544921875},"cycles":31921902852}
{"runtime":4480,"energy":{"pkg":192.05230712890625,"pp0":0,"dram":42.5633544921875},"cycles":34459168338}
{"runtime":4873,"energy":{"pkg":191.86602783203125,"pp0":0,"dram":43.4110107421875},"cycles":34289825871}
{"runtime":4401,"energy":{"pkg":170.57562255859375,"pp0":0,"dram":39.56488037109375},"cycles":32652941832}
{"runtime":4995,"energy":{"pkg":194.58148193359375,"pp0":0,"dram":46.72125244140625},"cycles":34887896925}
{"runtime":4403,"energy":{"pkg":167.3494873046875,"pp0":0,"dram":41.21710205078125},"cycles":32886482853}
{"runtime":5117,"energy":{"pkg":188.74261474609375,"pp0":0,"dram":48.14764404296875},"cycles":39360264216}
{"runtime":4668,"energy":{"pkg":187.17584228515625,"pp0":0,"dram":44.84033203125},"cycles":33409662804}
{"runtime":4254,"energy":{"pkg":171.65179443359375,"pp0":0,"dram":37.95733642578125},"cycles":31476831561}
{"runtime":4269,"energy":{"pkg":168.14324951171875,"pp0":0,"dram":37.58843994140625},"cycles":33757921722}
{"runtime":4207,"energy":{"pkg":173.68377685546875,"pp0":0,"dram":37.7779541015625},"cycles":31834015668}
{"runtime":3946,"energy":{"pkg":176.0015869140625,"pp0":0,"dram":38.45880126953125},"cycles":30932718432}
{"runtime":4340,"energy":{"pkg":173.64007568359375,"pp0":0,"dram":40.8775634765625},"cycles":33483333534}
{"runtime":4309,"energy":{"pkg":184.40087890625,"pp0":0,"dram":41.95220947265625},"cycles":32882831814}
{"runtime":4246,"energy":{"pkg":171.3197021484375,"pp0":0,"dram":40.1163330078125},"cycles":31634807148}
{"runtime":4357,"energy":{"pkg":173.56298828125,"pp0":0,"dram":41.33380126953125},"cycles":31728751635}
{"runtime":4242,"energy":{"pkg":173.1971435546875,"pp0":0,"dram":38.1966552734375},"cycles":32132273964}
{"runtime":4128,"energy":{"pkg":175.5675048828125,"pp0":0,"dram":39.35491943359375},"cycles":31687379052}
{"runtime":4343,"energy":{"pkg":184.82891845703125,"pp0":0,"dram":42.17181396484375},"cycles":32529153342}
