{"runtime":432,"energy":{"pkg":34.62567138671875,"pp0":0,"dram":4.00836181640625},"cycles":28630826553}
{"runtime":428,"energy":{"pkg":34.46429443359375,"pp0":0,"dram":3.96209716796875},"cycles":28483256844}
{"runtime":428,"energy":{"pkg":34.51983642578125,"pp0":0,"dram":3.97589111328125},"cycles":28479446310}
{"runtime":434,"energy":{"pkg":34.87445068359375,"pp0":0,"dram":4.0482177734375},"cycles":28622697390}
{"runtime":432,"energy":{"pkg":34.80609130859375,"pp0":0,"dram":4.036865234375},"cycles":28621040343}
{"runtime":430,"energy":{"pkg":34.68212890625,"pp0":0,"dram":3.9449462890625},"cycles":28604901276}
{"runtime":429,"energy":{"pkg":34.6429443359375,"pp0":0,"dram":4.0145263671875},"cycles":28573998831}
{"runtime":429,"energy":{"pkg":34.64544677734375,"pp0":0,"dram":3.99761962890625},"cycles":28561119762}
{"runtime":428,"energy":{"pkg":34.5595703125,"pp0":0,"dram":3.958740234375},"cycles":28474276866}
{"runtime":431,"energy":{"pkg":34.7547607421875,"pp0":0,"dram":4.006103515625},"cycles":28613808321}
{"runtime":430,"energy":{"pkg":34.67529296875,"pp0":0,"dram":3.98052978515625},"cycles":28600215000}
{"runtime":430,"energy":{"pkg":34.728515625,"pp0":0,"dram":3.97210693359375},"cycles":28628729661}
{"runtime":428,"energy":{"pkg":34.5439453125,"pp0":0,"dram":3.99188232421875},"cycles":28476738717}
{"runtime":428,"energy":{"pkg":34.6009521484375,"pp0":0,"dram":3.96075439453125},"cycles":28482786087}
{"runtime":428,"energy":{"pkg":34.4876708984375,"pp0":0,"dram":3.9359130859375},"cycles":28476519309}
{"runtime":428,"energy":{"pkg":34.583740234375,"pp0":0,"dram":3.9786376953125},"cycles":28478897433}
{"runtime":428,"energy":{"pkg":34.5467529296875,"pp0":0,"dram":3.97186279296875},"cycles":28474887777}
{"runtime":428,"energy":{"pkg":34.49224853515625,"pp0":0,"dram":3.9808349609375},"cycles":28473053553}
{"runtime":428,"energy":{"pkg":34.593017578125,"pp0":0,"dram":4.0057373046875},"cycles":28470099945}
{"runtime":428,"energy":{"pkg":34.55828857421875,"pp0":0,"dram":3.9803466796875},"cycles":28481281962}
{"runtime":430,"energy":{"pkg":34.70556640625,"pp0":0,"dram":4.03851318359375},"cycles":28606562796}
