{"runtime":5410,"energy":{"pkg":190.5743408203125,"pp0":0,"dram":39.7335205078125},"cycles":11332464486}
{"runtime":5450,"energy":{"pkg":190.93670654296875,"pp0":0,"dram":40.11297607421875},"cycles":11414167212}
{"runtime":5445,"energy":{"pkg":190.19384765625,"pp0":0,"dram":39.9383544921875},"cycles":11403483294}
{"runtime":5155,"energy":{"pkg":192.7698974609375,"pp0":0,"dram":37.75286865234375},"cycles":10799623506}
{"runtime":5159,"energy":{"pkg":193.02154541015625,"pp0":0,"dram":37.9161376953125},"cycles":10806423747}
{"runtime":5160,"energy":{"pkg":192.88525390625,"pp0":0,"dram":37.75848388671875},"cycles":10806775917}
{"runtime":5535,"energy":{"pkg":190.512939453125,"pp0":0,"dram":40.5782470703125},"cycles":11590405932}
{"runtime":5540,"energy":{"pkg":190.9930419921875,"pp0":0,"dram":40.7950439453125},"cycles":11601855867}
{"runtime":5159,"energy":{"pkg":192.53594970703125,"pp0":0,"dram":37.8359375},"cycles":10804669701}
{"runtime":5158,"energy":{"pkg":192.51123046875,"pp0":0,"dram":37.85430908203125},"cycles":10804971177}
{"runtime":5159,"energy":{"pkg":192.44342041015625,"pp0":0,"dram":37.87725830078125},"cycles":10805268999}
{"runtime":5158,"energy":{"pkg":192.3551025390625,"pp0":0,"dram":37.7066650390625},"cycles":10806002571}
{"runtime":5158,"energy":{"pkg":192.19525146484375,"pp0":0,"dram":37.7322998046875},"cycles":10804809351}
{"runtime":5157,"energy":{"pkg":191.89794921875,"pp0":0,"dram":37.61334228515625},"cycles":10803544332}
{"runtime":5158,"energy":{"pkg":192.14361572265625,"pp0":0,"dram":37.9141845703125},"cycles":10805646054}
{"runtime":5467,"energy":{"pkg":189.898681640625,"pp0":0,"dram":40.01629638671875},"cycles":11449285197}
{"runtime":5427,"energy":{"pkg":188.414306640625,"pp0":0,"dram":39.90966796875},"cycles":11367044073}
{"runtime":5392,"energy":{"pkg":188.0325927734375,"pp0":0,"dram":39.58062744140625},"cycles":11294769066}
{"runtime":5160,"energy":{"pkg":191.8824462890625,"pp0":0,"dram":37.84588623046875},"cycles":10808551173}
{"runtime":5609,"energy":{"pkg":191.02056884765625,"pp0":0,"dram":41.28692626953125},"cycles":11745818910}
{"runtime":5498,"energy":{"pkg":189.194580078125,"pp0":0,"dram":40.50457763671875},"cycles":11514438684}
