{"runtime":1418,"energy":{"pkg":41.21319580078125,"pp0":0,"dram":10.38482666015625},"cycles":2968701708}
{"runtime":1427,"energy":{"pkg":41.654052734375,"pp0":0,"dram":10.60284423828125},"cycles":2988071562}
{"runtime":1103,"energy":{"pkg":37.6466064453125,"pp0":0,"dram":8.1068115234375},"cycles":2310443289}
{"runtime":1113,"energy":{"pkg":41.5155029296875,"pp0":0,"dram":8.22772216796875},"cycles":2333168376}
{"runtime":1117,"energy":{"pkg":41.392578125,"pp0":0,"dram":8.24322509765625},"cycles":2340209361}
{"runtime":1414,"energy":{"pkg":42.09039306640625,"pp0":0,"dram":10.4825439453125},"cycles":2960070393}
{"runtime":1402,"energy":{"pkg":41.238525390625,"pp0":0,"dram":10.3529052734375},"cycles":2935888305}
{"runtime":1428,"energy":{"pkg":41.71099853515625,"pp0":0,"dram":10.49029541015625},"cycles":2988524406}
{"runtime":1418,"energy":{"pkg":41.45159912109375,"pp0":0,"dram":10.41802978515625},"cycles":2967737745}
{"runtime":1102,"energy":{"pkg":37.97357177734375,"pp0":0,"dram":8.1614990234375},"cycles":2308357023}
{"runtime":1139,"energy":{"pkg":42.2755126953125,"pp0":0,"dram":8.372314453125},"cycles":2386525071}
{"runtime":1110,"energy":{"pkg":41.232177734375,"pp0":0,"dram":8.1629638671875},"cycles":2326389555}
{"runtime":1396,"energy":{"pkg":41.15362548828125,"pp0":0,"dram":10.2764892578125},"cycles":2922265269}
{"runtime":1405,"energy":{"pkg":41.42425537109375,"pp0":0,"dram":10.3790283203125},"cycles":2941181061}
{"runtime":1101,"energy":{"pkg":37.98974609375,"pp0":0,"dram":8.15277099609375},"cycles":2305370151}
{"runtime":1109,"energy":{"pkg":41.0640869140625,"pp0":0,"dram":8.1602783203125},"cycles":2323457913}
{"runtime":1485,"energy":{"pkg":42.9525146484375,"pp0":0,"dram":10.92767333984375},"cycles":3109099518}
{"runtime":1447,"energy":{"pkg":42.26019287109375,"pp0":0,"dram":10.71832275390625},"cycles":3029593224}
{"runtime":1432,"energy":{"pkg":41.69818115234375,"pp0":0,"dram":10.49456787109375},"cycles":2997626268}
{"runtime":1417,"energy":{"pkg":41.42529296875,"pp0":0,"dram":10.4466552734375},"cycles":2965333686}
{"runtime":1434,"energy":{"pkg":41.46319580078125,"pp0":0,"dram":10.5458984375},"cycles":3001555662}
