{"runtime":1739,"energy":{"pkg":58.57147216796875,"pp0":0,"dram":17.00604248046875},"cycles":15889003935}
{"runtime":1836,"energy":{"pkg":63.66497802734375,"pp0":0,"dram":17.68084716796875},"cycles":15644408388}
{"runtime":1687,"energy":{"pkg":61.50732421875,"pp0":0,"dram":16.61468505859375},"cycles":16045083768}
{"runtime":1467,"energy":{"pkg":59.9158935546875,"pp0":0,"dram":14.6451416015625},"cycles":15043482951}
{"runtime":1854,"energy":{"pkg":64.94427490234375,"pp0":0,"dram":18.31427001953125},"cycles":15648964695}
{"runtime":1796,"energy":{"pkg":62.0518798828125,"pp0":0,"dram":17.92742919921875},"cycles":15741209526}
{"runtime":1748,"energy":{"pkg":59.05206298828125,"pp0":0,"dram":17.49822998046875},"cycles":15975426810}
{"runtime":1760,"energy":{"pkg":60.52044677734375,"pp0":0,"dram":17.2662353515625},"cycles":15672187608}
{"runtime":1627,"energy":{"pkg":57.76373291015625,"pp0":0,"dram":16.4796142578125},"cycles":15836992185}
{"runtime":1721,"energy":{"pkg":59.08331298828125,"pp0":0,"dram":17.0152587890625},"cycles":16213039143}
{"runtime":1701,"energy":{"pkg":64.5433349609375,"pp0":0,"dram":18.035888671875},"cycles":15508810170}
{"runtime":1747,"energy":{"pkg":62.23895263671875,"pp0":0,"dram":17.32525634765625},"cycles":15409484097}
{"runtime":1809,"energy":{"pkg":61.86566162109375,"pp0":0,"dram":17.94317626953125},"cycles":15770863227}
{"runtime":1710,"energy":{"pkg":60.17822265625,"pp0":0,"dram":17.25421142578125},"cycles":16080743763}
{"runtime":1832,"energy":{"pkg":61.706787109375,"pp0":0,"dram":19.7506103515625},"cycles":16310439831}
{"runtime":1777,"energy":{"pkg":61.8316650390625,"pp0":0,"dram":17.77642822265625},"cycles":15741955698}
{"runtime":1859,"energy":{"pkg":61.30120849609375,"pp0":0,"dram":18.38995361328125},"cycles":16291435839}
{"runtime":1683,"energy":{"pkg":60.06475830078125,"pp0":0,"dram":17.0760498046875},"cycles":15678551721}
{"runtime":1742,"energy":{"pkg":62.16217041015625,"pp0":0,"dram":17.3323974609375},"cycles":15339669114}
{"runtime":1795,"energy":{"pkg":62.08575439453125,"pp0":0,"dram":17.65447998046875},"cycles":15871525173}
{"runtime":1668,"energy":{"pkg":58.88604736328125,"pp0":0,"dram":17.33477783203125},"cycles":15742190562}
