{"runtime":283,"energy":{"pkg":16.19183349609375,"pp0":0,"dram":3.76904296875},"cycles":9127390398}
{"runtime":281,"energy":{"pkg":16.416015625,"pp0":0,"dram":3.672119140625},"cycles":8837709699}
{"runtime":258,"energy":{"pkg":17.7259521484375,"pp0":0,"dram":3.282958984375},"cycles":8336660640}
{"runtime":253,"energy":{"pkg":18.120361328125,"pp0":0,"dram":3.4586181640625},"cycles":8346355983}
{"runtime":257,"energy":{"pkg":19.06494140625,"pp0":0,"dram":3.95550537109375},"cycles":8558877852}
{"runtime":251,"energy":{"pkg":19.32275390625,"pp0":0,"dram":3.36236572265625},"cycles":8318149035}
{"runtime":247,"energy":{"pkg":18.75909423828125,"pp0":0,"dram":2.73834228515625},"cycles":7988983212}
{"runtime":257,"energy":{"pkg":19.50811767578125,"pp0":0,"dram":3.0869140625},"cycles":8187335604}
{"runtime":243,"energy":{"pkg":19.99725341796875,"pp0":0,"dram":3.7408447265625},"cycles":8059838220}
{"runtime":228,"energy":{"pkg":18.54876708984375,"pp0":0,"dram":3.3887939453125},"cycles":7535174955}
{"runtime":257,"energy":{"pkg":19.61004638671875,"pp0":0,"dram":2.50836181640625},"cycles":7915896072}
{"runtime":258,"energy":{"pkg":19.6182861328125,"pp0":0,"dram":2.61676025390625},"cycles":7951708884}
{"runtime":257,"energy":{"pkg":19.5621337890625,"pp0":0,"dram":2.627685546875},"cycles":7985263944}
{"runtime":256,"energy":{"pkg":19.44140625,"pp0":0,"dram":2.789306640625},"cycles":8086348746}
{"runtime":258,"energy":{"pkg":19.5634765625,"pp0":0,"dram":2.7886962890625},"cycles":8069892474}
{"runtime":265,"energy":{"pkg":19.7559814453125,"pp0":0,"dram":2.9229736328125},"cycles":8110855284}
{"runtime":262,"energy":{"pkg":19.6651611328125,"pp0":0,"dram":3.0423583984375},"cycles":8201362260}
{"runtime":253,"energy":{"pkg":19.5718994140625,"pp0":0,"dram":3.23284912109375},"cycles":8077206102}
{"runtime":235,"energy":{"pkg":19.5391845703125,"pp0":0,"dram":3.6785888671875},"cycles":7824710796}
{"runtime":250,"energy":{"pkg":19.296142578125,"pp0":0,"dram":3.33465576171875},"cycles":8119963572}
{"runtime":258,"energy":{"pkg":19.59344482421875,"pp0":0,"dram":3.34234619140625},"cycles":8321480307}
