{"runtime":87192,"energy":{"pkg":868.003662109375,"pp0":479.01580810546875,"pp1":12.8856201171875,"dram":0},"perf_counters":{"PERF_COUNT_HW_REF_CPU_CYCLES":1599460335661,"PERF_COUNT_HW_BRANCH_INSTRUCTIONS":236034957892,"PERF_COUNT_HW_CACHE_MISSES":856545773,"PERF_COUNT_HW_INSTRUCTIONS":1323162292602,"PERF_COUNT_HW_BRANCH_MISSES":715324210,"PERF_COUNT_HW_CACHE_REFERENCES":1911663046,"PERF_COUNT_HW_CPU_CYCLES":730032405213}}
{"runtime":87510,"energy":{"pkg":870.7103881835938,"pp0":479.91455078125,"pp1":13.0654296875,"dram":0},"perf_counters":{"PERF_COUNT_HW_REF_CPU_CYCLES":1610645463843,"PERF_COUNT_HW_BRANCH_INSTRUCTIONS":236103823265,"PERF_COUNT_HW_CACHE_MISSES":853530995,"PERF_COUNT_HW_INSTRUCTIONS":1323511799372,"PERF_COUNT_HW_BRANCH_MISSES":697163174,"PERF_COUNT_HW_CACHE_REFERENCES":1906652577,"PERF_COUNT_HW_CPU_CYCLES":731122767769}}
{"runtime":87328,"energy":{"pkg":869.0426635742188,"pp0":478.784423828125,"pp1":12.9573974609375,"dram":0},"perf_counters":{"PERF_COUNT_HW_REF_CPU_CYCLES":1605559647867,"PERF_COUNT_HW_BRANCH_INSTRUCTIONS":236041325853,"PERF_COUNT_HW_CACHE_MISSES":855707185,"PERF_COUNT_HW_INSTRUCTIONS":1323373042220,"PERF_COUNT_HW_BRANCH_MISSES":710110878,"PERF_COUNT_HW_CACHE_REFERENCES":1915697310,"PERF_COUNT_HW_CPU_CYCLES":729793379105}}
{"runtime":87211,"energy":{"pkg":867.8963012695312,"pp0":478.69677734375,"pp1":12.33544921875,"dram":0},"perf_counters":{"PERF_COUNT_HW_REF_CPU_CYCLES":1606797297897,"PERF_COUNT_HW_BRANCH_INSTRUCTIONS":236109106810,"PERF_COUNT_HW_CACHE_MISSES":858530026,"PERF_COUNT_HW_INSTRUCTIONS":1323301428232,"PERF_COUNT_HW_BRANCH_MISSES":708166938,"PERF_COUNT_HW_CACHE_REFERENCES":1913565853,"PERF_COUNT_HW_CPU_CYCLES":731288316559}}
{"runtime":87441,"energy":{"pkg":870.1716918945312,"pp0":480.2164306640625,"pp1":12.560302734375,"dram":0},"perf_counters":{"PERF_COUNT_HW_REF_CPU_CYCLES":1611888033270,"PERF_COUNT_HW_BRANCH_INSTRUCTIONS":236103172698,"PERF_COUNT_HW_CACHE_MISSES":856459960,"PERF_COUNT_HW_INSTRUCTIONS":1323580443312,"PERF_COUNT_HW_BRANCH_MISSES":695933561,"PERF_COUNT_HW_CACHE_REFERENCES":1914958761,"PERF_COUNT_HW_CPU_CYCLES":731585277545}}
{"runtime":86730,"energy":{"pkg":863.1697998046875,"pp0":475.22509765625,"pp1":12.88818359375,"dram":0},"perf_counters":{"PERF_COUNT_HW_REF_CPU_CYCLES":1599984077008,"PERF_COUNT_HW_BRANCH_INSTRUCTIONS":236010801578,"PERF_COUNT_HW_CACHE_MISSES":853893473,"PERF_COUNT_HW_INSTRUCTIONS":1323132344472,"PERF_COUNT_HW_BRANCH_MISSES":719550107,"PERF_COUNT_HW_CACHE_REFERENCES":1911907099,"PERF_COUNT_HW_CPU_CYCLES":728185754942}}
{"runtime":87771,"energy":{"pkg":873.4776000976562,"pp0":481.570068359375,"pp1":12.6763916015625,"dram":0},"perf_counters":{"PERF_COUNT_HW_REF_CPU_CYCLES":1620188803921,"PERF_COUNT_HW_BRANCH_INSTRUCTIONS":235947518598,"PERF_COUNT_HW_CACHE_MISSES":855663921,"PERF_COUNT_HW_INSTRUCTIONS":1323058348316,"PERF_COUNT_HW_BRANCH_MISSES":712590079,"PERF_COUNT_HW_CACHE_REFERENCES":1911339846,"PERF_COUNT_HW_CPU_CYCLES":733930517372}}
{"runtime":87124,"energy":{"pkg":867.0582885742188,"pp0":477.96820068359375,"pp1":12.737548828125,"dram":0},"perf_counters":{"PERF_COUNT_HW_REF_CPU_CYCLES":1602377327185,"PERF_COUNT_HW_BRANCH_INSTRUCTIONS":235993277507,"PERF_COUNT_HW_CACHE_MISSES":854212542,"PERF_COUNT_HW_INSTRUCTIONS":1323124645016,"PERF_COUNT_HW_BRANCH_MISSES":705984070,"PERF_COUNT_HW_CACHE_REFERENCES":1912948287,"PERF_COUNT_HW_CPU_CYCLES":729143820123}}
{"runtime":87262,"energy":{"pkg":868.2011108398438,"pp0":478.44647216796875,"pp1":12.9305419921875,"dram":0},"perf_counters":{"PERF_COUNT_HW_REF_CPU_CYCLES":1603536951384,"PERF_COUNT_HW_BRANCH_INSTRUCTIONS":235912577938,"PERF_COUNT_HW_CACHE_MISSES":852208591,"PERF_COUNT_HW_INSTRUCTIONS":1322932914632,"PERF_COUNT_HW_BRANCH_MISSES":707046146,"PERF_COUNT_HW_CACHE_REFERENCES":1908816975,"PERF_COUNT_HW_CPU_CYCLES":729172775104}}
{"runtime":88165,"energy":{"pkg":877.468505859375,"pp0":484.106689453125,"pp1":12.9190673828125,"dram":0},"perf_counters":{"PERF_COUNT_HW_REF_CPU_CYCLES":1623445720310,"PERF_COUNT_HW_BRANCH_INSTRUCTIONS":236089165820,"PERF_COUNT_HW_CACHE_MISSES":857038583,"PERF_COUNT_HW_INSTRUCTIONS":1323514681464,"PERF_COUNT_HW_BRANCH_MISSES":708156582,"PERF_COUNT_HW_CACHE_REFERENCES":1911530158,"PERF_COUNT_HW_CPU_CYCLES":734894769638}}
{"runtime":88594,"energy":{"pkg":881.7127075195312,"pp0":486.57427978515625,"pp1":12.9405517578125,"dram":0},"perf_counters":{"PERF_COUNT_HW_REF_CPU_CYCLES":1631955815979,"PERF_COUNT_HW_BRANCH_INSTRUCTIONS":236204402196,"PERF_COUNT_HW_CACHE_MISSES":851615641,"PERF_COUNT_HW_INSTRUCTIONS":1324124807458,"PERF_COUNT_HW_BRANCH_MISSES":717569881,"PERF_COUNT_HW_CACHE_REFERENCES":1912772759,"PERF_COUNT_HW_CPU_CYCLES":737398677282}}
