{"runtime":614122,"energy":{"pkg":6110.942810058594,"pp0":3463.6119384765625,"pp1":98.3782958984375,"dram":0},"perf_counters":{"PERF_COUNT_HW_REF_CPU_CYCLES":12467388458783,"PERF_COUNT_HW_BRANCH_INSTRUCTIONS":1742461116370,"PERF_COUNT_HW_CACHE_MISSES":49853810,"PERF_COUNT_HW_INSTRUCTIONS":9443571027978,"PERF_COUNT_HW_BRANCH_MISSES":4814442941,"PERF_COUNT_HW_CACHE_REFERENCES":195266083,"PERF_COUNT_HW_CPU_CYCLES":5599289086888}}
{"runtime":614241,"energy":{"pkg":6112.142639160156,"pp0":3469.9475708007812,"pp1":92.0435791015625,"dram":0},"perf_counters":{"PERF_COUNT_HW_REF_CPU_CYCLES":12435477124465,"PERF_COUNT_HW_BRANCH_INSTRUCTIONS":1733254146872,"PERF_COUNT_HW_CACHE_MISSES":49607124,"PERF_COUNT_HW_INSTRUCTIONS":9425073774042,"PERF_COUNT_HW_BRANCH_MISSES":4866048711,"PERF_COUNT_HW_CACHE_REFERENCES":192621757,"PERF_COUNT_HW_CPU_CYCLES":5552424105244}}
{"runtime":617918,"energy":{"pkg":6150.656982421875,"pp0":3485.9970092773438,"pp1":99.1871337890625,"dram":0},"perf_counters":{"PERF_COUNT_HW_REF_CPU_CYCLES":12548568978943,"PERF_COUNT_HW_BRANCH_INSTRUCTIONS":1732995093173,"PERF_COUNT_HW_CACHE_MISSES":48762496,"PERF_COUNT_HW_INSTRUCTIONS":9424549920335,"PERF_COUNT_HW_BRANCH_MISSES":4806460801,"PERF_COUNT_HW_CACHE_REFERENCES":192860597,"PERF_COUNT_HW_CPU_CYCLES":5567297701585}}
{"runtime":615175,"energy":{"pkg":6120.6734619140625,"pp0":3481.1672973632812,"pp1":89.2459716796875,"dram":0},"perf_counters":{"PERF_COUNT_HW_REF_CPU_CYCLES":12476544698914,"PERF_COUNT_HW_BRANCH_INSTRUCTIONS":1724101008797,"PERF_COUNT_HW_CACHE_MISSES":49144302,"PERF_COUNT_HW_INSTRUCTIONS":9406935474573,"PERF_COUNT_HW_BRANCH_MISSES":4853155922,"PERF_COUNT_HW_CACHE_REFERENCES":192595500,"PERF_COUNT_HW_CPU_CYCLES":5547940074060}}
{"runtime":615521,"energy":{"pkg":6125.841857910156,"pp0":3474.8228759765625,"pp1":97.236083984375,"dram":0},"perf_counters":{"PERF_COUNT_HW_REF_CPU_CYCLES":12487608481678,"PERF_COUNT_HW_BRANCH_INSTRUCTIONS":1732982478235,"PERF_COUNT_HW_CACHE_MISSES":50640106,"PERF_COUNT_HW_INSTRUCTIONS":9424483127537,"PERF_COUNT_HW_BRANCH_MISSES":4855325767,"PERF_COUNT_HW_CACHE_REFERENCES":197206310,"PERF_COUNT_HW_CPU_CYCLES":5565862237762}}
{"runtime":614569,"energy":{"pkg":6115.617919921875,"pp0":3465.4932250976562,"pp1":101.2777099609375,"dram":0},"perf_counters":{"PERF_COUNT_HW_REF_CPU_CYCLES":12482031955614,"PERF_COUNT_HW_BRANCH_INSTRUCTIONS":1724036670823,"PERF_COUNT_HW_CACHE_MISSES":49820416,"PERF_COUNT_HW_INSTRUCTIONS":9406622696856,"PERF_COUNT_HW_BRANCH_MISSES":4902424035,"PERF_COUNT_HW_CACHE_REFERENCES":195984163,"PERF_COUNT_HW_CPU_CYCLES":5593110693582}}
{"runtime":613464,"energy":{"pkg":6104.555114746094,"pp0":3476.3150024414062,"pp1":83.6141357421875,"dram":0},"perf_counters":{"PERF_COUNT_HW_REF_CPU_CYCLES":12450303473010,"PERF_COUNT_HW_BRANCH_INSTRUCTIONS":1742422581546,"PERF_COUNT_HW_CACHE_MISSES":49486209,"PERF_COUNT_HW_INSTRUCTIONS":9443381637562,"PERF_COUNT_HW_BRANCH_MISSES":4806900872,"PERF_COUNT_HW_CACHE_REFERENCES":193223127,"PERF_COUNT_HW_CPU_CYCLES":5558198047667}}
{"runtime":613703,"energy":{"pkg":6106.420837402344,"pp0":3465.24951171875,"pp1":98.669921875,"dram":0},"perf_counters":{"PERF_COUNT_HW_REF_CPU_CYCLES":12422336973501,"PERF_COUNT_HW_BRANCH_INSTRUCTIONS":1724064702553,"PERF_COUNT_HW_CACHE_MISSES":50043795,"PERF_COUNT_HW_INSTRUCTIONS":9406753866694,"PERF_COUNT_HW_BRANCH_MISSES":4828100866,"PERF_COUNT_HW_CACHE_REFERENCES":193818322,"PERF_COUNT_HW_CPU_CYCLES":5555494451685}}
{"runtime":609882,"energy":{"pkg":6068.864501953125,"pp0":3451.290283203125,"pp1":87.481201171875,"dram":0},"perf_counters":{"PERF_COUNT_HW_REF_CPU_CYCLES":12368868239425,"PERF_COUNT_HW_BRANCH_INSTRUCTIONS":1724273258650,"PERF_COUNT_HW_CACHE_MISSES":49235226,"PERF_COUNT_HW_INSTRUCTIONS":9407035425604,"PERF_COUNT_HW_BRANCH_MISSES":4900248952,"PERF_COUNT_HW_CACHE_REFERENCES":191322964,"PERF_COUNT_HW_CPU_CYCLES":5549983687377}}
{"runtime":617555,"energy":{"pkg":6146.473693847656,"pp0":3487.44091796875,"pp1":96.19189453125,"dram":0},"perf_counters":{"PERF_COUNT_HW_REF_CPU_CYCLES":12510690701494,"PERF_COUNT_HW_BRANCH_INSTRUCTIONS":1724319888486,"PERF_COUNT_HW_CACHE_MISSES":50672918,"PERF_COUNT_HW_INSTRUCTIONS":9407270748740,"PERF_COUNT_HW_BRANCH_MISSES":4876602595,"PERF_COUNT_HW_CACHE_REFERENCES":195281717,"PERF_COUNT_HW_CPU_CYCLES":5558427187848}}
{"runtime":617146,"energy":{"pkg":6140.9288330078125,"pp0":3481.994873046875,"pp1":99.46728515625,"dram":0},"perf_counters":{"PERF_COUNT_HW_REF_CPU_CYCLES":12509856531224,"PERF_COUNT_HW_BRANCH_INSTRUCTIONS":1724083769298,"PERF_COUNT_HW_CACHE_MISSES":50416575,"PERF_COUNT_HW_INSTRUCTIONS":9406846585060,"PERF_COUNT_HW_BRANCH_MISSES":4841005393,"PERF_COUNT_HW_CACHE_REFERENCES":197119364,"PERF_COUNT_HW_CPU_CYCLES":5561409774772}}
