{"runtime":83553,"energy":{"pkg":830.580078125,"pp0":455.294189453125,"pp1":11.0191650390625,"dram":0},"perf_counters":{"PERF_COUNT_HW_REF_CPU_CYCLES":1658696988661,"PERF_COUNT_HW_BRANCH_INSTRUCTIONS":204794059319,"PERF_COUNT_HW_CACHE_MISSES":899695170,"PERF_COUNT_HW_INSTRUCTIONS":1056265418325,"PERF_COUNT_HW_BRANCH_MISSES":1489490731,"PERF_COUNT_HW_CACHE_REFERENCES":1550848702,"PERF_COUNT_HW_CPU_CYCLES":760060433313}}
{"runtime":82979,"energy":{"pkg":826.4561157226562,"pp0":453.43804931640625,"pp1":11.1434326171875,"dram":0},"perf_counters":{"PERF_COUNT_HW_REF_CPU_CYCLES":1664724913948,"PERF_COUNT_HW_BRANCH_INSTRUCTIONS":207307298268,"PERF_COUNT_HW_CACHE_MISSES":899115488,"PERF_COUNT_HW_INSTRUCTIONS":1061417307932,"PERF_COUNT_HW_BRANCH_MISSES":1439003571,"PERF_COUNT_HW_CACHE_REFERENCES":1543390288,"PERF_COUNT_HW_CPU_CYCLES":760920795669}}
{"runtime":83156,"energy":{"pkg":826.7191772460938,"pp0":454.1971435546875,"pp1":10.4600830078125,"dram":0},"perf_counters":{"PERF_COUNT_HW_REF_CPU_CYCLES":1659579482230,"PERF_COUNT_HW_BRANCH_INSTRUCTIONS":207275080406,"PERF_COUNT_HW_CACHE_MISSES":896112720,"PERF_COUNT_HW_INSTRUCTIONS":1061275116937,"PERF_COUNT_HW_BRANCH_MISSES":1434036382,"PERF_COUNT_HW_CACHE_REFERENCES":1542523168,"PERF_COUNT_HW_CPU_CYCLES":761827475898}}
{"runtime":82934,"energy":{"pkg":826.4900512695312,"pp0":454.192138671875,"pp1":11.144287109375,"dram":0},"perf_counters":{"PERF_COUNT_HW_REF_CPU_CYCLES":1659756401964,"PERF_COUNT_HW_BRANCH_INSTRUCTIONS":204615106097,"PERF_COUNT_HW_CACHE_MISSES":900445544,"PERF_COUNT_HW_INSTRUCTIONS":1056133188925,"PERF_COUNT_HW_BRANCH_MISSES":1428959487,"PERF_COUNT_HW_CACHE_REFERENCES":1546202714,"PERF_COUNT_HW_CPU_CYCLES":757852468924}}
{"runtime":83355,"energy":{"pkg":828.968505859375,"pp0":455.1470947265625,"pp1":10.846923828125,"dram":0},"perf_counters":{"PERF_COUNT_HW_REF_CPU_CYCLES":1667168596394,"PERF_COUNT_HW_BRANCH_INSTRUCTIONS":206505501231,"PERF_COUNT_HW_CACHE_MISSES":896043802,"PERF_COUNT_HW_INSTRUCTIONS":1059696927499,"PERF_COUNT_HW_BRANCH_MISSES":1443022336,"PERF_COUNT_HW_CACHE_REFERENCES":1546628618,"PERF_COUNT_HW_CPU_CYCLES":761507708740}}
{"runtime":83180,"energy":{"pkg":828.7034912109375,"pp0":455.67315673828125,"pp1":10.7537841796875,"dram":0},"perf_counters":{"PERF_COUNT_HW_REF_CPU_CYCLES":1672317109734,"PERF_COUNT_HW_BRANCH_INSTRUCTIONS":207258037681,"PERF_COUNT_HW_CACHE_MISSES":898933495,"PERF_COUNT_HW_INSTRUCTIONS":1061209101083,"PERF_COUNT_HW_BRANCH_MISSES":1428395593,"PERF_COUNT_HW_CACHE_REFERENCES":1542456131,"PERF_COUNT_HW_CPU_CYCLES":764826392892}}
{"runtime":84137,"energy":{"pkg":836.798828125,"pp0":459.72943115234375,"pp1":10.541259765625,"dram":0},"perf_counters":{"PERF_COUNT_HW_REF_CPU_CYCLES":1680187528522,"PERF_COUNT_HW_BRANCH_INSTRUCTIONS":206521522881,"PERF_COUNT_HW_CACHE_MISSES":899659030,"PERF_COUNT_HW_INSTRUCTIONS":1059765632675,"PERF_COUNT_HW_BRANCH_MISSES":1436747051,"PERF_COUNT_HW_CACHE_REFERENCES":1543992942,"PERF_COUNT_HW_CPU_CYCLES":762872718141}}
{"runtime":83843,"energy":{"pkg":834.4884033203125,"pp0":458.72406005859375,"pp1":10.232421875,"dram":0},"perf_counters":{"PERF_COUNT_HW_REF_CPU_CYCLES":1674099955008,"PERF_COUNT_HW_BRANCH_INSTRUCTIONS":206377669139,"PERF_COUNT_HW_CACHE_MISSES":899827267,"PERF_COUNT_HW_INSTRUCTIONS":1059481258002,"PERF_COUNT_HW_BRANCH_MISSES":1493154434,"PERF_COUNT_HW_CACHE_REFERENCES":1546106401,"PERF_COUNT_HW_CPU_CYCLES":765465210655}}
{"runtime":83038,"energy":{"pkg":826.4491577148438,"pp0":453.38812255859375,"pp1":11.340087890625,"dram":0},"perf_counters":{"PERF_COUNT_HW_REF_CPU_CYCLES":1665451492073,"PERF_COUNT_HW_BRANCH_INSTRUCTIONS":204560321301,"PERF_COUNT_HW_CACHE_MISSES":895712504,"PERF_COUNT_HW_INSTRUCTIONS":1055894631233,"PERF_COUNT_HW_BRANCH_MISSES":1438734047,"PERF_COUNT_HW_CACHE_REFERENCES":1543208348,"PERF_COUNT_HW_CPU_CYCLES":759919031075}}
{"runtime":88337,"energy":{"pkg":879.512451171875,"pp0":480.58673095703125,"pp1":11.173583984375,"dram":0},"perf_counters":{"PERF_COUNT_HW_REF_CPU_CYCLES":1653520011015,"PERF_COUNT_HW_BRANCH_INSTRUCTIONS":205293370852,"PERF_COUNT_HW_CACHE_MISSES":931110658,"PERF_COUNT_HW_INSTRUCTIONS":1057334525932,"PERF_COUNT_HW_BRANCH_MISSES":1437503152,"PERF_COUNT_HW_CACHE_REFERENCES":1577531298,"PERF_COUNT_HW_CPU_CYCLES":757187160419}}
{"runtime":91024,"energy":{"pkg":904.7969360351562,"pp0":488.75201416015625,"pp1":14.4537353515625,"dram":0},"perf_counters":{"PERF_COUNT_HW_REF_CPU_CYCLES":1687824259637,"PERF_COUNT_HW_BRANCH_INSTRUCTIONS":205223968714,"PERF_COUNT_HW_CACHE_MISSES":930140762,"PERF_COUNT_HW_INSTRUCTIONS":1057235078012,"PERF_COUNT_HW_BRANCH_MISSES":1551129484,"PERF_COUNT_HW_CACHE_REFERENCES":1587466128,"PERF_COUNT_HW_CPU_CYCLES":763802792131}}
