{"runtime":9364,"energy":{"pkg":93.107421875,"pp0":51.69140625,"pp1":1.7403564453125,"dram":0},"perf_counters":{"PERF_COUNT_HW_REF_CPU_CYCLES":89352697588,"PERF_COUNT_HW_BRANCH_INSTRUCTIONS":21561266330,"PERF_COUNT_HW_CACHE_MISSES":41762682,"PERF_COUNT_HW_INSTRUCTIONS":115302512210,"PERF_COUNT_HW_BRANCH_MISSES":333637461,"PERF_COUNT_HW_CACHE_REFERENCES":83272049,"PERF_COUNT_HW_CPU_CYCLES":51566538782}}
{"runtime":9408,"energy":{"pkg":93.558837890625,"pp0":51.6619873046875,"pp1":1.935791015625,"dram":0},"perf_counters":{"PERF_COUNT_HW_REF_CPU_CYCLES":89661149160,"PERF_COUNT_HW_BRANCH_INSTRUCTIONS":21563114468,"PERF_COUNT_HW_CACHE_MISSES":41400363,"PERF_COUNT_HW_INSTRUCTIONS":115304519641,"PERF_COUNT_HW_BRANCH_MISSES":333026562,"PERF_COUNT_HW_CACHE_REFERENCES":83097171,"PERF_COUNT_HW_CPU_CYCLES":51571763465}}
{"runtime":9385,"energy":{"pkg":93.36810302734375,"pp0":51.70574951171875,"pp1":1.925048828125,"dram":0},"perf_counters":{"PERF_COUNT_HW_REF_CPU_CYCLES":89381467618,"PERF_COUNT_HW_BRANCH_INSTRUCTIONS":21564247123,"PERF_COUNT_HW_CACHE_MISSES":41818607,"PERF_COUNT_HW_INSTRUCTIONS":115313879180,"PERF_COUNT_HW_BRANCH_MISSES":333640012,"PERF_COUNT_HW_CACHE_REFERENCES":83176938,"PERF_COUNT_HW_CPU_CYCLES":51634951718}}
{"runtime":9427,"energy":{"pkg":93.9271240234375,"pp0":51.95904541015625,"pp1":2.0517578125,"dram":0},"perf_counters":{"PERF_COUNT_HW_REF_CPU_CYCLES":88867506738,"PERF_COUNT_HW_BRANCH_INSTRUCTIONS":21556543117,"PERF_COUNT_HW_CACHE_MISSES":41502440,"PERF_COUNT_HW_INSTRUCTIONS":115282267791,"PERF_COUNT_HW_BRANCH_MISSES":333466527,"PERF_COUNT_HW_CACHE_REFERENCES":82586601,"PERF_COUNT_HW_CPU_CYCLES":51585271215}}
{"runtime":9736,"energy":{"pkg":96.78448486328125,"pp0":53.54144287109375,"pp1":1.97607421875,"dram":0},"perf_counters":{"PERF_COUNT_HW_REF_CPU_CYCLES":96697660989,"PERF_COUNT_HW_BRANCH_INSTRUCTIONS":21563427663,"PERF_COUNT_HW_CACHE_MISSES":41849390,"PERF_COUNT_HW_INSTRUCTIONS":115310970674,"PERF_COUNT_HW_BRANCH_MISSES":332691493,"PERF_COUNT_HW_CACHE_REFERENCES":83416613,"PERF_COUNT_HW_CPU_CYCLES":54454594561}}
{"runtime":9501,"energy":{"pkg":94.60723876953125,"pp0":52.28814697265625,"pp1":2.0074462890625,"dram":0},"perf_counters":{"PERF_COUNT_HW_REF_CPU_CYCLES":90245511897,"PERF_COUNT_HW_BRANCH_INSTRUCTIONS":21560977654,"PERF_COUNT_HW_CACHE_MISSES":41794741,"PERF_COUNT_HW_INSTRUCTIONS":115293789051,"PERF_COUNT_HW_BRANCH_MISSES":333317824,"PERF_COUNT_HW_CACHE_REFERENCES":83335578,"PERF_COUNT_HW_CPU_CYCLES":52125957132}}
{"runtime":9526,"energy":{"pkg":94.80194091796875,"pp0":52.38043212890625,"pp1":2.0357666015625,"dram":0},"perf_counters":{"PERF_COUNT_HW_REF_CPU_CYCLES":90704719054,"PERF_COUNT_HW_BRANCH_INSTRUCTIONS":21558491116,"PERF_COUNT_HW_CACHE_MISSES":41336140,"PERF_COUNT_HW_INSTRUCTIONS":115287175454,"PERF_COUNT_HW_BRANCH_MISSES":333086068,"PERF_COUNT_HW_CACHE_REFERENCES":81593899,"PERF_COUNT_HW_CPU_CYCLES":52198763691}}
{"runtime":9384,"energy":{"pkg":93.40423583984375,"pp0":51.89056396484375,"pp1":1.7750244140625,"dram":0},"perf_counters":{"PERF_COUNT_HW_REF_CPU_CYCLES":90540421166,"PERF_COUNT_HW_BRANCH_INSTRUCTIONS":21561687395,"PERF_COUNT_HW_CACHE_MISSES":41943464,"PERF_COUNT_HW_INSTRUCTIONS":115306868672,"PERF_COUNT_HW_BRANCH_MISSES":333342203,"PERF_COUNT_HW_CACHE_REFERENCES":83098753,"PERF_COUNT_HW_CPU_CYCLES":51915931696}}
{"runtime":9399,"energy":{"pkg":93.49365234375,"pp0":52.1134033203125,"pp1":1.5963134765625,"dram":0},"perf_counters":{"PERF_COUNT_HW_REF_CPU_CYCLES":90390118327,"PERF_COUNT_HW_BRANCH_INSTRUCTIONS":21561399807,"PERF_COUNT_HW_CACHE_MISSES":42091160,"PERF_COUNT_HW_INSTRUCTIONS":115293305551,"PERF_COUNT_HW_BRANCH_MISSES":333087835,"PERF_COUNT_HW_CACHE_REFERENCES":82913016,"PERF_COUNT_HW_CPU_CYCLES":51968525912}}
{"runtime":9517,"energy":{"pkg":94.7403564453125,"pp0":52.738037109375,"pp1":1.689453125,"dram":0},"perf_counters":{"PERF_COUNT_HW_REF_CPU_CYCLES":89881632082,"PERF_COUNT_HW_BRANCH_INSTRUCTIONS":21563331332,"PERF_COUNT_HW_CACHE_MISSES":41119780,"PERF_COUNT_HW_INSTRUCTIONS":115310964736,"PERF_COUNT_HW_BRANCH_MISSES":333206560,"PERF_COUNT_HW_CACHE_REFERENCES":81916136,"PERF_COUNT_HW_CPU_CYCLES":52068596850}}
{"runtime":9439,"energy":{"pkg":93.82891845703125,"pp0":52.23468017578125,"pp1":1.6201171875,"dram":0},"perf_counters":{"PERF_COUNT_HW_REF_CPU_CYCLES":90765330516,"PERF_COUNT_HW_BRANCH_INSTRUCTIONS":21567587743,"PERF_COUNT_HW_CACHE_MISSES":42069665,"PERF_COUNT_HW_INSTRUCTIONS":115330409074,"PERF_COUNT_HW_BRANCH_MISSES":333692998,"PERF_COUNT_HW_CACHE_REFERENCES":82263432,"PERF_COUNT_HW_CPU_CYCLES":52187791704}}
