{"runtime":1636,"energy":{"pkg":16.4239501953125,"pp0":8.9990234375,"pp1":0.278564453125,"dram":0},"perf_counters":{"PERF_COUNT_HW_REF_CPU_CYCLES":7020953193,"PERF_COUNT_HW_BRANCH_INSTRUCTIONS":3764119706,"PERF_COUNT_HW_CACHE_MISSES":24599342,"PERF_COUNT_HW_INSTRUCTIONS":18663248282,"PERF_COUNT_HW_BRANCH_MISSES":6593677,"PERF_COUNT_HW_CACHE_REFERENCES":40967813,"PERF_COUNT_HW_CPU_CYCLES":6063312997}}
{"runtime":1680,"energy":{"pkg":16.65740966796875,"pp0":9.05889892578125,"pp1":0.2789306640625,"dram":0},"perf_counters":{"PERF_COUNT_HW_REF_CPU_CYCLES":7008796211,"PERF_COUNT_HW_BRANCH_INSTRUCTIONS":3794604598,"PERF_COUNT_HW_CACHE_MISSES":24499219,"PERF_COUNT_HW_INSTRUCTIONS":18755217058,"PERF_COUNT_HW_BRANCH_MISSES":6614915,"PERF_COUNT_HW_CACHE_REFERENCES":40974597,"PERF_COUNT_HW_CPU_CYCLES":6111748553}}
{"runtime":1642,"energy":{"pkg":16.4044189453125,"pp0":8.9556884765625,"pp1":0.2806396484375,"dram":0},"perf_counters":{"PERF_COUNT_HW_REF_CPU_CYCLES":6974014412,"PERF_COUNT_HW_BRANCH_INSTRUCTIONS":3778178249,"PERF_COUNT_HW_CACHE_MISSES":24519046,"PERF_COUNT_HW_INSTRUCTIONS":18685675944,"PERF_COUNT_HW_BRANCH_MISSES":6620796,"PERF_COUNT_HW_CACHE_REFERENCES":40964627,"PERF_COUNT_HW_CPU_CYCLES":6063321444}}
{"runtime":1671,"energy":{"pkg":16.58258056640625,"pp0":9.06024169921875,"pp1":0.2430419921875,"dram":0},"perf_counters":{"PERF_COUNT_HW_REF_CPU_CYCLES":6959729699,"PERF_COUNT_HW_BRANCH_INSTRUCTIONS":3761275511,"PERF_COUNT_HW_CACHE_MISSES":24525121,"PERF_COUNT_HW_INSTRUCTIONS":18651191234,"PERF_COUNT_HW_BRANCH_MISSES":6568191,"PERF_COUNT_HW_CACHE_REFERENCES":41030064,"PERF_COUNT_HW_CPU_CYCLES":6080416177}}
{"runtime":1681,"energy":{"pkg":16.8677978515625,"pp0":9.26971435546875,"pp1":0.2740478515625,"dram":0},"perf_counters":{"PERF_COUNT_HW_REF_CPU_CYCLES":7129877442,"PERF_COUNT_HW_BRANCH_INSTRUCTIONS":3764122386,"PERF_COUNT_HW_CACHE_MISSES":24517363,"PERF_COUNT_HW_INSTRUCTIONS":18663371053,"PERF_COUNT_HW_BRANCH_MISSES":6634350,"PERF_COUNT_HW_CACHE_REFERENCES":40976880,"PERF_COUNT_HW_CPU_CYCLES":6248576366}}
{"runtime":1650,"energy":{"pkg":16.5411376953125,"pp0":9.1004638671875,"pp1":0.2630615234375,"dram":0},"perf_counters":{"PERF_COUNT_HW_REF_CPU_CYCLES":7226204592,"PERF_COUNT_HW_BRANCH_INSTRUCTIONS":3817899295,"PERF_COUNT_HW_CACHE_MISSES":24571904,"PERF_COUNT_HW_INSTRUCTIONS":18854467835,"PERF_COUNT_HW_BRANCH_MISSES":6574616,"PERF_COUNT_HW_CACHE_REFERENCES":40974169,"PERF_COUNT_HW_CPU_CYCLES":6257955905}}
{"runtime":1660,"energy":{"pkg":16.448486328125,"pp0":8.981689453125,"pp1":0.2381591796875,"dram":0},"perf_counters":{"PERF_COUNT_HW_REF_CPU_CYCLES":7054481874,"PERF_COUNT_HW_BRANCH_INSTRUCTIONS":3781125954,"PERF_COUNT_HW_CACHE_MISSES":24508797,"PERF_COUNT_HW_INSTRUCTIONS":18735494036,"PERF_COUNT_HW_BRANCH_MISSES":6666219,"PERF_COUNT_HW_CACHE_REFERENCES":41106093,"PERF_COUNT_HW_CPU_CYCLES":6075834920}}
{"runtime":1655,"energy":{"pkg":16.45013427734375,"pp0":9.02813720703125,"pp1":0.2296142578125,"dram":0},"perf_counters":{"PERF_COUNT_HW_REF_CPU_CYCLES":6916734962,"PERF_COUNT_HW_BRANCH_INSTRUCTIONS":3777596856,"PERF_COUNT_HW_CACHE_MISSES":24512125,"PERF_COUNT_HW_INSTRUCTIONS":18720485396,"PERF_COUNT_HW_BRANCH_MISSES":6645901,"PERF_COUNT_HW_CACHE_REFERENCES":40815659,"PERF_COUNT_HW_CPU_CYCLES":6055017412}}
{"runtime":1724,"energy":{"pkg":17.0623779296875,"pp0":9.28302001953125,"pp1":0.271240234375,"dram":0},"perf_counters":{"PERF_COUNT_HW_REF_CPU_CYCLES":7158549287,"PERF_COUNT_HW_BRANCH_INSTRUCTIONS":3758434942,"PERF_COUNT_HW_CACHE_MISSES":24581149,"PERF_COUNT_HW_INSTRUCTIONS":18659197996,"PERF_COUNT_HW_BRANCH_MISSES":6628844,"PERF_COUNT_HW_CACHE_REFERENCES":41231154,"PERF_COUNT_HW_CPU_CYCLES":6237609952}}
{"runtime":1681,"energy":{"pkg":16.9488525390625,"pp0":9.3599853515625,"pp1":0.2681884765625,"dram":0},"perf_counters":{"PERF_COUNT_HW_REF_CPU_CYCLES":7016488732,"PERF_COUNT_HW_BRANCH_INSTRUCTIONS":3827184885,"PERF_COUNT_HW_CACHE_MISSES":24631369,"PERF_COUNT_HW_INSTRUCTIONS":18932707963,"PERF_COUNT_HW_BRANCH_MISSES":6629000,"PERF_COUNT_HW_CACHE_REFERENCES":41059097,"PERF_COUNT_HW_CPU_CYCLES":6172884645}}
{"runtime":1684,"energy":{"pkg":16.76324462890625,"pp0":9.130126953125,"pp1":0.2803955078125,"dram":0},"perf_counters":{"PERF_COUNT_HW_REF_CPU_CYCLES":7044806454,"PERF_COUNT_HW_BRANCH_INSTRUCTIONS":3753287280,"PERF_COUNT_HW_CACHE_MISSES":24511337,"PERF_COUNT_HW_INSTRUCTIONS":18636599817,"PERF_COUNT_HW_BRANCH_MISSES":6612831,"PERF_COUNT_HW_CACHE_REFERENCES":40915602,"PERF_COUNT_HW_CPU_CYCLES":6118207912}}
