{"runtime":204118,"energy":{"pkg":2030.4993286132812,"pp0":1145.42041015625,"pp1":37.8201904296875,"dram":0},"perf_counters":{"PERF_COUNT_HW_REF_CPU_CYCLES":2139393752144,"PERF_COUNT_HW_BRANCH_INSTRUCTIONS":736298847026,"PERF_COUNT_HW_CACHE_MISSES":30006346,"PERF_COUNT_HW_INSTRUCTIONS":3875777376770,"PERF_COUNT_HW_BRANCH_MISSES":13508472,"PERF_COUNT_HW_CACHE_REFERENCES":120948499,"PERF_COUNT_HW_CPU_CYCLES":1022209032936}}
{"runtime":204466,"energy":{"pkg":2034.66650390625,"pp0":1148.4295654296875,"pp1":37.74658203125,"dram":0},"perf_counters":{"PERF_COUNT_HW_REF_CPU_CYCLES":2129729103440,"PERF_COUNT_HW_BRANCH_INSTRUCTIONS":736658645152,"PERF_COUNT_HW_CACHE_MISSES":29895634,"PERF_COUNT_HW_INSTRUCTIONS":3877301723791,"PERF_COUNT_HW_BRANCH_MISSES":13515227,"PERF_COUNT_HW_CACHE_REFERENCES":122584630,"PERF_COUNT_HW_CPU_CYCLES":1019486256047}}
{"runtime":206381,"energy":{"pkg":2053.6795043945312,"pp0":1158.9346313476562,"pp1":38.349853515625,"dram":0},"perf_counters":{"PERF_COUNT_HW_REF_CPU_CYCLES":2145479399115,"PERF_COUNT_HW_BRANCH_INSTRUCTIONS":736473452843,"PERF_COUNT_HW_CACHE_MISSES":29629356,"PERF_COUNT_HW_INSTRUCTIONS":3876512933393,"PERF_COUNT_HW_BRANCH_MISSES":13943989,"PERF_COUNT_HW_CACHE_REFERENCES":123342421,"PERF_COUNT_HW_CPU_CYCLES":1030690387470}}
{"runtime":206852,"energy":{"pkg":2058.2074584960938,"pp0":1161.7557373046875,"pp1":38.5572509765625,"dram":0},"perf_counters":{"PERF_COUNT_HW_REF_CPU_CYCLES":2153283628146,"PERF_COUNT_HW_BRANCH_INSTRUCTIONS":736852264396,"PERF_COUNT_HW_CACHE_MISSES":30255701,"PERF_COUNT_HW_INSTRUCTIONS":3878121854562,"PERF_COUNT_HW_BRANCH_MISSES":13739912,"PERF_COUNT_HW_CACHE_REFERENCES":121224255,"PERF_COUNT_HW_CPU_CYCLES":1031771869487}}
{"runtime":205774,"energy":{"pkg":2048.251708984375,"pp0":1156.4421997070312,"pp1":38.328125,"dram":0},"perf_counters":{"PERF_COUNT_HW_REF_CPU_CYCLES":2137303291732,"PERF_COUNT_HW_BRANCH_INSTRUCTIONS":736471514897,"PERF_COUNT_HW_CACHE_MISSES":30257632,"PERF_COUNT_HW_INSTRUCTIONS":3876501932753,"PERF_COUNT_HW_BRANCH_MISSES":13496196,"PERF_COUNT_HW_CACHE_REFERENCES":121932888,"PERF_COUNT_HW_CPU_CYCLES":1030651598626}}
{"runtime":204749,"energy":{"pkg":2037.8756713867188,"pp0":1151.085693359375,"pp1":37.6781005859375,"dram":0},"perf_counters":{"PERF_COUNT_HW_REF_CPU_CYCLES":2140994090264,"PERF_COUNT_HW_BRANCH_INSTRUCTIONS":748454379692,"PERF_COUNT_HW_CACHE_MISSES":30817813,"PERF_COUNT_HW_INSTRUCTIONS":3900450759811,"PERF_COUNT_HW_BRANCH_MISSES":13518935,"PERF_COUNT_HW_CACHE_REFERENCES":122525853,"PERF_COUNT_HW_CPU_CYCLES":1026910053014}}
{"runtime":204919,"energy":{"pkg":2039.5519409179688,"pp0":1151.739990234375,"pp1":38.2440185546875,"dram":0},"perf_counters":{"PERF_COUNT_HW_REF_CPU_CYCLES":2136493772175,"PERF_COUNT_HW_BRANCH_INSTRUCTIONS":736316120019,"PERF_COUNT_HW_CACHE_MISSES":30482196,"PERF_COUNT_HW_INSTRUCTIONS":3875845351613,"PERF_COUNT_HW_BRANCH_MISSES":13699861,"PERF_COUNT_HW_CACHE_REFERENCES":124246612,"PERF_COUNT_HW_CPU_CYCLES":1026400225522}}
{"runtime":207761,"energy":{"pkg":2067.72998046875,"pp0":1167.6151733398438,"pp1":38.699951171875,"dram":0},"perf_counters":{"PERF_COUNT_HW_REF_CPU_CYCLES":2173787348678,"PERF_COUNT_HW_BRANCH_INSTRUCTIONS":736646665490,"PERF_COUNT_HW_CACHE_MISSES":30210273,"PERF_COUNT_HW_INSTRUCTIONS":3877242769748,"PERF_COUNT_HW_BRANCH_MISSES":13768563,"PERF_COUNT_HW_CACHE_REFERENCES":122924183,"PERF_COUNT_HW_CPU_CYCLES":1041018949595}}
{"runtime":206518,"energy":{"pkg":2055.055908203125,"pp0":1161.6240234375,"pp1":38.0103759765625,"dram":0},"perf_counters":{"PERF_COUNT_HW_REF_CPU_CYCLES":2173345215491,"PERF_COUNT_HW_BRANCH_INSTRUCTIONS":736483132061,"PERF_COUNT_HW_CACHE_MISSES":30749900,"PERF_COUNT_HW_INSTRUCTIONS":3876543982867,"PERF_COUNT_HW_BRANCH_MISSES":14001278,"PERF_COUNT_HW_CACHE_REFERENCES":124332841,"PERF_COUNT_HW_CPU_CYCLES":1035579784855}}
{"runtime":206546,"energy":{"pkg":2055.9581909179688,"pp0":1162.8515625,"pp1":38.35400390625,"dram":0},"perf_counters":{"PERF_COUNT_HW_REF_CPU_CYCLES":2161548584924,"PERF_COUNT_HW_BRANCH_INSTRUCTIONS":736304128211,"PERF_COUNT_HW_CACHE_MISSES":30283790,"PERF_COUNT_HW_INSTRUCTIONS":3875782899871,"PERF_COUNT_HW_BRANCH_MISSES":13907549,"PERF_COUNT_HW_CACHE_REFERENCES":123079950,"PERF_COUNT_HW_CPU_CYCLES":1036767984105}}
{"runtime":206100,"energy":{"pkg":2050.9645385742188,"pp0":1159.138916015625,"pp1":37.873291015625,"dram":0},"perf_counters":{"PERF_COUNT_HW_REF_CPU_CYCLES":2155186321389,"PERF_COUNT_HW_BRANCH_INSTRUCTIONS":736303402568,"PERF_COUNT_HW_CACHE_MISSES":29785286,"PERF_COUNT_HW_INSTRUCTIONS":3875779394321,"PERF_COUNT_HW_BRANCH_MISSES":13635574,"PERF_COUNT_HW_CACHE_REFERENCES":122034351,"PERF_COUNT_HW_CPU_CYCLES":1034007667132}}
